event_id,process,diphoton_pt,m_gammagamma,n_leptons,n_jets,n_bjets,jet_pt_sum,jet_eta_max,bjet_pt_max,bjet_eta_max,weight,channel,partition,is_signal,bdt_score,category
104313,ggH,158.5016353661498,124.89528917588326,0,6,1,131.91079641305774,3.7192860760724056,27.68390466916924,1.8393393509137426,1.0,hadronic,train,False,2.2126096926863702e-05,unassigned
699184,ggH,124.83570765056163,123.94966038564371,1,3,3,146.83166389813528,3.329770563201687,30.70819111482666,0.7606056073988443,1.0,leptonic_bookkeeping,test,False,0.50562265163496,unassigned
137372,ggH,124.83570765056163,123.94966038564371,1,3,3,146.83166389813528,3.329770563201687,30.70819111482666,0.7606056073988443,1.0,leptonic_bookkeeping,train,False,0.50562265163496,unassigned
779868,ggH,124.83570765056163,123.94966038564371,1,3,3,146.83166389813528,3.329770563201687,30.70819111482666,0.7606056073988443,1.0,leptonic_bookkeeping,validation,False,0.50562265163496,unassigned
773477,ggH,124.83570765056163,123.94966038564371,1,3,3,146.83166389813528,3.329770563201687,30.70819111482666,0.7606056073988443,1.0,leptonic_bookkeeping,train,False,0.50562265163496,unassigned
30126,ggH,124.83570765056163,123.94966038564371,1,3,3,146.83166389813528,3.329770563201687,30.70819111482666,0.7606056073988443,1.0,leptonic_bookkeeping,test,False,0.50562265163496,unassigned
628473,ggH,124.83570765056163,123.94966038564371,1,3,3,146.83166389813528,3.329770563201687,30.70819111482666,0.7606056073988443,1.0,leptonic_bookkeeping,test,False,0.50562265163496,unassigned
916419,ggH,124.83570765056163,123.94966038564371,1,3,3,146.83166389813528,3.329770563201687,30.70819111482666,0.7606056073988443,1.0,leptonic_bookkeeping,test,False,0.50562265163496,unassigned
956048,ggH,124.83570765056163,123.94966038564371,1,3,3,146.83166389813528,3.329770563201687,30.70819111482666,0.7606056073988443,1.0,leptonic_bookkeeping,validation,False,0.50562265163496,unassigned
689732,ggH,124.83570765056163,123.94966038564371,1,3,3,146.83166389813528,3.329770563201687,30.70819111482666,0.7606056073988443,1.0,leptonic_bookkeeping,test,False,0.50562265163496,unassigned
899703,ggH,124.83570765056163,123.94966038564371,1,3,3,146.83166389813528,3.329770563201687,30.70819111482666,0.7606056073988443,1.0,leptonic_bookkeeping,train,False,0.50562265163496,unassigned
168657,ggH,124.83570765056163,123.94966038564371,1,3,3,146.83166389813528,3.329770563201687,30.70819111482666,0.7606056073988443,1.0,leptonic_bookkeeping,train,False,0.50562265163496,unassigned
383983,ggH,124.83570765056163,123.94966038564371,1,3,3,146.83166389813528,3.329770563201687,30.70819111482666,0.7606056073988443,1.0,leptonic_bookkeeping,train,False,0.50562265163496,unassigned
286213,ggH,124.83570765056163,123.94966038564371,1,3,3,146.83166389813528,3.329770563201687,30.70819111482666,0.7606056073988443,1.0,leptonic_bookkeeping,validation,False,0.50562265163496,unassigned
252145,ggH,124.83570765056163,123.94966038564371,1,3,3,146.83166389813528,3.329770563201687,30.70819111482666,0.7606056073988443,1.0,leptonic_bookkeeping,train,False,0.50562265163496,unassigned
622821,ggH,124.83570765056163,123.94966038564371,1,3,3,146.83166389813528,3.329770563201687,30.70819111482666,0.7606056073988443,1.0,leptonic_bookkeeping,train,False,0.50562265163496,unassigned
548128,ggH,124.83570765056163,123.94966038564371,1,3,3,146.83166389813528,3.329770563201687,30.70819111482666,0.7606056073988443,1.0,leptonic_bookkeeping,train,False,0.50562265163496,unassigned
718167,ggH,124.83570765056163,123.94966038564371,1,3,3,146.83166389813528,3.329770563201687,30.70819111482666,0.7606056073988443,1.0,leptonic_bookkeeping,validation,False,0.50562265163496,unassigned
522143,ggH,124.83570765056163,123.94966038564371,1,3,3,146.83166389813528,3.329770563201687,30.70819111482666,0.7606056073988443,1.0,leptonic_bookkeeping,validation,False,0.50562265163496,unassigned
758433,ggH,124.83570765056163,123.94966038564371,1,3,3,146.83166389813528,3.329770563201687,30.70819111482666,0.7606056073988443,1.0,leptonic_bookkeeping,train,False,0.50562265163496,unassigned
999664,ggH,124.83570765056163,123.94966038564371,1,3,3,146.83166389813528,3.329770563201687,30.70819111482666,0.7606056073988443,1.0,leptonic_bookkeeping,test,False,0.50562265163496,unassigned
439396,ggH,124.83570765056163,123.94966038564371,1,3,3,146.83166389813528,3.329770563201687,30.70819111482666,0.7606056073988443,1.0,leptonic_bookkeeping,validation,False,0.50562265163496,unassigned
894669,ggH,124.83570765056163,123.94966038564371,1,3,3,146.83166389813528,3.329770563201687,30.70819111482666,0.7606056073988443,1.0,leptonic_bookkeeping,validation,False,0.50562265163496,unassigned
167940,ggH,124.83570765056163,123.94966038564371,1,3,3,146.83166389813528,3.329770563201687,30.70819111482666,0.7606056073988443,1.0,leptonic_bookkeeping,train,False,0.50562265163496,unassigned
430667,ggH,124.83570765056163,123.94966038564371,1,3,3,146.83166389813528,3.329770563201687,30.70819111482666,0.7606056073988443,1.0,leptonic_bookkeeping,validation,False,0.50562265163496,unassigned
459006,ggH,124.83570765056163,123.94966038564371,1,3,3,146.83166389813528,3.329770563201687,30.70819111482666,0.7606056073988443,1.0,leptonic_bookkeeping,train,False,0.50562265163496,unassigned
537074,ggH,124.83570765056163,123.94966038564371,1,3,3,146.83166389813528,3.329770563201687,30.70819111482666,0.7606056073988443,1.0,leptonic_bookkeeping,train,False,0.50562265163496,unassigned
461121,ggH,124.83570765056163,123.94966038564371,1,3,3,146.83166389813528,3.329770563201687,30.70819111482666,0.7606056073988443,1.0,leptonic_bookkeeping,validation,False,0.50562265163496,unassigned
550575,ggH,124.83570765056163,123.94966038564371,1,3,3,146.83166389813528,3.329770563201687,30.70819111482666,0.7606056073988443,1.0,leptonic_bookkeeping,train,False,0.50562265163496,unassigned
252237,ggH,124.83570765056163,123.94966038564371,1,3,3,146.83166389813528,3.329770563201687,30.70819111482666,0.7606056073988443,1.0,leptonic_bookkeeping,train,False,0.50562265163496,unassigned
864231,ggH,124.83570765056163,123.94966038564371,1,3,3,146.83166389813528,3.329770563201687,30.70819111482666,0.7606056073988443,1.0,leptonic_bookkeeping,test,False,0.50562265163496,unassigned
788296,ggH,124.83570765056163,123.94966038564371,1,3,3,146.83166389813528,3.329770563201687,30.70819111482666,0.7606056073988443,1.0,leptonic_bookkeeping,train,False,0.50562265163496,unassigned
56456,ggH,124.83570765056163,123.94966038564371,1,3,3,146.83166389813528,3.329770563201687,30.70819111482666,0.7606056073988443,1.0,leptonic_bookkeeping,train,False,0.50562265163496,unassigned
428819,ggH,124.83570765056163,123.94966038564371,1,3,3,146.83166389813528,3.329770563201687,30.70819111482666,0.7606056073988443,1.0,leptonic_bookkeeping,train,False,0.50562265163496,unassigned
220793,ggH,124.83570765056163,123.94966038564371,1,3,3,146.83166389813528,3.329770563201687,30.70819111482666,0.7606056073988443,1.0,leptonic_bookkeeping,train,False,0.50562265163496,unassigned
926888,ggH,124.83570765056163,123.94966038564371,1,3,3,146.83166389813528,3.329770563201687,30.70819111482666,0.7606056073988443,1.0,leptonic_bookkeeping,test,False,0.50562265163496,unassigned
822417,ggH,124.83570765056163,123.94966038564371,1,3,3,146.83166389813528,3.329770563201687,30.70819111482666,0.7606056073988443,1.0,leptonic_bookkeeping,validation,False,0.50562265163496,unassigned
343315,ggH,124.83570765056163,123.94966038564371,1,3,3,146.83166389813528,3.329770563201687,30.70819111482666,0.7606056073988443,1.0,leptonic_bookkeeping,train,False,0.50562265163496,unassigned
304256,ggH,124.83570765056163,123.94966038564371,1,3,3,146.83166389813528,3.329770563201687,30.70819111482666,0.7606056073988443,1.0,leptonic_bookkeeping,train,False,0.50562265163496,unassigned
687911,ggH,124.83570765056163,123.94966038564371,1,3,3,146.83166389813528,3.329770563201687,30.70819111482666,0.7606056073988443,1.0,leptonic_bookkeeping,validation,False,0.50562265163496,unassigned
65256,ggH,124.83570765056163,123.94966038564371,1,3,3,146.83166389813528,3.329770563201687,30.70819111482666,0.7606056073988443,1.0,leptonic_bookkeeping,train,False,0.50562265163496,unassigned
692387,ggH,124.83570765056163,123.94966038564371,1,3,3,146.83166389813528,3.329770563201687,30.70819111482666,0.7606056073988443,1.0,leptonic_bookkeeping,train,False,0.50562265163496,unassigned
132661,ggH,124.83570765056163,123.94966038564371,1,3,3,146.83166389813528,3.329770563201687,30.70819111482666,0.7606056073988443,1.0,leptonic_bookkeeping,test,False,0.50562265163496,unassigned
328452,ggH,124.83570765056163,123.94966038564371,1,3,3,146.83166389813528,3.329770563201687,30.70819111482666,0.7606056073988443,1.0,leptonic_bookkeeping,test,False,0.50562265163496,unassigned
235389,ggH,124.83570765056163,123.94966038564371,1,3,3,146.83166389813528,3.329770563201687,30.70819111482666,0.7606056073988443,1.0,leptonic_bookkeeping,test,False,0.50562265163496,unassigned
468098,ggH,124.83570765056163,123.94966038564371,1,3,3,146.83166389813528,3.329770563201687,30.70819111482666,0.7606056073988443,1.0,leptonic_bookkeeping,train,False,0.50562265163496,unassigned
324310,ggH,124.83570765056163,123.94966038564371,1,3,3,146.83166389813528,3.329770563201687,30.70819111482666,0.7606056073988443,1.0,leptonic_bookkeeping,train,False,0.50562265163496,unassigned
192233,ggH,124.83570765056163,123.94966038564371,1,3,3,146.83166389813528,3.329770563201687,30.70819111482666,0.7606056073988443,1.0,leptonic_bookkeeping,validation,False,0.50562265163496,unassigned
956858,ggH,124.83570765056163,123.94966038564371,1,3,3,146.83166389813528,3.329770563201687,30.70819111482666,0.7606056073988443,1.0,leptonic_bookkeeping,test,False,0.50562265163496,unassigned
265280,ggH,124.83570765056163,123.94966038564371,1,3,3,146.83166389813528,3.329770563201687,30.70819111482666,0.7606056073988443,1.0,leptonic_bookkeeping,validation,False,0.50562265163496,unassigned
799721,ggH,124.83570765056163,123.94966038564371,1,3,3,146.83166389813528,3.329770563201687,30.70819111482666,0.7606056073988443,1.0,leptonic_bookkeeping,train,False,0.50562265163496,unassigned
545632,ggH,124.83570765056163,123.94966038564371,1,3,3,146.83166389813528,3.329770563201687,30.70819111482666,0.7606056073988443,1.0,leptonic_bookkeeping,test,False,0.50562265163496,unassigned
615094,ggH,124.83570765056163,123.94966038564371,1,3,3,146.83166389813528,3.329770563201687,30.70819111482666,0.7606056073988443,1.0,leptonic_bookkeeping,validation,False,0.50562265163496,unassigned
301536,ggH,124.83570765056163,123.94966038564371,1,3,3,146.83166389813528,3.329770563201687,30.70819111482666,0.7606056073988443,1.0,leptonic_bookkeeping,train,False,0.50562265163496,unassigned
920830,ggH,124.83570765056163,123.94966038564371,1,3,3,146.83166389813528,3.329770563201687,30.70819111482666,0.7606056073988443,1.0,leptonic_bookkeeping,train,False,0.50562265163496,unassigned
716012,ggH,124.83570765056163,123.94966038564371,1,3,3,146.83166389813528,3.329770563201687,30.70819111482666,0.7606056073988443,1.0,leptonic_bookkeeping,train,False,0.50562265163496,unassigned
956622,ggH,124.83570765056163,123.94966038564371,1,3,3,146.83166389813528,3.329770563201687,30.70819111482666,0.7606056073988443,1.0,leptonic_bookkeeping,validation,False,0.50562265163496,unassigned
359470,ggH,124.83570765056163,123.94966038564371,1,3,3,146.83166389813528,3.329770563201687,30.70819111482666,0.7606056073988443,1.0,leptonic_bookkeeping,test,False,0.50562265163496,unassigned
340603,ggH,124.83570765056163,123.94966038564371,1,3,3,146.83166389813528,3.329770563201687,30.70819111482666,0.7606056073988443,1.0,leptonic_bookkeeping,train,False,0.50562265163496,unassigned
357433,ggH,124.83570765056163,123.94966038564371,1,3,3,146.83166389813528,3.329770563201687,30.70819111482666,0.7606056073988443,1.0,leptonic_bookkeeping,validation,False,0.50562265163496,unassigned
982450,ggH,124.83570765056163,123.94966038564371,1,3,3,146.83166389813528,3.329770563201687,30.70819111482666,0.7606056073988443,1.0,leptonic_bookkeeping,train,False,0.50562265163496,unassigned
673685,ggH,124.83570765056163,123.94966038564371,1,3,3,146.83166389813528,3.329770563201687,30.70819111482666,0.7606056073988443,1.0,leptonic_bookkeeping,train,False,0.50562265163496,unassigned
222219,ggH,124.83570765056163,123.94966038564371,1,3,3,146.83166389813528,3.329770563201687,30.70819111482666,0.7606056073988443,1.0,leptonic_bookkeeping,train,False,0.50562265163496,unassigned
307104,ggH,124.83570765056163,123.94966038564371,1,3,3,146.83166389813528,3.329770563201687,30.70819111482666,0.7606056073988443,1.0,leptonic_bookkeeping,validation,False,0.50562265163496,unassigned
2242,ggH,124.83570765056163,123.94966038564371,1,3,3,146.83166389813528,3.329770563201687,30.70819111482666,0.7606056073988443,1.0,leptonic_bookkeeping,train,False,0.50562265163496,unassigned
794265,ggH,124.83570765056163,123.94966038564371,1,3,3,146.83166389813528,3.329770563201687,30.70819111482666,0.7606056073988443,1.0,leptonic_bookkeeping,train,False,0.50562265163496,unassigned
903724,ggH,124.83570765056163,123.94966038564371,1,3,3,146.83166389813528,3.329770563201687,30.70819111482666,0.7606056073988443,1.0,leptonic_bookkeeping,validation,False,0.50562265163496,unassigned
432500,ggH,124.83570765056163,123.94966038564371,1,3,3,146.83166389813528,3.329770563201687,30.70819111482666,0.7606056073988443,1.0,leptonic_bookkeeping,test,False,0.50562265163496,unassigned
816284,ggH,124.83570765056163,123.94966038564371,1,3,3,146.83166389813528,3.329770563201687,30.70819111482666,0.7606056073988443,1.0,leptonic_bookkeeping,train,False,0.50562265163496,unassigned
545449,ggH,124.83570765056163,123.94966038564371,1,3,3,146.83166389813528,3.329770563201687,30.70819111482666,0.7606056073988443,1.0,leptonic_bookkeeping,test,False,0.50562265163496,unassigned
724071,ggH,124.83570765056163,123.94966038564371,1,3,3,146.83166389813528,3.329770563201687,30.70819111482666,0.7606056073988443,1.0,leptonic_bookkeeping,train,False,0.50562265163496,unassigned
260988,ggH,124.83570765056163,123.94966038564371,1,3,3,146.83166389813528,3.329770563201687,30.70819111482666,0.7606056073988443,1.0,leptonic_bookkeeping,train,False,0.50562265163496,unassigned
854455,ggH,124.83570765056163,123.94966038564371,1,3,3,146.83166389813528,3.329770563201687,30.70819111482666,0.7606056073988443,1.0,leptonic_bookkeeping,test,False,0.50562265163496,unassigned
139441,ggH,124.83570765056163,123.94966038564371,1,3,3,146.83166389813528,3.329770563201687,30.70819111482666,0.7606056073988443,1.0,leptonic_bookkeeping,train,False,0.50562265163496,unassigned
295157,ggH,124.83570765056163,123.94966038564371,1,3,3,146.83166389813528,3.329770563201687,30.70819111482666,0.7606056073988443,1.0,leptonic_bookkeeping,validation,False,0.50562265163496,unassigned
611273,ggH,124.83570765056163,123.94966038564371,1,3,3,146.83166389813528,3.329770563201687,30.70819111482666,0.7606056073988443,1.0,leptonic_bookkeeping,train,False,0.50562265163496,unassigned
732046,ggH,124.83570765056163,123.94966038564371,1,3,3,146.83166389813528,3.329770563201687,30.70819111482666,0.7606056073988443,1.0,leptonic_bookkeeping,train,False,0.50562265163496,unassigned
561276,ggH,124.83570765056163,123.94966038564371,1,3,3,146.83166389813528,3.329770563201687,30.70819111482666,0.7606056073988443,1.0,leptonic_bookkeeping,train,False,0.50562265163496,unassigned
745698,ggH,124.83570765056163,123.94966038564371,1,3,3,146.83166389813528,3.329770563201687,30.70819111482666,0.7606056073988443,1.0,leptonic_bookkeeping,train,False,0.50562265163496,unassigned
354227,ggH,124.83570765056163,123.94966038564371,1,3,3,146.83166389813528,3.329770563201687,30.70819111482666,0.7606056073988443,1.0,leptonic_bookkeeping,train,False,0.50562265163496,unassigned
294763,ggH,124.83570765056163,123.94966038564371,1,3,3,146.83166389813528,3.329770563201687,30.70819111482666,0.7606056073988443,1.0,leptonic_bookkeeping,train,False,0.50562265163496,unassigned
809466,ggH,124.83570765056163,123.94966038564371,1,3,3,146.83166389813528,3.329770563201687,30.70819111482666,0.7606056073988443,1.0,leptonic_bookkeeping,train,False,0.50562265163496,unassigned
363849,ggH,124.83570765056163,123.94966038564371,1,3,3,146.83166389813528,3.329770563201687,30.70819111482666,0.7606056073988443,1.0,leptonic_bookkeeping,train,False,0.50562265163496,unassigned
78705,ggH,124.83570765056163,123.94966038564371,1,3,3,146.83166389813528,3.329770563201687,30.70819111482666,0.7606056073988443,1.0,leptonic_bookkeeping,validation,False,0.50562265163496,unassigned
201908,ggH,124.83570765056163,123.94966038564371,1,3,3,146.83166389813528,3.329770563201687,30.70819111482666,0.7606056073988443,1.0,leptonic_bookkeeping,train,False,0.50562265163496,unassigned
405639,ggH,124.83570765056163,123.94966038564371,1,3,3,146.83166389813528,3.329770563201687,30.70819111482666,0.7606056073988443,1.0,leptonic_bookkeeping,train,False,0.50562265163496,unassigned
312344,ggH,124.83570765056163,123.94966038564371,1,3,3,146.83166389813528,3.329770563201687,30.70819111482666,0.7606056073988443,1.0,leptonic_bookkeeping,train,False,0.50562265163496,unassigned
130829,ggH,124.83570765056163,123.94966038564371,1,3,3,146.83166389813528,3.329770563201687,30.70819111482666,0.7606056073988443,1.0,leptonic_bookkeeping,validation,False,0.50562265163496,unassigned
741315,ggH,124.83570765056163,123.94966038564371,1,3,3,146.83166389813528,3.329770563201687,30.70819111482666,0.7606056073988443,1.0,leptonic_bookkeeping,test,False,0.50562265163496,unassigned
126925,ggH,124.83570765056163,123.94966038564371,1,3,3,146.83166389813528,3.329770563201687,30.70819111482666,0.7606056073988443,1.0,leptonic_bookkeeping,train,False,0.50562265163496,unassigned
625277,ggH,124.83570765056163,123.94966038564371,1,3,3,146.83166389813528,3.329770563201687,30.70819111482666,0.7606056073988443,1.0,leptonic_bookkeeping,validation,False,0.50562265163496,unassigned
697261,ggH,124.83570765056163,123.94966038564371,1,3,3,146.83166389813528,3.329770563201687,30.70819111482666,0.7606056073988443,1.0,leptonic_bookkeeping,validation,False,0.50562265163496,unassigned
921571,ggH,124.83570765056163,123.94966038564371,1,3,3,146.83166389813528,3.329770563201687,30.70819111482666,0.7606056073988443,1.0,leptonic_bookkeeping,train,False,0.50562265163496,unassigned
701305,ggH,124.83570765056163,123.94966038564371,1,3,3,146.83166389813528,3.329770563201687,30.70819111482666,0.7606056073988443,1.0,leptonic_bookkeeping,train,False,0.50562265163496,unassigned
89866,ggH,124.83570765056163,123.94966038564371,1,3,3,146.83166389813528,3.329770563201687,30.70819111482666,0.7606056073988443,1.0,leptonic_bookkeeping,validation,False,0.50562265163496,unassigned
378524,ggH,124.83570765056163,123.94966038564371,1,3,3,146.83166389813528,3.329770563201687,30.70819111482666,0.7606056073988443,1.0,leptonic_bookkeeping,validation,False,0.50562265163496,unassigned
527222,ggH,124.83570765056163,123.94966038564371,1,3,3,146.83166389813528,3.329770563201687,30.70819111482666,0.7606056073988443,1.0,leptonic_bookkeeping,train,False,0.50562265163496,unassigned
225199,ggH,124.83570765056163,123.94966038564371,1,3,3,146.83166389813528,3.329770563201687,30.70819111482666,0.7606056073988443,1.0,leptonic_bookkeeping,test,False,0.50562265163496,unassigned
500983,ggH,124.83570765056163,123.94966038564371,1,3,3,146.83166389813528,3.329770563201687,30.70819111482666,0.7606056073988443,1.0,leptonic_bookkeeping,train,False,0.50562265163496,unassigned
925288,ggH,124.83570765056163,123.94966038564371,1,3,3,146.83166389813528,3.329770563201687,30.70819111482666,0.7606056073988443,1.0,leptonic_bookkeeping,validation,False,0.50562265163496,unassigned
128319,ggH,124.83570765056163,123.94966038564371,1,3,3,146.83166389813528,3.329770563201687,30.70819111482666,0.7606056073988443,1.0,leptonic_bookkeeping,train,False,0.50562265163496,unassigned
992425,ggH,124.83570765056163,123.94966038564371,1,3,3,146.83166389813528,3.329770563201687,30.70819111482666,0.7606056073988443,1.0,leptonic_bookkeeping,train,False,0.50562265163496,unassigned
844556,ggH,124.83570765056163,123.94966038564371,1,3,3,146.83166389813528,3.329770563201687,30.70819111482666,0.7606056073988443,1.0,leptonic_bookkeeping,test,False,0.50562265163496,unassigned
189629,ggH,124.83570765056163,123.94966038564371,1,3,3,146.83166389813528,3.329770563201687,30.70819111482666,0.7606056073988443,1.0,leptonic_bookkeeping,train,False,0.50562265163496,unassigned
525690,ggH,124.83570765056163,123.94966038564371,1,3,3,146.83166389813528,3.329770563201687,30.70819111482666,0.7606056073988443,1.0,leptonic_bookkeeping,test,False,0.50562265163496,unassigned
8103,ggH,124.83570765056163,123.94966038564371,1,3,3,146.83166389813528,3.329770563201687,30.70819111482666,0.7606056073988443,1.0,leptonic_bookkeeping,validation,False,0.50562265163496,unassigned
713571,ggH,124.83570765056163,123.94966038564371,1,3,3,146.83166389813528,3.329770563201687,30.70819111482666,0.7606056073988443,1.0,leptonic_bookkeeping,train,False,0.50562265163496,unassigned
700826,ggH,124.83570765056163,123.94966038564371,1,3,3,146.83166389813528,3.329770563201687,30.70819111482666,0.7606056073988443,1.0,leptonic_bookkeeping,test,False,0.50562265163496,unassigned
444132,ggH,124.83570765056163,123.94966038564371,1,3,3,146.83166389813528,3.329770563201687,30.70819111482666,0.7606056073988443,1.0,leptonic_bookkeeping,train,False,0.50562265163496,unassigned
180297,ggH,124.83570765056163,123.94966038564371,1,3,3,146.83166389813528,3.329770563201687,30.70819111482666,0.7606056073988443,1.0,leptonic_bookkeeping,train,False,0.50562265163496,unassigned
783652,ggH,124.83570765056163,123.94966038564371,1,3,3,146.83166389813528,3.329770563201687,30.70819111482666,0.7606056073988443,1.0,leptonic_bookkeeping,train,False,0.50562265163496,unassigned
166202,ggH,124.83570765056163,123.94966038564371,1,3,3,146.83166389813528,3.329770563201687,30.70819111482666,0.7606056073988443,1.0,leptonic_bookkeeping,train,False,0.50562265163496,unassigned
263610,ggH,124.83570765056163,123.94966038564371,1,3,3,146.83166389813528,3.329770563201687,30.70819111482666,0.7606056073988443,1.0,leptonic_bookkeeping,train,False,0.50562265163496,unassigned
292704,ggH,124.83570765056163,123.94966038564371,1,3,3,146.83166389813528,3.329770563201687,30.70819111482666,0.7606056073988443,1.0,leptonic_bookkeeping,train,False,0.50562265163496,unassigned
722854,ggH,124.83570765056163,123.94966038564371,1,3,3,146.83166389813528,3.329770563201687,30.70819111482666,0.7606056073988443,1.0,leptonic_bookkeeping,train,False,0.50562265163496,unassigned
741252,ggH,124.83570765056163,123.94966038564371,1,3,3,146.83166389813528,3.329770563201687,30.70819111482666,0.7606056073988443,1.0,leptonic_bookkeeping,test,False,0.50562265163496,unassigned
695861,ggH,124.83570765056163,123.94966038564371,1,3,3,146.83166389813528,3.329770563201687,30.70819111482666,0.7606056073988443,1.0,leptonic_bookkeeping,train,False,0.50562265163496,unassigned
260349,ggH,124.83570765056163,123.94966038564371,1,3,3,146.83166389813528,3.329770563201687,30.70819111482666,0.7606056073988443,1.0,leptonic_bookkeeping,train,False,0.50562265163496,unassigned
292902,ggH,124.83570765056163,123.94966038564371,1,3,3,146.83166389813528,3.329770563201687,30.70819111482666,0.7606056073988443,1.0,leptonic_bookkeeping,train,False,0.50562265163496,unassigned
877255,ggH,124.83570765056163,123.94966038564371,1,3,3,146.83166389813528,3.329770563201687,30.70819111482666,0.7606056073988443,1.0,leptonic_bookkeeping,train,False,0.50562265163496,unassigned
611063,ggH,124.83570765056163,123.94966038564371,1,3,3,146.83166389813528,3.329770563201687,30.70819111482666,0.7606056073988443,1.0,leptonic_bookkeeping,train,False,0.50562265163496,unassigned
280979,ggH,124.83570765056163,123.94966038564371,1,3,3,146.83166389813528,3.329770563201687,30.70819111482666,0.7606056073988443,1.0,leptonic_bookkeeping,train,False,0.50562265163496,unassigned
427745,ggH,124.83570765056163,123.94966038564371,1,3,3,146.83166389813528,3.329770563201687,30.70819111482666,0.7606056073988443,1.0,leptonic_bookkeeping,train,False,0.50562265163496,unassigned
149173,ggH,124.83570765056163,123.94966038564371,1,3,3,146.83166389813528,3.329770563201687,30.70819111482666,0.7606056073988443,1.0,leptonic_bookkeeping,train,False,0.50562265163496,unassigned
320421,ggH,124.83570765056163,123.94966038564371,1,3,3,146.83166389813528,3.329770563201687,30.70819111482666,0.7606056073988443,1.0,leptonic_bookkeeping,train,False,0.50562265163496,unassigned
363387,ggH,124.83570765056163,123.94966038564371,1,3,3,146.83166389813528,3.329770563201687,30.70819111482666,0.7606056073988443,1.0,leptonic_bookkeeping,train,False,0.50562265163496,unassigned
146187,ggH,124.83570765056163,123.94966038564371,1,3,3,146.83166389813528,3.329770563201687,30.70819111482666,0.7606056073988443,1.0,leptonic_bookkeeping,train,False,0.50562265163496,unassigned
222949,ggH,124.83570765056163,123.94966038564371,1,3,3,146.83166389813528,3.329770563201687,30.70819111482666,0.7606056073988443,1.0,leptonic_bookkeeping,validation,False,0.50562265163496,unassigned
789030,ggH,124.83570765056163,123.94966038564371,1,3,3,146.83166389813528,3.329770563201687,30.70819111482666,0.7606056073988443,1.0,leptonic_bookkeeping,train,False,0.50562265163496,unassigned
504904,ggH,124.83570765056163,123.94966038564371,1,3,3,146.83166389813528,3.329770563201687,30.70819111482666,0.7606056073988443,1.0,leptonic_bookkeeping,test,False,0.50562265163496,unassigned
33717,ggH,124.83570765056163,123.94966038564371,1,3,3,146.83166389813528,3.329770563201687,30.70819111482666,0.7606056073988443,1.0,leptonic_bookkeeping,train,False,0.50562265163496,unassigned
862627,ggH,124.83570765056163,123.94966038564371,1,3,3,146.83166389813528,3.329770563201687,30.70819111482666,0.7606056073988443,1.0,leptonic_bookkeeping,validation,False,0.50562265163496,unassigned
330584,ggH,124.83570765056163,123.94966038564371,1,3,3,146.83166389813528,3.329770563201687,30.70819111482666,0.7606056073988443,1.0,leptonic_bookkeeping,train,False,0.50562265163496,unassigned
408674,ggH,124.83570765056163,123.94966038564371,1,3,3,146.83166389813528,3.329770563201687,30.70819111482666,0.7606056073988443,1.0,leptonic_bookkeeping,validation,False,0.50562265163496,unassigned
649210,ggH,124.83570765056163,123.94966038564371,1,3,3,146.83166389813528,3.329770563201687,30.70819111482666,0.7606056073988443,1.0,leptonic_bookkeeping,test,False,0.50562265163496,unassigned
616793,ggH,124.83570765056163,123.94966038564371,1,3,3,146.83166389813528,3.329770563201687,30.70819111482666,0.7606056073988443,1.0,leptonic_bookkeeping,test,False,0.50562265163496,unassigned
658835,ggH,124.83570765056163,123.94966038564371,1,3,3,146.83166389813528,3.329770563201687,30.70819111482666,0.7606056073988443,1.0,leptonic_bookkeeping,test,False,0.50562265163496,unassigned
985105,ggH,124.83570765056163,123.94966038564371,1,3,3,146.83166389813528,3.329770563201687,30.70819111482666,0.7606056073988443,1.0,leptonic_bookkeeping,train,False,0.50562265163496,unassigned
741276,ggH,124.83570765056163,123.94966038564371,1,3,3,146.83166389813528,3.329770563201687,30.70819111482666,0.7606056073988443,1.0,leptonic_bookkeeping,test,False,0.50562265163496,unassigned
496584,ggH,124.83570765056163,123.94966038564371,1,3,3,146.83166389813528,3.329770563201687,30.70819111482666,0.7606056073988443,1.0,leptonic_bookkeeping,train,False,0.50562265163496,unassigned
622948,ggH,124.83570765056163,123.94966038564371,1,3,3,146.83166389813528,3.329770563201687,30.70819111482666,0.7606056073988443,1.0,leptonic_bookkeeping,train,False,0.50562265163496,unassigned
188775,ggH,124.83570765056163,123.94966038564371,1,3,3,146.83166389813528,3.329770563201687,30.70819111482666,0.7606056073988443,1.0,leptonic_bookkeeping,train,False,0.50562265163496,unassigned
293439,ggH,124.83570765056163,123.94966038564371,1,3,3,146.83166389813528,3.329770563201687,30.70819111482666,0.7606056073988443,1.0,leptonic_bookkeeping,train,False,0.50562265163496,unassigned
981556,ggH,124.83570765056163,123.94966038564371,1,3,3,146.83166389813528,3.329770563201687,30.70819111482666,0.7606056073988443,1.0,leptonic_bookkeeping,train,False,0.50562265163496,unassigned
526102,ggH,124.83570765056163,123.94966038564371,1,3,3,146.83166389813528,3.329770563201687,30.70819111482666,0.7606056073988443,1.0,leptonic_bookkeeping,train,False,0.50562265163496,unassigned
384806,ggH,124.83570765056163,123.94966038564371,1,3,3,146.83166389813528,3.329770563201687,30.70819111482666,0.7606056073988443,1.0,leptonic_bookkeeping,train,False,0.50562265163496,unassigned
765566,ggH,124.83570765056163,123.94966038564371,1,3,3,146.83166389813528,3.329770563201687,30.70819111482666,0.7606056073988443,1.0,leptonic_bookkeeping,train,False,0.50562265163496,unassigned
761641,ggH,124.83570765056163,123.94966038564371,1,3,3,146.83166389813528,3.329770563201687,30.70819111482666,0.7606056073988443,1.0,leptonic_bookkeeping,test,False,0.50562265163496,unassigned
886961,ggH,124.83570765056163,123.94966038564371,1,3,3,146.83166389813528,3.329770563201687,30.70819111482666,0.7606056073988443,1.0,leptonic_bookkeeping,train,False,0.50562265163496,unassigned
63684,ggH,124.83570765056163,123.94966038564371,1,3,3,146.83166389813528,3.329770563201687,30.70819111482666,0.7606056073988443,1.0,leptonic_bookkeeping,train,False,0.50562265163496,unassigned
323472,ggH,124.83570765056163,123.94966038564371,1,3,3,146.83166389813528,3.329770563201687,30.70819111482666,0.7606056073988443,1.0,leptonic_bookkeeping,train,False,0.50562265163496,unassigned
194691,ggH,124.83570765056163,123.94966038564371,1,3,3,146.83166389813528,3.329770563201687,30.70819111482666,0.7606056073988443,1.0,leptonic_bookkeeping,test,False,0.50562265163496,unassigned
950421,ggH,124.83570765056163,123.94966038564371,1,3,3,146.83166389813528,3.329770563201687,30.70819111482666,0.7606056073988443,1.0,leptonic_bookkeeping,train,False,0.50562265163496,unassigned
764731,ggH,124.83570765056163,123.94966038564371,1,3,3,146.83166389813528,3.329770563201687,30.70819111482666,0.7606056073988443,1.0,leptonic_bookkeeping,train,False,0.50562265163496,unassigned
291710,ggH,124.83570765056163,123.94966038564371,1,3,3,146.83166389813528,3.329770563201687,30.70819111482666,0.7606056073988443,1.0,leptonic_bookkeeping,train,False,0.50562265163496,unassigned
398774,ggH,124.83570765056163,123.94966038564371,1,3,3,146.83166389813528,3.329770563201687,30.70819111482666,0.7606056073988443,1.0,leptonic_bookkeeping,validation,False,0.50562265163496,unassigned
384818,ggH,124.83570765056163,123.94966038564371,1,3,3,146.83166389813528,3.329770563201687,30.70819111482666,0.7606056073988443,1.0,leptonic_bookkeeping,train,False,0.50562265163496,unassigned
112375,ggH,124.83570765056163,123.94966038564371,1,3,3,146.83166389813528,3.329770563201687,30.70819111482666,0.7606056073988443,1.0,leptonic_bookkeeping,test,False,0.50562265163496,unassigned
54210,ggH,124.83570765056163,123.94966038564371,1,3,3,146.83166389813528,3.329770563201687,30.70819111482666,0.7606056073988443,1.0,leptonic_bookkeeping,train,False,0.50562265163496,unassigned
483113,ggH,124.83570765056163,123.94966038564371,1,3,3,146.83166389813528,3.329770563201687,30.70819111482666,0.7606056073988443,1.0,leptonic_bookkeeping,test,False,0.50562265163496,unassigned
817100,ggH,124.83570765056163,123.94966038564371,1,3,3,146.83166389813528,3.329770563201687,30.70819111482666,0.7606056073988443,1.0,leptonic_bookkeeping,train,False,0.50562265163496,unassigned
576777,ggH,124.83570765056163,123.94966038564371,1,3,3,146.83166389813528,3.329770563201687,30.70819111482666,0.7606056073988443,1.0,leptonic_bookkeeping,test,False,0.50562265163496,unassigned
618848,ggH,124.83570765056163,123.94966038564371,1,3,3,146.83166389813528,3.329770563201687,30.70819111482666,0.7606056073988443,1.0,leptonic_bookkeeping,train,False,0.50562265163496,unassigned
522269,ggH,124.83570765056163,123.94966038564371,1,3,3,146.83166389813528,3.329770563201687,30.70819111482666,0.7606056073988443,1.0,leptonic_bookkeeping,validation,False,0.50562265163496,unassigned
865314,ggH,124.83570765056163,123.94966038564371,1,3,3,146.83166389813528,3.329770563201687,30.70819111482666,0.7606056073988443,1.0,leptonic_bookkeeping,test,False,0.50562265163496,unassigned
573015,ggH,124.83570765056163,123.94966038564371,1,3,3,146.83166389813528,3.329770563201687,30.70819111482666,0.7606056073988443,1.0,leptonic_bookkeeping,train,False,0.50562265163496,unassigned
867488,ggH,124.83570765056163,123.94966038564371,1,3,3,146.83166389813528,3.329770563201687,30.70819111482666,0.7606056073988443,1.0,leptonic_bookkeeping,train,False,0.50562265163496,unassigned
641101,ggH,124.83570765056163,123.94966038564371,1,3,3,146.83166389813528,3.329770563201687,30.70819111482666,0.7606056073988443,1.0,leptonic_bookkeeping,train,False,0.50562265163496,unassigned
129627,ggH,124.83570765056163,123.94966038564371,1,3,3,146.83166389813528,3.329770563201687,30.70819111482666,0.7606056073988443,1.0,leptonic_bookkeeping,train,False,0.50562265163496,unassigned
52328,ggH,124.83570765056163,123.94966038564371,1,3,3,146.83166389813528,3.329770563201687,30.70819111482666,0.7606056073988443,1.0,leptonic_bookkeeping,train,False,0.50562265163496,unassigned
937622,ggH,124.83570765056163,123.94966038564371,1,3,3,146.83166389813528,3.329770563201687,30.70819111482666,0.7606056073988443,1.0,leptonic_bookkeeping,test,False,0.50562265163496,unassigned
561935,ggH,124.83570765056163,123.94966038564371,1,3,3,146.83166389813528,3.329770563201687,30.70819111482666,0.7606056073988443,1.0,leptonic_bookkeeping,train,False,0.50562265163496,unassigned
584952,ggH,124.83570765056163,123.94966038564371,1,3,3,146.83166389813528,3.329770563201687,30.70819111482666,0.7606056073988443,1.0,leptonic_bookkeeping,validation,False,0.50562265163496,unassigned
376128,ggH,124.83570765056163,123.94966038564371,1,3,3,146.83166389813528,3.329770563201687,30.70819111482666,0.7606056073988443,1.0,leptonic_bookkeeping,train,False,0.50562265163496,unassigned
76334,ggH,124.83570765056163,123.94966038564371,1,3,3,146.83166389813528,3.329770563201687,30.70819111482666,0.7606056073988443,1.0,leptonic_bookkeeping,train,False,0.50562265163496,unassigned
199143,ggH,124.83570765056163,123.94966038564371,1,3,3,146.83166389813528,3.329770563201687,30.70819111482666,0.7606056073988443,1.0,leptonic_bookkeeping,train,False,0.50562265163496,unassigned
124072,ggH,124.83570765056163,123.94966038564371,1,3,3,146.83166389813528,3.329770563201687,30.70819111482666,0.7606056073988443,1.0,leptonic_bookkeeping,train,False,0.50562265163496,unassigned
752010,ggH,124.83570765056163,123.94966038564371,1,3,3,146.83166389813528,3.329770563201687,30.70819111482666,0.7606056073988443,1.0,leptonic_bookkeeping,test,False,0.50562265163496,unassigned
871887,ggH,124.83570765056163,123.94966038564371,1,3,3,146.83166389813528,3.329770563201687,30.70819111482666,0.7606056073988443,1.0,leptonic_bookkeeping,train,False,0.50562265163496,unassigned
863073,ggH,124.83570765056163,123.94966038564371,1,3,3,146.83166389813528,3.329770563201687,30.70819111482666,0.7606056073988443,1.0,leptonic_bookkeeping,validation,False,0.50562265163496,unassigned
119096,ggH,124.83570765056163,123.94966038564371,1,3,3,146.83166389813528,3.329770563201687,30.70819111482666,0.7606056073988443,1.0,leptonic_bookkeeping,train,False,0.50562265163496,unassigned
424422,ggH,124.83570765056163,123.94966038564371,1,3,3,146.83166389813528,3.329770563201687,30.70819111482666,0.7606056073988443,1.0,leptonic_bookkeeping,train,False,0.50562265163496,unassigned
140929,ggH,124.83570765056163,123.94966038564371,1,3,3,146.83166389813528,3.329770563201687,30.70819111482666,0.7606056073988443,1.0,leptonic_bookkeeping,validation,False,0.50562265163496,unassigned
994448,ggH,124.83570765056163,123.94966038564371,1,3,3,146.83166389813528,3.329770563201687,30.70819111482666,0.7606056073988443,1.0,leptonic_bookkeeping,train,False,0.50562265163496,unassigned
270347,ggH,124.83570765056163,123.94966038564371,1,3,3,146.83166389813528,3.329770563201687,30.70819111482666,0.7606056073988443,1.0,leptonic_bookkeeping,train,False,0.50562265163496,unassigned
690826,ggH,124.83570765056163,123.94966038564371,1,3,3,146.83166389813528,3.329770563201687,30.70819111482666,0.7606056073988443,1.0,leptonic_bookkeeping,train,False,0.50562265163496,unassigned
818677,ggH,124.83570765056163,123.94966038564371,1,3,3,146.83166389813528,3.329770563201687,30.70819111482666,0.7606056073988443,1.0,leptonic_bookkeeping,train,False,0.50562265163496,unassigned
715436,ggH,124.83570765056163,123.94966038564371,1,3,3,146.83166389813528,3.329770563201687,30.70819111482666,0.7606056073988443,1.0,leptonic_bookkeeping,train,False,0.50562265163496,unassigned
469803,ggH,124.83570765056163,123.94966038564371,1,3,3,146.83166389813528,3.329770563201687,30.70819111482666,0.7606056073988443,1.0,leptonic_bookkeeping,train,False,0.50562265163496,unassigned
921019,ggH,124.83570765056163,123.94966038564371,1,3,3,146.83166389813528,3.329770563201687,30.70819111482666,0.7606056073988443,1.0,leptonic_bookkeeping,train,False,0.50562265163496,unassigned
666384,ggH,124.83570765056163,123.94966038564371,1,3,3,146.83166389813528,3.329770563201687,30.70819111482666,0.7606056073988443,1.0,leptonic_bookkeeping,validation,False,0.50562265163496,unassigned
713396,ggH,124.83570765056163,123.94966038564371,1,3,3,146.83166389813528,3.329770563201687,30.70819111482666,0.7606056073988443,1.0,leptonic_bookkeeping,train,False,0.50562265163496,unassigned
311782,ggH,124.83570765056163,123.94966038564371,1,3,3,146.83166389813528,3.329770563201687,30.70819111482666,0.7606056073988443,1.0,leptonic_bookkeeping,train,False,0.50562265163496,unassigned
589651,ggH,124.83570765056163,123.94966038564371,1,3,3,146.83166389813528,3.329770563201687,30.70819111482666,0.7606056073988443,1.0,leptonic_bookkeeping,train,False,0.50562265163496,unassigned
562536,ggH,124.83570765056163,123.94966038564371,1,3,3,146.83166389813528,3.329770563201687,30.70819111482666,0.7606056073988443,1.0,leptonic_bookkeeping,train,False,0.50562265163496,unassigned
53456,ggH,124.83570765056163,123.94966038564371,1,3,3,146.83166389813528,3.329770563201687,30.70819111482666,0.7606056073988443,1.0,leptonic_bookkeeping,train,False,0.50562265163496,unassigned
467648,ggH,124.83570765056163,123.94966038564371,1,3,3,146.83166389813528,3.329770563201687,30.70819111482666,0.7606056073988443,1.0,leptonic_bookkeeping,train,False,0.50562265163496,unassigned
480456,ggH,124.83570765056163,123.94966038564371,1,3,3,146.83166389813528,3.329770563201687,30.70819111482666,0.7606056073988443,1.0,leptonic_bookkeeping,validation,False,0.50562265163496,unassigned
689942,ggH,124.83570765056163,123.94966038564371,1,3,3,146.83166389813528,3.329770563201687,30.70819111482666,0.7606056073988443,1.0,leptonic_bookkeeping,test,False,0.50562265163496,unassigned
387195,ggH,124.83570765056163,123.94966038564371,1,3,3,146.83166389813528,3.329770563201687,30.70819111482666,0.7606056073988443,1.0,leptonic_bookkeeping,train,False,0.50562265163496,unassigned
780746,ggH,124.83570765056163,123.94966038564371,1,3,3,146.83166389813528,3.329770563201687,30.70819111482666,0.7606056073988443,1.0,leptonic_bookkeeping,validation,False,0.50562265163496,unassigned
31837,ggH,124.83570765056163,123.94966038564371,1,3,3,146.83166389813528,3.329770563201687,30.70819111482666,0.7606056073988443,1.0,leptonic_bookkeeping,train,False,0.50562265163496,unassigned
557035,ggH,124.83570765056163,123.94966038564371,1,3,3,146.83166389813528,3.329770563201687,30.70819111482666,0.7606056073988443,1.0,leptonic_bookkeeping,train,False,0.50562265163496,unassigned
834450,ggH,124.83570765056163,123.94966038564371,1,3,3,146.83166389813528,3.329770563201687,30.70819111482666,0.7606056073988443,1.0,leptonic_bookkeeping,test,False,0.50562265163496,unassigned
467142,ggH,124.83570765056163,123.94966038564371,1,3,3,146.83166389813528,3.329770563201687,30.70819111482666,0.7606056073988443,1.0,leptonic_bookkeeping,train,False,0.50562265163496,unassigned
62542,ggH,124.83570765056163,123.94966038564371,1,3,3,146.83166389813528,3.329770563201687,30.70819111482666,0.7606056073988443,1.0,leptonic_bookkeeping,train,False,0.50562265163496,unassigned
221313,ggH,124.83570765056163,123.94966038564371,1,3,3,146.83166389813528,3.329770563201687,30.70819111482666,0.7606056073988443,1.0,leptonic_bookkeeping,train,False,0.50562265163496,unassigned
369205,ggH,124.83570765056163,123.94966038564371,1,3,3,146.83166389813528,3.329770563201687,30.70819111482666,0.7606056073988443,1.0,leptonic_bookkeeping,test,False,0.50562265163496,unassigned
328408,ggH,124.83570765056163,123.94966038564371,1,3,3,146.83166389813528,3.329770563201687,30.70819111482666,0.7606056073988443,1.0,leptonic_bookkeeping,test,False,0.50562265163496,unassigned
952143,ggH,124.83570765056163,123.94966038564371,1,3,3,146.83166389813528,3.329770563201687,30.70819111482666,0.7606056073988443,1.0,leptonic_bookkeeping,train,False,0.50562265163496,unassigned
712924,ggH,124.83570765056163,123.94966038564371,1,3,3,146.83166389813528,3.329770563201687,30.70819111482666,0.7606056073988443,1.0,leptonic_bookkeeping,train,False,0.50562265163496,unassigned
698031,ggH,124.83570765056163,123.94966038564371,1,3,3,146.83166389813528,3.329770563201687,30.70819111482666,0.7606056073988443,1.0,leptonic_bookkeeping,validation,False,0.50562265163496,unassigned
91772,ggH,124.83570765056163,123.94966038564371,1,3,3,146.83166389813528,3.329770563201687,30.70819111482666,0.7606056073988443,1.0,leptonic_bookkeeping,test,False,0.50562265163496,unassigned
569705,ggH,124.83570765056163,123.94966038564371,1,3,3,146.83166389813528,3.329770563201687,30.70819111482666,0.7606056073988443,1.0,leptonic_bookkeeping,train,False,0.50562265163496,unassigned
832943,ggH,124.83570765056163,123.94966038564371,1,3,3,146.83166389813528,3.329770563201687,30.70819111482666,0.7606056073988443,1.0,leptonic_bookkeeping,validation,False,0.50562265163496,unassigned
550078,ggH,124.83570765056163,123.94966038564371,1,3,3,146.83166389813528,3.329770563201687,30.70819111482666,0.7606056073988443,1.0,leptonic_bookkeeping,train,False,0.50562265163496,unassigned
624246,ggH,124.83570765056163,123.94966038564371,1,3,3,146.83166389813528,3.329770563201687,30.70819111482666,0.7606056073988443,1.0,leptonic_bookkeeping,train,False,0.50562265163496,unassigned
462182,ggH,124.83570765056163,123.94966038564371,1,3,3,146.83166389813528,3.329770563201687,30.70819111482666,0.7606056073988443,1.0,leptonic_bookkeeping,test,False,0.50562265163496,unassigned
556391,ggH,124.83570765056163,123.94966038564371,1,3,3,146.83166389813528,3.329770563201687,30.70819111482666,0.7606056073988443,1.0,leptonic_bookkeeping,test,False,0.50562265163496,unassigned
882652,ggH,124.83570765056163,123.94966038564371,1,3,3,146.83166389813528,3.329770563201687,30.70819111482666,0.7606056073988443,1.0,leptonic_bookkeeping,validation,False,0.50562265163496,unassigned
886847,ggH,124.83570765056163,123.94966038564371,1,3,3,146.83166389813528,3.329770563201687,30.70819111482666,0.7606056073988443,1.0,leptonic_bookkeeping,train,False,0.50562265163496,unassigned
10501,ggH,124.83570765056163,123.94966038564371,1,3,3,146.83166389813528,3.329770563201687,30.70819111482666,0.7606056073988443,1.0,leptonic_bookkeeping,train,False,0.50562265163496,unassigned
979725,ggH,124.83570765056163,123.94966038564371,1,3,3,146.83166389813528,3.329770563201687,30.70819111482666,0.7606056073988443,1.0,leptonic_bookkeeping,train,False,0.50562265163496,unassigned
421039,ggH,124.83570765056163,123.94966038564371,1,3,3,146.83166389813528,3.329770563201687,30.70819111482666,0.7606056073988443,1.0,leptonic_bookkeeping,test,False,0.50562265163496,unassigned
357124,ggH,124.83570765056163,123.94966038564371,1,3,3,146.83166389813528,3.329770563201687,30.70819111482666,0.7606056073988443,1.0,leptonic_bookkeeping,validation,False,0.50562265163496,unassigned
769923,ggH,124.83570765056163,123.94966038564371,1,3,3,146.83166389813528,3.329770563201687,30.70819111482666,0.7606056073988443,1.0,leptonic_bookkeeping,validation,False,0.50562265163496,unassigned
123063,ggH,124.83570765056163,123.94966038564371,1,3,3,146.83166389813528,3.329770563201687,30.70819111482666,0.7606056073988443,1.0,leptonic_bookkeeping,test,False,0.50562265163496,unassigned
591742,ggH,124.83570765056163,123.94966038564371,1,3,3,146.83166389813528,3.329770563201687,30.70819111482666,0.7606056073988443,1.0,leptonic_bookkeeping,train,False,0.50562265163496,unassigned
44094,ggH,124.83570765056163,123.94966038564371,1,3,3,146.83166389813528,3.329770563201687,30.70819111482666,0.7606056073988443,1.0,leptonic_bookkeeping,train,False,0.50562265163496,unassigned
31051,ggH,124.83570765056163,123.94966038564371,1,3,3,146.83166389813528,3.329770563201687,30.70819111482666,0.7606056073988443,1.0,leptonic_bookkeeping,train,False,0.50562265163496,unassigned
170369,ggH,124.83570765056163,123.94966038564371,1,3,3,146.83166389813528,3.329770563201687,30.70819111482666,0.7606056073988443,1.0,leptonic_bookkeeping,train,False,0.50562265163496,unassigned
838445,ggH,124.83570765056163,123.94966038564371,1,3,3,146.83166389813528,3.329770563201687,30.70819111482666,0.7606056073988443,1.0,leptonic_bookkeeping,train,False,0.50562265163496,unassigned
66912,ggH,124.83570765056163,123.94966038564371,1,3,3,146.83166389813528,3.329770563201687,30.70819111482666,0.7606056073988443,1.0,leptonic_bookkeeping,train,False,0.50562265163496,unassigned
667630,ggH,124.83570765056163,123.94966038564371,1,3,3,146.83166389813528,3.329770563201687,30.70819111482666,0.7606056073988443,1.0,leptonic_bookkeeping,validation,False,0.50562265163496,unassigned
501050,ggH,124.83570765056163,123.94966038564371,1,3,3,146.83166389813528,3.329770563201687,30.70819111482666,0.7606056073988443,1.0,leptonic_bookkeeping,validation,False,0.50562265163496,unassigned
669649,ggH,124.83570765056163,123.94966038564371,1,3,3,146.83166389813528,3.329770563201687,30.70819111482666,0.7606056073988443,1.0,leptonic_bookkeeping,test,False,0.50562265163496,unassigned
485233,ggH,124.83570765056163,123.94966038564371,1,3,3,146.83166389813528,3.329770563201687,30.70819111482666,0.7606056073988443,1.0,leptonic_bookkeeping,train,False,0.50562265163496,unassigned
13284,ggH,124.83570765056163,123.94966038564371,1,3,3,146.83166389813528,3.329770563201687,30.70819111482666,0.7606056073988443,1.0,leptonic_bookkeeping,train,False,0.50562265163496,unassigned
836340,ggH,124.83570765056163,123.94966038564371,1,3,3,146.83166389813528,3.329770563201687,30.70819111482666,0.7606056073988443,1.0,leptonic_bookkeeping,train,False,0.50562265163496,unassigned
352395,ggH,124.83570765056163,123.94966038564371,1,3,3,146.83166389813528,3.329770563201687,30.70819111482666,0.7606056073988443,1.0,leptonic_bookkeeping,train,False,0.50562265163496,unassigned
634727,ggH,124.83570765056163,123.94966038564371,1,3,3,146.83166389813528,3.329770563201687,30.70819111482666,0.7606056073988443,1.0,leptonic_bookkeeping,train,False,0.50562265163496,unassigned
785988,ggH,124.83570765056163,123.94966038564371,1,3,3,146.83166389813528,3.329770563201687,30.70819111482666,0.7606056073988443,1.0,leptonic_bookkeeping,train,False,0.50562265163496,unassigned
950766,ggH,124.83570765056163,123.94966038564371,1,3,3,146.83166389813528,3.329770563201687,30.70819111482666,0.7606056073988443,1.0,leptonic_bookkeeping,train,False,0.50562265163496,unassigned
581293,ggH,124.83570765056163,123.94966038564371,1,3,3,146.83166389813528,3.329770563201687,30.70819111482666,0.7606056073988443,1.0,leptonic_bookkeeping,train,False,0.50562265163496,unassigned
443281,ggH,124.83570765056163,123.94966038564371,1,3,3,146.83166389813528,3.329770563201687,30.70819111482666,0.7606056073988443,1.0,leptonic_bookkeeping,test,False,0.50562265163496,unassigned
715907,ggH,124.83570765056163,123.94966038564371,1,3,3,146.83166389813528,3.329770563201687,30.70819111482666,0.7606056073988443,1.0,leptonic_bookkeeping,train,False,0.50562265163496,unassigned
565657,ggH,124.83570765056163,123.94966038564371,1,3,3,146.83166389813528,3.329770563201687,30.70819111482666,0.7606056073988443,1.0,leptonic_bookkeeping,test,False,0.50562265163496,unassigned
20893,ggH,124.83570765056163,123.94966038564371,1,3,3,146.83166389813528,3.329770563201687,30.70819111482666,0.7606056073988443,1.0,leptonic_bookkeeping,train,False,0.50562265163496,unassigned
382553,ggH,124.83570765056163,123.94966038564371,1,3,3,146.83166389813528,3.329770563201687,30.70819111482666,0.7606056073988443,1.0,leptonic_bookkeeping,train,False,0.50562265163496,unassigned
411313,ggH,124.83570765056163,123.94966038564371,1,3,3,146.83166389813528,3.329770563201687,30.70819111482666,0.7606056073988443,1.0,leptonic_bookkeeping,test,False,0.50562265163496,unassigned
220485,ggH,124.83570765056163,123.94966038564371,1,3,3,146.83166389813528,3.329770563201687,30.70819111482666,0.7606056073988443,1.0,leptonic_bookkeeping,train,False,0.50562265163496,unassigned
545466,ggH,124.83570765056163,123.94966038564371,1,3,3,146.83166389813528,3.329770563201687,30.70819111482666,0.7606056073988443,1.0,leptonic_bookkeeping,test,False,0.50562265163496,unassigned
10405,ggH,124.83570765056163,123.94966038564371,1,3,3,146.83166389813528,3.329770563201687,30.70819111482666,0.7606056073988443,1.0,leptonic_bookkeeping,train,False,0.50562265163496,unassigned
291733,ggH,124.83570765056163,123.94966038564371,1,3,3,146.83166389813528,3.329770563201687,30.70819111482666,0.7606056073988443,1.0,leptonic_bookkeeping,train,False,0.50562265163496,unassigned
690152,ggH,124.83570765056163,123.94966038564371,1,3,3,146.83166389813528,3.329770563201687,30.70819111482666,0.7606056073988443,1.0,leptonic_bookkeeping,test,False,0.50562265163496,unassigned
709776,ggH,124.83570765056163,123.94966038564371,1,3,3,146.83166389813528,3.329770563201687,30.70819111482666,0.7606056073988443,1.0,leptonic_bookkeeping,test,False,0.50562265163496,unassigned
637037,ggH,124.83570765056163,123.94966038564371,1,3,3,146.83166389813528,3.329770563201687,30.70819111482666,0.7606056073988443,1.0,leptonic_bookkeeping,validation,False,0.50562265163496,unassigned
329863,ggH,124.83570765056163,123.94966038564371,1,3,3,146.83166389813528,3.329770563201687,30.70819111482666,0.7606056073988443,1.0,leptonic_bookkeeping,test,False,0.50562265163496,unassigned
425184,ggH,124.83570765056163,123.94966038564371,1,3,3,146.83166389813528,3.329770563201687,30.70819111482666,0.7606056073988443,1.0,leptonic_bookkeeping,train,False,0.50562265163496,unassigned
552783,ggH,124.83570765056163,123.94966038564371,1,3,3,146.83166389813528,3.329770563201687,30.70819111482666,0.7606056073988443,1.0,leptonic_bookkeeping,validation,False,0.50562265163496,unassigned
954668,ggH,124.83570765056163,123.94966038564371,1,3,3,146.83166389813528,3.329770563201687,30.70819111482666,0.7606056073988443,1.0,leptonic_bookkeeping,validation,False,0.50562265163496,unassigned
315425,ggH,124.83570765056163,123.94966038564371,1,3,3,146.83166389813528,3.329770563201687,30.70819111482666,0.7606056073988443,1.0,leptonic_bookkeeping,train,False,0.50562265163496,unassigned
490422,ggH,124.83570765056163,123.94966038564371,1,3,3,146.83166389813528,3.329770563201687,30.70819111482666,0.7606056073988443,1.0,leptonic_bookkeeping,train,False,0.50562265163496,unassigned
382160,ggH,124.83570765056163,123.94966038564371,1,3,3,146.83166389813528,3.329770563201687,30.70819111482666,0.7606056073988443,1.0,leptonic_bookkeeping,train,False,0.50562265163496,unassigned
434393,ggH,124.83570765056163,123.94966038564371,1,3,3,146.83166389813528,3.329770563201687,30.70819111482666,0.7606056073988443,1.0,leptonic_bookkeeping,train,False,0.50562265163496,unassigned
53384,ggH,124.83570765056163,123.94966038564371,1,3,3,146.83166389813528,3.329770563201687,30.70819111482666,0.7606056073988443,1.0,leptonic_bookkeeping,train,False,0.50562265163496,unassigned
18052,ggH,124.83570765056163,123.94966038564371,1,3,3,146.83166389813528,3.329770563201687,30.70819111482666,0.7606056073988443,1.0,leptonic_bookkeeping,validation,False,0.50562265163496,unassigned
846802,ggH,124.83570765056163,123.94966038564371,1,3,3,146.83166389813528,3.329770563201687,30.70819111482666,0.7606056073988443,1.0,leptonic_bookkeeping,train,False,0.50562265163496,unassigned
393765,ggH,124.83570765056163,123.94966038564371,1,3,3,146.83166389813528,3.329770563201687,30.70819111482666,0.7606056073988443,1.0,leptonic_bookkeeping,train,False,0.50562265163496,unassigned
865108,ggH,124.83570765056163,123.94966038564371,1,3,3,146.83166389813528,3.329770563201687,30.70819111482666,0.7606056073988443,1.0,leptonic_bookkeeping,test,False,0.50562265163496,unassigned
92413,ggH,124.83570765056163,123.94966038564371,1,3,3,146.83166389813528,3.329770563201687,30.70819111482666,0.7606056073988443,1.0,leptonic_bookkeeping,test,False,0.50562265163496,unassigned
399848,ggH,124.83570765056163,123.94966038564371,1,3,3,146.83166389813528,3.329770563201687,30.70819111482666,0.7606056073988443,1.0,leptonic_bookkeeping,validation,False,0.50562265163496,unassigned
127288,ggH,124.83570765056163,123.94966038564371,1,3,3,146.83166389813528,3.329770563201687,30.70819111482666,0.7606056073988443,1.0,leptonic_bookkeeping,train,False,0.50562265163496,unassigned
183091,ggH,124.83570765056163,123.94966038564371,1,3,3,146.83166389813528,3.329770563201687,30.70819111482666,0.7606056073988443,1.0,leptonic_bookkeeping,validation,False,0.50562265163496,unassigned
968006,ggH,124.83570765056163,123.94966038564371,1,3,3,146.83166389813528,3.329770563201687,30.70819111482666,0.7606056073988443,1.0,leptonic_bookkeeping,test,False,0.50562265163496,unassigned
664698,ggH,124.83570765056163,123.94966038564371,1,3,3,146.83166389813528,3.329770563201687,30.70819111482666,0.7606056073988443,1.0,leptonic_bookkeeping,train,False,0.50562265163496,unassigned
260000,ggH,124.83570765056163,123.94966038564371,1,3,3,146.83166389813528,3.329770563201687,30.70819111482666,0.7606056073988443,1.0,leptonic_bookkeeping,train,False,0.50562265163496,unassigned
735252,ggH,124.83570765056163,123.94966038564371,1,3,3,146.83166389813528,3.329770563201687,30.70819111482666,0.7606056073988443,1.0,leptonic_bookkeeping,train,False,0.50562265163496,unassigned
911960,ggH,124.83570765056163,123.94966038564371,1,3,3,146.83166389813528,3.329770563201687,30.70819111482666,0.7606056073988443,1.0,leptonic_bookkeeping,train,False,0.50562265163496,unassigned
754120,ggH,124.83570765056163,123.94966038564371,1,3,3,146.83166389813528,3.329770563201687,30.70819111482666,0.7606056073988443,1.0,leptonic_bookkeeping,train,False,0.50562265163496,unassigned
620560,ggH,124.83570765056163,123.94966038564371,1,3,3,146.83166389813528,3.329770563201687,30.70819111482666,0.7606056073988443,1.0,leptonic_bookkeeping,train,False,0.50562265163496,unassigned
909831,ggH,124.83570765056163,123.94966038564371,1,3,3,146.83166389813528,3.329770563201687,30.70819111482666,0.7606056073988443,1.0,leptonic_bookkeeping,train,False,0.50562265163496,unassigned
365667,ggH,124.83570765056163,123.94966038564371,1,3,3,146.83166389813528,3.329770563201687,30.70819111482666,0.7606056073988443,1.0,leptonic_bookkeeping,train,False,0.50562265163496,unassigned
36107,ggH,124.83570765056163,123.94966038564371,1,3,3,146.83166389813528,3.329770563201687,30.70819111482666,0.7606056073988443,1.0,leptonic_bookkeeping,train,False,0.50562265163496,unassigned
30746,ggH,124.83570765056163,123.94966038564371,1,3,3,146.83166389813528,3.329770563201687,30.70819111482666,0.7606056073988443,1.0,leptonic_bookkeeping,test,False,0.50562265163496,unassigned
172814,ggH,124.83570765056163,123.94966038564371,1,3,3,146.83166389813528,3.329770563201687,30.70819111482666,0.7606056073988443,1.0,leptonic_bookkeeping,validation,False,0.50562265163496,unassigned
142052,ggH,124.83570765056163,123.94966038564371,1,3,3,146.83166389813528,3.329770563201687,30.70819111482666,0.7606056073988443,1.0,leptonic_bookkeeping,validation,False,0.50562265163496,unassigned
945053,ggH,124.83570765056163,123.94966038564371,1,3,3,146.83166389813528,3.329770563201687,30.70819111482666,0.7606056073988443,1.0,leptonic_bookkeeping,validation,False,0.50562265163496,unassigned
157942,ggH,124.83570765056163,123.94966038564371,1,3,3,146.83166389813528,3.329770563201687,30.70819111482666,0.7606056073988443,1.0,leptonic_bookkeeping,train,False,0.50562265163496,unassigned
560108,ggH,124.83570765056163,123.94966038564371,1,3,3,146.83166389813528,3.329770563201687,30.70819111482666,0.7606056073988443,1.0,leptonic_bookkeeping,train,False,0.50562265163496,unassigned
650034,ggH,124.83570765056163,123.94966038564371,1,3,3,146.83166389813528,3.329770563201687,30.70819111482666,0.7606056073988443,1.0,leptonic_bookkeeping,train,False,0.50562265163496,unassigned
172416,ggH,124.83570765056163,123.94966038564371,1,3,3,146.83166389813528,3.329770563201687,30.70819111482666,0.7606056073988443,1.0,leptonic_bookkeeping,validation,False,0.50562265163496,unassigned
514810,ggH,124.83570765056163,123.94966038564371,1,3,3,146.83166389813528,3.329770563201687,30.70819111482666,0.7606056073988443,1.0,leptonic_bookkeeping,test,False,0.50562265163496,unassigned
116219,ggH,124.83570765056163,123.94966038564371,1,3,3,146.83166389813528,3.329770563201687,30.70819111482666,0.7606056073988443,1.0,leptonic_bookkeeping,train,False,0.50562265163496,unassigned
672544,ggH,124.83570765056163,123.94966038564371,1,3,3,146.83166389813528,3.329770563201687,30.70819111482666,0.7606056073988443,1.0,leptonic_bookkeeping,train,False,0.50562265163496,unassigned
861262,ggH,124.83570765056163,123.94966038564371,1,3,3,146.83166389813528,3.329770563201687,30.70819111482666,0.7606056073988443,1.0,leptonic_bookkeeping,train,False,0.50562265163496,unassigned
967837,ggH,124.83570765056163,123.94966038564371,1,3,3,146.83166389813528,3.329770563201687,30.70819111482666,0.7606056073988443,1.0,leptonic_bookkeeping,test,False,0.50562265163496,unassigned
210807,ggH,124.83570765056163,123.94966038564371,1,3,3,146.83166389813528,3.329770563201687,30.70819111482666,0.7606056073988443,1.0,leptonic_bookkeeping,train,False,0.50562265163496,unassigned
954550,ggH,124.83570765056163,123.94966038564371,1,3,3,146.83166389813528,3.329770563201687,30.70819111482666,0.7606056073988443,1.0,leptonic_bookkeeping,train,False,0.50562265163496,unassigned
87462,ggH,124.83570765056163,123.94966038564371,1,3,3,146.83166389813528,3.329770563201687,30.70819111482666,0.7606056073988443,1.0,leptonic_bookkeeping,train,False,0.50562265163496,unassigned
93422,ggH,124.83570765056163,123.94966038564371,1,3,3,146.83166389813528,3.329770563201687,30.70819111482666,0.7606056073988443,1.0,leptonic_bookkeeping,train,False,0.50562265163496,unassigned
795248,ggH,124.83570765056163,123.94966038564371,1,3,3,146.83166389813528,3.329770563201687,30.70819111482666,0.7606056073988443,1.0,leptonic_bookkeeping,train,False,0.50562265163496,unassigned
639321,ggH,124.83570765056163,123.94966038564371,1,3,3,146.83166389813528,3.329770563201687,30.70819111482666,0.7606056073988443,1.0,leptonic_bookkeeping,train,False,0.50562265163496,unassigned
646348,ggH,124.83570765056163,123.94966038564371,1,3,3,146.83166389813528,3.329770563201687,30.70819111482666,0.7606056073988443,1.0,leptonic_bookkeeping,validation,False,0.50562265163496,unassigned
77293,ggH,124.83570765056163,123.94966038564371,1,3,3,146.83166389813528,3.329770563201687,30.70819111482666,0.7606056073988443,1.0,leptonic_bookkeeping,train,False,0.50562265163496,unassigned
808394,ggH,124.83570765056163,123.94966038564371,1,3,3,146.83166389813528,3.329770563201687,30.70819111482666,0.7606056073988443,1.0,leptonic_bookkeeping,train,False,0.50562265163496,unassigned
474493,ggH,124.83570765056163,123.94966038564371,1,3,3,146.83166389813528,3.329770563201687,30.70819111482666,0.7606056073988443,1.0,leptonic_bookkeeping,train,False,0.50562265163496,unassigned
65455,ggH,124.83570765056163,123.94966038564371,1,3,3,146.83166389813528,3.329770563201687,30.70819111482666,0.7606056073988443,1.0,leptonic_bookkeeping,train,False,0.50562265163496,unassigned
606252,ggH,124.83570765056163,123.94966038564371,1,3,3,146.83166389813528,3.329770563201687,30.70819111482666,0.7606056073988443,1.0,leptonic_bookkeeping,test,False,0.50562265163496,unassigned
949210,ggH,124.83570765056163,123.94966038564371,1,3,3,146.83166389813528,3.329770563201687,30.70819111482666,0.7606056073988443,1.0,leptonic_bookkeeping,train,False,0.50562265163496,unassigned
884528,ggH,124.83570765056163,123.94966038564371,1,3,3,146.83166389813528,3.329770563201687,30.70819111482666,0.7606056073988443,1.0,leptonic_bookkeeping,validation,False,0.50562265163496,unassigned
451326,ggH,124.83570765056163,123.94966038564371,1,3,3,146.83166389813528,3.329770563201687,30.70819111482666,0.7606056073988443,1.0,leptonic_bookkeeping,validation,False,0.50562265163496,unassigned
221469,ggH,124.83570765056163,123.94966038564371,1,3,3,146.83166389813528,3.329770563201687,30.70819111482666,0.7606056073988443,1.0,leptonic_bookkeeping,train,False,0.50562265163496,unassigned
706664,ggH,124.83570765056163,123.94966038564371,1,3,3,146.83166389813528,3.329770563201687,30.70819111482666,0.7606056073988443,1.0,leptonic_bookkeeping,train,False,0.50562265163496,unassigned
840929,ggH,124.83570765056163,123.94966038564371,1,3,3,146.83166389813528,3.329770563201687,30.70819111482666,0.7606056073988443,1.0,leptonic_bookkeeping,train,False,0.50562265163496,unassigned
721986,ggH,124.83570765056163,123.94966038564371,1,3,3,146.83166389813528,3.329770563201687,30.70819111482666,0.7606056073988443,1.0,leptonic_bookkeeping,train,False,0.50562265163496,unassigned
921991,ggH,124.83570765056163,123.94966038564371,1,3,3,146.83166389813528,3.329770563201687,30.70819111482666,0.7606056073988443,1.0,leptonic_bookkeeping,train,False,0.50562265163496,unassigned
230563,ggH,124.83570765056163,123.94966038564371,1,3,3,146.83166389813528,3.329770563201687,30.70819111482666,0.7606056073988443,1.0,leptonic_bookkeeping,train,False,0.50562265163496,unassigned
145242,ggH,124.83570765056163,123.94966038564371,1,3,3,146.83166389813528,3.329770563201687,30.70819111482666,0.7606056073988443,1.0,leptonic_bookkeeping,train,False,0.50562265163496,unassigned
543874,ggH,124.83570765056163,123.94966038564371,1,3,3,146.83166389813528,3.329770563201687,30.70819111482666,0.7606056073988443,1.0,leptonic_bookkeeping,validation,False,0.50562265163496,unassigned
893501,ggH,124.83570765056163,123.94966038564371,1,3,3,146.83166389813528,3.329770563201687,30.70819111482666,0.7606056073988443,1.0,leptonic_bookkeeping,validation,False,0.50562265163496,unassigned
721863,ggH,124.83570765056163,123.94966038564371,1,3,3,146.83166389813528,3.329770563201687,30.70819111482666,0.7606056073988443,1.0,leptonic_bookkeeping,train,False,0.50562265163496,unassigned
739875,ggH,124.83570765056163,123.94966038564371,1,3,3,146.83166389813528,3.329770563201687,30.70819111482666,0.7606056073988443,1.0,leptonic_bookkeeping,validation,False,0.50562265163496,unassigned
664576,ggH,124.83570765056163,123.94966038564371,1,3,3,146.83166389813528,3.329770563201687,30.70819111482666,0.7606056073988443,1.0,leptonic_bookkeeping,train,False,0.50562265163496,unassigned
630550,ggH,124.83570765056163,123.94966038564371,1,3,3,146.83166389813528,3.329770563201687,30.70819111482666,0.7606056073988443,1.0,leptonic_bookkeeping,train,False,0.50562265163496,unassigned
606353,ggH,124.83570765056163,123.94966038564371,1,3,3,146.83166389813528,3.329770563201687,30.70819111482666,0.7606056073988443,1.0,leptonic_bookkeeping,test,False,0.50562265163496,unassigned
272634,ggH,124.83570765056163,123.94966038564371,1,3,3,146.83166389813528,3.329770563201687,30.70819111482666,0.7606056073988443,1.0,leptonic_bookkeeping,train,False,0.50562265163496,unassigned
176623,ggH,124.83570765056163,123.94966038564371,1,3,3,146.83166389813528,3.329770563201687,30.70819111482666,0.7606056073988443,1.0,leptonic_bookkeeping,train,False,0.50562265163496,unassigned
286394,ggH,124.83570765056163,123.94966038564371,1,3,3,146.83166389813528,3.329770563201687,30.70819111482666,0.7606056073988443,1.0,leptonic_bookkeeping,validation,False,0.50562265163496,unassigned
198643,ggH,124.83570765056163,123.94966038564371,1,3,3,146.83166389813528,3.329770563201687,30.70819111482666,0.7606056073988443,1.0,leptonic_bookkeeping,train,False,0.50562265163496,unassigned
819146,ggH,124.83570765056163,123.94966038564371,1,3,3,146.83166389813528,3.329770563201687,30.70819111482666,0.7606056073988443,1.0,leptonic_bookkeeping,train,False,0.50562265163496,unassigned
363057,ggH,124.83570765056163,123.94966038564371,1,3,3,146.83166389813528,3.329770563201687,30.70819111482666,0.7606056073988443,1.0,leptonic_bookkeeping,train,False,0.50562265163496,unassigned
869163,ggH,124.83570765056163,123.94966038564371,1,3,3,146.83166389813528,3.329770563201687,30.70819111482666,0.7606056073988443,1.0,leptonic_bookkeeping,train,False,0.50562265163496,unassigned
395147,ggH,124.83570765056163,123.94966038564371,1,3,3,146.83166389813528,3.329770563201687,30.70819111482666,0.7606056073988443,1.0,leptonic_bookkeeping,train,False,0.50562265163496,unassigned
868366,ggH,124.83570765056163,123.94966038564371,1,3,3,146.83166389813528,3.329770563201687,30.70819111482666,0.7606056073988443,1.0,leptonic_bookkeeping,train,False,0.50562265163496,unassigned
113243,ggH,124.83570765056163,123.94966038564371,1,3,3,146.83166389813528,3.329770563201687,30.70819111482666,0.7606056073988443,1.0,leptonic_bookkeeping,test,False,0.50562265163496,unassigned
115471,ggH,124.83570765056163,123.94966038564371,1,3,3,146.83166389813528,3.329770563201687,30.70819111482666,0.7606056073988443,1.0,leptonic_bookkeeping,train,False,0.50562265163496,unassigned
301277,ggH,124.83570765056163,123.94966038564371,1,3,3,146.83166389813528,3.329770563201687,30.70819111482666,0.7606056073988443,1.0,leptonic_bookkeeping,train,False,0.50562265163496,unassigned
380048,ggH,124.83570765056163,123.94966038564371,1,3,3,146.83166389813528,3.329770563201687,30.70819111482666,0.7606056073988443,1.0,leptonic_bookkeeping,test,False,0.50562265163496,unassigned
464481,ggH,124.83570765056163,123.94966038564371,1,3,3,146.83166389813528,3.329770563201687,30.70819111482666,0.7606056073988443,1.0,leptonic_bookkeeping,train,False,0.50562265163496,unassigned
606647,ggH,124.83570765056163,123.94966038564371,1,3,3,146.83166389813528,3.329770563201687,30.70819111482666,0.7606056073988443,1.0,leptonic_bookkeeping,test,False,0.50562265163496,unassigned
868089,ggH,124.83570765056163,123.94966038564371,1,3,3,146.83166389813528,3.329770563201687,30.70819111482666,0.7606056073988443,1.0,leptonic_bookkeeping,train,False,0.50562265163496,unassigned
738112,ggH,124.83570765056163,123.94966038564371,1,3,3,146.83166389813528,3.329770563201687,30.70819111482666,0.7606056073988443,1.0,leptonic_bookkeeping,train,False,0.50562265163496,unassigned
776636,ggH,124.83570765056163,123.94966038564371,1,3,3,146.83166389813528,3.329770563201687,30.70819111482666,0.7606056073988443,1.0,leptonic_bookkeeping,train,False,0.50562265163496,unassigned
571441,ggH,124.83570765056163,123.94966038564371,1,3,3,146.83166389813528,3.329770563201687,30.70819111482666,0.7606056073988443,1.0,leptonic_bookkeeping,train,False,0.50562265163496,unassigned
199308,ggH,124.83570765056163,123.94966038564371,1,3,3,146.83166389813528,3.329770563201687,30.70819111482666,0.7606056073988443,1.0,leptonic_bookkeeping,train,False,0.50562265163496,unassigned
760776,ggH,124.83570765056163,123.94966038564371,1,3,3,146.83166389813528,3.329770563201687,30.70819111482666,0.7606056073988443,1.0,leptonic_bookkeeping,validation,False,0.50562265163496,unassigned
575006,ggH,124.83570765056163,123.94966038564371,1,3,3,146.83166389813528,3.329770563201687,30.70819111482666,0.7606056073988443,1.0,leptonic_bookkeeping,validation,False,0.50562265163496,unassigned
606692,ggH,124.83570765056163,123.94966038564371,1,3,3,146.83166389813528,3.329770563201687,30.70819111482666,0.7606056073988443,1.0,leptonic_bookkeeping,test,False,0.50562265163496,unassigned
340037,ggH,124.83570765056163,123.94966038564371,1,3,3,146.83166389813528,3.329770563201687,30.70819111482666,0.7606056073988443,1.0,leptonic_bookkeeping,test,False,0.50562265163496,unassigned
328407,ggH,124.83570765056163,123.94966038564371,1,3,3,146.83166389813528,3.329770563201687,30.70819111482666,0.7606056073988443,1.0,leptonic_bookkeeping,test,False,0.50562265163496,unassigned
389316,ggH,124.83570765056163,123.94966038564371,1,3,3,146.83166389813528,3.329770563201687,30.70819111482666,0.7606056073988443,1.0,leptonic_bookkeeping,validation,False,0.50562265163496,unassigned
912743,ggH,124.83570765056163,123.94966038564371,1,3,3,146.83166389813528,3.329770563201687,30.70819111482666,0.7606056073988443,1.0,leptonic_bookkeeping,train,False,0.50562265163496,unassigned
781822,ggH,124.83570765056163,123.94966038564371,1,3,3,146.83166389813528,3.329770563201687,30.70819111482666,0.7606056073988443,1.0,leptonic_bookkeeping,test,False,0.50562265163496,unassigned
82382,ggH,124.83570765056163,123.94966038564371,1,3,3,146.83166389813528,3.329770563201687,30.70819111482666,0.7606056073988443,1.0,leptonic_bookkeeping,test,False,0.50562265163496,unassigned
732160,ggH,124.83570765056163,123.94966038564371,1,3,3,146.83166389813528,3.329770563201687,30.70819111482666,0.7606056073988443,1.0,leptonic_bookkeeping,train,False,0.50562265163496,unassigned
526014,ggH,124.83570765056163,123.94966038564371,1,3,3,146.83166389813528,3.329770563201687,30.70819111482666,0.7606056073988443,1.0,leptonic_bookkeeping,train,False,0.50562265163496,unassigned
947083,ggH,124.83570765056163,123.94966038564371,1,3,3,146.83166389813528,3.329770563201687,30.70819111482666,0.7606056073988443,1.0,leptonic_bookkeeping,test,False,0.50562265163496,unassigned
760895,ggH,124.83570765056163,123.94966038564371,1,3,3,146.83166389813528,3.329770563201687,30.70819111482666,0.7606056073988443,1.0,leptonic_bookkeeping,test,False,0.50562265163496,unassigned
740541,ggH,124.83570765056163,123.94966038564371,1,3,3,146.83166389813528,3.329770563201687,30.70819111482666,0.7606056073988443,1.0,leptonic_bookkeeping,test,False,0.50562265163496,unassigned
228832,ggH,124.83570765056163,123.94966038564371,1,3,3,146.83166389813528,3.329770563201687,30.70819111482666,0.7606056073988443,1.0,leptonic_bookkeeping,train,False,0.50562265163496,unassigned
460938,ggH,124.83570765056163,123.94966038564371,1,3,3,146.83166389813528,3.329770563201687,30.70819111482666,0.7606056073988443,1.0,leptonic_bookkeeping,validation,False,0.50562265163496,unassigned
31931,ggH,124.83570765056163,123.94966038564371,1,3,3,146.83166389813528,3.329770563201687,30.70819111482666,0.7606056073988443,1.0,leptonic_bookkeeping,train,False,0.50562265163496,unassigned
945333,ggH,124.83570765056163,123.94966038564371,1,3,3,146.83166389813528,3.329770563201687,30.70819111482666,0.7606056073988443,1.0,leptonic_bookkeeping,validation,False,0.50562265163496,unassigned
808276,ggH,124.83570765056163,123.94966038564371,1,3,3,146.83166389813528,3.329770563201687,30.70819111482666,0.7606056073988443,1.0,leptonic_bookkeeping,train,False,0.50562265163496,unassigned
144077,ggH,124.83570765056163,123.94966038564371,1,3,3,146.83166389813528,3.329770563201687,30.70819111482666,0.7606056073988443,1.0,leptonic_bookkeeping,test,False,0.50562265163496,unassigned
51737,ggH,124.83570765056163,123.94966038564371,1,3,3,146.83166389813528,3.329770563201687,30.70819111482666,0.7606056073988443,1.0,leptonic_bookkeeping,train,False,0.50562265163496,unassigned
9794,ggH,124.83570765056163,123.94966038564371,1,3,3,146.83166389813528,3.329770563201687,30.70819111482666,0.7606056073988443,1.0,leptonic_bookkeeping,test,False,0.50562265163496,unassigned
526421,ggH,124.83570765056163,123.94966038564371,1,3,3,146.83166389813528,3.329770563201687,30.70819111482666,0.7606056073988443,1.0,leptonic_bookkeeping,train,False,0.50562265163496,unassigned
302941,ggH,124.83570765056163,123.94966038564371,1,3,3,146.83166389813528,3.329770563201687,30.70819111482666,0.7606056073988443,1.0,leptonic_bookkeeping,train,False,0.50562265163496,unassigned
429472,ggH,124.83570765056163,123.94966038564371,1,3,3,146.83166389813528,3.329770563201687,30.70819111482666,0.7606056073988443,1.0,leptonic_bookkeeping,validation,False,0.50562265163496,unassigned
383849,ggH,124.83570765056163,123.94966038564371,1,3,3,146.83166389813528,3.329770563201687,30.70819111482666,0.7606056073988443,1.0,leptonic_bookkeeping,train,False,0.50562265163496,unassigned
253996,ggH,124.83570765056163,123.94966038564371,1,3,3,146.83166389813528,3.329770563201687,30.70819111482666,0.7606056073988443,1.0,leptonic_bookkeeping,validation,False,0.50562265163496,unassigned
22226,ggH,124.83570765056163,123.94966038564371,1,3,3,146.83166389813528,3.329770563201687,30.70819111482666,0.7606056073988443,1.0,leptonic_bookkeeping,train,False,0.50562265163496,unassigned
984487,ggH,124.83570765056163,123.94966038564371,1,3,3,146.83166389813528,3.329770563201687,30.70819111482666,0.7606056073988443,1.0,leptonic_bookkeeping,train,False,0.50562265163496,unassigned
161438,ggH,124.83570765056163,123.94966038564371,1,3,3,146.83166389813528,3.329770563201687,30.70819111482666,0.7606056073988443,1.0,leptonic_bookkeeping,validation,False,0.50562265163496,unassigned
294536,ggH,124.83570765056163,123.94966038564371,1,3,3,146.83166389813528,3.329770563201687,30.70819111482666,0.7606056073988443,1.0,leptonic_bookkeeping,train,False,0.50562265163496,unassigned
791421,ggH,124.83570765056163,123.94966038564371,1,3,3,146.83166389813528,3.329770563201687,30.70819111482666,0.7606056073988443,1.0,leptonic_bookkeeping,validation,False,0.50562265163496,unassigned
908644,ggH,124.83570765056163,123.94966038564371,1,3,3,146.83166389813528,3.329770563201687,30.70819111482666,0.7606056073988443,1.0,leptonic_bookkeeping,train,False,0.50562265163496,unassigned
433985,ggH,124.83570765056163,123.94966038564371,1,3,3,146.83166389813528,3.329770563201687,30.70819111482666,0.7606056073988443,1.0,leptonic_bookkeeping,train,False,0.50562265163496,unassigned
238535,ggH,124.83570765056163,123.94966038564371,1,3,3,146.83166389813528,3.329770563201687,30.70819111482666,0.7606056073988443,1.0,leptonic_bookkeeping,train,False,0.50562265163496,unassigned
935347,ggH,124.83570765056163,123.94966038564371,1,3,3,146.83166389813528,3.329770563201687,30.70819111482666,0.7606056073988443,1.0,leptonic_bookkeeping,validation,False,0.50562265163496,unassigned
500035,ggH,124.83570765056163,123.94966038564371,1,3,3,146.83166389813528,3.329770563201687,30.70819111482666,0.7606056073988443,1.0,leptonic_bookkeeping,train,False,0.50562265163496,unassigned
735288,ggH,124.83570765056163,123.94966038564371,1,3,3,146.83166389813528,3.329770563201687,30.70819111482666,0.7606056073988443,1.0,leptonic_bookkeeping,train,False,0.50562265163496,unassigned
502134,ggH,124.83570765056163,123.94966038564371,1,3,3,146.83166389813528,3.329770563201687,30.70819111482666,0.7606056073988443,1.0,leptonic_bookkeeping,validation,False,0.50562265163496,unassigned
685781,ggH,124.83570765056163,123.94966038564371,1,3,3,146.83166389813528,3.329770563201687,30.70819111482666,0.7606056073988443,1.0,leptonic_bookkeeping,train,False,0.50562265163496,unassigned
34420,ggH,124.83570765056163,123.94966038564371,1,3,3,146.83166389813528,3.329770563201687,30.70819111482666,0.7606056073988443,1.0,leptonic_bookkeeping,train,False,0.50562265163496,unassigned
148379,ggH,124.83570765056163,123.94966038564371,1,3,3,146.83166389813528,3.329770563201687,30.70819111482666,0.7606056073988443,1.0,leptonic_bookkeeping,train,False,0.50562265163496,unassigned
848832,ggH,124.83570765056163,123.94966038564371,1,3,3,146.83166389813528,3.329770563201687,30.70819111482666,0.7606056073988443,1.0,leptonic_bookkeeping,train,False,0.50562265163496,unassigned
416097,ggH,124.83570765056163,123.94966038564371,1,3,3,146.83166389813528,3.329770563201687,30.70819111482666,0.7606056073988443,1.0,leptonic_bookkeeping,train,False,0.50562265163496,unassigned
326197,ggH,124.83570765056163,123.94966038564371,1,3,3,146.83166389813528,3.329770563201687,30.70819111482666,0.7606056073988443,1.0,leptonic_bookkeeping,validation,False,0.50562265163496,unassigned
975650,ggH,124.83570765056163,123.94966038564371,1,3,3,146.83166389813528,3.329770563201687,30.70819111482666,0.7606056073988443,1.0,leptonic_bookkeeping,validation,False,0.50562265163496,unassigned
864196,ggH,124.83570765056163,123.94966038564371,1,3,3,146.83166389813528,3.329770563201687,30.70819111482666,0.7606056073988443,1.0,leptonic_bookkeeping,test,False,0.50562265163496,unassigned
969541,ggH,124.83570765056163,123.94966038564371,1,3,3,146.83166389813528,3.329770563201687,30.70819111482666,0.7606056073988443,1.0,leptonic_bookkeeping,train,False,0.50562265163496,unassigned
838551,ggH,124.83570765056163,123.94966038564371,1,3,3,146.83166389813528,3.329770563201687,30.70819111482666,0.7606056073988443,1.0,leptonic_bookkeeping,train,False,0.50562265163496,unassigned
219845,ggH,124.83570765056163,123.94966038564371,1,3,3,146.83166389813528,3.329770563201687,30.70819111482666,0.7606056073988443,1.0,leptonic_bookkeeping,train,False,0.50562265163496,unassigned
939675,ggH,124.83570765056163,123.94966038564371,1,3,3,146.83166389813528,3.329770563201687,30.70819111482666,0.7606056073988443,1.0,leptonic_bookkeeping,train,False,0.50562265163496,unassigned
374570,ggH,124.83570765056163,123.94966038564371,1,3,3,146.83166389813528,3.329770563201687,30.70819111482666,0.7606056073988443,1.0,leptonic_bookkeeping,train,False,0.50562265163496,unassigned
235363,ggH,124.83570765056163,123.94966038564371,1,3,3,146.83166389813528,3.329770563201687,30.70819111482666,0.7606056073988443,1.0,leptonic_bookkeeping,test,False,0.50562265163496,unassigned
240728,ggH,124.83570765056163,123.94966038564371,1,3,3,146.83166389813528,3.329770563201687,30.70819111482666,0.7606056073988443,1.0,leptonic_bookkeeping,train,False,0.50562265163496,unassigned
595882,ggH,124.83570765056163,123.94966038564371,1,3,3,146.83166389813528,3.329770563201687,30.70819111482666,0.7606056073988443,1.0,leptonic_bookkeeping,test,False,0.50562265163496,unassigned
855106,ggH,124.83570765056163,123.94966038564371,1,3,3,146.83166389813528,3.329770563201687,30.70819111482666,0.7606056073988443,1.0,leptonic_bookkeeping,test,False,0.50562265163496,unassigned
162952,ggH,124.83570765056163,123.94966038564371,1,3,3,146.83166389813528,3.329770563201687,30.70819111482666,0.7606056073988443,1.0,leptonic_bookkeeping,test,False,0.50562265163496,unassigned
674344,ggH,124.83570765056163,123.94966038564371,1,3,3,146.83166389813528,3.329770563201687,30.70819111482666,0.7606056073988443,1.0,leptonic_bookkeeping,train,False,0.50562265163496,unassigned
819602,ggH,124.83570765056163,123.94966038564371,1,3,3,146.83166389813528,3.329770563201687,30.70819111482666,0.7606056073988443,1.0,leptonic_bookkeeping,train,False,0.50562265163496,unassigned
514326,ggH,124.83570765056163,123.94966038564371,1,3,3,146.83166389813528,3.329770563201687,30.70819111482666,0.7606056073988443,1.0,leptonic_bookkeeping,test,False,0.50562265163496,unassigned
164365,ggH,124.83570765056163,123.94966038564371,1,3,3,146.83166389813528,3.329770563201687,30.70819111482666,0.7606056073988443,1.0,leptonic_bookkeeping,test,False,0.50562265163496,unassigned
477049,ggH,124.83570765056163,123.94966038564371,1,3,3,146.83166389813528,3.329770563201687,30.70819111482666,0.7606056073988443,1.0,leptonic_bookkeeping,train,False,0.50562265163496,unassigned
13452,ggH,124.83570765056163,123.94966038564371,1,3,3,146.83166389813528,3.329770563201687,30.70819111482666,0.7606056073988443,1.0,leptonic_bookkeeping,train,False,0.50562265163496,unassigned
157267,ggH,124.83570765056163,123.94966038564371,1,3,3,146.83166389813528,3.329770563201687,30.70819111482666,0.7606056073988443,1.0,leptonic_bookkeeping,train,False,0.50562265163496,unassigned
695486,ggH,124.83570765056163,123.94966038564371,1,3,3,146.83166389813528,3.329770563201687,30.70819111482666,0.7606056073988443,1.0,leptonic_bookkeeping,train,False,0.50562265163496,unassigned
21963,ggH,124.83570765056163,123.94966038564371,1,3,3,146.83166389813528,3.329770563201687,30.70819111482666,0.7606056073988443,1.0,leptonic_bookkeeping,train,False,0.50562265163496,unassigned
769376,ggH,124.83570765056163,123.94966038564371,1,3,3,146.83166389813528,3.329770563201687,30.70819111482666,0.7606056073988443,1.0,leptonic_bookkeeping,validation,False,0.50562265163496,unassigned
692452,ggH,124.83570765056163,123.94966038564371,1,3,3,146.83166389813528,3.329770563201687,30.70819111482666,0.7606056073988443,1.0,leptonic_bookkeeping,train,False,0.50562265163496,unassigned
575765,ggH,124.83570765056163,123.94966038564371,1,3,3,146.83166389813528,3.329770563201687,30.70819111482666,0.7606056073988443,1.0,leptonic_bookkeeping,test,False,0.50562265163496,unassigned
750754,ggH,124.83570765056163,123.94966038564371,1,3,3,146.83166389813528,3.329770563201687,30.70819111482666,0.7606056073988443,1.0,leptonic_bookkeeping,test,False,0.50562265163496,unassigned
651571,ggH,124.83570765056163,123.94966038564371,1,3,3,146.83166389813528,3.329770563201687,30.70819111482666,0.7606056073988443,1.0,leptonic_bookkeeping,train,False,0.50562265163496,unassigned
584353,ggH,124.83570765056163,123.94966038564371,1,3,3,146.83166389813528,3.329770563201687,30.70819111482666,0.7606056073988443,1.0,leptonic_bookkeeping,validation,False,0.50562265163496,unassigned
295300,ggH,124.83570765056163,123.94966038564371,1,3,3,146.83166389813528,3.329770563201687,30.70819111482666,0.7606056073988443,1.0,leptonic_bookkeeping,validation,False,0.50562265163496,unassigned
526470,ggH,124.83570765056163,123.94966038564371,1,3,3,146.83166389813528,3.329770563201687,30.70819111482666,0.7606056073988443,1.0,leptonic_bookkeeping,train,False,0.50562265163496,unassigned
425993,ggH,124.83570765056163,123.94966038564371,1,3,3,146.83166389813528,3.329770563201687,30.70819111482666,0.7606056073988443,1.0,leptonic_bookkeeping,train,False,0.50562265163496,unassigned
139677,ggH,124.83570765056163,123.94966038564371,1,3,3,146.83166389813528,3.329770563201687,30.70819111482666,0.7606056073988443,1.0,leptonic_bookkeeping,train,False,0.50562265163496,unassigned
388606,ggH,124.83570765056163,123.94966038564371,1,3,3,146.83166389813528,3.329770563201687,30.70819111482666,0.7606056073988443,1.0,leptonic_bookkeeping,validation,False,0.50562265163496,unassigned
45574,ggH,124.83570765056163,123.94966038564371,1,3,3,146.83166389813528,3.329770563201687,30.70819111482666,0.7606056073988443,1.0,leptonic_bookkeeping,train,False,0.50562265163496,unassigned
836067,ggH,124.83570765056163,123.94966038564371,1,3,3,146.83166389813528,3.329770563201687,30.70819111482666,0.7606056073988443,1.0,leptonic_bookkeeping,train,False,0.50562265163496,unassigned
308334,ggH,124.83570765056163,123.94966038564371,1,3,3,146.83166389813528,3.329770563201687,30.70819111482666,0.7606056073988443,1.0,leptonic_bookkeeping,test,False,0.50562265163496,unassigned
505696,ggH,124.83570765056163,123.94966038564371,1,3,3,146.83166389813528,3.329770563201687,30.70819111482666,0.7606056073988443,1.0,leptonic_bookkeeping,train,False,0.50562265163496,unassigned
709708,ggH,124.83570765056163,123.94966038564371,1,3,3,146.83166389813528,3.329770563201687,30.70819111482666,0.7606056073988443,1.0,leptonic_bookkeeping,test,False,0.50562265163496,unassigned
96347,ggH,124.83570765056163,123.94966038564371,1,3,3,146.83166389813528,3.329770563201687,30.70819111482666,0.7606056073988443,1.0,leptonic_bookkeeping,train,False,0.50562265163496,unassigned
189497,ggH,124.83570765056163,123.94966038564371,1,3,3,146.83166389813528,3.329770563201687,30.70819111482666,0.7606056073988443,1.0,leptonic_bookkeeping,train,False,0.50562265163496,unassigned
819469,ggH,124.83570765056163,123.94966038564371,1,3,3,146.83166389813528,3.329770563201687,30.70819111482666,0.7606056073988443,1.0,leptonic_bookkeeping,train,False,0.50562265163496,unassigned
78188,ggH,124.83570765056163,123.94966038564371,1,3,3,146.83166389813528,3.329770563201687,30.70819111482666,0.7606056073988443,1.0,leptonic_bookkeeping,train,False,0.50562265163496,unassigned
123676,ggH,124.83570765056163,123.94966038564371,1,3,3,146.83166389813528,3.329770563201687,30.70819111482666,0.7606056073988443,1.0,leptonic_bookkeeping,test,False,0.50562265163496,unassigned
235345,ggH,124.83570765056163,123.94966038564371,1,3,3,146.83166389813528,3.329770563201687,30.70819111482666,0.7606056073988443,1.0,leptonic_bookkeeping,test,False,0.50562265163496,unassigned
641007,ggH,124.83570765056163,123.94966038564371,1,3,3,146.83166389813528,3.329770563201687,30.70819111482666,0.7606056073988443,1.0,leptonic_bookkeeping,train,False,0.50562265163496,unassigned
327589,ggH,124.83570765056163,123.94966038564371,1,3,3,146.83166389813528,3.329770563201687,30.70819111482666,0.7606056073988443,1.0,leptonic_bookkeeping,validation,False,0.50562265163496,unassigned
741232,ggH,124.83570765056163,123.94966038564371,1,3,3,146.83166389813528,3.329770563201687,30.70819111482666,0.7606056073988443,1.0,leptonic_bookkeeping,test,False,0.50562265163496,unassigned
124098,ggH,124.83570765056163,123.94966038564371,1,3,3,146.83166389813528,3.329770563201687,30.70819111482666,0.7606056073988443,1.0,leptonic_bookkeeping,train,False,0.50562265163496,unassigned
85202,ggH,124.83570765056163,123.94966038564371,1,3,3,146.83166389813528,3.329770563201687,30.70819111482666,0.7606056073988443,1.0,leptonic_bookkeeping,train,False,0.50562265163496,unassigned
137721,ggH,124.83570765056163,123.94966038564371,1,3,3,146.83166389813528,3.329770563201687,30.70819111482666,0.7606056073988443,1.0,leptonic_bookkeeping,train,False,0.50562265163496,unassigned
657213,ggH,124.83570765056163,123.94966038564371,1,3,3,146.83166389813528,3.329770563201687,30.70819111482666,0.7606056073988443,1.0,leptonic_bookkeeping,validation,False,0.50562265163496,unassigned
457053,ggH,124.83570765056163,123.94966038564371,1,3,3,146.83166389813528,3.329770563201687,30.70819111482666,0.7606056073988443,1.0,leptonic_bookkeeping,train,False,0.50562265163496,unassigned
217665,ggH,124.83570765056163,123.94966038564371,1,3,3,146.83166389813528,3.329770563201687,30.70819111482666,0.7606056073988443,1.0,leptonic_bookkeeping,train,False,0.50562265163496,unassigned
573486,ggH,124.83570765056163,123.94966038564371,1,3,3,146.83166389813528,3.329770563201687,30.70819111482666,0.7606056073988443,1.0,leptonic_bookkeeping,validation,False,0.50562265163496,unassigned
294627,ggH,124.83570765056163,123.94966038564371,1,3,3,146.83166389813528,3.329770563201687,30.70819111482666,0.7606056073988443,1.0,leptonic_bookkeeping,train,False,0.50562265163496,unassigned
872714,ggH,124.83570765056163,123.94966038564371,1,3,3,146.83166389813528,3.329770563201687,30.70819111482666,0.7606056073988443,1.0,leptonic_bookkeeping,validation,False,0.50562265163496,unassigned
658196,ggH,124.83570765056163,123.94966038564371,1,3,3,146.83166389813528,3.329770563201687,30.70819111482666,0.7606056073988443,1.0,leptonic_bookkeeping,test,False,0.50562265163496,unassigned
391611,ggH,124.83570765056163,123.94966038564371,1,3,3,146.83166389813528,3.329770563201687,30.70819111482666,0.7606056073988443,1.0,leptonic_bookkeeping,test,False,0.50562265163496,unassigned
448903,ggH,124.83570765056163,123.94966038564371,1,3,3,146.83166389813528,3.329770563201687,30.70819111482666,0.7606056073988443,1.0,leptonic_bookkeeping,train,False,0.50562265163496,unassigned
494049,ggH,124.83570765056163,123.94966038564371,1,3,3,146.83166389813528,3.329770563201687,30.70819111482666,0.7606056073988443,1.0,leptonic_bookkeeping,test,False,0.50562265163496,unassigned
981247,ggH,124.83570765056163,123.94966038564371,1,3,3,146.83166389813528,3.329770563201687,30.70819111482666,0.7606056073988443,1.0,leptonic_bookkeeping,train,False,0.50562265163496,unassigned
926858,ggH,124.83570765056163,123.94966038564371,1,3,3,146.83166389813528,3.329770563201687,30.70819111482666,0.7606056073988443,1.0,leptonic_bookkeeping,test,False,0.50562265163496,unassigned
18901,ggH,124.83570765056163,123.94966038564371,1,3,3,146.83166389813528,3.329770563201687,30.70819111482666,0.7606056073988443,1.0,leptonic_bookkeeping,test,False,0.50562265163496,unassigned
976943,ggH,124.83570765056163,123.94966038564371,1,3,3,146.83166389813528,3.329770563201687,30.70819111482666,0.7606056073988443,1.0,leptonic_bookkeeping,validation,False,0.50562265163496,unassigned
269630,ggH,124.83570765056163,123.94966038564371,1,3,3,146.83166389813528,3.329770563201687,30.70819111482666,0.7606056073988443,1.0,leptonic_bookkeeping,train,False,0.50562265163496,unassigned
131737,ggH,124.83570765056163,123.94966038564371,1,3,3,146.83166389813528,3.329770563201687,30.70819111482666,0.7606056073988443,1.0,leptonic_bookkeeping,validation,False,0.50562265163496,unassigned
821055,ggH,124.83570765056163,123.94966038564371,1,3,3,146.83166389813528,3.329770563201687,30.70819111482666,0.7606056073988443,1.0,leptonic_bookkeeping,validation,False,0.50562265163496,unassigned
155664,ggH,124.83570765056163,123.94966038564371,1,3,3,146.83166389813528,3.329770563201687,30.70819111482666,0.7606056073988443,1.0,leptonic_bookkeeping,train,False,0.50562265163496,unassigned
275763,ggH,124.83570765056163,123.94966038564371,1,3,3,146.83166389813528,3.329770563201687,30.70819111482666,0.7606056073988443,1.0,leptonic_bookkeeping,validation,False,0.50562265163496,unassigned
615122,ggH,124.83570765056163,123.94966038564371,1,3,3,146.83166389813528,3.329770563201687,30.70819111482666,0.7606056073988443,1.0,leptonic_bookkeeping,validation,False,0.50562265163496,unassigned
674404,ggH,124.83570765056163,123.94966038564371,1,3,3,146.83166389813528,3.329770563201687,30.70819111482666,0.7606056073988443,1.0,leptonic_bookkeeping,train,False,0.50562265163496,unassigned
930406,ggH,124.83570765056163,123.94966038564371,1,3,3,146.83166389813528,3.329770563201687,30.70819111482666,0.7606056073988443,1.0,leptonic_bookkeeping,train,False,0.50562265163496,unassigned
157956,ggH,124.83570765056163,123.94966038564371,1,3,3,146.83166389813528,3.329770563201687,30.70819111482666,0.7606056073988443,1.0,leptonic_bookkeeping,train,False,0.50562265163496,unassigned
638682,ggH,124.83570765056163,123.94966038564371,1,3,3,146.83166389813528,3.329770563201687,30.70819111482666,0.7606056073988443,1.0,leptonic_bookkeeping,test,False,0.50562265163496,unassigned
965190,ggH,124.83570765056163,123.94966038564371,1,3,3,146.83166389813528,3.329770563201687,30.70819111482666,0.7606056073988443,1.0,leptonic_bookkeeping,validation,False,0.50562265163496,unassigned
713047,ggH,124.83570765056163,123.94966038564371,1,3,3,146.83166389813528,3.329770563201687,30.70819111482666,0.7606056073988443,1.0,leptonic_bookkeeping,train,False,0.50562265163496,unassigned
252511,ggH,124.83570765056163,123.94966038564371,1,3,3,146.83166389813528,3.329770563201687,30.70819111482666,0.7606056073988443,1.0,leptonic_bookkeeping,train,False,0.50562265163496,unassigned
904578,ggH,124.83570765056163,123.94966038564371,1,3,3,146.83166389813528,3.329770563201687,30.70819111482666,0.7606056073988443,1.0,leptonic_bookkeeping,validation,False,0.50562265163496,unassigned
514550,ggH,124.83570765056163,123.94966038564371,1,3,3,146.83166389813528,3.329770563201687,30.70819111482666,0.7606056073988443,1.0,leptonic_bookkeeping,test,False,0.50562265163496,unassigned
270854,ggH,124.83570765056163,123.94966038564371,1,3,3,146.83166389813528,3.329770563201687,30.70819111482666,0.7606056073988443,1.0,leptonic_bookkeeping,train,False,0.50562265163496,unassigned
738091,ggH,124.83570765056163,123.94966038564371,1,3,3,146.83166389813528,3.329770563201687,30.70819111482666,0.7606056073988443,1.0,leptonic_bookkeeping,train,False,0.50562265163496,unassigned
51172,ggH,124.83570765056163,123.94966038564371,1,3,3,146.83166389813528,3.329770563201687,30.70819111482666,0.7606056073988443,1.0,leptonic_bookkeeping,test,False,0.50562265163496,unassigned
230516,ggH,124.83570765056163,123.94966038564371,1,3,3,146.83166389813528,3.329770563201687,30.70819111482666,0.7606056073988443,1.0,leptonic_bookkeeping,train,False,0.50562265163496,unassigned
549525,ggH,124.83570765056163,123.94966038564371,1,3,3,146.83166389813528,3.329770563201687,30.70819111482666,0.7606056073988443,1.0,leptonic_bookkeeping,train,False,0.50562265163496,unassigned
887682,ggH,124.83570765056163,123.94966038564371,1,3,3,146.83166389813528,3.329770563201687,30.70819111482666,0.7606056073988443,1.0,leptonic_bookkeeping,train,False,0.50562265163496,unassigned
840531,ggH,124.83570765056163,123.94966038564371,1,3,3,146.83166389813528,3.329770563201687,30.70819111482666,0.7606056073988443,1.0,leptonic_bookkeeping,train,False,0.50562265163496,unassigned
411045,ggH,124.83570765056163,123.94966038564371,1,3,3,146.83166389813528,3.329770563201687,30.70819111482666,0.7606056073988443,1.0,leptonic_bookkeeping,test,False,0.50562265163496,unassigned
861635,ggH,124.83570765056163,123.94966038564371,1,3,3,146.83166389813528,3.329770563201687,30.70819111482666,0.7606056073988443,1.0,leptonic_bookkeeping,train,False,0.50562265163496,unassigned
898035,ggH,124.83570765056163,123.94966038564371,1,3,3,146.83166389813528,3.329770563201687,30.70819111482666,0.7606056073988443,1.0,leptonic_bookkeeping,train,False,0.50562265163496,unassigned
193424,ggH,124.83570765056163,123.94966038564371,1,3,3,146.83166389813528,3.329770563201687,30.70819111482666,0.7606056073988443,1.0,leptonic_bookkeeping,validation,False,0.50562265163496,unassigned
647891,ggH,124.83570765056163,123.94966038564371,1,3,3,146.83166389813528,3.329770563201687,30.70819111482666,0.7606056073988443,1.0,leptonic_bookkeeping,test,False,0.50562265163496,unassigned
757909,ggH,124.83570765056163,123.94966038564371,1,3,3,146.83166389813528,3.329770563201687,30.70819111482666,0.7606056073988443,1.0,leptonic_bookkeeping,train,False,0.50562265163496,unassigned
476167,ggH,124.83570765056163,123.94966038564371,1,3,3,146.83166389813528,3.329770563201687,30.70819111482666,0.7606056073988443,1.0,leptonic_bookkeeping,train,False,0.50562265163496,unassigned
378369,ggH,124.83570765056163,123.94966038564371,1,3,3,146.83166389813528,3.329770563201687,30.70819111482666,0.7606056073988443,1.0,leptonic_bookkeeping,validation,False,0.50562265163496,unassigned
215693,ggH,124.83570765056163,123.94966038564371,1,3,3,146.83166389813528,3.329770563201687,30.70819111482666,0.7606056073988443,1.0,leptonic_bookkeeping,test,False,0.50562265163496,unassigned
452574,ggH,124.83570765056163,123.94966038564371,1,3,3,146.83166389813528,3.329770563201687,30.70819111482666,0.7606056073988443,1.0,leptonic_bookkeeping,test,False,0.50562265163496,unassigned
599208,ggH,124.83570765056163,123.94966038564371,1,3,3,146.83166389813528,3.329770563201687,30.70819111482666,0.7606056073988443,1.0,leptonic_bookkeeping,train,False,0.50562265163496,unassigned
354821,ggH,124.83570765056163,123.94966038564371,1,3,3,146.83166389813528,3.329770563201687,30.70819111482666,0.7606056073988443,1.0,leptonic_bookkeeping,train,False,0.50562265163496,unassigned
432284,ggH,124.83570765056163,123.94966038564371,1,3,3,146.83166389813528,3.329770563201687,30.70819111482666,0.7606056073988443,1.0,leptonic_bookkeeping,test,False,0.50562265163496,unassigned
271662,ggH,124.83570765056163,123.94966038564371,1,3,3,146.83166389813528,3.329770563201687,30.70819111482666,0.7606056073988443,1.0,leptonic_bookkeeping,train,False,0.50562265163496,unassigned
762029,ggH,124.83570765056163,123.94966038564371,1,3,3,146.83166389813528,3.329770563201687,30.70819111482666,0.7606056073988443,1.0,leptonic_bookkeeping,test,False,0.50562265163496,unassigned
530667,ggH,124.83570765056163,123.94966038564371,1,3,3,146.83166389813528,3.329770563201687,30.70819111482666,0.7606056073988443,1.0,leptonic_bookkeeping,train,False,0.50562265163496,unassigned
643028,ggH,124.83570765056163,123.94966038564371,1,3,3,146.83166389813528,3.329770563201687,30.70819111482666,0.7606056073988443,1.0,leptonic_bookkeeping,train,False,0.50562265163496,unassigned
429642,ggH,124.83570765056163,123.94966038564371,1,3,3,146.83166389813528,3.329770563201687,30.70819111482666,0.7606056073988443,1.0,leptonic_bookkeeping,validation,False,0.50562265163496,unassigned
754216,ggH,124.83570765056163,123.94966038564371,1,3,3,146.83166389813528,3.329770563201687,30.70819111482666,0.7606056073988443,1.0,leptonic_bookkeeping,train,False,0.50562265163496,unassigned
199093,ggH,124.83570765056163,123.94966038564371,1,3,3,146.83166389813528,3.329770563201687,30.70819111482666,0.7606056073988443,1.0,leptonic_bookkeeping,train,False,0.50562265163496,unassigned
26015,ggH,124.83570765056163,123.94966038564371,1,3,3,146.83166389813528,3.329770563201687,30.70819111482666,0.7606056073988443,1.0,leptonic_bookkeeping,train,False,0.50562265163496,unassigned
949035,ggH,124.83570765056163,123.94966038564371,1,3,3,146.83166389813528,3.329770563201687,30.70819111482666,0.7606056073988443,1.0,leptonic_bookkeeping,train,False,0.50562265163496,unassigned
582137,ggH,124.83570765056163,123.94966038564371,1,3,3,146.83166389813528,3.329770563201687,30.70819111482666,0.7606056073988443,1.0,leptonic_bookkeeping,train,False,0.50562265163496,unassigned
651743,ggH,124.83570765056163,123.94966038564371,1,3,3,146.83166389813528,3.329770563201687,30.70819111482666,0.7606056073988443,1.0,leptonic_bookkeeping,train,False,0.50562265163496,unassigned
360349,ggH,124.83570765056163,123.94966038564371,1,3,3,146.83166389813528,3.329770563201687,30.70819111482666,0.7606056073988443,1.0,leptonic_bookkeeping,test,False,0.50562265163496,unassigned
303980,ggH,124.83570765056163,123.94966038564371,1,3,3,146.83166389813528,3.329770563201687,30.70819111482666,0.7606056073988443,1.0,leptonic_bookkeeping,train,False,0.50562265163496,unassigned
280531,ggH,124.83570765056163,123.94966038564371,1,3,3,146.83166389813528,3.329770563201687,30.70819111482666,0.7606056073988443,1.0,leptonic_bookkeeping,train,False,0.50562265163496,unassigned
747451,ggH,124.83570765056163,123.94966038564371,1,3,3,146.83166389813528,3.329770563201687,30.70819111482666,0.7606056073988443,1.0,leptonic_bookkeeping,train,False,0.50562265163496,unassigned
882,ggH,124.83570765056163,123.94966038564371,1,3,3,146.83166389813528,3.329770563201687,30.70819111482666,0.7606056073988443,1.0,leptonic_bookkeeping,train,False,0.50562265163496,unassigned
197125,ggH,124.83570765056163,123.94966038564371,1,3,3,146.83166389813528,3.329770563201687,30.70819111482666,0.7606056073988443,1.0,leptonic_bookkeeping,train,False,0.50562265163496,unassigned
863008,ggH,124.83570765056163,123.94966038564371,1,3,3,146.83166389813528,3.329770563201687,30.70819111482666,0.7606056073988443,1.0,leptonic_bookkeeping,validation,False,0.50562265163496,unassigned
687185,ggH,124.83570765056163,123.94966038564371,1,3,3,146.83166389813528,3.329770563201687,30.70819111482666,0.7606056073988443,1.0,leptonic_bookkeeping,validation,False,0.50562265163496,unassigned
375570,ggH,124.83570765056163,123.94966038564371,1,3,3,146.83166389813528,3.329770563201687,30.70819111482666,0.7606056073988443,1.0,leptonic_bookkeeping,train,False,0.50562265163496,unassigned
594880,ggH,124.83570765056163,123.94966038564371,1,3,3,146.83166389813528,3.329770563201687,30.70819111482666,0.7606056073988443,1.0,leptonic_bookkeeping,validation,False,0.50562265163496,unassigned
850589,ggH,124.83570765056163,123.94966038564371,1,3,3,146.83166389813528,3.329770563201687,30.70819111482666,0.7606056073988443,1.0,leptonic_bookkeeping,train,False,0.50562265163496,unassigned
748232,ggH,124.83570765056163,123.94966038564371,1,3,3,146.83166389813528,3.329770563201687,30.70819111482666,0.7606056073988443,1.0,leptonic_bookkeeping,train,False,0.50562265163496,unassigned
577714,ggH,124.83570765056163,123.94966038564371,1,3,3,146.83166389813528,3.329770563201687,30.70819111482666,0.7606056073988443,1.0,leptonic_bookkeeping,train,False,0.50562265163496,unassigned
768718,ggH,124.83570765056163,123.94966038564371,1,3,3,146.83166389813528,3.329770563201687,30.70819111482666,0.7606056073988443,1.0,leptonic_bookkeeping,train,False,0.50562265163496,unassigned
802896,ggH,124.83570765056163,123.94966038564371,1,3,3,146.83166389813528,3.329770563201687,30.70819111482666,0.7606056073988443,1.0,leptonic_bookkeeping,test,False,0.50562265163496,unassigned
770962,ggH,124.83570765056163,123.94966038564371,1,3,3,146.83166389813528,3.329770563201687,30.70819111482666,0.7606056073988443,1.0,leptonic_bookkeeping,validation,False,0.50562265163496,unassigned
761622,ggH,124.83570765056163,123.94966038564371,1,3,3,146.83166389813528,3.329770563201687,30.70819111482666,0.7606056073988443,1.0,leptonic_bookkeeping,test,False,0.50562265163496,unassigned
826586,ggH,124.83570765056163,123.94966038564371,1,3,3,146.83166389813528,3.329770563201687,30.70819111482666,0.7606056073988443,1.0,leptonic_bookkeeping,train,False,0.50562265163496,unassigned
779654,ggH,124.83570765056163,123.94966038564371,1,3,3,146.83166389813528,3.329770563201687,30.70819111482666,0.7606056073988443,1.0,leptonic_bookkeeping,validation,False,0.50562265163496,unassigned
352464,ggH,124.83570765056163,123.94966038564371,1,3,3,146.83166389813528,3.329770563201687,30.70819111482666,0.7606056073988443,1.0,leptonic_bookkeeping,train,False,0.50562265163496,unassigned
439178,ggH,124.83570765056163,123.94966038564371,1,3,3,146.83166389813528,3.329770563201687,30.70819111482666,0.7606056073988443,1.0,leptonic_bookkeeping,validation,False,0.50562265163496,unassigned
792192,ggH,124.83570765056163,123.94966038564371,1,3,3,146.83166389813528,3.329770563201687,30.70819111482666,0.7606056073988443,1.0,leptonic_bookkeeping,test,False,0.50562265163496,unassigned
927295,ggH,124.83570765056163,123.94966038564371,1,3,3,146.83166389813528,3.329770563201687,30.70819111482666,0.7606056073988443,1.0,leptonic_bookkeeping,test,False,0.50562265163496,unassigned
686825,ggH,124.83570765056163,123.94966038564371,1,3,3,146.83166389813528,3.329770563201687,30.70819111482666,0.7606056073988443,1.0,leptonic_bookkeeping,validation,False,0.50562265163496,unassigned
825977,ggH,124.83570765056163,123.94966038564371,1,3,3,146.83166389813528,3.329770563201687,30.70819111482666,0.7606056073988443,1.0,leptonic_bookkeeping,train,False,0.50562265163496,unassigned
841263,ggH,124.83570765056163,123.94966038564371,1,3,3,146.83166389813528,3.329770563201687,30.70819111482666,0.7606056073988443,1.0,leptonic_bookkeeping,validation,False,0.50562265163496,unassigned
246750,ggH,124.83570765056163,123.94966038564371,1,3,3,146.83166389813528,3.329770563201687,30.70819111482666,0.7606056073988443,1.0,leptonic_bookkeeping,test,False,0.50562265163496,unassigned
493713,ggH,124.83570765056163,123.94966038564371,1,3,3,146.83166389813528,3.329770563201687,30.70819111482666,0.7606056073988443,1.0,leptonic_bookkeeping,test,False,0.50562265163496,unassigned
157906,ggH,124.83570765056163,123.94966038564371,1,3,3,146.83166389813528,3.329770563201687,30.70819111482666,0.7606056073988443,1.0,leptonic_bookkeeping,train,False,0.50562265163496,unassigned
906821,ggH,124.83570765056163,123.94966038564371,1,3,3,146.83166389813528,3.329770563201687,30.70819111482666,0.7606056073988443,1.0,leptonic_bookkeeping,test,False,0.50562265163496,unassigned
172831,ggH,124.83570765056163,123.94966038564371,1,3,3,146.83166389813528,3.329770563201687,30.70819111482666,0.7606056073988443,1.0,leptonic_bookkeeping,validation,False,0.50562265163496,unassigned
35817,ggH,124.83570765056163,123.94966038564371,1,3,3,146.83166389813528,3.329770563201687,30.70819111482666,0.7606056073988443,1.0,leptonic_bookkeeping,train,False,0.50562265163496,unassigned
850275,ggH,124.83570765056163,123.94966038564371,1,3,3,146.83166389813528,3.329770563201687,30.70819111482666,0.7606056073988443,1.0,leptonic_bookkeeping,train,False,0.50562265163496,unassigned
226944,ggH,124.83570765056163,123.94966038564371,1,3,3,146.83166389813528,3.329770563201687,30.70819111482666,0.7606056073988443,1.0,leptonic_bookkeeping,train,False,0.50562265163496,unassigned
755662,ggH,124.83570765056163,123.94966038564371,1,3,3,146.83166389813528,3.329770563201687,30.70819111482666,0.7606056073988443,1.0,leptonic_bookkeeping,train,False,0.50562265163496,unassigned
307549,ggH,124.83570765056163,123.94966038564371,1,3,3,146.83166389813528,3.329770563201687,30.70819111482666,0.7606056073988443,1.0,leptonic_bookkeeping,test,False,0.50562265163496,unassigned
23293,ggH,124.83570765056163,123.94966038564371,1,3,3,146.83166389813528,3.329770563201687,30.70819111482666,0.7606056073988443,1.0,leptonic_bookkeeping,train,False,0.50562265163496,unassigned
840798,ggH,124.83570765056163,123.94966038564371,1,3,3,146.83166389813528,3.329770563201687,30.70819111482666,0.7606056073988443,1.0,leptonic_bookkeeping,train,False,0.50562265163496,unassigned
192249,ggH,124.83570765056163,123.94966038564371,1,3,3,146.83166389813528,3.329770563201687,30.70819111482666,0.7606056073988443,1.0,leptonic_bookkeeping,validation,False,0.50562265163496,unassigned
394662,ggH,124.83570765056163,123.94966038564371,1,3,3,146.83166389813528,3.329770563201687,30.70819111482666,0.7606056073988443,1.0,leptonic_bookkeeping,train,False,0.50562265163496,unassigned
18038,ggH,124.83570765056163,123.94966038564371,1,3,3,146.83166389813528,3.329770563201687,30.70819111482666,0.7606056073988443,1.0,leptonic_bookkeeping,validation,False,0.50562265163496,unassigned
747586,ggH,124.83570765056163,123.94966038564371,1,3,3,146.83166389813528,3.329770563201687,30.70819111482666,0.7606056073988443,1.0,leptonic_bookkeeping,train,False,0.50562265163496,unassigned
993921,ggH,124.83570765056163,123.94966038564371,1,3,3,146.83166389813528,3.329770563201687,30.70819111482666,0.7606056073988443,1.0,leptonic_bookkeeping,train,False,0.50562265163496,unassigned
746169,ggH,124.83570765056163,123.94966038564371,1,3,3,146.83166389813528,3.329770563201687,30.70819111482666,0.7606056073988443,1.0,leptonic_bookkeeping,train,False,0.50562265163496,unassigned
644651,ggH,124.83570765056163,123.94966038564371,1,3,3,146.83166389813528,3.329770563201687,30.70819111482666,0.7606056073988443,1.0,leptonic_bookkeeping,train,False,0.50562265163496,unassigned
845406,ggH,124.83570765056163,123.94966038564371,1,3,3,146.83166389813528,3.329770563201687,30.70819111482666,0.7606056073988443,1.0,leptonic_bookkeeping,train,False,0.50562265163496,unassigned
988797,ggH,124.83570765056163,123.94966038564371,1,3,3,146.83166389813528,3.329770563201687,30.70819111482666,0.7606056073988443,1.0,leptonic_bookkeeping,test,False,0.50562265163496,unassigned
43654,ggH,124.83570765056163,123.94966038564371,1,3,3,146.83166389813528,3.329770563201687,30.70819111482666,0.7606056073988443,1.0,leptonic_bookkeeping,train,False,0.50562265163496,unassigned
121341,ggH,124.83570765056163,123.94966038564371,1,3,3,146.83166389813528,3.329770563201687,30.70819111482666,0.7606056073988443,1.0,leptonic_bookkeeping,validation,False,0.50562265163496,unassigned
888349,ggH,124.83570765056163,123.94966038564371,1,3,3,146.83166389813528,3.329770563201687,30.70819111482666,0.7606056073988443,1.0,leptonic_bookkeeping,train,False,0.50562265163496,unassigned
92795,ggH,124.83570765056163,123.94966038564371,1,3,3,146.83166389813528,3.329770563201687,30.70819111482666,0.7606056073988443,1.0,leptonic_bookkeeping,train,False,0.50562265163496,unassigned
449120,ggH,124.83570765056163,123.94966038564371,1,3,3,146.83166389813528,3.329770563201687,30.70819111482666,0.7606056073988443,1.0,leptonic_bookkeeping,train,False,0.50562265163496,unassigned
937343,ggH,124.83570765056163,123.94966038564371,1,3,3,146.83166389813528,3.329770563201687,30.70819111482666,0.7606056073988443,1.0,leptonic_bookkeeping,test,False,0.50562265163496,unassigned
248790,ggH,124.83570765056163,123.94966038564371,1,3,3,146.83166389813528,3.329770563201687,30.70819111482666,0.7606056073988443,1.0,leptonic_bookkeeping,train,False,0.50562265163496,unassigned
629932,ggH,124.83570765056163,123.94966038564371,1,3,3,146.83166389813528,3.329770563201687,30.70819111482666,0.7606056073988443,1.0,leptonic_bookkeeping,train,False,0.50562265163496,unassigned
722118,ggH,124.83570765056163,123.94966038564371,1,3,3,146.83166389813528,3.329770563201687,30.70819111482666,0.7606056073988443,1.0,leptonic_bookkeeping,train,False,0.50562265163496,unassigned
375534,ggH,124.83570765056163,123.94966038564371,1,3,3,146.83166389813528,3.329770563201687,30.70819111482666,0.7606056073988443,1.0,leptonic_bookkeeping,train,False,0.50562265163496,unassigned
510497,ggH,124.83570765056163,123.94966038564371,1,3,3,146.83166389813528,3.329770563201687,30.70819111482666,0.7606056073988443,1.0,leptonic_bookkeeping,train,False,0.50562265163496,unassigned
952239,ggH,124.83570765056163,123.94966038564371,1,3,3,146.83166389813528,3.329770563201687,30.70819111482666,0.7606056073988443,1.0,leptonic_bookkeeping,train,False,0.50562265163496,unassigned
592737,ggH,124.83570765056163,123.94966038564371,1,3,3,146.83166389813528,3.329770563201687,30.70819111482666,0.7606056073988443,1.0,leptonic_bookkeeping,train,False,0.50562265163496,unassigned
325883,ggH,124.83570765056163,123.94966038564371,1,3,3,146.83166389813528,3.329770563201687,30.70819111482666,0.7606056073988443,1.0,leptonic_bookkeeping,validation,False,0.50562265163496,unassigned
581771,ggH,124.83570765056163,123.94966038564371,1,3,3,146.83166389813528,3.329770563201687,30.70819111482666,0.7606056073988443,1.0,leptonic_bookkeeping,train,False,0.50562265163496,unassigned
136301,ggH,124.83570765056163,123.94966038564371,1,3,3,146.83166389813528,3.329770563201687,30.70819111482666,0.7606056073988443,1.0,leptonic_bookkeeping,train,False,0.50562265163496,unassigned
995684,ggH,124.83570765056163,123.94966038564371,1,3,3,146.83166389813528,3.329770563201687,30.70819111482666,0.7606056073988443,1.0,leptonic_bookkeeping,train,False,0.50562265163496,unassigned
87139,ggH,124.83570765056163,123.94966038564371,1,3,3,146.83166389813528,3.329770563201687,30.70819111482666,0.7606056073988443,1.0,leptonic_bookkeeping,train,False,0.50562265163496,unassigned
330710,ggH,124.83570765056163,123.94966038564371,1,3,3,146.83166389813528,3.329770563201687,30.70819111482666,0.7606056073988443,1.0,leptonic_bookkeeping,train,False,0.50562265163496,unassigned
369828,ggH,124.83570765056163,123.94966038564371,1,3,3,146.83166389813528,3.329770563201687,30.70819111482666,0.7606056073988443,1.0,leptonic_bookkeeping,test,False,0.50562265163496,unassigned
859400,ggH,124.83570765056163,123.94966038564371,1,3,3,146.83166389813528,3.329770563201687,30.70819111482666,0.7606056073988443,1.0,leptonic_bookkeeping,train,False,0.50562265163496,unassigned
317290,ggH,124.83570765056163,123.94966038564371,1,3,3,146.83166389813528,3.329770563201687,30.70819111482666,0.7606056073988443,1.0,leptonic_bookkeeping,validation,False,0.50562265163496,unassigned
852982,ggH,124.83570765056163,123.94966038564371,1,3,3,146.83166389813528,3.329770563201687,30.70819111482666,0.7606056073988443,1.0,leptonic_bookkeeping,validation,False,0.50562265163496,unassigned
540365,ggH,124.83570765056163,123.94966038564371,1,3,3,146.83166389813528,3.329770563201687,30.70819111482666,0.7606056073988443,1.0,leptonic_bookkeeping,train,False,0.50562265163496,unassigned
442468,ggH,124.83570765056163,123.94966038564371,1,3,3,146.83166389813528,3.329770563201687,30.70819111482666,0.7606056073988443,1.0,leptonic_bookkeeping,test,False,0.50562265163496,unassigned
965900,ggH,124.83570765056163,123.94966038564371,1,3,3,146.83166389813528,3.329770563201687,30.70819111482666,0.7606056073988443,1.0,leptonic_bookkeeping,validation,False,0.50562265163496,unassigned
24487,ggH,124.83570765056163,123.94966038564371,1,3,3,146.83166389813528,3.329770563201687,30.70819111482666,0.7606056073988443,1.0,leptonic_bookkeeping,train,False,0.50562265163496,unassigned
963157,ggH,124.83570765056163,123.94966038564371,1,3,3,146.83166389813528,3.329770563201687,30.70819111482666,0.7606056073988443,1.0,leptonic_bookkeeping,train,False,0.50562265163496,unassigned
763008,ggH,124.83570765056163,123.94966038564371,1,3,3,146.83166389813528,3.329770563201687,30.70819111482666,0.7606056073988443,1.0,leptonic_bookkeeping,train,False,0.50562265163496,unassigned
674207,ggH,124.83570765056163,123.94966038564371,1,3,3,146.83166389813528,3.329770563201687,30.70819111482666,0.7606056073988443,1.0,leptonic_bookkeeping,train,False,0.50562265163496,unassigned
539577,ggH,124.83570765056163,123.94966038564371,1,3,3,146.83166389813528,3.329770563201687,30.70819111482666,0.7606056073988443,1.0,leptonic_bookkeeping,train,False,0.50562265163496,unassigned
694424,ggH,124.83570765056163,123.94966038564371,1,3,3,146.83166389813528,3.329770563201687,30.70819111482666,0.7606056073988443,1.0,leptonic_bookkeeping,train,False,0.50562265163496,unassigned
271307,ggH,124.83570765056163,123.94966038564371,1,3,3,146.83166389813528,3.329770563201687,30.70819111482666,0.7606056073988443,1.0,leptonic_bookkeeping,train,False,0.50562265163496,unassigned
105116,ggH,124.83570765056163,123.94966038564371,1,3,3,146.83166389813528,3.329770563201687,30.70819111482666,0.7606056073988443,1.0,leptonic_bookkeeping,train,False,0.50562265163496,unassigned
165857,ggH,124.83570765056163,123.94966038564371,1,3,3,146.83166389813528,3.329770563201687,30.70819111482666,0.7606056073988443,1.0,leptonic_bookkeeping,train,False,0.50562265163496,unassigned
520397,ggH,124.83570765056163,123.94966038564371,1,3,3,146.83166389813528,3.329770563201687,30.70819111482666,0.7606056073988443,1.0,leptonic_bookkeeping,train,False,0.50562265163496,unassigned
251873,ggH,124.83570765056163,123.94966038564371,1,3,3,146.83166389813528,3.329770563201687,30.70819111482666,0.7606056073988443,1.0,leptonic_bookkeeping,train,False,0.50562265163496,unassigned
646647,ggH,124.83570765056163,123.94966038564371,1,3,3,146.83166389813528,3.329770563201687,30.70819111482666,0.7606056073988443,1.0,leptonic_bookkeeping,validation,False,0.50562265163496,unassigned
929516,ggH,124.83570765056163,123.94966038564371,1,3,3,146.83166389813528,3.329770563201687,30.70819111482666,0.7606056073988443,1.0,leptonic_bookkeeping,train,False,0.50562265163496,unassigned
999676,ggH,124.83570765056163,123.94966038564371,1,3,3,146.83166389813528,3.329770563201687,30.70819111482666,0.7606056073988443,1.0,leptonic_bookkeeping,test,False,0.50562265163496,unassigned
83167,ggH,124.83570765056163,123.94966038564371,1,3,3,146.83166389813528,3.329770563201687,30.70819111482666,0.7606056073988443,1.0,leptonic_bookkeeping,train,False,0.50562265163496,unassigned
728838,ggH,124.83570765056163,123.94966038564371,1,3,3,146.83166389813528,3.329770563201687,30.70819111482666,0.7606056073988443,1.0,leptonic_bookkeeping,validation,False,0.50562265163496,unassigned
123480,ggH,124.83570765056163,123.94966038564371,1,3,3,146.83166389813528,3.329770563201687,30.70819111482666,0.7606056073988443,1.0,leptonic_bookkeeping,test,False,0.50562265163496,unassigned
400745,ggH,124.83570765056163,123.94966038564371,1,3,3,146.83166389813528,3.329770563201687,30.70819111482666,0.7606056073988443,1.0,leptonic_bookkeeping,test,False,0.50562265163496,unassigned
656569,ggH,124.83570765056163,123.94966038564371,1,3,3,146.83166389813528,3.329770563201687,30.70819111482666,0.7606056073988443,1.0,leptonic_bookkeeping,validation,False,0.50562265163496,unassigned
849555,ggH,124.83570765056163,123.94966038564371,1,3,3,146.83166389813528,3.329770563201687,30.70819111482666,0.7606056073988443,1.0,leptonic_bookkeeping,train,False,0.50562265163496,unassigned
669763,ggH,124.83570765056163,123.94966038564371,1,3,3,146.83166389813528,3.329770563201687,30.70819111482666,0.7606056073988443,1.0,leptonic_bookkeeping,test,False,0.50562265163496,unassigned
856074,ggH,124.83570765056163,123.94966038564371,1,3,3,146.83166389813528,3.329770563201687,30.70819111482666,0.7606056073988443,1.0,leptonic_bookkeeping,train,False,0.50562265163496,unassigned
806812,ggH,124.83570765056163,123.94966038564371,1,3,3,146.83166389813528,3.329770563201687,30.70819111482666,0.7606056073988443,1.0,leptonic_bookkeeping,train,False,0.50562265163496,unassigned
531518,ggH,124.83570765056163,123.94966038564371,1,3,3,146.83166389813528,3.329770563201687,30.70819111482666,0.7606056073988443,1.0,leptonic_bookkeeping,train,False,0.50562265163496,unassigned
104460,ggH,124.83570765056163,123.94966038564371,1,3,3,146.83166389813528,3.329770563201687,30.70819111482666,0.7606056073988443,1.0,leptonic_bookkeeping,train,False,0.50562265163496,unassigned
585558,ggH,124.83570765056163,123.94966038564371,1,3,3,146.83166389813528,3.329770563201687,30.70819111482666,0.7606056073988443,1.0,leptonic_bookkeeping,validation,False,0.50562265163496,unassigned
30388,ggH,124.83570765056163,123.94966038564371,1,3,3,146.83166389813528,3.329770563201687,30.70819111482666,0.7606056073988443,1.0,leptonic_bookkeeping,test,False,0.50562265163496,unassigned
740593,ggH,124.83570765056163,123.94966038564371,1,3,3,146.83166389813528,3.329770563201687,30.70819111482666,0.7606056073988443,1.0,leptonic_bookkeeping,test,False,0.50562265163496,unassigned
225827,ggH,124.83570765056163,123.94966038564371,1,3,3,146.83166389813528,3.329770563201687,30.70819111482666,0.7606056073988443,1.0,leptonic_bookkeeping,test,False,0.50562265163496,unassigned
560778,ggH,124.83570765056163,123.94966038564371,1,3,3,146.83166389813528,3.329770563201687,30.70819111482666,0.7606056073988443,1.0,leptonic_bookkeeping,train,False,0.50562265163496,unassigned
305323,ggH,124.83570765056163,123.94966038564371,1,3,3,146.83166389813528,3.329770563201687,30.70819111482666,0.7606056073988443,1.0,leptonic_bookkeeping,validation,False,0.50562265163496,unassigned
813135,ggH,124.83570765056163,123.94966038564371,1,3,3,146.83166389813528,3.329770563201687,30.70819111482666,0.7606056073988443,1.0,leptonic_bookkeeping,test,False,0.50562265163496,unassigned
618699,ggH,124.83570765056163,123.94966038564371,1,3,3,146.83166389813528,3.329770563201687,30.70819111482666,0.7606056073988443,1.0,leptonic_bookkeeping,train,False,0.50562265163496,unassigned
354153,ggH,124.83570765056163,123.94966038564371,1,3,3,146.83166389813528,3.329770563201687,30.70819111482666,0.7606056073988443,1.0,leptonic_bookkeeping,train,False,0.50562265163496,unassigned
801203,ggH,124.83570765056163,123.94966038564371,1,3,3,146.83166389813528,3.329770563201687,30.70819111482666,0.7606056073988443,1.0,leptonic_bookkeeping,validation,False,0.50562265163496,unassigned
850846,ggH,124.83570765056163,123.94966038564371,1,3,3,146.83166389813528,3.329770563201687,30.70819111482666,0.7606056073988443,1.0,leptonic_bookkeeping,train,False,0.50562265163496,unassigned
738100,ggH,124.83570765056163,123.94966038564371,1,3,3,146.83166389813528,3.329770563201687,30.70819111482666,0.7606056073988443,1.0,leptonic_bookkeeping,train,False,0.50562265163496,unassigned
827962,ggH,124.83570765056163,123.94966038564371,1,3,3,146.83166389813528,3.329770563201687,30.70819111482666,0.7606056073988443,1.0,leptonic_bookkeeping,train,False,0.50562265163496,unassigned
757946,ggH,124.83570765056163,123.94966038564371,1,3,3,146.83166389813528,3.329770563201687,30.70819111482666,0.7606056073988443,1.0,leptonic_bookkeeping,train,False,0.50562265163496,unassigned
906878,ggH,124.83570765056163,123.94966038564371,1,3,3,146.83166389813528,3.329770563201687,30.70819111482666,0.7606056073988443,1.0,leptonic_bookkeeping,test,False,0.50562265163496,unassigned
273788,ggH,124.83570765056163,123.94966038564371,1,3,3,146.83166389813528,3.329770563201687,30.70819111482666,0.7606056073988443,1.0,leptonic_bookkeeping,train,False,0.50562265163496,unassigned
750725,ggH,124.83570765056163,123.94966038564371,1,3,3,146.83166389813528,3.329770563201687,30.70819111482666,0.7606056073988443,1.0,leptonic_bookkeeping,test,False,0.50562265163496,unassigned
878217,ggH,124.83570765056163,123.94966038564371,1,3,3,146.83166389813528,3.329770563201687,30.70819111482666,0.7606056073988443,1.0,leptonic_bookkeeping,train,False,0.50562265163496,unassigned
503506,ggH,124.83570765056163,123.94966038564371,1,3,3,146.83166389813528,3.329770563201687,30.70819111482666,0.7606056073988443,1.0,leptonic_bookkeeping,test,False,0.50562265163496,unassigned
533178,ggH,124.83570765056163,123.94966038564371,1,3,3,146.83166389813528,3.329770563201687,30.70819111482666,0.7606056073988443,1.0,leptonic_bookkeeping,validation,False,0.50562265163496,unassigned
39068,ggH,124.83570765056163,123.94966038564371,1,3,3,146.83166389813528,3.329770563201687,30.70819111482666,0.7606056073988443,1.0,leptonic_bookkeeping,validation,False,0.50562265163496,unassigned
370675,ggH,124.83570765056163,123.94966038564371,1,3,3,146.83166389813528,3.329770563201687,30.70819111482666,0.7606056073988443,1.0,leptonic_bookkeeping,test,False,0.50562265163496,unassigned
942603,ggH,124.83570765056163,123.94966038564371,1,3,3,146.83166389813528,3.329770563201687,30.70819111482666,0.7606056073988443,1.0,leptonic_bookkeeping,train,False,0.50562265163496,unassigned
841063,ggH,124.83570765056163,123.94966038564371,1,3,3,146.83166389813528,3.329770563201687,30.70819111482666,0.7606056073988443,1.0,leptonic_bookkeeping,train,False,0.50562265163496,unassigned
67362,ggH,124.83570765056163,123.94966038564371,1,3,3,146.83166389813528,3.329770563201687,30.70819111482666,0.7606056073988443,1.0,leptonic_bookkeeping,train,False,0.50562265163496,unassigned
767135,ggH,124.83570765056163,123.94966038564371,1,3,3,146.83166389813528,3.329770563201687,30.70819111482666,0.7606056073988443,1.0,leptonic_bookkeeping,train,False,0.50562265163496,unassigned
315154,ggH,124.83570765056163,123.94966038564371,1,3,3,146.83166389813528,3.329770563201687,30.70819111482666,0.7606056073988443,1.0,leptonic_bookkeeping,train,False,0.50562265163496,unassigned
379814,ggH,124.83570765056163,123.94966038564371,1,3,3,146.83166389813528,3.329770563201687,30.70819111482666,0.7606056073988443,1.0,leptonic_bookkeeping,test,False,0.50562265163496,unassigned
23032,ggH,124.83570765056163,123.94966038564371,1,3,3,146.83166389813528,3.329770563201687,30.70819111482666,0.7606056073988443,1.0,leptonic_bookkeeping,train,False,0.50562265163496,unassigned
831417,ggH,124.83570765056163,123.94966038564371,1,3,3,146.83166389813528,3.329770563201687,30.70819111482666,0.7606056073988443,1.0,leptonic_bookkeeping,validation,False,0.50562265163496,unassigned
219740,ggH,124.83570765056163,123.94966038564371,1,3,3,146.83166389813528,3.329770563201687,30.70819111482666,0.7606056073988443,1.0,leptonic_bookkeeping,train,False,0.50562265163496,unassigned
106273,ggH,124.83570765056163,123.94966038564371,1,3,3,146.83166389813528,3.329770563201687,30.70819111482666,0.7606056073988443,1.0,leptonic_bookkeeping,train,False,0.50562265163496,unassigned
634716,ggH,124.83570765056163,123.94966038564371,1,3,3,146.83166389813528,3.329770563201687,30.70819111482666,0.7606056073988443,1.0,leptonic_bookkeeping,train,False,0.50562265163496,unassigned
533812,ggH,124.83570765056163,123.94966038564371,1,3,3,146.83166389813528,3.329770563201687,30.70819111482666,0.7606056073988443,1.0,leptonic_bookkeeping,validation,False,0.50562265163496,unassigned
450152,ggH,124.83570765056163,123.94966038564371,1,3,3,146.83166389813528,3.329770563201687,30.70819111482666,0.7606056073988443,1.0,leptonic_bookkeeping,validation,False,0.50562265163496,unassigned
370529,ggH,124.83570765056163,123.94966038564371,1,3,3,146.83166389813528,3.329770563201687,30.70819111482666,0.7606056073988443,1.0,leptonic_bookkeeping,test,False,0.50562265163496,unassigned
218244,ggH,124.83570765056163,123.94966038564371,1,3,3,146.83166389813528,3.329770563201687,30.70819111482666,0.7606056073988443,1.0,leptonic_bookkeeping,train,False,0.50562265163496,unassigned
811487,ggH,124.83570765056163,123.94966038564371,1,3,3,146.83166389813528,3.329770563201687,30.70819111482666,0.7606056073988443,1.0,leptonic_bookkeeping,validation,False,0.50562265163496,unassigned
196320,ggH,124.83570765056163,123.94966038564371,1,3,3,146.83166389813528,3.329770563201687,30.70819111482666,0.7606056073988443,1.0,leptonic_bookkeeping,train,False,0.50562265163496,unassigned
363495,ggH,124.83570765056163,123.94966038564371,1,3,3,146.83166389813528,3.329770563201687,30.70819111482666,0.7606056073988443,1.0,leptonic_bookkeeping,train,False,0.50562265163496,unassigned
93879,ggH,124.83570765056163,123.94966038564371,1,3,3,146.83166389813528,3.329770563201687,30.70819111482666,0.7606056073988443,1.0,leptonic_bookkeeping,train,False,0.50562265163496,unassigned
505061,ggH,124.83570765056163,123.94966038564371,1,3,3,146.83166389813528,3.329770563201687,30.70819111482666,0.7606056073988443,1.0,leptonic_bookkeeping,test,False,0.50562265163496,unassigned
658706,ggH,124.83570765056163,123.94966038564371,1,3,3,146.83166389813528,3.329770563201687,30.70819111482666,0.7606056073988443,1.0,leptonic_bookkeeping,test,False,0.50562265163496,unassigned
825601,ggH,124.83570765056163,123.94966038564371,1,3,3,146.83166389813528,3.329770563201687,30.70819111482666,0.7606056073988443,1.0,leptonic_bookkeeping,train,False,0.50562265163496,unassigned
297537,ggH,124.83570765056163,123.94966038564371,1,3,3,146.83166389813528,3.329770563201687,30.70819111482666,0.7606056073988443,1.0,leptonic_bookkeeping,test,False,0.50562265163496,unassigned
772229,ggH,124.83570765056163,123.94966038564371,1,3,3,146.83166389813528,3.329770563201687,30.70819111482666,0.7606056073988443,1.0,leptonic_bookkeeping,test,False,0.50562265163496,unassigned
711039,ggH,124.83570765056163,123.94966038564371,1,3,3,146.83166389813528,3.329770563201687,30.70819111482666,0.7606056073988443,1.0,leptonic_bookkeeping,test,False,0.50562265163496,unassigned
360968,ggH,124.83570765056163,123.94966038564371,1,3,3,146.83166389813528,3.329770563201687,30.70819111482666,0.7606056073988443,1.0,leptonic_bookkeeping,train,False,0.50562265163496,unassigned
566973,ggH,124.83570765056163,123.94966038564371,1,3,3,146.83166389813528,3.329770563201687,30.70819111482666,0.7606056073988443,1.0,leptonic_bookkeeping,test,False,0.50562265163496,unassigned
621623,ggH,124.83570765056163,123.94966038564371,1,3,3,146.83166389813528,3.329770563201687,30.70819111482666,0.7606056073988443,1.0,leptonic_bookkeeping,train,False,0.50562265163496,unassigned
348664,ggH,124.83570765056163,123.94966038564371,1,3,3,146.83166389813528,3.329770563201687,30.70819111482666,0.7606056073988443,1.0,leptonic_bookkeeping,test,False,0.50562265163496,unassigned
314256,ggH,124.83570765056163,123.94966038564371,1,3,3,146.83166389813528,3.329770563201687,30.70819111482666,0.7606056073988443,1.0,leptonic_bookkeeping,train,False,0.50562265163496,unassigned
143510,ggH,124.83570765056163,123.94966038564371,1,3,3,146.83166389813528,3.329770563201687,30.70819111482666,0.7606056073988443,1.0,leptonic_bookkeeping,test,False,0.50562265163496,unassigned
85990,ggH,124.83570765056163,123.94966038564371,1,3,3,146.83166389813528,3.329770563201687,30.70819111482666,0.7606056073988443,1.0,leptonic_bookkeeping,train,False,0.50562265163496,unassigned
522308,ggH,124.83570765056163,123.94966038564371,1,3,3,146.83166389813528,3.329770563201687,30.70819111482666,0.7606056073988443,1.0,leptonic_bookkeeping,validation,False,0.50562265163496,unassigned
790060,ggH,124.83570765056163,123.94966038564371,1,3,3,146.83166389813528,3.329770563201687,30.70819111482666,0.7606056073988443,1.0,leptonic_bookkeeping,validation,False,0.50562265163496,unassigned
693464,ggH,124.83570765056163,123.94966038564371,1,3,3,146.83166389813528,3.329770563201687,30.70819111482666,0.7606056073988443,1.0,leptonic_bookkeeping,train,False,0.50562265163496,unassigned
88337,ggH,124.83570765056163,123.94966038564371,1,3,3,146.83166389813528,3.329770563201687,30.70819111482666,0.7606056073988443,1.0,leptonic_bookkeeping,train,False,0.50562265163496,unassigned
551264,ggH,124.83570765056163,123.94966038564371,1,3,3,146.83166389813528,3.329770563201687,30.70819111482666,0.7606056073988443,1.0,leptonic_bookkeeping,train,False,0.50562265163496,unassigned
739818,ggH,124.83570765056163,123.94966038564371,1,3,3,146.83166389813528,3.329770563201687,30.70819111482666,0.7606056073988443,1.0,leptonic_bookkeeping,validation,False,0.50562265163496,unassigned
824653,ggH,124.83570765056163,123.94966038564371,1,3,3,146.83166389813528,3.329770563201687,30.70819111482666,0.7606056073988443,1.0,leptonic_bookkeeping,test,False,0.50562265163496,unassigned
350920,ggH,124.83570765056163,123.94966038564371,1,3,3,146.83166389813528,3.329770563201687,30.70819111482666,0.7606056073988443,1.0,leptonic_bookkeeping,train,False,0.50562265163496,unassigned
353151,ggH,124.83570765056163,123.94966038564371,1,3,3,146.83166389813528,3.329770563201687,30.70819111482666,0.7606056073988443,1.0,leptonic_bookkeeping,train,False,0.50562265163496,unassigned
924104,ggH,124.83570765056163,123.94966038564371,1,3,3,146.83166389813528,3.329770563201687,30.70819111482666,0.7606056073988443,1.0,leptonic_bookkeeping,validation,False,0.50562265163496,unassigned
46191,ggH,124.83570765056163,123.94966038564371,1,3,3,146.83166389813528,3.329770563201687,30.70819111482666,0.7606056073988443,1.0,leptonic_bookkeeping,train,False,0.50562265163496,unassigned
539654,ggH,124.83570765056163,123.94966038564371,1,3,3,146.83166389813528,3.329770563201687,30.70819111482666,0.7606056073988443,1.0,leptonic_bookkeeping,train,False,0.50562265163496,unassigned
503172,ggH,124.83570765056163,123.94966038564371,1,3,3,146.83166389813528,3.329770563201687,30.70819111482666,0.7606056073988443,1.0,leptonic_bookkeeping,test,False,0.50562265163496,unassigned
940368,ggH,124.83570765056163,123.94966038564371,1,3,3,146.83166389813528,3.329770563201687,30.70819111482666,0.7606056073988443,1.0,leptonic_bookkeeping,train,False,0.50562265163496,unassigned
921680,ggH,124.83570765056163,123.94966038564371,1,3,3,146.83166389813528,3.329770563201687,30.70819111482666,0.7606056073988443,1.0,leptonic_bookkeeping,train,False,0.50562265163496,unassigned
495364,ggH,124.83570765056163,123.94966038564371,1,3,3,146.83166389813528,3.329770563201687,30.70819111482666,0.7606056073988443,1.0,leptonic_bookkeeping,train,False,0.50562265163496,unassigned
887886,ggH,124.83570765056163,123.94966038564371,1,3,3,146.83166389813528,3.329770563201687,30.70819111482666,0.7606056073988443,1.0,leptonic_bookkeeping,train,False,0.50562265163496,unassigned
249007,ggH,124.83570765056163,123.94966038564371,1,3,3,146.83166389813528,3.329770563201687,30.70819111482666,0.7606056073988443,1.0,leptonic_bookkeeping,train,False,0.50562265163496,unassigned
983253,ggH,124.83570765056163,123.94966038564371,1,3,3,146.83166389813528,3.329770563201687,30.70819111482666,0.7606056073988443,1.0,leptonic_bookkeeping,train,False,0.50562265163496,unassigned
659277,ggH,124.83570765056163,123.94966038564371,1,3,3,146.83166389813528,3.329770563201687,30.70819111482666,0.7606056073988443,1.0,leptonic_bookkeeping,test,False,0.50562265163496,unassigned
361876,ggH,124.83570765056163,123.94966038564371,1,3,3,146.83166389813528,3.329770563201687,30.70819111482666,0.7606056073988443,1.0,leptonic_bookkeeping,train,False,0.50562265163496,unassigned
726056,ggH,124.83570765056163,123.94966038564371,1,3,3,146.83166389813528,3.329770563201687,30.70819111482666,0.7606056073988443,1.0,leptonic_bookkeeping,train,False,0.50562265163496,unassigned
467444,ggH,124.83570765056163,123.94966038564371,1,3,3,146.83166389813528,3.329770563201687,30.70819111482666,0.7606056073988443,1.0,leptonic_bookkeeping,train,False,0.50562265163496,unassigned
579551,ggH,124.83570765056163,123.94966038564371,1,3,3,146.83166389813528,3.329770563201687,30.70819111482666,0.7606056073988443,1.0,leptonic_bookkeeping,train,False,0.50562265163496,unassigned
246660,ggH,124.83570765056163,123.94966038564371,1,3,3,146.83166389813528,3.329770563201687,30.70819111482666,0.7606056073988443,1.0,leptonic_bookkeeping,test,False,0.50562265163496,unassigned
733902,ggH,124.83570765056163,123.94966038564371,1,3,3,146.83166389813528,3.329770563201687,30.70819111482666,0.7606056073988443,1.0,leptonic_bookkeeping,train,False,0.50562265163496,unassigned
547492,ggH,124.83570765056163,123.94966038564371,1,3,3,146.83166389813528,3.329770563201687,30.70819111482666,0.7606056073988443,1.0,leptonic_bookkeeping,train,False,0.50562265163496,unassigned
699159,ggH,124.83570765056163,123.94966038564371,1,3,3,146.83166389813528,3.329770563201687,30.70819111482666,0.7606056073988443,1.0,leptonic_bookkeeping,test,False,0.50562265163496,unassigned
288244,ggH,124.83570765056163,123.94966038564371,1,3,3,146.83166389813528,3.329770563201687,30.70819111482666,0.7606056073988443,1.0,leptonic_bookkeeping,test,False,0.50562265163496,unassigned
337904,ggH,124.83570765056163,123.94966038564371,1,3,3,146.83166389813528,3.329770563201687,30.70819111482666,0.7606056073988443,1.0,leptonic_bookkeeping,validation,False,0.50562265163496,unassigned
515181,ggH,124.83570765056163,123.94966038564371,1,3,3,146.83166389813528,3.329770563201687,30.70819111482666,0.7606056073988443,1.0,leptonic_bookkeeping,test,False,0.50562265163496,unassigned
694751,ggH,124.83570765056163,123.94966038564371,1,3,3,146.83166389813528,3.329770563201687,30.70819111482666,0.7606056073988443,1.0,leptonic_bookkeeping,train,False,0.50562265163496,unassigned
407357,ggH,124.83570765056163,123.94966038564371,1,3,3,146.83166389813528,3.329770563201687,30.70819111482666,0.7606056073988443,1.0,leptonic_bookkeeping,train,False,0.50562265163496,unassigned
583303,ggH,124.83570765056163,123.94966038564371,1,3,3,146.83166389813528,3.329770563201687,30.70819111482666,0.7606056073988443,1.0,leptonic_bookkeeping,train,False,0.50562265163496,unassigned
446730,ggH,124.83570765056163,123.94966038564371,1,3,3,146.83166389813528,3.329770563201687,30.70819111482666,0.7606056073988443,1.0,leptonic_bookkeeping,train,False,0.50562265163496,unassigned
792578,ggH,124.83570765056163,123.94966038564371,1,3,3,146.83166389813528,3.329770563201687,30.70819111482666,0.7606056073988443,1.0,leptonic_bookkeeping,test,False,0.50562265163496,unassigned
761030,ggH,124.83570765056163,123.94966038564371,1,3,3,146.83166389813528,3.329770563201687,30.70819111482666,0.7606056073988443,1.0,leptonic_bookkeeping,test,False,0.50562265163496,unassigned
771121,ggH,124.83570765056163,123.94966038564371,1,3,3,146.83166389813528,3.329770563201687,30.70819111482666,0.7606056073988443,1.0,leptonic_bookkeeping,validation,False,0.50562265163496,unassigned
786331,ggH,124.83570765056163,123.94966038564371,1,3,3,146.83166389813528,3.329770563201687,30.70819111482666,0.7606056073988443,1.0,leptonic_bookkeeping,train,False,0.50562265163496,unassigned
265783,ggH,124.83570765056163,123.94966038564371,1,3,3,146.83166389813528,3.329770563201687,30.70819111482666,0.7606056073988443,1.0,leptonic_bookkeeping,validation,False,0.50562265163496,unassigned
556887,ggH,124.83570765056163,123.94966038564371,1,3,3,146.83166389813528,3.329770563201687,30.70819111482666,0.7606056073988443,1.0,leptonic_bookkeeping,train,False,0.50562265163496,unassigned
627678,ggH,124.83570765056163,123.94966038564371,1,3,3,146.83166389813528,3.329770563201687,30.70819111482666,0.7606056073988443,1.0,leptonic_bookkeeping,test,False,0.50562265163496,unassigned
972691,ggH,124.83570765056163,123.94966038564371,1,3,3,146.83166389813528,3.329770563201687,30.70819111482666,0.7606056073988443,1.0,leptonic_bookkeeping,train,False,0.50562265163496,unassigned
877784,ggH,124.83570765056163,123.94966038564371,1,3,3,146.83166389813528,3.329770563201687,30.70819111482666,0.7606056073988443,1.0,leptonic_bookkeeping,train,False,0.50562265163496,unassigned
578614,ggH,124.83570765056163,123.94966038564371,1,3,3,146.83166389813528,3.329770563201687,30.70819111482666,0.7606056073988443,1.0,leptonic_bookkeeping,train,False,0.50562265163496,unassigned
208237,ggH,124.83570765056163,123.94966038564371,1,3,3,146.83166389813528,3.329770563201687,30.70819111482666,0.7606056073988443,1.0,leptonic_bookkeeping,train,False,0.50562265163496,unassigned
797824,ggH,124.83570765056163,123.94966038564371,1,3,3,146.83166389813528,3.329770563201687,30.70819111482666,0.7606056073988443,1.0,leptonic_bookkeeping,train,False,0.50562265163496,unassigned
484846,ggH,124.83570765056163,123.94966038564371,1,3,3,146.83166389813528,3.329770563201687,30.70819111482666,0.7606056073988443,1.0,leptonic_bookkeeping,train,False,0.50562265163496,unassigned
461728,ggH,124.83570765056163,123.94966038564371,1,3,3,146.83166389813528,3.329770563201687,30.70819111482666,0.7606056073988443,1.0,leptonic_bookkeeping,validation,False,0.50562265163496,unassigned
258363,ggH,124.83570765056163,123.94966038564371,1,3,3,146.83166389813528,3.329770563201687,30.70819111482666,0.7606056073988443,1.0,leptonic_bookkeeping,train,False,0.50562265163496,unassigned
536494,ggH,124.83570765056163,123.94966038564371,1,3,3,146.83166389813528,3.329770563201687,30.70819111482666,0.7606056073988443,1.0,leptonic_bookkeeping,train,False,0.50562265163496,unassigned
936195,ggH,124.83570765056163,123.94966038564371,1,3,3,146.83166389813528,3.329770563201687,30.70819111482666,0.7606056073988443,1.0,leptonic_bookkeeping,test,False,0.50562265163496,unassigned
836860,ggH,124.83570765056163,123.94966038564371,1,3,3,146.83166389813528,3.329770563201687,30.70819111482666,0.7606056073988443,1.0,leptonic_bookkeeping,train,False,0.50562265163496,unassigned
997842,ggH,124.83570765056163,123.94966038564371,1,3,3,146.83166389813528,3.329770563201687,30.70819111482666,0.7606056073988443,1.0,leptonic_bookkeeping,validation,False,0.50562265163496,unassigned
720580,ggH,124.83570765056163,123.94966038564371,1,3,3,146.83166389813528,3.329770563201687,30.70819111482666,0.7606056073988443,1.0,leptonic_bookkeeping,test,False,0.50562265163496,unassigned
401709,ggH,124.83570765056163,123.94966038564371,1,3,3,146.83166389813528,3.329770563201687,30.70819111482666,0.7606056073988443,1.0,leptonic_bookkeeping,test,False,0.50562265163496,unassigned
590374,ggH,124.83570765056163,123.94966038564371,1,3,3,146.83166389813528,3.329770563201687,30.70819111482666,0.7606056073988443,1.0,leptonic_bookkeeping,train,False,0.50562265163496,unassigned
244294,ggH,124.83570765056163,123.94966038564371,1,3,3,146.83166389813528,3.329770563201687,30.70819111482666,0.7606056073988443,1.0,leptonic_bookkeeping,validation,False,0.50562265163496,unassigned
626425,ggH,124.83570765056163,123.94966038564371,1,3,3,146.83166389813528,3.329770563201687,30.70819111482666,0.7606056073988443,1.0,leptonic_bookkeeping,validation,False,0.50562265163496,unassigned
101441,ggH,124.83570765056163,123.94966038564371,1,3,3,146.83166389813528,3.329770563201687,30.70819111482666,0.7606056073988443,1.0,leptonic_bookkeeping,test,False,0.50562265163496,unassigned
935525,ggH,124.83570765056163,123.94966038564371,1,3,3,146.83166389813528,3.329770563201687,30.70819111482666,0.7606056073988443,1.0,leptonic_bookkeeping,validation,False,0.50562265163496,unassigned
77776,ggH,124.83570765056163,123.94966038564371,1,3,3,146.83166389813528,3.329770563201687,30.70819111482666,0.7606056073988443,1.0,leptonic_bookkeeping,train,False,0.50562265163496,unassigned
179369,ggH,124.83570765056163,123.94966038564371,1,3,3,146.83166389813528,3.329770563201687,30.70819111482666,0.7606056073988443,1.0,leptonic_bookkeeping,train,False,0.50562265163496,unassigned
540648,ggH,124.83570765056163,123.94966038564371,1,3,3,146.83166389813528,3.329770563201687,30.70819111482666,0.7606056073988443,1.0,leptonic_bookkeeping,train,False,0.50562265163496,unassigned
638687,ggH,124.83570765056163,123.94966038564371,1,3,3,146.83166389813528,3.329770563201687,30.70819111482666,0.7606056073988443,1.0,leptonic_bookkeeping,test,False,0.50562265163496,unassigned
588814,ggH,124.83570765056163,123.94966038564371,1,3,3,146.83166389813528,3.329770563201687,30.70819111482666,0.7606056073988443,1.0,leptonic_bookkeeping,train,False,0.50562265163496,unassigned
618516,ggH,124.83570765056163,123.94966038564371,1,3,3,146.83166389813528,3.329770563201687,30.70819111482666,0.7606056073988443,1.0,leptonic_bookkeeping,test,False,0.50562265163496,unassigned
747539,ggH,124.83570765056163,123.94966038564371,1,3,3,146.83166389813528,3.329770563201687,30.70819111482666,0.7606056073988443,1.0,leptonic_bookkeeping,train,False,0.50562265163496,unassigned
935037,ggH,124.83570765056163,123.94966038564371,1,3,3,146.83166389813528,3.329770563201687,30.70819111482666,0.7606056073988443,1.0,leptonic_bookkeeping,validation,False,0.50562265163496,unassigned
666361,ggH,124.83570765056163,123.94966038564371,1,3,3,146.83166389813528,3.329770563201687,30.70819111482666,0.7606056073988443,1.0,leptonic_bookkeeping,validation,False,0.50562265163496,unassigned
707442,ggH,124.83570765056163,123.94966038564371,1,3,3,146.83166389813528,3.329770563201687,30.70819111482666,0.7606056073988443,1.0,leptonic_bookkeeping,validation,False,0.50562265163496,unassigned
733311,ggH,124.83570765056163,123.94966038564371,1,3,3,146.83166389813528,3.329770563201687,30.70819111482666,0.7606056073988443,1.0,leptonic_bookkeeping,train,False,0.50562265163496,unassigned
642734,ggH,124.83570765056163,123.94966038564371,1,3,3,146.83166389813528,3.329770563201687,30.70819111482666,0.7606056073988443,1.0,leptonic_bookkeeping,train,False,0.50562265163496,unassigned
518046,ggH,124.83570765056163,123.94966038564371,1,3,3,146.83166389813528,3.329770563201687,30.70819111482666,0.7606056073988443,1.0,leptonic_bookkeeping,train,False,0.50562265163496,unassigned
783191,ggH,124.83570765056163,123.94966038564371,1,3,3,146.83166389813528,3.329770563201687,30.70819111482666,0.7606056073988443,1.0,leptonic_bookkeeping,test,False,0.50562265163496,unassigned
766173,ggH,124.83570765056163,123.94966038564371,1,3,3,146.83166389813528,3.329770563201687,30.70819111482666,0.7606056073988443,1.0,leptonic_bookkeeping,train,False,0.50562265163496,unassigned
134163,ggH,124.83570765056163,123.94966038564371,1,3,3,146.83166389813528,3.329770563201687,30.70819111482666,0.7606056073988443,1.0,leptonic_bookkeeping,train,False,0.50562265163496,unassigned
424584,ggH,124.83570765056163,123.94966038564371,1,3,3,146.83166389813528,3.329770563201687,30.70819111482666,0.7606056073988443,1.0,leptonic_bookkeeping,train,False,0.50562265163496,unassigned
481014,ggH,124.83570765056163,123.94966038564371,1,3,3,146.83166389813528,3.329770563201687,30.70819111482666,0.7606056073988443,1.0,leptonic_bookkeeping,validation,False,0.50562265163496,unassigned
496481,ggH,124.83570765056163,123.94966038564371,1,3,3,146.83166389813528,3.329770563201687,30.70819111482666,0.7606056073988443,1.0,leptonic_bookkeeping,train,False,0.50562265163496,unassigned
741956,ggH,124.83570765056163,123.94966038564371,1,3,3,146.83166389813528,3.329770563201687,30.70819111482666,0.7606056073988443,1.0,leptonic_bookkeeping,test,False,0.50562265163496,unassigned
970201,ggH,124.83570765056163,123.94966038564371,1,3,3,146.83166389813528,3.329770563201687,30.70819111482666,0.7606056073988443,1.0,leptonic_bookkeeping,train,False,0.50562265163496,unassigned
398856,ggH,124.83570765056163,123.94966038564371,1,3,3,146.83166389813528,3.329770563201687,30.70819111482666,0.7606056073988443,1.0,leptonic_bookkeeping,validation,False,0.50562265163496,unassigned
405308,ggH,124.83570765056163,123.94966038564371,1,3,3,146.83166389813528,3.329770563201687,30.70819111482666,0.7606056073988443,1.0,leptonic_bookkeeping,train,False,0.50562265163496,unassigned
356943,ggH,124.83570765056163,123.94966038564371,1,3,3,146.83166389813528,3.329770563201687,30.70819111482666,0.7606056073988443,1.0,leptonic_bookkeeping,validation,False,0.50562265163496,unassigned
595634,ggH,124.83570765056163,123.94966038564371,1,3,3,146.83166389813528,3.329770563201687,30.70819111482666,0.7606056073988443,1.0,leptonic_bookkeeping,validation,False,0.50562265163496,unassigned
454890,ggH,124.83570765056163,123.94966038564371,1,3,3,146.83166389813528,3.329770563201687,30.70819111482666,0.7606056073988443,1.0,leptonic_bookkeeping,train,False,0.50562265163496,unassigned
671298,ggH,124.83570765056163,123.94966038564371,1,3,3,146.83166389813528,3.329770563201687,30.70819111482666,0.7606056073988443,1.0,leptonic_bookkeeping,train,False,0.50562265163496,unassigned
514789,ggH,124.83570765056163,123.94966038564371,1,3,3,146.83166389813528,3.329770563201687,30.70819111482666,0.7606056073988443,1.0,leptonic_bookkeeping,test,False,0.50562265163496,unassigned
764081,ggH,124.83570765056163,123.94966038564371,1,3,3,146.83166389813528,3.329770563201687,30.70819111482666,0.7606056073988443,1.0,leptonic_bookkeeping,train,False,0.50562265163496,unassigned
9176,ggH,124.83570765056163,123.94966038564371,1,3,3,146.83166389813528,3.329770563201687,30.70819111482666,0.7606056073988443,1.0,leptonic_bookkeeping,test,False,0.50562265163496,unassigned
285960,ggH,124.83570765056163,123.94966038564371,1,3,3,146.83166389813528,3.329770563201687,30.70819111482666,0.7606056073988443,1.0,leptonic_bookkeeping,validation,False,0.50562265163496,unassigned
112004,ggH,124.83570765056163,123.94966038564371,1,3,3,146.83166389813528,3.329770563201687,30.70819111482666,0.7606056073988443,1.0,leptonic_bookkeeping,test,False,0.50562265163496,unassigned
60748,ggH,124.83570765056163,123.94966038564371,1,3,3,146.83166389813528,3.329770563201687,30.70819111482666,0.7606056073988443,1.0,leptonic_bookkeeping,test,False,0.50562265163496,unassigned
310465,ggH,124.83570765056163,123.94966038564371,1,3,3,146.83166389813528,3.329770563201687,30.70819111482666,0.7606056073988443,1.0,leptonic_bookkeeping,train,False,0.50562265163496,unassigned
525822,ggH,124.83570765056163,123.94966038564371,1,3,3,146.83166389813528,3.329770563201687,30.70819111482666,0.7606056073988443,1.0,leptonic_bookkeeping,train,False,0.50562265163496,unassigned
347427,ggH,124.83570765056163,123.94966038564371,1,3,3,146.83166389813528,3.329770563201687,30.70819111482666,0.7606056073988443,1.0,leptonic_bookkeeping,validation,False,0.50562265163496,unassigned
791539,ggH,124.83570765056163,123.94966038564371,1,3,3,146.83166389813528,3.329770563201687,30.70819111482666,0.7606056073988443,1.0,leptonic_bookkeeping,validation,False,0.50562265163496,unassigned
151413,ggH,124.83570765056163,123.94966038564371,1,3,3,146.83166389813528,3.329770563201687,30.70819111482666,0.7606056073988443,1.0,leptonic_bookkeeping,validation,False,0.50562265163496,unassigned
877293,ggH,124.83570765056163,123.94966038564371,1,3,3,146.83166389813528,3.329770563201687,30.70819111482666,0.7606056073988443,1.0,leptonic_bookkeeping,train,False,0.50562265163496,unassigned
486590,ggH,124.83570765056163,123.94966038564371,1,3,3,146.83166389813528,3.329770563201687,30.70819111482666,0.7606056073988443,1.0,leptonic_bookkeeping,train,False,0.50562265163496,unassigned
236250,ggH,124.83570765056163,123.94966038564371,1,3,3,146.83166389813528,3.329770563201687,30.70819111482666,0.7606056073988443,1.0,leptonic_bookkeeping,test,False,0.50562265163496,unassigned
791388,ggH,124.83570765056163,123.94966038564371,1,3,3,146.83166389813528,3.329770563201687,30.70819111482666,0.7606056073988443,1.0,leptonic_bookkeeping,validation,False,0.50562265163496,unassigned
594221,ggH,124.83570765056163,123.94966038564371,1,3,3,146.83166389813528,3.329770563201687,30.70819111482666,0.7606056073988443,1.0,leptonic_bookkeeping,validation,False,0.50562265163496,unassigned
563265,ggH,124.83570765056163,123.94966038564371,1,3,3,146.83166389813528,3.329770563201687,30.70819111482666,0.7606056073988443,1.0,leptonic_bookkeeping,validation,False,0.50562265163496,unassigned
340263,ggH,124.83570765056163,123.94966038564371,1,3,3,146.83166389813528,3.329770563201687,30.70819111482666,0.7606056073988443,1.0,leptonic_bookkeeping,train,False,0.50562265163496,unassigned
94958,ggH,124.83570765056163,123.94966038564371,1,3,3,146.83166389813528,3.329770563201687,30.70819111482666,0.7606056073988443,1.0,leptonic_bookkeeping,train,False,0.50562265163496,unassigned
432641,ggH,124.83570765056163,123.94966038564371,1,3,3,146.83166389813528,3.329770563201687,30.70819111482666,0.7606056073988443,1.0,leptonic_bookkeeping,test,False,0.50562265163496,unassigned
163993,ggH,124.83570765056163,123.94966038564371,1,3,3,146.83166389813528,3.329770563201687,30.70819111482666,0.7606056073988443,1.0,leptonic_bookkeeping,test,False,0.50562265163496,unassigned
559694,ggH,124.83570765056163,123.94966038564371,1,3,3,146.83166389813528,3.329770563201687,30.70819111482666,0.7606056073988443,1.0,leptonic_bookkeeping,train,False,0.50562265163496,unassigned
158747,ggH,124.83570765056163,123.94966038564371,1,3,3,146.83166389813528,3.329770563201687,30.70819111482666,0.7606056073988443,1.0,leptonic_bookkeeping,train,False,0.50562265163496,unassigned
766902,ggH,124.83570765056163,123.94966038564371,1,3,3,146.83166389813528,3.329770563201687,30.70819111482666,0.7606056073988443,1.0,leptonic_bookkeeping,train,False,0.50562265163496,unassigned
926156,ggH,124.83570765056163,123.94966038564371,1,3,3,146.83166389813528,3.329770563201687,30.70819111482666,0.7606056073988443,1.0,leptonic_bookkeeping,test,False,0.50562265163496,unassigned
13379,ggH,124.83570765056163,123.94966038564371,1,3,3,146.83166389813528,3.329770563201687,30.70819111482666,0.7606056073988443,1.0,leptonic_bookkeeping,train,False,0.50562265163496,unassigned
571849,ggH,124.83570765056163,123.94966038564371,1,3,3,146.83166389813528,3.329770563201687,30.70819111482666,0.7606056073988443,1.0,leptonic_bookkeeping,train,False,0.50562265163496,unassigned
278542,ggH,124.83570765056163,123.94966038564371,1,3,3,146.83166389813528,3.329770563201687,30.70819111482666,0.7606056073988443,1.0,leptonic_bookkeeping,train,False,0.50562265163496,unassigned
222175,ggH,124.83570765056163,123.94966038564371,1,3,3,146.83166389813528,3.329770563201687,30.70819111482666,0.7606056073988443,1.0,leptonic_bookkeeping,train,False,0.50562265163496,unassigned
466313,ggH,124.83570765056163,123.94966038564371,1,3,3,146.83166389813528,3.329770563201687,30.70819111482666,0.7606056073988443,1.0,leptonic_bookkeeping,train,False,0.50562265163496,unassigned
787901,ggH,124.83570765056163,123.94966038564371,1,3,3,146.83166389813528,3.329770563201687,30.70819111482666,0.7606056073988443,1.0,leptonic_bookkeeping,train,False,0.50562265163496,unassigned
452466,ggH,124.83570765056163,123.94966038564371,1,3,3,146.83166389813528,3.329770563201687,30.70819111482666,0.7606056073988443,1.0,leptonic_bookkeeping,test,False,0.50562265163496,unassigned
658814,ggH,124.83570765056163,123.94966038564371,1,3,3,146.83166389813528,3.329770563201687,30.70819111482666,0.7606056073988443,1.0,leptonic_bookkeeping,test,False,0.50562265163496,unassigned
656800,ggH,124.83570765056163,123.94966038564371,1,3,3,146.83166389813528,3.329770563201687,30.70819111482666,0.7606056073988443,1.0,leptonic_bookkeeping,validation,False,0.50562265163496,unassigned
201581,ggH,124.83570765056163,123.94966038564371,1,3,3,146.83166389813528,3.329770563201687,30.70819111482666,0.7606056073988443,1.0,leptonic_bookkeeping,train,False,0.50562265163496,unassigned
582536,ggH,124.83570765056163,123.94966038564371,1,3,3,146.83166389813528,3.329770563201687,30.70819111482666,0.7606056073988443,1.0,leptonic_bookkeeping,train,False,0.50562265163496,unassigned
482147,ggH,124.83570765056163,123.94966038564371,1,3,3,146.83166389813528,3.329770563201687,30.70819111482666,0.7606056073988443,1.0,leptonic_bookkeeping,validation,False,0.50562265163496,unassigned
367575,ggH,124.83570765056163,123.94966038564371,1,3,3,146.83166389813528,3.329770563201687,30.70819111482666,0.7606056073988443,1.0,leptonic_bookkeeping,validation,False,0.50562265163496,unassigned
371937,ggH,124.83570765056163,123.94966038564371,1,3,3,146.83166389813528,3.329770563201687,30.70819111482666,0.7606056073988443,1.0,leptonic_bookkeeping,train,False,0.50562265163496,unassigned
435615,ggH,124.83570765056163,123.94966038564371,1,3,3,146.83166389813528,3.329770563201687,30.70819111482666,0.7606056073988443,1.0,leptonic_bookkeeping,train,False,0.50562265163496,unassigned
833016,ggH,124.83570765056163,123.94966038564371,1,3,3,146.83166389813528,3.329770563201687,30.70819111482666,0.7606056073988443,1.0,leptonic_bookkeeping,test,False,0.50562265163496,unassigned
440630,ggH,124.83570765056163,123.94966038564371,1,3,3,146.83166389813528,3.329770563201687,30.70819111482666,0.7606056073988443,1.0,leptonic_bookkeeping,validation,False,0.50562265163496,unassigned
313857,ggH,124.83570765056163,123.94966038564371,1,3,3,146.83166389813528,3.329770563201687,30.70819111482666,0.7606056073988443,1.0,leptonic_bookkeeping,train,False,0.50562265163496,unassigned
735432,ggH,124.83570765056163,123.94966038564371,1,3,3,146.83166389813528,3.329770563201687,30.70819111482666,0.7606056073988443,1.0,leptonic_bookkeeping,train,False,0.50562265163496,unassigned
211225,ggH,124.83570765056163,123.94966038564371,1,3,3,146.83166389813528,3.329770563201687,30.70819111482666,0.7606056073988443,1.0,leptonic_bookkeeping,train,False,0.50562265163496,unassigned
895360,ggH,124.83570765056163,123.94966038564371,1,3,3,146.83166389813528,3.329770563201687,30.70819111482666,0.7606056073988443,1.0,leptonic_bookkeeping,test,False,0.50562265163496,unassigned
22179,ggH,124.83570765056163,123.94966038564371,1,3,3,146.83166389813528,3.329770563201687,30.70819111482666,0.7606056073988443,1.0,leptonic_bookkeeping,train,False,0.50562265163496,unassigned
639746,ggH,124.83570765056163,123.94966038564371,1,3,3,146.83166389813528,3.329770563201687,30.70819111482666,0.7606056073988443,1.0,leptonic_bookkeeping,train,False,0.50562265163496,unassigned
129574,ggH,124.83570765056163,123.94966038564371,1,3,3,146.83166389813528,3.329770563201687,30.70819111482666,0.7606056073988443,1.0,leptonic_bookkeeping,train,False,0.50562265163496,unassigned
109080,ggH,124.83570765056163,123.94966038564371,1,3,3,146.83166389813528,3.329770563201687,30.70819111482666,0.7606056073988443,1.0,leptonic_bookkeeping,train,False,0.50562265163496,unassigned
808033,ggH,124.83570765056163,123.94966038564371,1,3,3,146.83166389813528,3.329770563201687,30.70819111482666,0.7606056073988443,1.0,leptonic_bookkeeping,train,False,0.50562265163496,unassigned
349638,ggH,124.83570765056163,123.94966038564371,1,3,3,146.83166389813528,3.329770563201687,30.70819111482666,0.7606056073988443,1.0,leptonic_bookkeeping,test,False,0.50562265163496,unassigned
658315,ggH,124.83570765056163,123.94966038564371,1,3,3,146.83166389813528,3.329770563201687,30.70819111482666,0.7606056073988443,1.0,leptonic_bookkeeping,test,False,0.50562265163496,unassigned
791297,ggH,124.83570765056163,123.94966038564371,1,3,3,146.83166389813528,3.329770563201687,30.70819111482666,0.7606056073988443,1.0,leptonic_bookkeeping,validation,False,0.50562265163496,unassigned
129306,ggH,124.83570765056163,123.94966038564371,1,3,3,146.83166389813528,3.329770563201687,30.70819111482666,0.7606056073988443,1.0,leptonic_bookkeeping,train,False,0.50562265163496,unassigned
109486,ggH,124.83570765056163,123.94966038564371,1,3,3,146.83166389813528,3.329770563201687,30.70819111482666,0.7606056073988443,1.0,leptonic_bookkeeping,validation,False,0.50562265163496,unassigned
233594,ggH,124.83570765056163,123.94966038564371,1,3,3,146.83166389813528,3.329770563201687,30.70819111482666,0.7606056073988443,1.0,leptonic_bookkeeping,validation,False,0.50562265163496,unassigned
974863,ggH,124.83570765056163,123.94966038564371,1,3,3,146.83166389813528,3.329770563201687,30.70819111482666,0.7606056073988443,1.0,leptonic_bookkeeping,train,False,0.50562265163496,unassigned
343084,ggH,124.83570765056163,123.94966038564371,1,3,3,146.83166389813528,3.329770563201687,30.70819111482666,0.7606056073988443,1.0,leptonic_bookkeeping,train,False,0.50562265163496,unassigned
532137,ggH,124.83570765056163,123.94966038564371,1,3,3,146.83166389813528,3.329770563201687,30.70819111482666,0.7606056073988443,1.0,leptonic_bookkeeping,validation,False,0.50562265163496,unassigned
179560,ggH,124.83570765056163,123.94966038564371,1,3,3,146.83166389813528,3.329770563201687,30.70819111482666,0.7606056073988443,1.0,leptonic_bookkeeping,train,False,0.50562265163496,unassigned
789506,ggH,124.83570765056163,123.94966038564371,1,3,3,146.83166389813528,3.329770563201687,30.70819111482666,0.7606056073988443,1.0,leptonic_bookkeeping,train,False,0.50562265163496,unassigned
761662,ggH,124.83570765056163,123.94966038564371,1,3,3,146.83166389813528,3.329770563201687,30.70819111482666,0.7606056073988443,1.0,leptonic_bookkeeping,test,False,0.50562265163496,unassigned
350991,ggH,124.83570765056163,123.94966038564371,1,3,3,146.83166389813528,3.329770563201687,30.70819111482666,0.7606056073988443,1.0,leptonic_bookkeeping,train,False,0.50562265163496,unassigned
120173,ggH,124.83570765056163,123.94966038564371,1,3,3,146.83166389813528,3.329770563201687,30.70819111482666,0.7606056073988443,1.0,leptonic_bookkeeping,validation,False,0.50562265163496,unassigned
26266,ggH,124.83570765056163,123.94966038564371,1,3,3,146.83166389813528,3.329770563201687,30.70819111482666,0.7606056073988443,1.0,leptonic_bookkeeping,train,False,0.50562265163496,unassigned
534213,ggH,124.83570765056163,123.94966038564371,1,3,3,146.83166389813528,3.329770563201687,30.70819111482666,0.7606056073988443,1.0,leptonic_bookkeeping,test,False,0.50562265163496,unassigned
621216,ggH,124.83570765056163,123.94966038564371,1,3,3,146.83166389813528,3.329770563201687,30.70819111482666,0.7606056073988443,1.0,leptonic_bookkeeping,train,False,0.50562265163496,unassigned
955826,ggH,124.83570765056163,123.94966038564371,1,3,3,146.83166389813528,3.329770563201687,30.70819111482666,0.7606056073988443,1.0,leptonic_bookkeeping,validation,False,0.50562265163496,unassigned
550956,ggH,124.83570765056163,123.94966038564371,1,3,3,146.83166389813528,3.329770563201687,30.70819111482666,0.7606056073988443,1.0,leptonic_bookkeeping,train,False,0.50562265163496,unassigned
90823,ggH,124.83570765056163,123.94966038564371,1,3,3,146.83166389813528,3.329770563201687,30.70819111482666,0.7606056073988443,1.0,leptonic_bookkeeping,test,False,0.50562265163496,unassigned
173561,ggH,124.83570765056163,123.94966038564371,1,3,3,146.83166389813528,3.329770563201687,30.70819111482666,0.7606056073988443,1.0,leptonic_bookkeeping,test,False,0.50562265163496,unassigned
585406,ggH,124.83570765056163,123.94966038564371,1,3,3,146.83166389813528,3.329770563201687,30.70819111482666,0.7606056073988443,1.0,leptonic_bookkeeping,validation,False,0.50562265163496,unassigned
434416,ggH,124.83570765056163,123.94966038564371,1,3,3,146.83166389813528,3.329770563201687,30.70819111482666,0.7606056073988443,1.0,leptonic_bookkeeping,train,False,0.50562265163496,unassigned
974360,ggH,124.83570765056163,123.94966038564371,1,3,3,146.83166389813528,3.329770563201687,30.70819111482666,0.7606056073988443,1.0,leptonic_bookkeeping,train,False,0.50562265163496,unassigned
41763,ggH,124.83570765056163,123.94966038564371,1,3,3,146.83166389813528,3.329770563201687,30.70819111482666,0.7606056073988443,1.0,leptonic_bookkeeping,train,False,0.50562265163496,unassigned
617094,ggH,124.83570765056163,123.94966038564371,1,3,3,146.83166389813528,3.329770563201687,30.70819111482666,0.7606056073988443,1.0,leptonic_bookkeeping,test,False,0.50562265163496,unassigned
732972,ggH,124.83570765056163,123.94966038564371,1,3,3,146.83166389813528,3.329770563201687,30.70819111482666,0.7606056073988443,1.0,leptonic_bookkeeping,train,False,0.50562265163496,unassigned
24098,ggH,124.83570765056163,123.94966038564371,1,3,3,146.83166389813528,3.329770563201687,30.70819111482666,0.7606056073988443,1.0,leptonic_bookkeeping,train,False,0.50562265163496,unassigned
896291,ggH,124.83570765056163,123.94966038564371,1,3,3,146.83166389813528,3.329770563201687,30.70819111482666,0.7606056073988443,1.0,leptonic_bookkeeping,test,False,0.50562265163496,unassigned
821119,ggH,124.83570765056163,123.94966038564371,1,3,3,146.83166389813528,3.329770563201687,30.70819111482666,0.7606056073988443,1.0,leptonic_bookkeeping,validation,False,0.50562265163496,unassigned
214860,ggH,124.83570765056163,123.94966038564371,1,3,3,146.83166389813528,3.329770563201687,30.70819111482666,0.7606056073988443,1.0,leptonic_bookkeeping,test,False,0.50562265163496,unassigned
174261,ggH,124.83570765056163,123.94966038564371,1,3,3,146.83166389813528,3.329770563201687,30.70819111482666,0.7606056073988443,1.0,leptonic_bookkeeping,test,False,0.50562265163496,unassigned
904914,ggH,124.83570765056163,123.94966038564371,1,3,3,146.83166389813528,3.329770563201687,30.70819111482666,0.7606056073988443,1.0,leptonic_bookkeeping,validation,False,0.50562265163496,unassigned
774316,ggH,124.83570765056163,123.94966038564371,1,3,3,146.83166389813528,3.329770563201687,30.70819111482666,0.7606056073988443,1.0,leptonic_bookkeeping,train,False,0.50562265163496,unassigned
359509,ggH,124.83570765056163,123.94966038564371,1,3,3,146.83166389813528,3.329770563201687,30.70819111482666,0.7606056073988443,1.0,leptonic_bookkeeping,test,False,0.50562265163496,unassigned
577175,ggH,124.83570765056163,123.94966038564371,1,3,3,146.83166389813528,3.329770563201687,30.70819111482666,0.7606056073988443,1.0,leptonic_bookkeeping,test,False,0.50562265163496,unassigned
849800,ggH,124.83570765056163,123.94966038564371,1,3,3,146.83166389813528,3.329770563201687,30.70819111482666,0.7606056073988443,1.0,leptonic_bookkeeping,train,False,0.50562265163496,unassigned
578774,ggH,124.83570765056163,123.94966038564371,1,3,3,146.83166389813528,3.329770563201687,30.70819111482666,0.7606056073988443,1.0,leptonic_bookkeeping,train,False,0.50562265163496,unassigned
181951,ggH,124.83570765056163,123.94966038564371,1,3,3,146.83166389813528,3.329770563201687,30.70819111482666,0.7606056073988443,1.0,leptonic_bookkeeping,validation,False,0.50562265163496,unassigned
923432,ggH,124.83570765056163,123.94966038564371,1,3,3,146.83166389813528,3.329770563201687,30.70819111482666,0.7606056073988443,1.0,leptonic_bookkeeping,train,False,0.50562265163496,unassigned
842021,ggH,124.83570765056163,123.94966038564371,1,3,3,146.83166389813528,3.329770563201687,30.70819111482666,0.7606056073988443,1.0,leptonic_bookkeeping,validation,False,0.50562265163496,unassigned
213755,ggH,124.83570765056163,123.94966038564371,1,3,3,146.83166389813528,3.329770563201687,30.70819111482666,0.7606056073988443,1.0,leptonic_bookkeeping,validation,False,0.50562265163496,unassigned
56457,ggH,124.83570765056163,123.94966038564371,1,3,3,146.83166389813528,3.329770563201687,30.70819111482666,0.7606056073988443,1.0,leptonic_bookkeeping,train,False,0.50562265163496,unassigned
620614,ggH,124.83570765056163,123.94966038564371,1,3,3,146.83166389813528,3.329770563201687,30.70819111482666,0.7606056073988443,1.0,leptonic_bookkeeping,train,False,0.50562265163496,unassigned
906386,ggH,124.83570765056163,123.94966038564371,1,3,3,146.83166389813528,3.329770563201687,30.70819111482666,0.7606056073988443,1.0,leptonic_bookkeeping,test,False,0.50562265163496,unassigned
233518,ggH,124.83570765056163,123.94966038564371,1,3,3,146.83166389813528,3.329770563201687,30.70819111482666,0.7606056073988443,1.0,leptonic_bookkeeping,validation,False,0.50562265163496,unassigned
235097,ggH,124.83570765056163,123.94966038564371,1,3,3,146.83166389813528,3.329770563201687,30.70819111482666,0.7606056073988443,1.0,leptonic_bookkeeping,test,False,0.50562265163496,unassigned
411017,ggH,124.83570765056163,123.94966038564371,1,3,3,146.83166389813528,3.329770563201687,30.70819111482666,0.7606056073988443,1.0,leptonic_bookkeeping,test,False,0.50562265163496,unassigned
614197,ggH,124.83570765056163,123.94966038564371,1,3,3,146.83166389813528,3.329770563201687,30.70819111482666,0.7606056073988443,1.0,leptonic_bookkeeping,train,False,0.50562265163496,unassigned
846044,ggH,124.83570765056163,123.94966038564371,1,3,3,146.83166389813528,3.329770563201687,30.70819111482666,0.7606056073988443,1.0,leptonic_bookkeeping,train,False,0.50562265163496,unassigned
432765,ggH,124.83570765056163,123.94966038564371,1,3,3,146.83166389813528,3.329770563201687,30.70819111482666,0.7606056073988443,1.0,leptonic_bookkeeping,test,False,0.50562265163496,unassigned
737550,ggH,124.83570765056163,123.94966038564371,1,3,3,146.83166389813528,3.329770563201687,30.70819111482666,0.7606056073988443,1.0,leptonic_bookkeeping,train,False,0.50562265163496,unassigned
650375,ggH,124.83570765056163,123.94966038564371,1,3,3,146.83166389813528,3.329770563201687,30.70819111482666,0.7606056073988443,1.0,leptonic_bookkeeping,train,False,0.50562265163496,unassigned
871985,ggH,124.83570765056163,123.94966038564371,1,3,3,146.83166389813528,3.329770563201687,30.70819111482666,0.7606056073988443,1.0,leptonic_bookkeeping,train,False,0.50562265163496,unassigned
260441,ggH,124.83570765056163,123.94966038564371,1,3,3,146.83166389813528,3.329770563201687,30.70819111482666,0.7606056073988443,1.0,leptonic_bookkeeping,train,False,0.50562265163496,unassigned
223518,ggH,124.83570765056163,123.94966038564371,1,3,3,146.83166389813528,3.329770563201687,30.70819111482666,0.7606056073988443,1.0,leptonic_bookkeeping,validation,False,0.50562265163496,unassigned
922343,ggH,124.83570765056163,123.94966038564371,1,3,3,146.83166389813528,3.329770563201687,30.70819111482666,0.7606056073988443,1.0,leptonic_bookkeeping,train,False,0.50562265163496,unassigned
912815,ggH,124.83570765056163,123.94966038564371,1,3,3,146.83166389813528,3.329770563201687,30.70819111482666,0.7606056073988443,1.0,leptonic_bookkeeping,train,False,0.50562265163496,unassigned
597652,ggH,124.83570765056163,123.94966038564371,1,3,3,146.83166389813528,3.329770563201687,30.70819111482666,0.7606056073988443,1.0,leptonic_bookkeeping,test,False,0.50562265163496,unassigned
623287,ggH,124.83570765056163,123.94966038564371,1,3,3,146.83166389813528,3.329770563201687,30.70819111482666,0.7606056073988443,1.0,leptonic_bookkeeping,train,False,0.50562265163496,unassigned
862392,ggH,124.83570765056163,123.94966038564371,1,3,3,146.83166389813528,3.329770563201687,30.70819111482666,0.7606056073988443,1.0,leptonic_bookkeeping,validation,False,0.50562265163496,unassigned
868484,ggH,124.83570765056163,123.94966038564371,1,3,3,146.83166389813528,3.329770563201687,30.70819111482666,0.7606056073988443,1.0,leptonic_bookkeeping,train,False,0.50562265163496,unassigned
488676,ggH,124.83570765056163,123.94966038564371,1,3,3,146.83166389813528,3.329770563201687,30.70819111482666,0.7606056073988443,1.0,leptonic_bookkeeping,train,False,0.50562265163496,unassigned
929049,ggH,124.83570765056163,123.94966038564371,1,3,3,146.83166389813528,3.329770563201687,30.70819111482666,0.7606056073988443,1.0,leptonic_bookkeeping,train,False,0.50562265163496,unassigned
240863,ggH,124.83570765056163,123.94966038564371,1,3,3,146.83166389813528,3.329770563201687,30.70819111482666,0.7606056073988443,1.0,leptonic_bookkeeping,train,False,0.50562265163496,unassigned
219660,ggH,124.83570765056163,123.94966038564371,1,3,3,146.83166389813528,3.329770563201687,30.70819111482666,0.7606056073988443,1.0,leptonic_bookkeeping,train,False,0.50562265163496,unassigned
959140,ggH,124.83570765056163,123.94966038564371,1,3,3,146.83166389813528,3.329770563201687,30.70819111482666,0.7606056073988443,1.0,leptonic_bookkeeping,train,False,0.50562265163496,unassigned
331779,ggH,124.83570765056163,123.94966038564371,1,3,3,146.83166389813528,3.329770563201687,30.70819111482666,0.7606056073988443,1.0,leptonic_bookkeeping,train,False,0.50562265163496,unassigned
4872,ggH,124.83570765056163,123.94966038564371,1,3,3,146.83166389813528,3.329770563201687,30.70819111482666,0.7606056073988443,1.0,leptonic_bookkeeping,train,False,0.50562265163496,unassigned
325417,ggH,124.83570765056163,123.94966038564371,1,3,3,146.83166389813528,3.329770563201687,30.70819111482666,0.7606056073988443,1.0,leptonic_bookkeeping,train,False,0.50562265163496,unassigned
360154,ggH,124.83570765056163,123.94966038564371,1,3,3,146.83166389813528,3.329770563201687,30.70819111482666,0.7606056073988443,1.0,leptonic_bookkeeping,test,False,0.50562265163496,unassigned
965030,ggH,124.83570765056163,123.94966038564371,1,3,3,146.83166389813528,3.329770563201687,30.70819111482666,0.7606056073988443,1.0,leptonic_bookkeeping,validation,False,0.50562265163496,unassigned
263032,ggH,124.83570765056163,123.94966038564371,1,3,3,146.83166389813528,3.329770563201687,30.70819111482666,0.7606056073988443,1.0,leptonic_bookkeeping,train,False,0.50562265163496,unassigned
363332,ggH,124.83570765056163,123.94966038564371,1,3,3,146.83166389813528,3.329770563201687,30.70819111482666,0.7606056073988443,1.0,leptonic_bookkeeping,train,False,0.50562265163496,unassigned
63134,ggH,124.83570765056163,123.94966038564371,1,3,3,146.83166389813528,3.329770563201687,30.70819111482666,0.7606056073988443,1.0,leptonic_bookkeeping,train,False,0.50562265163496,unassigned
146794,ggH,124.83570765056163,123.94966038564371,1,3,3,146.83166389813528,3.329770563201687,30.70819111482666,0.7606056073988443,1.0,leptonic_bookkeeping,train,False,0.50562265163496,unassigned
8769,ggH,124.83570765056163,123.94966038564371,1,3,3,146.83166389813528,3.329770563201687,30.70819111482666,0.7606056073988443,1.0,leptonic_bookkeeping,test,False,0.50562265163496,unassigned
2807,ggH,124.83570765056163,123.94966038564371,1,3,3,146.83166389813528,3.329770563201687,30.70819111482666,0.7606056073988443,1.0,leptonic_bookkeeping,train,False,0.50562265163496,unassigned
156023,ggH,124.83570765056163,123.94966038564371,1,3,3,146.83166389813528,3.329770563201687,30.70819111482666,0.7606056073988443,1.0,leptonic_bookkeeping,train,False,0.50562265163496,unassigned
790117,ggH,124.83570765056163,123.94966038564371,1,3,3,146.83166389813528,3.329770563201687,30.70819111482666,0.7606056073988443,1.0,leptonic_bookkeeping,validation,False,0.50562265163496,unassigned
512233,ggH,124.83570765056163,123.94966038564371,1,3,3,146.83166389813528,3.329770563201687,30.70819111482666,0.7606056073988443,1.0,leptonic_bookkeeping,validation,False,0.50562265163496,unassigned
149481,ggH,124.83570765056163,123.94966038564371,1,3,3,146.83166389813528,3.329770563201687,30.70819111482666,0.7606056073988443,1.0,leptonic_bookkeeping,train,False,0.50562265163496,unassigned
592485,ggH,124.83570765056163,123.94966038564371,1,3,3,146.83166389813528,3.329770563201687,30.70819111482666,0.7606056073988443,1.0,leptonic_bookkeeping,train,False,0.50562265163496,unassigned
124708,ggH,124.83570765056163,123.94966038564371,1,3,3,146.83166389813528,3.329770563201687,30.70819111482666,0.7606056073988443,1.0,leptonic_bookkeeping,train,False,0.50562265163496,unassigned
868422,ggH,124.83570765056163,123.94966038564371,1,3,3,146.83166389813528,3.329770563201687,30.70819111482666,0.7606056073988443,1.0,leptonic_bookkeeping,train,False,0.50562265163496,unassigned
862149,ggH,124.83570765056163,123.94966038564371,1,3,3,146.83166389813528,3.329770563201687,30.70819111482666,0.7606056073988443,1.0,leptonic_bookkeeping,validation,False,0.50562265163496,unassigned
284960,ggH,124.83570765056163,123.94966038564371,1,3,3,146.83166389813528,3.329770563201687,30.70819111482666,0.7606056073988443,1.0,leptonic_bookkeeping,validation,False,0.50562265163496,unassigned
671885,ggH,124.83570765056163,123.94966038564371,1,3,3,146.83166389813528,3.329770563201687,30.70819111482666,0.7606056073988443,1.0,leptonic_bookkeeping,train,False,0.50562265163496,unassigned
857662,ggH,124.83570765056163,123.94966038564371,1,3,3,146.83166389813528,3.329770563201687,30.70819111482666,0.7606056073988443,1.0,leptonic_bookkeeping,train,False,0.50562265163496,unassigned
363159,ggH,124.83570765056163,123.94966038564371,1,3,3,146.83166389813528,3.329770563201687,30.70819111482666,0.7606056073988443,1.0,leptonic_bookkeeping,train,False,0.50562265163496,unassigned
907547,ggH,124.83570765056163,123.94966038564371,1,3,3,146.83166389813528,3.329770563201687,30.70819111482666,0.7606056073988443,1.0,leptonic_bookkeeping,train,False,0.50562265163496,unassigned
766637,ggH,124.83570765056163,123.94966038564371,1,3,3,146.83166389813528,3.329770563201687,30.70819111482666,0.7606056073988443,1.0,leptonic_bookkeeping,train,False,0.50562265163496,unassigned
816206,ggH,124.83570765056163,123.94966038564371,1,3,3,146.83166389813528,3.329770563201687,30.70819111482666,0.7606056073988443,1.0,leptonic_bookkeeping,train,False,0.50562265163496,unassigned
258990,ggH,124.83570765056163,123.94966038564371,1,3,3,146.83166389813528,3.329770563201687,30.70819111482666,0.7606056073988443,1.0,leptonic_bookkeeping,train,False,0.50562265163496,unassigned
795775,ggH,124.83570765056163,123.94966038564371,1,3,3,146.83166389813528,3.329770563201687,30.70819111482666,0.7606056073988443,1.0,leptonic_bookkeeping,train,False,0.50562265163496,unassigned
729170,ggH,124.83570765056163,123.94966038564371,1,3,3,146.83166389813528,3.329770563201687,30.70819111482666,0.7606056073988443,1.0,leptonic_bookkeeping,validation,False,0.50562265163496,unassigned
128140,ggH,124.83570765056163,123.94966038564371,1,3,3,146.83166389813528,3.329770563201687,30.70819111482666,0.7606056073988443,1.0,leptonic_bookkeeping,train,False,0.50562265163496,unassigned
533634,ggH,124.83570765056163,123.94966038564371,1,3,3,146.83166389813528,3.329770563201687,30.70819111482666,0.7606056073988443,1.0,leptonic_bookkeeping,validation,False,0.50562265163496,unassigned
60955,ggH,124.83570765056163,123.94966038564371,1,3,3,146.83166389813528,3.329770563201687,30.70819111482666,0.7606056073988443,1.0,leptonic_bookkeeping,test,False,0.50562265163496,unassigned
840289,ggH,124.83570765056163,123.94966038564371,1,3,3,146.83166389813528,3.329770563201687,30.70819111482666,0.7606056073988443,1.0,leptonic_bookkeeping,train,False,0.50562265163496,unassigned
881718,ggH,124.83570765056163,123.94966038564371,1,3,3,146.83166389813528,3.329770563201687,30.70819111482666,0.7606056073988443,1.0,leptonic_bookkeeping,train,False,0.50562265163496,unassigned
236387,ggH,124.83570765056163,123.94966038564371,1,3,3,146.83166389813528,3.329770563201687,30.70819111482666,0.7606056073988443,1.0,leptonic_bookkeeping,test,False,0.50562265163496,unassigned
45785,ggH,124.83570765056163,123.94966038564371,1,3,3,146.83166389813528,3.329770563201687,30.70819111482666,0.7606056073988443,1.0,leptonic_bookkeeping,train,False,0.50562265163496,unassigned
801033,ggH,124.83570765056163,123.94966038564371,1,3,3,146.83166389813528,3.329770563201687,30.70819111482666,0.7606056073988443,1.0,leptonic_bookkeeping,validation,False,0.50562265163496,unassigned
18617,ggH,124.83570765056163,123.94966038564371,1,3,3,146.83166389813528,3.329770563201687,30.70819111482666,0.7606056073988443,1.0,leptonic_bookkeeping,test,False,0.50562265163496,unassigned
801739,ggH,124.83570765056163,123.94966038564371,1,3,3,146.83166389813528,3.329770563201687,30.70819111482666,0.7606056073988443,1.0,leptonic_bookkeeping,validation,False,0.50562265163496,unassigned
262739,ggH,124.83570765056163,123.94966038564371,1,3,3,146.83166389813528,3.329770563201687,30.70819111482666,0.7606056073988443,1.0,leptonic_bookkeeping,train,False,0.50562265163496,unassigned
556545,ggH,124.83570765056163,123.94966038564371,1,3,3,146.83166389813528,3.329770563201687,30.70819111482666,0.7606056073988443,1.0,leptonic_bookkeeping,test,False,0.50562265163496,unassigned
317591,ggH,124.83570765056163,123.94966038564371,1,3,3,146.83166389813528,3.329770563201687,30.70819111482666,0.7606056073988443,1.0,leptonic_bookkeeping,test,False,0.50562265163496,unassigned
752175,ggH,124.83570765056163,123.94966038564371,1,3,3,146.83166389813528,3.329770563201687,30.70819111482666,0.7606056073988443,1.0,leptonic_bookkeeping,test,False,0.50562265163496,unassigned
369193,ggH,124.83570765056163,123.94966038564371,1,3,3,146.83166389813528,3.329770563201687,30.70819111482666,0.7606056073988443,1.0,leptonic_bookkeeping,test,False,0.50562265163496,unassigned
997372,ggH,124.83570765056163,123.94966038564371,1,3,3,146.83166389813528,3.329770563201687,30.70819111482666,0.7606056073988443,1.0,leptonic_bookkeeping,validation,False,0.50562265163496,unassigned
670465,ggH,124.83570765056163,123.94966038564371,1,3,3,146.83166389813528,3.329770563201687,30.70819111482666,0.7606056073988443,1.0,leptonic_bookkeeping,train,False,0.50562265163496,unassigned
480680,ggH,124.83570765056163,123.94966038564371,1,3,3,146.83166389813528,3.329770563201687,30.70819111482666,0.7606056073988443,1.0,leptonic_bookkeeping,validation,False,0.50562265163496,unassigned
153803,ggH,124.83570765056163,123.94966038564371,1,3,3,146.83166389813528,3.329770563201687,30.70819111482666,0.7606056073988443,1.0,leptonic_bookkeeping,test,False,0.50562265163496,unassigned
629237,ggH,124.83570765056163,123.94966038564371,1,3,3,146.83166389813528,3.329770563201687,30.70819111482666,0.7606056073988443,1.0,leptonic_bookkeeping,train,False,0.50562265163496,unassigned
79022,ggH,124.83570765056163,123.94966038564371,1,3,3,146.83166389813528,3.329770563201687,30.70819111482666,0.7606056073988443,1.0,leptonic_bookkeeping,validation,False,0.50562265163496,unassigned
640441,ggH,124.83570765056163,123.94966038564371,1,3,3,146.83166389813528,3.329770563201687,30.70819111482666,0.7606056073988443,1.0,leptonic_bookkeeping,train,False,0.50562265163496,unassigned
612467,ggH,124.83570765056163,123.94966038564371,1,3,3,146.83166389813528,3.329770563201687,30.70819111482666,0.7606056073988443,1.0,leptonic_bookkeeping,train,False,0.50562265163496,unassigned
410413,ggH,124.83570765056163,123.94966038564371,1,3,3,146.83166389813528,3.329770563201687,30.70819111482666,0.7606056073988443,1.0,leptonic_bookkeeping,test,False,0.50562265163496,unassigned
628829,ggH,124.83570765056163,123.94966038564371,1,3,3,146.83166389813528,3.329770563201687,30.70819111482666,0.7606056073988443,1.0,leptonic_bookkeeping,test,False,0.50562265163496,unassigned
877089,ggH,124.83570765056163,123.94966038564371,1,3,3,146.83166389813528,3.329770563201687,30.70819111482666,0.7606056073988443,1.0,leptonic_bookkeeping,train,False,0.50562265163496,unassigned
44688,ggH,124.83570765056163,123.94966038564371,1,3,3,146.83166389813528,3.329770563201687,30.70819111482666,0.7606056073988443,1.0,leptonic_bookkeeping,train,False,0.50562265163496,unassigned
477684,ggH,124.83570765056163,123.94966038564371,1,3,3,146.83166389813528,3.329770563201687,30.70819111482666,0.7606056073988443,1.0,leptonic_bookkeeping,train,False,0.50562265163496,unassigned
243915,ggH,124.83570765056163,123.94966038564371,1,3,3,146.83166389813528,3.329770563201687,30.70819111482666,0.7606056073988443,1.0,leptonic_bookkeeping,validation,False,0.50562265163496,unassigned
724288,ggH,124.83570765056163,123.94966038564371,1,3,3,146.83166389813528,3.329770563201687,30.70819111482666,0.7606056073988443,1.0,leptonic_bookkeeping,train,False,0.50562265163496,unassigned
15507,ggH,124.83570765056163,123.94966038564371,1,3,3,146.83166389813528,3.329770563201687,30.70819111482666,0.7606056073988443,1.0,leptonic_bookkeeping,train,False,0.50562265163496,unassigned
663113,ggH,124.83570765056163,123.94966038564371,1,3,3,146.83166389813528,3.329770563201687,30.70819111482666,0.7606056073988443,1.0,leptonic_bookkeeping,train,False,0.50562265163496,unassigned
95371,ggH,124.83570765056163,123.94966038564371,1,3,3,146.83166389813528,3.329770563201687,30.70819111482666,0.7606056073988443,1.0,leptonic_bookkeeping,train,False,0.50562265163496,unassigned
71548,ggH,124.83570765056163,123.94966038564371,1,3,3,146.83166389813528,3.329770563201687,30.70819111482666,0.7606056073988443,1.0,leptonic_bookkeeping,test,False,0.50562265163496,unassigned
187916,ggH,124.83570765056163,123.94966038564371,1,3,3,146.83166389813528,3.329770563201687,30.70819111482666,0.7606056073988443,1.0,leptonic_bookkeeping,train,False,0.50562265163496,unassigned
410749,ggH,124.83570765056163,123.94966038564371,1,3,3,146.83166389813528,3.329770563201687,30.70819111482666,0.7606056073988443,1.0,leptonic_bookkeeping,test,False,0.50562265163496,unassigned
623877,ggH,124.83570765056163,123.94966038564371,1,3,3,146.83166389813528,3.329770563201687,30.70819111482666,0.7606056073988443,1.0,leptonic_bookkeeping,train,False,0.50562265163496,unassigned
551316,ggH,124.83570765056163,123.94966038564371,1,3,3,146.83166389813528,3.329770563201687,30.70819111482666,0.7606056073988443,1.0,leptonic_bookkeeping,train,False,0.50562265163496,unassigned
164941,ggH,124.83570765056163,123.94966038564371,1,3,3,146.83166389813528,3.329770563201687,30.70819111482666,0.7606056073988443,1.0,leptonic_bookkeeping,test,False,0.50562265163496,unassigned
302970,ggH,124.83570765056163,123.94966038564371,1,3,3,146.83166389813528,3.329770563201687,30.70819111482666,0.7606056073988443,1.0,leptonic_bookkeeping,train,False,0.50562265163496,unassigned
829118,ggH,124.83570765056163,123.94966038564371,1,3,3,146.83166389813528,3.329770563201687,30.70819111482666,0.7606056073988443,1.0,leptonic_bookkeeping,train,False,0.50562265163496,unassigned
764780,ggH,124.83570765056163,123.94966038564371,1,3,3,146.83166389813528,3.329770563201687,30.70819111482666,0.7606056073988443,1.0,leptonic_bookkeeping,train,False,0.50562265163496,unassigned
468220,ggH,124.83570765056163,123.94966038564371,1,3,3,146.83166389813528,3.329770563201687,30.70819111482666,0.7606056073988443,1.0,leptonic_bookkeeping,train,False,0.50562265163496,unassigned
374736,ggH,124.83570765056163,123.94966038564371,1,3,3,146.83166389813528,3.329770563201687,30.70819111482666,0.7606056073988443,1.0,leptonic_bookkeeping,train,False,0.50562265163496,unassigned
72760,ggH,124.83570765056163,123.94966038564371,1,3,3,146.83166389813528,3.329770563201687,30.70819111482666,0.7606056073988443,1.0,leptonic_bookkeeping,train,False,0.50562265163496,unassigned
885210,ggH,124.83570765056163,123.94966038564371,1,3,3,146.83166389813528,3.329770563201687,30.70819111482666,0.7606056073988443,1.0,leptonic_bookkeeping,test,False,0.50562265163496,unassigned
391391,ggH,124.83570765056163,123.94966038564371,1,3,3,146.83166389813528,3.329770563201687,30.70819111482666,0.7606056073988443,1.0,leptonic_bookkeeping,test,False,0.50562265163496,unassigned
37253,ggH,124.83570765056163,123.94966038564371,1,3,3,146.83166389813528,3.329770563201687,30.70819111482666,0.7606056073988443,1.0,leptonic_bookkeeping,validation,False,0.50562265163496,unassigned
519037,ggH,124.83570765056163,123.94966038564371,1,3,3,146.83166389813528,3.329770563201687,30.70819111482666,0.7606056073988443,1.0,leptonic_bookkeeping,train,False,0.50562265163496,unassigned
507467,ggH,124.83570765056163,123.94966038564371,1,3,3,146.83166389813528,3.329770563201687,30.70819111482666,0.7606056073988443,1.0,leptonic_bookkeeping,train,False,0.50562265163496,unassigned
571321,ggH,124.83570765056163,123.94966038564371,1,3,3,146.83166389813528,3.329770563201687,30.70819111482666,0.7606056073988443,1.0,leptonic_bookkeeping,train,False,0.50562265163496,unassigned
796375,ggH,124.83570765056163,123.94966038564371,1,3,3,146.83166389813528,3.329770563201687,30.70819111482666,0.7606056073988443,1.0,leptonic_bookkeeping,train,False,0.50562265163496,unassigned
527724,ggH,124.83570765056163,123.94966038564371,1,3,3,146.83166389813528,3.329770563201687,30.70819111482666,0.7606056073988443,1.0,leptonic_bookkeeping,train,False,0.50562265163496,unassigned
270494,ggH,124.83570765056163,123.94966038564371,1,3,3,146.83166389813528,3.329770563201687,30.70819111482666,0.7606056073988443,1.0,leptonic_bookkeeping,train,False,0.50562265163496,unassigned
803709,ggH,124.83570765056163,123.94966038564371,1,3,3,146.83166389813528,3.329770563201687,30.70819111482666,0.7606056073988443,1.0,leptonic_bookkeeping,test,False,0.50562265163496,unassigned
542600,ggH,124.83570765056163,123.94966038564371,1,3,3,146.83166389813528,3.329770563201687,30.70819111482666,0.7606056073988443,1.0,leptonic_bookkeeping,validation,False,0.50562265163496,unassigned
210903,ggH,124.83570765056163,123.94966038564371,1,3,3,146.83166389813528,3.329770563201687,30.70819111482666,0.7606056073988443,1.0,leptonic_bookkeeping,train,False,0.50562265163496,unassigned
314832,ggH,124.83570765056163,123.94966038564371,1,3,3,146.83166389813528,3.329770563201687,30.70819111482666,0.7606056073988443,1.0,leptonic_bookkeeping,train,False,0.50562265163496,unassigned
914362,ggH,124.83570765056163,123.94966038564371,1,3,3,146.83166389813528,3.329770563201687,30.70819111482666,0.7606056073988443,1.0,leptonic_bookkeeping,validation,False,0.50562265163496,unassigned
490380,ggH,124.83570765056163,123.94966038564371,1,3,3,146.83166389813528,3.329770563201687,30.70819111482666,0.7606056073988443,1.0,leptonic_bookkeeping,train,False,0.50562265163496,unassigned
217810,ggH,124.83570765056163,123.94966038564371,1,3,3,146.83166389813528,3.329770563201687,30.70819111482666,0.7606056073988443,1.0,leptonic_bookkeeping,train,False,0.50562265163496,unassigned
865333,ggH,124.83570765056163,123.94966038564371,1,3,3,146.83166389813528,3.329770563201687,30.70819111482666,0.7606056073988443,1.0,leptonic_bookkeeping,test,False,0.50562265163496,unassigned
440013,ggH,124.83570765056163,123.94966038564371,1,3,3,146.83166389813528,3.329770563201687,30.70819111482666,0.7606056073988443,1.0,leptonic_bookkeeping,validation,False,0.50562265163496,unassigned
795398,ggH,124.83570765056163,123.94966038564371,1,3,3,146.83166389813528,3.329770563201687,30.70819111482666,0.7606056073988443,1.0,leptonic_bookkeeping,train,False,0.50562265163496,unassigned
391319,ggH,124.83570765056163,123.94966038564371,1,3,3,146.83166389813528,3.329770563201687,30.70819111482666,0.7606056073988443,1.0,leptonic_bookkeeping,test,False,0.50562265163496,unassigned
254134,ggH,124.83570765056163,123.94966038564371,1,3,3,146.83166389813528,3.329770563201687,30.70819111482666,0.7606056073988443,1.0,leptonic_bookkeeping,validation,False,0.50562265163496,unassigned
106217,ggH,124.83570765056163,123.94966038564371,1,3,3,146.83166389813528,3.329770563201687,30.70819111482666,0.7606056073988443,1.0,leptonic_bookkeeping,train,False,0.50562265163496,unassigned
150512,ggH,124.83570765056163,123.94966038564371,1,3,3,146.83166389813528,3.329770563201687,30.70819111482666,0.7606056073988443,1.0,leptonic_bookkeeping,train,False,0.50562265163496,unassigned
87435,ggH,124.83570765056163,123.94966038564371,1,3,3,146.83166389813528,3.329770563201687,30.70819111482666,0.7606056073988443,1.0,leptonic_bookkeeping,train,False,0.50562265163496,unassigned
965590,ggH,124.83570765056163,123.94966038564371,1,3,3,146.83166389813528,3.329770563201687,30.70819111482666,0.7606056073988443,1.0,leptonic_bookkeeping,validation,False,0.50562265163496,unassigned
858608,ggH,124.83570765056163,123.94966038564371,1,3,3,146.83166389813528,3.329770563201687,30.70819111482666,0.7606056073988443,1.0,leptonic_bookkeeping,train,False,0.50562265163496,unassigned
593231,ggH,124.83570765056163,123.94966038564371,1,3,3,146.83166389813528,3.329770563201687,30.70819111482666,0.7606056073988443,1.0,leptonic_bookkeeping,train,False,0.50562265163496,unassigned
879988,ggH,124.83570765056163,123.94966038564371,1,3,3,146.83166389813528,3.329770563201687,30.70819111482666,0.7606056073988443,1.0,leptonic_bookkeeping,train,False,0.50562265163496,unassigned
836893,ggH,124.83570765056163,123.94966038564371,1,3,3,146.83166389813528,3.329770563201687,30.70819111482666,0.7606056073988443,1.0,leptonic_bookkeeping,train,False,0.50562265163496,unassigned
779779,ggH,124.83570765056163,123.94966038564371,1,3,3,146.83166389813528,3.329770563201687,30.70819111482666,0.7606056073988443,1.0,leptonic_bookkeeping,validation,False,0.50562265163496,unassigned
156958,ggH,124.83570765056163,123.94966038564371,1,3,3,146.83166389813528,3.329770563201687,30.70819111482666,0.7606056073988443,1.0,leptonic_bookkeeping,train,False,0.50562265163496,unassigned
537289,ggH,124.83570765056163,123.94966038564371,1,3,3,146.83166389813528,3.329770563201687,30.70819111482666,0.7606056073988443,1.0,leptonic_bookkeeping,train,False,0.50562265163496,unassigned
757366,ggH,124.83570765056163,123.94966038564371,1,3,3,146.83166389813528,3.329770563201687,30.70819111482666,0.7606056073988443,1.0,leptonic_bookkeeping,train,False,0.50562265163496,unassigned
870156,ggH,124.83570765056163,123.94966038564371,1,3,3,146.83166389813528,3.329770563201687,30.70819111482666,0.7606056073988443,1.0,leptonic_bookkeeping,train,False,0.50562265163496,unassigned
876028,ggH,124.83570765056163,123.94966038564371,1,3,3,146.83166389813528,3.329770563201687,30.70819111482666,0.7606056073988443,1.0,leptonic_bookkeeping,test,False,0.50562265163496,unassigned
937036,ggH,124.83570765056163,123.94966038564371,1,3,3,146.83166389813528,3.329770563201687,30.70819111482666,0.7606056073988443,1.0,leptonic_bookkeeping,test,False,0.50562265163496,unassigned
583556,ggH,124.83570765056163,123.94966038564371,1,3,3,146.83166389813528,3.329770563201687,30.70819111482666,0.7606056073988443,1.0,leptonic_bookkeeping,validation,False,0.50562265163496,unassigned
22639,ggH,124.83570765056163,123.94966038564371,1,3,3,146.83166389813528,3.329770563201687,30.70819111482666,0.7606056073988443,1.0,leptonic_bookkeeping,train,False,0.50562265163496,unassigned
214514,ggH,124.83570765056163,123.94966038564371,1,3,3,146.83166389813528,3.329770563201687,30.70819111482666,0.7606056073988443,1.0,leptonic_bookkeeping,test,False,0.50562265163496,unassigned
194426,ggH,124.83570765056163,123.94966038564371,1,3,3,146.83166389813528,3.329770563201687,30.70819111482666,0.7606056073988443,1.0,leptonic_bookkeeping,test,False,0.50562265163496,unassigned
707033,ggH,124.83570765056163,123.94966038564371,1,3,3,146.83166389813528,3.329770563201687,30.70819111482666,0.7606056073988443,1.0,leptonic_bookkeeping,train,False,0.50562265163496,unassigned
976990,ggH,124.83570765056163,123.94966038564371,1,3,3,146.83166389813528,3.329770563201687,30.70819111482666,0.7606056073988443,1.0,leptonic_bookkeeping,validation,False,0.50562265163496,unassigned
32540,ggH,124.83570765056163,123.94966038564371,1,3,3,146.83166389813528,3.329770563201687,30.70819111482666,0.7606056073988443,1.0,leptonic_bookkeeping,train,False,0.50562265163496,unassigned
17561,ggH,124.83570765056163,123.94966038564371,1,3,3,146.83166389813528,3.329770563201687,30.70819111482666,0.7606056073988443,1.0,leptonic_bookkeeping,validation,False,0.50562265163496,unassigned
498711,ggH,124.83570765056163,123.94966038564371,1,3,3,146.83166389813528,3.329770563201687,30.70819111482666,0.7606056073988443,1.0,leptonic_bookkeeping,train,False,0.50562265163496,unassigned
791114,ggH,124.83570765056163,123.94966038564371,1,3,3,146.83166389813528,3.329770563201687,30.70819111482666,0.7606056073988443,1.0,leptonic_bookkeeping,validation,False,0.50562265163496,unassigned
632419,ggH,124.83570765056163,123.94966038564371,1,3,3,146.83166389813528,3.329770563201687,30.70819111482666,0.7606056073988443,1.0,leptonic_bookkeeping,train,False,0.50562265163496,unassigned
903628,ggH,124.83570765056163,123.94966038564371,1,3,3,146.83166389813528,3.329770563201687,30.70819111482666,0.7606056073988443,1.0,leptonic_bookkeeping,validation,False,0.50562265163496,unassigned
973076,ggH,124.83570765056163,123.94966038564371,1,3,3,146.83166389813528,3.329770563201687,30.70819111482666,0.7606056073988443,1.0,leptonic_bookkeeping,train,False,0.50562265163496,unassigned
878745,ggH,124.83570765056163,123.94966038564371,1,3,3,146.83166389813528,3.329770563201687,30.70819111482666,0.7606056073988443,1.0,leptonic_bookkeeping,train,False,0.50562265163496,unassigned
852567,ggH,124.83570765056163,123.94966038564371,1,3,3,146.83166389813528,3.329770563201687,30.70819111482666,0.7606056073988443,1.0,leptonic_bookkeeping,validation,False,0.50562265163496,unassigned
200654,ggH,124.83570765056163,123.94966038564371,1,3,3,146.83166389813528,3.329770563201687,30.70819111482666,0.7606056073988443,1.0,leptonic_bookkeeping,train,False,0.50562265163496,unassigned
158916,ggH,124.83570765056163,123.94966038564371,1,3,3,146.83166389813528,3.329770563201687,30.70819111482666,0.7606056073988443,1.0,leptonic_bookkeeping,train,False,0.50562265163496,unassigned
352523,ggH,124.83570765056163,123.94966038564371,1,3,3,146.83166389813528,3.329770563201687,30.70819111482666,0.7606056073988443,1.0,leptonic_bookkeeping,train,False,0.50562265163496,unassigned
17755,ggH,124.83570765056163,123.94966038564371,1,3,3,146.83166389813528,3.329770563201687,30.70819111482666,0.7606056073988443,1.0,leptonic_bookkeeping,validation,False,0.50562265163496,unassigned
980835,ggH,124.83570765056163,123.94966038564371,1,3,3,146.83166389813528,3.329770563201687,30.70819111482666,0.7606056073988443,1.0,leptonic_bookkeeping,train,False,0.50562265163496,unassigned
105800,ggH,124.83570765056163,123.94966038564371,1,3,3,146.83166389813528,3.329770563201687,30.70819111482666,0.7606056073988443,1.0,leptonic_bookkeeping,train,False,0.50562265163496,unassigned
342182,ggH,124.83570765056163,123.94966038564371,1,3,3,146.83166389813528,3.329770563201687,30.70819111482666,0.7606056073988443,1.0,leptonic_bookkeeping,train,False,0.50562265163496,unassigned
566449,ggH,124.83570765056163,123.94966038564371,1,3,3,146.83166389813528,3.329770563201687,30.70819111482666,0.7606056073988443,1.0,leptonic_bookkeeping,test,False,0.50562265163496,unassigned
58766,ggH,124.83570765056163,123.94966038564371,1,3,3,146.83166389813528,3.329770563201687,30.70819111482666,0.7606056073988443,1.0,leptonic_bookkeeping,validation,False,0.50562265163496,unassigned
665417,ggH,124.83570765056163,123.94966038564371,1,3,3,146.83166389813528,3.329770563201687,30.70819111482666,0.7606056073988443,1.0,leptonic_bookkeeping,train,False,0.50562265163496,unassigned
861578,ggH,124.83570765056163,123.94966038564371,1,3,3,146.83166389813528,3.329770563201687,30.70819111482666,0.7606056073988443,1.0,leptonic_bookkeeping,train,False,0.50562265163496,unassigned
661778,ggH,124.83570765056163,123.94966038564371,1,3,3,146.83166389813528,3.329770563201687,30.70819111482666,0.7606056073988443,1.0,leptonic_bookkeeping,train,False,0.50562265163496,unassigned
702824,ggH,124.83570765056163,123.94966038564371,1,3,3,146.83166389813528,3.329770563201687,30.70819111482666,0.7606056073988443,1.0,leptonic_bookkeeping,train,False,0.50562265163496,unassigned
60145,ggH,124.83570765056163,123.94966038564371,1,3,3,146.83166389813528,3.329770563201687,30.70819111482666,0.7606056073988443,1.0,leptonic_bookkeeping,test,False,0.50562265163496,unassigned
555555,ggH,124.83570765056163,123.94966038564371,1,3,3,146.83166389813528,3.329770563201687,30.70819111482666,0.7606056073988443,1.0,leptonic_bookkeeping,test,False,0.50562265163496,unassigned
492368,ggH,124.83570765056163,123.94966038564371,1,3,3,146.83166389813528,3.329770563201687,30.70819111482666,0.7606056073988443,1.0,leptonic_bookkeeping,validation,False,0.50562265163496,unassigned
48592,ggH,124.83570765056163,123.94966038564371,1,3,3,146.83166389813528,3.329770563201687,30.70819111482666,0.7606056073988443,1.0,leptonic_bookkeeping,validation,False,0.50562265163496,unassigned
242668,ttH,124.83570765056163,123.94966038564371,1,3,3,146.83166389813528,3.329770563201687,30.70819111482666,0.7606056073988443,1.0,leptonic_bookkeeping,train,True,0.50562265163496,unassigned
278887,ttH,124.83570765056163,123.94966038564371,1,3,3,146.83166389813528,3.329770563201687,30.70819111482666,0.7606056073988443,1.0,leptonic_bookkeeping,train,True,0.50562265163496,unassigned
983853,ttH,124.83570765056163,123.94966038564371,1,3,3,146.83166389813528,3.329770563201687,30.70819111482666,0.7606056073988443,1.0,leptonic_bookkeeping,train,True,0.50562265163496,unassigned
62343,ttH,124.83570765056163,123.94966038564371,1,3,3,146.83166389813528,3.329770563201687,30.70819111482666,0.7606056073988443,1.0,leptonic_bookkeeping,train,True,0.50562265163496,unassigned
465694,ttH,124.83570765056163,123.94966038564371,1,3,3,146.83166389813528,3.329770563201687,30.70819111482666,0.7606056073988443,1.0,leptonic_bookkeeping,train,True,0.50562265163496,unassigned
915820,ttH,124.83570765056163,123.94966038564371,1,3,3,146.83166389813528,3.329770563201687,30.70819111482666,0.7606056073988443,1.0,leptonic_bookkeeping,test,True,0.50562265163496,unassigned
332445,ttH,124.83570765056163,123.94966038564371,1,3,3,146.83166389813528,3.329770563201687,30.70819111482666,0.7606056073988443,1.0,leptonic_bookkeeping,train,True,0.50562265163496,unassigned
743117,ttH,124.83570765056163,123.94966038564371,1,3,3,146.83166389813528,3.329770563201687,30.70819111482666,0.7606056073988443,1.0,leptonic_bookkeeping,train,True,0.50562265163496,unassigned
760724,ttH,124.83570765056163,123.94966038564371,1,3,3,146.83166389813528,3.329770563201687,30.70819111482666,0.7606056073988443,1.0,leptonic_bookkeeping,validation,True,0.50562265163496,unassigned
614048,ttH,124.83570765056163,123.94966038564371,1,3,3,146.83166389813528,3.329770563201687,30.70819111482666,0.7606056073988443,1.0,leptonic_bookkeeping,train,True,0.50562265163496,unassigned
796888,ttH,124.83570765056163,123.94966038564371,1,3,3,146.83166389813528,3.329770563201687,30.70819111482666,0.7606056073988443,1.0,leptonic_bookkeeping,train,True,0.50562265163496,unassigned
610676,ttH,124.83570765056163,123.94966038564371,1,3,3,146.83166389813528,3.329770563201687,30.70819111482666,0.7606056073988443,1.0,leptonic_bookkeeping,train,True,0.50562265163496,unassigned
471802,ttH,124.83570765056163,123.94966038564371,1,3,3,146.83166389813528,3.329770563201687,30.70819111482666,0.7606056073988443,1.0,leptonic_bookkeeping,validation,True,0.50562265163496,unassigned
597491,ttH,124.83570765056163,123.94966038564371,1,3,3,146.83166389813528,3.329770563201687,30.70819111482666,0.7606056073988443,1.0,leptonic_bookkeeping,test,True,0.50562265163496,unassigned
252207,ttH,124.83570765056163,123.94966038564371,1,3,3,146.83166389813528,3.329770563201687,30.70819111482666,0.7606056073988443,1.0,leptonic_bookkeeping,train,True,0.50562265163496,unassigned
3208,ttH,124.83570765056163,123.94966038564371,1,3,3,146.83166389813528,3.329770563201687,30.70819111482666,0.7606056073988443,1.0,leptonic_bookkeeping,train,True,0.50562265163496,unassigned
436586,ttH,124.83570765056163,123.94966038564371,1,3,3,146.83166389813528,3.329770563201687,30.70819111482666,0.7606056073988443,1.0,leptonic_bookkeeping,train,True,0.50562265163496,unassigned
168978,ttH,124.83570765056163,123.94966038564371,1,3,3,146.83166389813528,3.329770563201687,30.70819111482666,0.7606056073988443,1.0,leptonic_bookkeeping,train,True,0.50562265163496,unassigned
742874,ttH,124.83570765056163,123.94966038564371,1,3,3,146.83166389813528,3.329770563201687,30.70819111482666,0.7606056073988443,1.0,leptonic_bookkeeping,train,True,0.50562265163496,unassigned
345024,ttH,124.83570765056163,123.94966038564371,1,3,3,146.83166389813528,3.329770563201687,30.70819111482666,0.7606056073988443,1.0,leptonic_bookkeeping,train,True,0.50562265163496,unassigned
460377,ttH,124.83570765056163,123.94966038564371,1,3,3,146.83166389813528,3.329770563201687,30.70819111482666,0.7606056073988443,1.0,leptonic_bookkeeping,validation,True,0.50562265163496,unassigned
447890,ttH,124.83570765056163,123.94966038564371,1,3,3,146.83166389813528,3.329770563201687,30.70819111482666,0.7606056073988443,1.0,leptonic_bookkeeping,train,True,0.50562265163496,unassigned
622819,ttH,124.83570765056163,123.94966038564371,1,3,3,146.83166389813528,3.329770563201687,30.70819111482666,0.7606056073988443,1.0,leptonic_bookkeeping,train,True,0.50562265163496,unassigned
615489,ttH,124.83570765056163,123.94966038564371,1,3,3,146.83166389813528,3.329770563201687,30.70819111482666,0.7606056073988443,1.0,leptonic_bookkeeping,validation,True,0.50562265163496,unassigned
425568,ttH,124.83570765056163,123.94966038564371,1,3,3,146.83166389813528,3.329770563201687,30.70819111482666,0.7606056073988443,1.0,leptonic_bookkeeping,train,True,0.50562265163496,unassigned
70902,ttH,124.83570765056163,123.94966038564371,1,3,3,146.83166389813528,3.329770563201687,30.70819111482666,0.7606056073988443,1.0,leptonic_bookkeeping,test,True,0.50562265163496,unassigned
58847,ttH,124.83570765056163,123.94966038564371,1,3,3,146.83166389813528,3.329770563201687,30.70819111482666,0.7606056073988443,1.0,leptonic_bookkeeping,validation,True,0.50562265163496,unassigned
749419,ttH,124.83570765056163,123.94966038564371,1,3,3,146.83166389813528,3.329770563201687,30.70819111482666,0.7606056073988443,1.0,leptonic_bookkeeping,validation,True,0.50562265163496,unassigned
560536,ttH,124.83570765056163,123.94966038564371,1,3,3,146.83166389813528,3.329770563201687,30.70819111482666,0.7606056073988443,1.0,leptonic_bookkeeping,train,True,0.50562265163496,unassigned
489653,ttH,124.83570765056163,123.94966038564371,1,3,3,146.83166389813528,3.329770563201687,30.70819111482666,0.7606056073988443,1.0,leptonic_bookkeeping,train,True,0.50562265163496,unassigned
685262,ttH,124.83570765056163,123.94966038564371,1,3,3,146.83166389813528,3.329770563201687,30.70819111482666,0.7606056073988443,1.0,leptonic_bookkeeping,train,True,0.50562265163496,unassigned
388520,ttH,124.83570765056163,123.94966038564371,1,3,3,146.83166389813528,3.329770563201687,30.70819111482666,0.7606056073988443,1.0,leptonic_bookkeeping,validation,True,0.50562265163496,unassigned
194222,ttH,124.83570765056163,123.94966038564371,1,3,3,146.83166389813528,3.329770563201687,30.70819111482666,0.7606056073988443,1.0,leptonic_bookkeeping,test,True,0.50562265163496,unassigned
444149,ttH,124.83570765056163,123.94966038564371,1,3,3,146.83166389813528,3.329770563201687,30.70819111482666,0.7606056073988443,1.0,leptonic_bookkeeping,train,True,0.50562265163496,unassigned
871255,ttH,124.83570765056163,123.94966038564371,1,3,3,146.83166389813528,3.329770563201687,30.70819111482666,0.7606056073988443,1.0,leptonic_bookkeeping,train,True,0.50562265163496,unassigned
84039,ttH,124.83570765056163,123.94966038564371,1,3,3,146.83166389813528,3.329770563201687,30.70819111482666,0.7606056073988443,1.0,leptonic_bookkeeping,train,True,0.50562265163496,unassigned
772274,ttH,124.83570765056163,123.94966038564371,1,3,3,146.83166389813528,3.329770563201687,30.70819111482666,0.7606056073988443,1.0,leptonic_bookkeeping,test,True,0.50562265163496,unassigned
267701,ttH,124.83570765056163,123.94966038564371,1,3,3,146.83166389813528,3.329770563201687,30.70819111482666,0.7606056073988443,1.0,leptonic_bookkeeping,test,True,0.50562265163496,unassigned
589693,ttH,124.83570765056163,123.94966038564371,1,3,3,146.83166389813528,3.329770563201687,30.70819111482666,0.7606056073988443,1.0,leptonic_bookkeeping,train,True,0.50562265163496,unassigned
294331,ttH,124.83570765056163,123.94966038564371,1,3,3,146.83166389813528,3.329770563201687,30.70819111482666,0.7606056073988443,1.0,leptonic_bookkeeping,train,True,0.50562265163496,unassigned
566161,ttH,124.83570765056163,123.94966038564371,1,3,3,146.83166389813528,3.329770563201687,30.70819111482666,0.7606056073988443,1.0,leptonic_bookkeeping,test,True,0.50562265163496,unassigned
377919,ttH,124.83570765056163,123.94966038564371,1,3,3,146.83166389813528,3.329770563201687,30.70819111482666,0.7606056073988443,1.0,leptonic_bookkeeping,validation,True,0.50562265163496,unassigned
917106,ttH,124.83570765056163,123.94966038564371,1,3,3,146.83166389813528,3.329770563201687,30.70819111482666,0.7606056073988443,1.0,leptonic_bookkeeping,test,True,0.50562265163496,unassigned
663314,ttH,124.83570765056163,123.94966038564371,1,3,3,146.83166389813528,3.329770563201687,30.70819111482666,0.7606056073988443,1.0,leptonic_bookkeeping,train,True,0.50562265163496,unassigned
501139,ttH,124.83570765056163,123.94966038564371,1,3,3,146.83166389813528,3.329770563201687,30.70819111482666,0.7606056073988443,1.0,leptonic_bookkeeping,validation,True,0.50562265163496,unassigned
389393,ttH,124.83570765056163,123.94966038564371,1,3,3,146.83166389813528,3.329770563201687,30.70819111482666,0.7606056073988443,1.0,leptonic_bookkeeping,validation,True,0.50562265163496,unassigned
57932,ttH,124.83570765056163,123.94966038564371,1,3,3,146.83166389813528,3.329770563201687,30.70819111482666,0.7606056073988443,1.0,leptonic_bookkeeping,validation,True,0.50562265163496,unassigned
712060,ttH,124.83570765056163,123.94966038564371,1,3,3,146.83166389813528,3.329770563201687,30.70819111482666,0.7606056073988443,1.0,leptonic_bookkeeping,train,True,0.50562265163496,unassigned
848806,ttH,124.83570765056163,123.94966038564371,1,3,3,146.83166389813528,3.329770563201687,30.70819111482666,0.7606056073988443,1.0,leptonic_bookkeeping,train,True,0.50562265163496,unassigned
309959,ttH,124.83570765056163,123.94966038564371,1,3,3,146.83166389813528,3.329770563201687,30.70819111482666,0.7606056073988443,1.0,leptonic_bookkeeping,train,True,0.50562265163496,unassigned
299093,ttH,124.83570765056163,123.94966038564371,1,3,3,146.83166389813528,3.329770563201687,30.70819111482666,0.7606056073988443,1.0,leptonic_bookkeeping,train,True,0.50562265163496,unassigned
605162,ttH,124.83570765056163,123.94966038564371,1,3,3,146.83166389813528,3.329770563201687,30.70819111482666,0.7606056073988443,1.0,leptonic_bookkeeping,validation,True,0.50562265163496,unassigned
531119,ttH,124.83570765056163,123.94966038564371,1,3,3,146.83166389813528,3.329770563201687,30.70819111482666,0.7606056073988443,1.0,leptonic_bookkeeping,train,True,0.50562265163496,unassigned
355263,ttH,124.83570765056163,123.94966038564371,1,3,3,146.83166389813528,3.329770563201687,30.70819111482666,0.7606056073988443,1.0,leptonic_bookkeeping,train,True,0.50562265163496,unassigned
175376,ttH,124.83570765056163,123.94966038564371,1,3,3,146.83166389813528,3.329770563201687,30.70819111482666,0.7606056073988443,1.0,leptonic_bookkeeping,train,True,0.50562265163496,unassigned
272595,ttH,124.83570765056163,123.94966038564371,1,3,3,146.83166389813528,3.329770563201687,30.70819111482666,0.7606056073988443,1.0,leptonic_bookkeeping,train,True,0.50562265163496,unassigned
828761,ttH,124.83570765056163,123.94966038564371,1,3,3,146.83166389813528,3.329770563201687,30.70819111482666,0.7606056073988443,1.0,leptonic_bookkeeping,train,True,0.50562265163496,unassigned
230777,ttH,124.83570765056163,123.94966038564371,1,3,3,146.83166389813528,3.329770563201687,30.70819111482666,0.7606056073988443,1.0,leptonic_bookkeeping,train,True,0.50562265163496,unassigned
508382,ttH,124.83570765056163,123.94966038564371,1,3,3,146.83166389813528,3.329770563201687,30.70819111482666,0.7606056073988443,1.0,leptonic_bookkeeping,train,True,0.50562265163496,unassigned
388939,ttH,124.83570765056163,123.94966038564371,1,3,3,146.83166389813528,3.329770563201687,30.70819111482666,0.7606056073988443,1.0,leptonic_bookkeeping,validation,True,0.50562265163496,unassigned
730216,ttH,124.83570765056163,123.94966038564371,1,3,3,146.83166389813528,3.329770563201687,30.70819111482666,0.7606056073988443,1.0,leptonic_bookkeeping,test,True,0.50562265163496,unassigned
152495,ttH,124.83570765056163,123.94966038564371,1,3,3,146.83166389813528,3.329770563201687,30.70819111482666,0.7606056073988443,1.0,leptonic_bookkeeping,validation,True,0.50562265163496,unassigned
712945,ttH,124.83570765056163,123.94966038564371,1,3,3,146.83166389813528,3.329770563201687,30.70819111482666,0.7606056073988443,1.0,leptonic_bookkeeping,train,True,0.50562265163496,unassigned
856469,ttH,124.83570765056163,123.94966038564371,1,3,3,146.83166389813528,3.329770563201687,30.70819111482666,0.7606056073988443,1.0,leptonic_bookkeeping,train,True,0.50562265163496,unassigned
508499,ttH,124.83570765056163,123.94966038564371,1,3,3,146.83166389813528,3.329770563201687,30.70819111482666,0.7606056073988443,1.0,leptonic_bookkeeping,train,True,0.50562265163496,unassigned
324745,ttH,124.83570765056163,123.94966038564371,1,3,3,146.83166389813528,3.329770563201687,30.70819111482666,0.7606056073988443,1.0,leptonic_bookkeeping,train,True,0.50562265163496,unassigned
840531,ttH,124.83570765056163,123.94966038564371,1,3,3,146.83166389813528,3.329770563201687,30.70819111482666,0.7606056073988443,1.0,leptonic_bookkeeping,train,True,0.50562265163496,unassigned
293451,ttH,124.83570765056163,123.94966038564371,1,3,3,146.83166389813528,3.329770563201687,30.70819111482666,0.7606056073988443,1.0,leptonic_bookkeeping,train,True,0.50562265163496,unassigned
992725,ttH,124.83570765056163,123.94966038564371,1,3,3,146.83166389813528,3.329770563201687,30.70819111482666,0.7606056073988443,1.0,leptonic_bookkeeping,train,True,0.50562265163496,unassigned
450913,ttH,124.83570765056163,123.94966038564371,1,3,3,146.83166389813528,3.329770563201687,30.70819111482666,0.7606056073988443,1.0,leptonic_bookkeeping,validation,True,0.50562265163496,unassigned
960331,ttH,124.83570765056163,123.94966038564371,1,3,3,146.83166389813528,3.329770563201687,30.70819111482666,0.7606056073988443,1.0,leptonic_bookkeeping,train,True,0.50562265163496,unassigned
41072,ttH,124.83570765056163,123.94966038564371,1,3,3,146.83166389813528,3.329770563201687,30.70819111482666,0.7606056073988443,1.0,leptonic_bookkeeping,test,True,0.50562265163496,unassigned
897737,ttH,124.83570765056163,123.94966038564371,1,3,3,146.83166389813528,3.329770563201687,30.70819111482666,0.7606056073988443,1.0,leptonic_bookkeeping,train,True,0.50562265163496,unassigned
845458,ttH,124.83570765056163,123.94966038564371,1,3,3,146.83166389813528,3.329770563201687,30.70819111482666,0.7606056073988443,1.0,leptonic_bookkeeping,train,True,0.50562265163496,unassigned
137576,ttH,124.83570765056163,123.94966038564371,1,3,3,146.83166389813528,3.329770563201687,30.70819111482666,0.7606056073988443,1.0,leptonic_bookkeeping,train,True,0.50562265163496,unassigned
597260,ttH,124.83570765056163,123.94966038564371,1,3,3,146.83166389813528,3.329770563201687,30.70819111482666,0.7606056073988443,1.0,leptonic_bookkeeping,test,True,0.50562265163496,unassigned
984978,ttH,124.83570765056163,123.94966038564371,1,3,3,146.83166389813528,3.329770563201687,30.70819111482666,0.7606056073988443,1.0,leptonic_bookkeeping,train,True,0.50562265163496,unassigned
538473,ttH,124.83570765056163,123.94966038564371,1,3,3,146.83166389813528,3.329770563201687,30.70819111482666,0.7606056073988443,1.0,leptonic_bookkeeping,train,True,0.50562265163496,unassigned
70639,ttH,124.83570765056163,123.94966038564371,1,3,3,146.83166389813528,3.329770563201687,30.70819111482666,0.7606056073988443,1.0,leptonic_bookkeeping,test,True,0.50562265163496,unassigned
479328,ttH,124.83570765056163,123.94966038564371,1,3,3,146.83166389813528,3.329770563201687,30.70819111482666,0.7606056073988443,1.0,leptonic_bookkeeping,train,True,0.50562265163496,unassigned
664726,ttH,124.83570765056163,123.94966038564371,1,3,3,146.83166389813528,3.329770563201687,30.70819111482666,0.7606056073988443,1.0,leptonic_bookkeeping,train,True,0.50562265163496,unassigned
661471,ttH,124.83570765056163,123.94966038564371,1,3,3,146.83166389813528,3.329770563201687,30.70819111482666,0.7606056073988443,1.0,leptonic_bookkeeping,train,True,0.50562265163496,unassigned
191571,ttH,124.83570765056163,123.94966038564371,1,3,3,146.83166389813528,3.329770563201687,30.70819111482666,0.7606056073988443,1.0,leptonic_bookkeeping,train,True,0.50562265163496,unassigned
225818,ttH,124.83570765056163,123.94966038564371,1,3,3,146.83166389813528,3.329770563201687,30.70819111482666,0.7606056073988443,1.0,leptonic_bookkeeping,test,True,0.50562265163496,unassigned
902712,ttH,124.83570765056163,123.94966038564371,1,3,3,146.83166389813528,3.329770563201687,30.70819111482666,0.7606056073988443,1.0,leptonic_bookkeeping,train,True,0.50562265163496,unassigned
440107,ttH,124.83570765056163,123.94966038564371,1,3,3,146.83166389813528,3.329770563201687,30.70819111482666,0.7606056073988443,1.0,leptonic_bookkeeping,validation,True,0.50562265163496,unassigned
459011,ttH,124.83570765056163,123.94966038564371,1,3,3,146.83166389813528,3.329770563201687,30.70819111482666,0.7606056073988443,1.0,leptonic_bookkeeping,train,True,0.50562265163496,unassigned
81133,ttH,124.83570765056163,123.94966038564371,1,3,3,146.83166389813528,3.329770563201687,30.70819111482666,0.7606056073988443,1.0,leptonic_bookkeeping,test,True,0.50562265163496,unassigned
272829,ttH,124.83570765056163,123.94966038564371,1,3,3,146.83166389813528,3.329770563201687,30.70819111482666,0.7606056073988443,1.0,leptonic_bookkeeping,train,True,0.50562265163496,unassigned
742149,ttH,124.83570765056163,123.94966038564371,1,3,3,146.83166389813528,3.329770563201687,30.70819111482666,0.7606056073988443,1.0,leptonic_bookkeeping,test,True,0.50562265163496,unassigned
216966,ttH,124.83570765056163,123.94966038564371,1,3,3,146.83166389813528,3.329770563201687,30.70819111482666,0.7606056073988443,1.0,leptonic_bookkeeping,train,True,0.50562265163496,unassigned
124270,ttH,124.83570765056163,123.94966038564371,1,3,3,146.83166389813528,3.329770563201687,30.70819111482666,0.7606056073988443,1.0,leptonic_bookkeeping,train,True,0.50562265163496,unassigned
844236,ttH,124.83570765056163,123.94966038564371,1,3,3,146.83166389813528,3.329770563201687,30.70819111482666,0.7606056073988443,1.0,leptonic_bookkeeping,test,True,0.50562265163496,unassigned
544435,ttH,124.83570765056163,123.94966038564371,1,3,3,146.83166389813528,3.329770563201687,30.70819111482666,0.7606056073988443,1.0,leptonic_bookkeeping,test,True,0.50562265163496,unassigned
949529,ttH,124.83570765056163,123.94966038564371,1,3,3,146.83166389813528,3.329770563201687,30.70819111482666,0.7606056073988443,1.0,leptonic_bookkeeping,train,True,0.50562265163496,unassigned
848646,ttH,124.83570765056163,123.94966038564371,1,3,3,146.83166389813528,3.329770563201687,30.70819111482666,0.7606056073988443,1.0,leptonic_bookkeeping,train,True,0.50562265163496,unassigned
374738,ttH,124.83570765056163,123.94966038564371,1,3,3,146.83166389813528,3.329770563201687,30.70819111482666,0.7606056073988443,1.0,leptonic_bookkeeping,train,True,0.50562265163496,unassigned
489984,ttH,124.83570765056163,123.94966038564371,1,3,3,146.83166389813528,3.329770563201687,30.70819111482666,0.7606056073988443,1.0,leptonic_bookkeeping,train,True,0.50562265163496,unassigned
3163,ttH,124.83570765056163,123.94966038564371,1,3,3,146.83166389813528,3.329770563201687,30.70819111482666,0.7606056073988443,1.0,leptonic_bookkeeping,train,True,0.50562265163496,unassigned
980319,ttH,124.83570765056163,123.94966038564371,1,3,3,146.83166389813528,3.329770563201687,30.70819111482666,0.7606056073988443,1.0,leptonic_bookkeeping,train,True,0.50562265163496,unassigned
7642,ttH,124.83570765056163,123.94966038564371,1,3,3,146.83166389813528,3.329770563201687,30.70819111482666,0.7606056073988443,1.0,leptonic_bookkeeping,validation,True,0.50562265163496,unassigned
994614,ttH,124.83570765056163,123.94966038564371,1,3,3,146.83166389813528,3.329770563201687,30.70819111482666,0.7606056073988443,1.0,leptonic_bookkeeping,train,True,0.50562265163496,unassigned
99901,ttH,124.83570765056163,123.94966038564371,1,3,3,146.83166389813528,3.329770563201687,30.70819111482666,0.7606056073988443,1.0,leptonic_bookkeeping,validation,True,0.50562265163496,unassigned
874439,ttH,124.83570765056163,123.94966038564371,1,3,3,146.83166389813528,3.329770563201687,30.70819111482666,0.7606056073988443,1.0,leptonic_bookkeeping,test,True,0.50562265163496,unassigned
651141,ttH,124.83570765056163,123.94966038564371,1,3,3,146.83166389813528,3.329770563201687,30.70819111482666,0.7606056073988443,1.0,leptonic_bookkeeping,train,True,0.50562265163496,unassigned
82120,ttH,124.83570765056163,123.94966038564371,1,3,3,146.83166389813528,3.329770563201687,30.70819111482666,0.7606056073988443,1.0,leptonic_bookkeeping,test,True,0.50562265163496,unassigned
749846,ttH,124.83570765056163,123.94966038564371,1,3,3,146.83166389813528,3.329770563201687,30.70819111482666,0.7606056073988443,1.0,leptonic_bookkeeping,validation,True,0.50562265163496,unassigned
18830,ttH,124.83570765056163,123.94966038564371,1,3,3,146.83166389813528,3.329770563201687,30.70819111482666,0.7606056073988443,1.0,leptonic_bookkeeping,test,True,0.50562265163496,unassigned
505943,ttH,124.83570765056163,123.94966038564371,1,3,3,146.83166389813528,3.329770563201687,30.70819111482666,0.7606056073988443,1.0,leptonic_bookkeeping,train,True,0.50562265163496,unassigned
323117,ttH,124.83570765056163,123.94966038564371,1,3,3,146.83166389813528,3.329770563201687,30.70819111482666,0.7606056073988443,1.0,leptonic_bookkeeping,train,True,0.50562265163496,unassigned
725545,ttH,124.83570765056163,123.94966038564371,1,3,3,146.83166389813528,3.329770563201687,30.70819111482666,0.7606056073988443,1.0,leptonic_bookkeeping,train,True,0.50562265163496,unassigned
305829,ttH,124.83570765056163,123.94966038564371,1,3,3,146.83166389813528,3.329770563201687,30.70819111482666,0.7606056073988443,1.0,leptonic_bookkeeping,validation,True,0.50562265163496,unassigned
290597,ttH,124.83570765056163,123.94966038564371,1,3,3,146.83166389813528,3.329770563201687,30.70819111482666,0.7606056073988443,1.0,leptonic_bookkeeping,train,True,0.50562265163496,unassigned
160818,ttH,124.83570765056163,123.94966038564371,1,3,3,146.83166389813528,3.329770563201687,30.70819111482666,0.7606056073988443,1.0,leptonic_bookkeeping,train,True,0.50562265163496,unassigned
277590,ttH,124.83570765056163,123.94966038564371,1,3,3,146.83166389813528,3.329770563201687,30.70819111482666,0.7606056073988443,1.0,leptonic_bookkeeping,test,True,0.50562265163496,unassigned
324561,ttH,124.83570765056163,123.94966038564371,1,3,3,146.83166389813528,3.329770563201687,30.70819111482666,0.7606056073988443,1.0,leptonic_bookkeeping,train,True,0.50562265163496,unassigned
599692,ttH,124.83570765056163,123.94966038564371,1,3,3,146.83166389813528,3.329770563201687,30.70819111482666,0.7606056073988443,1.0,leptonic_bookkeeping,train,True,0.50562265163496,unassigned
733887,ttH,124.83570765056163,123.94966038564371,1,3,3,146.83166389813528,3.329770563201687,30.70819111482666,0.7606056073988443,1.0,leptonic_bookkeeping,train,True,0.50562265163496,unassigned
550420,ttH,124.83570765056163,123.94966038564371,1,3,3,146.83166389813528,3.329770563201687,30.70819111482666,0.7606056073988443,1.0,leptonic_bookkeeping,train,True,0.50562265163496,unassigned
988992,ttH,124.83570765056163,123.94966038564371,1,3,3,146.83166389813528,3.329770563201687,30.70819111482666,0.7606056073988443,1.0,leptonic_bookkeeping,test,True,0.50562265163496,unassigned
206386,ttH,124.83570765056163,123.94966038564371,1,3,3,146.83166389813528,3.329770563201687,30.70819111482666,0.7606056073988443,1.0,leptonic_bookkeeping,train,True,0.50562265163496,unassigned
770378,ttH,124.83570765056163,123.94966038564371,1,3,3,146.83166389813528,3.329770563201687,30.70819111482666,0.7606056073988443,1.0,leptonic_bookkeeping,validation,True,0.50562265163496,unassigned
747525,ttH,124.83570765056163,123.94966038564371,1,3,3,146.83166389813528,3.329770563201687,30.70819111482666,0.7606056073988443,1.0,leptonic_bookkeeping,train,True,0.50562265163496,unassigned
901009,ttH,124.83570765056163,123.94966038564371,1,3,3,146.83166389813528,3.329770563201687,30.70819111482666,0.7606056073988443,1.0,leptonic_bookkeeping,train,True,0.50562265163496,unassigned
350914,ttH,124.83570765056163,123.94966038564371,1,3,3,146.83166389813528,3.329770563201687,30.70819111482666,0.7606056073988443,1.0,leptonic_bookkeeping,train,True,0.50562265163496,unassigned
926892,ttH,124.83570765056163,123.94966038564371,1,3,3,146.83166389813528,3.329770563201687,30.70819111482666,0.7606056073988443,1.0,leptonic_bookkeeping,test,True,0.50562265163496,unassigned
930928,ttH,124.83570765056163,123.94966038564371,1,3,3,146.83166389813528,3.329770563201687,30.70819111482666,0.7606056073988443,1.0,leptonic_bookkeeping,train,True,0.50562265163496,unassigned
971880,ttH,124.83570765056163,123.94966038564371,1,3,3,146.83166389813528,3.329770563201687,30.70819111482666,0.7606056073988443,1.0,leptonic_bookkeeping,train,True,0.50562265163496,unassigned
305220,ttH,124.83570765056163,123.94966038564371,1,3,3,146.83166389813528,3.329770563201687,30.70819111482666,0.7606056073988443,1.0,leptonic_bookkeeping,validation,True,0.50562265163496,unassigned
605481,ttH,124.83570765056163,123.94966038564371,1,3,3,146.83166389813528,3.329770563201687,30.70819111482666,0.7606056073988443,1.0,leptonic_bookkeeping,validation,True,0.50562265163496,unassigned
157689,ttH,124.83570765056163,123.94966038564371,1,3,3,146.83166389813528,3.329770563201687,30.70819111482666,0.7606056073988443,1.0,leptonic_bookkeeping,train,True,0.50562265163496,unassigned
788653,ttH,124.83570765056163,123.94966038564371,1,3,3,146.83166389813528,3.329770563201687,30.70819111482666,0.7606056073988443,1.0,leptonic_bookkeeping,train,True,0.50562265163496,unassigned
640047,ttH,124.83570765056163,123.94966038564371,1,3,3,146.83166389813528,3.329770563201687,30.70819111482666,0.7606056073988443,1.0,leptonic_bookkeeping,train,True,0.50562265163496,unassigned
768822,ttH,124.83570765056163,123.94966038564371,1,3,3,146.83166389813528,3.329770563201687,30.70819111482666,0.7606056073988443,1.0,leptonic_bookkeeping,train,True,0.50562265163496,unassigned
525504,ttH,124.83570765056163,123.94966038564371,1,3,3,146.83166389813528,3.329770563201687,30.70819111482666,0.7606056073988443,1.0,leptonic_bookkeeping,test,True,0.50562265163496,unassigned
71803,ttH,124.83570765056163,123.94966038564371,1,3,3,146.83166389813528,3.329770563201687,30.70819111482666,0.7606056073988443,1.0,leptonic_bookkeeping,test,True,0.50562265163496,unassigned
903102,ttH,124.83570765056163,123.94966038564371,1,3,3,146.83166389813528,3.329770563201687,30.70819111482666,0.7606056073988443,1.0,leptonic_bookkeeping,validation,True,0.50562265163496,unassigned
999965,ttH,124.83570765056163,123.94966038564371,1,3,3,146.83166389813528,3.329770563201687,30.70819111482666,0.7606056073988443,1.0,leptonic_bookkeeping,test,True,0.50562265163496,unassigned
380576,ttH,124.83570765056163,123.94966038564371,1,3,3,146.83166389813528,3.329770563201687,30.70819111482666,0.7606056073988443,1.0,leptonic_bookkeeping,test,True,0.50562265163496,unassigned
245322,ttH,124.83570765056163,123.94966038564371,1,3,3,146.83166389813528,3.329770563201687,30.70819111482666,0.7606056073988443,1.0,leptonic_bookkeeping,validation,True,0.50562265163496,unassigned
330772,ttH,124.83570765056163,123.94966038564371,1,3,3,146.83166389813528,3.329770563201687,30.70819111482666,0.7606056073988443,1.0,leptonic_bookkeeping,train,True,0.50562265163496,unassigned
475833,ttH,124.83570765056163,123.94966038564371,1,3,3,146.83166389813528,3.329770563201687,30.70819111482666,0.7606056073988443,1.0,leptonic_bookkeeping,train,True,0.50562265163496,unassigned
682144,ttH,124.83570765056163,123.94966038564371,1,3,3,146.83166389813528,3.329770563201687,30.70819111482666,0.7606056073988443,1.0,leptonic_bookkeeping,train,True,0.50562265163496,unassigned
417708,ttH,124.83570765056163,123.94966038564371,1,3,3,146.83166389813528,3.329770563201687,30.70819111482666,0.7606056073988443,1.0,leptonic_bookkeeping,train,True,0.50562265163496,unassigned
456268,ttH,124.83570765056163,123.94966038564371,1,3,3,146.83166389813528,3.329770563201687,30.70819111482666,0.7606056073988443,1.0,leptonic_bookkeeping,train,True,0.50562265163496,unassigned
304691,ttH,124.83570765056163,123.94966038564371,1,3,3,146.83166389813528,3.329770563201687,30.70819111482666,0.7606056073988443,1.0,leptonic_bookkeeping,train,True,0.50562265163496,unassigned
851243,ttH,124.83570765056163,123.94966038564371,1,3,3,146.83166389813528,3.329770563201687,30.70819111482666,0.7606056073988443,1.0,leptonic_bookkeeping,train,True,0.50562265163496,unassigned
884254,ttH,124.83570765056163,123.94966038564371,1,3,3,146.83166389813528,3.329770563201687,30.70819111482666,0.7606056073988443,1.0,leptonic_bookkeeping,validation,True,0.50562265163496,unassigned
320352,ttH,124.83570765056163,123.94966038564371,1,3,3,146.83166389813528,3.329770563201687,30.70819111482666,0.7606056073988443,1.0,leptonic_bookkeeping,train,True,0.50562265163496,unassigned
53290,ttH,124.83570765056163,123.94966038564371,1,3,3,146.83166389813528,3.329770563201687,30.70819111482666,0.7606056073988443,1.0,leptonic_bookkeeping,train,True,0.50562265163496,unassigned
907240,ttH,124.83570765056163,123.94966038564371,1,3,3,146.83166389813528,3.329770563201687,30.70819111482666,0.7606056073988443,1.0,leptonic_bookkeeping,train,True,0.50562265163496,unassigned
298226,ttH,124.83570765056163,123.94966038564371,1,3,3,146.83166389813528,3.329770563201687,30.70819111482666,0.7606056073988443,1.0,leptonic_bookkeeping,test,True,0.50562265163496,unassigned
945542,ttH,124.83570765056163,123.94966038564371,1,3,3,146.83166389813528,3.329770563201687,30.70819111482666,0.7606056073988443,1.0,leptonic_bookkeeping,validation,True,0.50562265163496,unassigned
533634,ttH,124.83570765056163,123.94966038564371,1,3,3,146.83166389813528,3.329770563201687,30.70819111482666,0.7606056073988443,1.0,leptonic_bookkeeping,validation,True,0.50562265163496,unassigned
596827,ttH,124.83570765056163,123.94966038564371,1,3,3,146.83166389813528,3.329770563201687,30.70819111482666,0.7606056073988443,1.0,leptonic_bookkeeping,test,True,0.50562265163496,unassigned
69020,ttH,124.83570765056163,123.94966038564371,1,3,3,146.83166389813528,3.329770563201687,30.70819111482666,0.7606056073988443,1.0,leptonic_bookkeeping,validation,True,0.50562265163496,unassigned
631648,ttH,124.83570765056163,123.94966038564371,1,3,3,146.83166389813528,3.329770563201687,30.70819111482666,0.7606056073988443,1.0,leptonic_bookkeeping,train,True,0.50562265163496,unassigned
956093,ttH,124.83570765056163,123.94966038564371,1,3,3,146.83166389813528,3.329770563201687,30.70819111482666,0.7606056073988443,1.0,leptonic_bookkeeping,validation,True,0.50562265163496,unassigned
866125,ttH,124.83570765056163,123.94966038564371,1,3,3,146.83166389813528,3.329770563201687,30.70819111482666,0.7606056073988443,1.0,leptonic_bookkeeping,train,True,0.50562265163496,unassigned
323647,ttH,124.83570765056163,123.94966038564371,1,3,3,146.83166389813528,3.329770563201687,30.70819111482666,0.7606056073988443,1.0,leptonic_bookkeeping,train,True,0.50562265163496,unassigned
896311,ttH,124.83570765056163,123.94966038564371,1,3,3,146.83166389813528,3.329770563201687,30.70819111482666,0.7606056073988443,1.0,leptonic_bookkeeping,test,True,0.50562265163496,unassigned
930790,ttH,124.83570765056163,123.94966038564371,1,3,3,146.83166389813528,3.329770563201687,30.70819111482666,0.7606056073988443,1.0,leptonic_bookkeeping,train,True,0.50562265163496,unassigned
272106,ttH,124.83570765056163,123.94966038564371,1,3,3,146.83166389813528,3.329770563201687,30.70819111482666,0.7606056073988443,1.0,leptonic_bookkeeping,train,True,0.50562265163496,unassigned
405143,ttH,124.83570765056163,123.94966038564371,1,3,3,146.83166389813528,3.329770563201687,30.70819111482666,0.7606056073988443,1.0,leptonic_bookkeeping,train,True,0.50562265163496,unassigned
307769,ttH,124.83570765056163,123.94966038564371,1,3,3,146.83166389813528,3.329770563201687,30.70819111482666,0.7606056073988443,1.0,leptonic_bookkeeping,test,True,0.50562265163496,unassigned
260379,ttH,124.83570765056163,123.94966038564371,1,3,3,146.83166389813528,3.329770563201687,30.70819111482666,0.7606056073988443,1.0,leptonic_bookkeeping,train,True,0.50562265163496,unassigned
464013,ttH,124.83570765056163,123.94966038564371,1,3,3,146.83166389813528,3.329770563201687,30.70819111482666,0.7606056073988443,1.0,leptonic_bookkeeping,train,True,0.50562265163496,unassigned
61745,ttH,124.83570765056163,123.94966038564371,1,3,3,146.83166389813528,3.329770563201687,30.70819111482666,0.7606056073988443,1.0,leptonic_bookkeeping,test,True,0.50562265163496,unassigned
414246,ttH,124.83570765056163,123.94966038564371,1,3,3,146.83166389813528,3.329770563201687,30.70819111482666,0.7606056073988443,1.0,leptonic_bookkeeping,train,True,0.50562265163496,unassigned
412337,ttH,124.83570765056163,123.94966038564371,1,3,3,146.83166389813528,3.329770563201687,30.70819111482666,0.7606056073988443,1.0,leptonic_bookkeeping,test,True,0.50562265163496,unassigned
710599,ttH,124.83570765056163,123.94966038564371,1,3,3,146.83166389813528,3.329770563201687,30.70819111482666,0.7606056073988443,1.0,leptonic_bookkeeping,test,True,0.50562265163496,unassigned
12742,ttH,124.83570765056163,123.94966038564371,1,3,3,146.83166389813528,3.329770563201687,30.70819111482666,0.7606056073988443,1.0,leptonic_bookkeeping,train,True,0.50562265163496,unassigned
750824,ttH,124.83570765056163,123.94966038564371,1,3,3,146.83166389813528,3.329770563201687,30.70819111482666,0.7606056073988443,1.0,leptonic_bookkeeping,test,True,0.50562265163496,unassigned
703378,ttH,124.83570765056163,123.94966038564371,1,3,3,146.83166389813528,3.329770563201687,30.70819111482666,0.7606056073988443,1.0,leptonic_bookkeeping,train,True,0.50562265163496,unassigned
728457,ttH,124.83570765056163,123.94966038564371,1,3,3,146.83166389813528,3.329770563201687,30.70819111482666,0.7606056073988443,1.0,leptonic_bookkeeping,validation,True,0.50562265163496,unassigned
651664,ttH,124.83570765056163,123.94966038564371,1,3,3,146.83166389813528,3.329770563201687,30.70819111482666,0.7606056073988443,1.0,leptonic_bookkeeping,train,True,0.50562265163496,unassigned
768579,ttH,124.83570765056163,123.94966038564371,1,3,3,146.83166389813528,3.329770563201687,30.70819111482666,0.7606056073988443,1.0,leptonic_bookkeeping,train,True,0.50562265163496,unassigned
386361,ttH,124.83570765056163,123.94966038564371,1,3,3,146.83166389813528,3.329770563201687,30.70819111482666,0.7606056073988443,1.0,leptonic_bookkeeping,train,True,0.50562265163496,unassigned
565220,ttH,124.83570765056163,123.94966038564371,1,3,3,146.83166389813528,3.329770563201687,30.70819111482666,0.7606056073988443,1.0,leptonic_bookkeeping,test,True,0.50562265163496,unassigned
248406,ttH,124.83570765056163,123.94966038564371,1,3,3,146.83166389813528,3.329770563201687,30.70819111482666,0.7606056073988443,1.0,leptonic_bookkeeping,train,True,0.50562265163496,unassigned
513347,ttH,124.83570765056163,123.94966038564371,1,3,3,146.83166389813528,3.329770563201687,30.70819111482666,0.7606056073988443,1.0,leptonic_bookkeeping,validation,True,0.50562265163496,unassigned
735156,ttH,124.83570765056163,123.94966038564371,1,3,3,146.83166389813528,3.329770563201687,30.70819111482666,0.7606056073988443,1.0,leptonic_bookkeeping,train,True,0.50562265163496,unassigned
767798,ttH,124.83570765056163,123.94966038564371,1,3,3,146.83166389813528,3.329770563201687,30.70819111482666,0.7606056073988443,1.0,leptonic_bookkeeping,train,True,0.50562265163496,unassigned
499632,ttH,124.83570765056163,123.94966038564371,1,3,3,146.83166389813528,3.329770563201687,30.70819111482666,0.7606056073988443,1.0,leptonic_bookkeeping,train,True,0.50562265163496,unassigned
260737,ttH,124.83570765056163,123.94966038564371,1,3,3,146.83166389813528,3.329770563201687,30.70819111482666,0.7606056073988443,1.0,leptonic_bookkeeping,train,True,0.50562265163496,unassigned
847770,ttH,124.83570765056163,123.94966038564371,1,3,3,146.83166389813528,3.329770563201687,30.70819111482666,0.7606056073988443,1.0,leptonic_bookkeeping,train,True,0.50562265163496,unassigned
486105,ttH,124.83570765056163,123.94966038564371,1,3,3,146.83166389813528,3.329770563201687,30.70819111482666,0.7606056073988443,1.0,leptonic_bookkeeping,train,True,0.50562265163496,unassigned
624510,ttH,124.83570765056163,123.94966038564371,1,3,3,146.83166389813528,3.329770563201687,30.70819111482666,0.7606056073988443,1.0,leptonic_bookkeeping,train,True,0.50562265163496,unassigned
545650,ttH,124.83570765056163,123.94966038564371,1,3,3,146.83166389813528,3.329770563201687,30.70819111482666,0.7606056073988443,1.0,leptonic_bookkeeping,test,True,0.50562265163496,unassigned
78260,ttH,124.83570765056163,123.94966038564371,1,3,3,146.83166389813528,3.329770563201687,30.70819111482666,0.7606056073988443,1.0,leptonic_bookkeeping,train,True,0.50562265163496,unassigned
369783,ttH,124.83570765056163,123.94966038564371,1,3,3,146.83166389813528,3.329770563201687,30.70819111482666,0.7606056073988443,1.0,leptonic_bookkeeping,test,True,0.50562265163496,unassigned
143882,ttH,124.83570765056163,123.94966038564371,1,3,3,146.83166389813528,3.329770563201687,30.70819111482666,0.7606056073988443,1.0,leptonic_bookkeeping,test,True,0.50562265163496,unassigned
841559,ttH,124.83570765056163,123.94966038564371,1,3,3,146.83166389813528,3.329770563201687,30.70819111482666,0.7606056073988443,1.0,leptonic_bookkeeping,validation,True,0.50562265163496,unassigned
268967,ttH,124.83570765056163,123.94966038564371,1,3,3,146.83166389813528,3.329770563201687,30.70819111482666,0.7606056073988443,1.0,leptonic_bookkeeping,train,True,0.50562265163496,unassigned
511999,ttH,124.83570765056163,123.94966038564371,1,3,3,146.83166389813528,3.329770563201687,30.70819111482666,0.7606056073988443,1.0,leptonic_bookkeeping,validation,True,0.50562265163496,unassigned
250333,ttH,124.83570765056163,123.94966038564371,1,3,3,146.83166389813528,3.329770563201687,30.70819111482666,0.7606056073988443,1.0,leptonic_bookkeeping,train,True,0.50562265163496,unassigned
995049,ttH,124.83570765056163,123.94966038564371,1,3,3,146.83166389813528,3.329770563201687,30.70819111482666,0.7606056073988443,1.0,leptonic_bookkeeping,train,True,0.50562265163496,unassigned
787782,ttH,124.83570765056163,123.94966038564371,1,3,3,146.83166389813528,3.329770563201687,30.70819111482666,0.7606056073988443,1.0,leptonic_bookkeeping,train,True,0.50562265163496,unassigned
341478,ttH,124.83570765056163,123.94966038564371,1,3,3,146.83166389813528,3.329770563201687,30.70819111482666,0.7606056073988443,1.0,leptonic_bookkeeping,train,True,0.50562265163496,unassigned
366965,ttH,124.83570765056163,123.94966038564371,1,3,3,146.83166389813528,3.329770563201687,30.70819111482666,0.7606056073988443,1.0,leptonic_bookkeeping,train,True,0.50562265163496,unassigned
991299,ttH,124.83570765056163,123.94966038564371,1,3,3,146.83166389813528,3.329770563201687,30.70819111482666,0.7606056073988443,1.0,leptonic_bookkeeping,train,True,0.50562265163496,unassigned
179457,ttH,124.83570765056163,123.94966038564371,1,3,3,146.83166389813528,3.329770563201687,30.70819111482666,0.7606056073988443,1.0,leptonic_bookkeeping,train,True,0.50562265163496,unassigned
97393,ttH,124.83570765056163,123.94966038564371,1,3,3,146.83166389813528,3.329770563201687,30.70819111482666,0.7606056073988443,1.0,leptonic_bookkeeping,train,True,0.50562265163496,unassigned
557461,ttH,124.83570765056163,123.94966038564371,1,3,3,146.83166389813528,3.329770563201687,30.70819111482666,0.7606056073988443,1.0,leptonic_bookkeeping,train,True,0.50562265163496,unassigned
495987,ttH,124.83570765056163,123.94966038564371,1,3,3,146.83166389813528,3.329770563201687,30.70819111482666,0.7606056073988443,1.0,leptonic_bookkeeping,train,True,0.50562265163496,unassigned
337277,ttH,124.83570765056163,123.94966038564371,1,3,3,146.83166389813528,3.329770563201687,30.70819111482666,0.7606056073988443,1.0,leptonic_bookkeeping,validation,True,0.50562265163496,unassigned
849142,ttH,124.83570765056163,123.94966038564371,1,3,3,146.83166389813528,3.329770563201687,30.70819111482666,0.7606056073988443,1.0,leptonic_bookkeeping,train,True,0.50562265163496,unassigned
711925,ttH,124.83570765056163,123.94966038564371,1,3,3,146.83166389813528,3.329770563201687,30.70819111482666,0.7606056073988443,1.0,leptonic_bookkeeping,train,True,0.50562265163496,unassigned
449138,ttH,124.83570765056163,123.94966038564371,1,3,3,146.83166389813528,3.329770563201687,30.70819111482666,0.7606056073988443,1.0,leptonic_bookkeeping,train,True,0.50562265163496,unassigned
464698,ttH,124.83570765056163,123.94966038564371,1,3,3,146.83166389813528,3.329770563201687,30.70819111482666,0.7606056073988443,1.0,leptonic_bookkeeping,train,True,0.50562265163496,unassigned
30860,ttH,124.83570765056163,123.94966038564371,1,3,3,146.83166389813528,3.329770563201687,30.70819111482666,0.7606056073988443,1.0,leptonic_bookkeeping,test,True,0.50562265163496,unassigned
718776,ttH,124.83570765056163,123.94966038564371,1,3,3,146.83166389813528,3.329770563201687,30.70819111482666,0.7606056073988443,1.0,leptonic_bookkeeping,validation,True,0.50562265163496,unassigned
883951,ttH,124.83570765056163,123.94966038564371,1,3,3,146.83166389813528,3.329770563201687,30.70819111482666,0.7606056073988443,1.0,leptonic_bookkeeping,validation,True,0.50562265163496,unassigned
784403,ttH,124.83570765056163,123.94966038564371,1,3,3,146.83166389813528,3.329770563201687,30.70819111482666,0.7606056073988443,1.0,leptonic_bookkeeping,train,True,0.50562265163496,unassigned
939361,ttH,124.83570765056163,123.94966038564371,1,3,3,146.83166389813528,3.329770563201687,30.70819111482666,0.7606056073988443,1.0,leptonic_bookkeeping,train,True,0.50562265163496,unassigned
632382,ttH,124.83570765056163,123.94966038564371,1,3,3,146.83166389813528,3.329770563201687,30.70819111482666,0.7606056073988443,1.0,leptonic_bookkeeping,train,True,0.50562265163496,unassigned
716919,ttH,124.83570765056163,123.94966038564371,1,3,3,146.83166389813528,3.329770563201687,30.70819111482666,0.7606056073988443,1.0,leptonic_bookkeeping,train,True,0.50562265163496,unassigned
807640,ttH,124.83570765056163,123.94966038564371,1,3,3,146.83166389813528,3.329770563201687,30.70819111482666,0.7606056073988443,1.0,leptonic_bookkeeping,train,True,0.50562265163496,unassigned
589997,ttH,124.83570765056163,123.94966038564371,1,3,3,146.83166389813528,3.329770563201687,30.70819111482666,0.7606056073988443,1.0,leptonic_bookkeeping,train,True,0.50562265163496,unassigned
692219,ttH,124.83570765056163,123.94966038564371,1,3,3,146.83166389813528,3.329770563201687,30.70819111482666,0.7606056073988443,1.0,leptonic_bookkeeping,train,True,0.50562265163496,unassigned
222888,ttH,124.83570765056163,123.94966038564371,1,3,3,146.83166389813528,3.329770563201687,30.70819111482666,0.7606056073988443,1.0,leptonic_bookkeeping,validation,True,0.50562265163496,unassigned
72178,ttH,124.83570765056163,123.94966038564371,1,3,3,146.83166389813528,3.329770563201687,30.70819111482666,0.7606056073988443,1.0,leptonic_bookkeeping,train,True,0.50562265163496,unassigned
428277,ttH,124.83570765056163,123.94966038564371,1,3,3,146.83166389813528,3.329770563201687,30.70819111482666,0.7606056073988443,1.0,leptonic_bookkeeping,train,True,0.50562265163496,unassigned
11880,ttH,124.83570765056163,123.94966038564371,1,3,3,146.83166389813528,3.329770563201687,30.70819111482666,0.7606056073988443,1.0,leptonic_bookkeeping,train,True,0.50562265163496,unassigned
70611,ttH,124.83570765056163,123.94966038564371,1,3,3,146.83166389813528,3.329770563201687,30.70819111482666,0.7606056073988443,1.0,leptonic_bookkeeping,test,True,0.50562265163496,unassigned
467704,ttH,124.83570765056163,123.94966038564371,1,3,3,146.83166389813528,3.329770563201687,30.70819111482666,0.7606056073988443,1.0,leptonic_bookkeeping,train,True,0.50562265163496,unassigned
380198,ttH,124.83570765056163,123.94966038564371,1,3,3,146.83166389813528,3.329770563201687,30.70819111482666,0.7606056073988443,1.0,leptonic_bookkeeping,test,True,0.50562265163496,unassigned
401083,ttH,124.83570765056163,123.94966038564371,1,3,3,146.83166389813528,3.329770563201687,30.70819111482666,0.7606056073988443,1.0,leptonic_bookkeeping,test,True,0.50562265163496,unassigned
738103,ttH,124.83570765056163,123.94966038564371,1,3,3,146.83166389813528,3.329770563201687,30.70819111482666,0.7606056073988443,1.0,leptonic_bookkeeping,train,True,0.50562265163496,unassigned
276389,ttH,124.83570765056163,123.94966038564371,1,3,3,146.83166389813528,3.329770563201687,30.70819111482666,0.7606056073988443,1.0,leptonic_bookkeeping,test,True,0.50562265163496,unassigned
518580,ttH,124.83570765056163,123.94966038564371,1,3,3,146.83166389813528,3.329770563201687,30.70819111482666,0.7606056073988443,1.0,leptonic_bookkeeping,train,True,0.50562265163496,unassigned
26044,ttH,124.83570765056163,123.94966038564371,1,3,3,146.83166389813528,3.329770563201687,30.70819111482666,0.7606056073988443,1.0,leptonic_bookkeeping,train,True,0.50562265163496,unassigned
444893,ttH,124.83570765056163,123.94966038564371,1,3,3,146.83166389813528,3.329770563201687,30.70819111482666,0.7606056073988443,1.0,leptonic_bookkeeping,train,True,0.50562265163496,unassigned
963012,ttH,124.83570765056163,123.94966038564371,1,3,3,146.83166389813528,3.329770563201687,30.70819111482666,0.7606056073988443,1.0,leptonic_bookkeeping,train,True,0.50562265163496,unassigned
85998,ttH,124.83570765056163,123.94966038564371,1,3,3,146.83166389813528,3.329770563201687,30.70819111482666,0.7606056073988443,1.0,leptonic_bookkeeping,train,True,0.50562265163496,unassigned
251087,ttH,124.83570765056163,123.94966038564371,1,3,3,146.83166389813528,3.329770563201687,30.70819111482666,0.7606056073988443,1.0,leptonic_bookkeeping,train,True,0.50562265163496,unassigned
385482,ttH,124.83570765056163,123.94966038564371,1,3,3,146.83166389813528,3.329770563201687,30.70819111482666,0.7606056073988443,1.0,leptonic_bookkeeping,train,True,0.50562265163496,unassigned
132955,ttH,124.83570765056163,123.94966038564371,1,3,3,146.83166389813528,3.329770563201687,30.70819111482666,0.7606056073988443,1.0,leptonic_bookkeeping,test,True,0.50562265163496,unassigned
170287,ttH,124.83570765056163,123.94966038564371,1,3,3,146.83166389813528,3.329770563201687,30.70819111482666,0.7606056073988443,1.0,leptonic_bookkeeping,train,True,0.50562265163496,unassigned
436800,ttH,124.83570765056163,123.94966038564371,1,3,3,146.83166389813528,3.329770563201687,30.70819111482666,0.7606056073988443,1.0,leptonic_bookkeeping,train,True,0.50562265163496,unassigned
73023,ttH,124.83570765056163,123.94966038564371,1,3,3,146.83166389813528,3.329770563201687,30.70819111482666,0.7606056073988443,1.0,leptonic_bookkeeping,train,True,0.50562265163496,unassigned
579473,ttH,124.83570765056163,123.94966038564371,1,3,3,146.83166389813528,3.329770563201687,30.70819111482666,0.7606056073988443,1.0,leptonic_bookkeeping,train,True,0.50562265163496,unassigned
226820,ttH,124.83570765056163,123.94966038564371,1,3,3,146.83166389813528,3.329770563201687,30.70819111482666,0.7606056073988443,1.0,leptonic_bookkeeping,train,True,0.50562265163496,unassigned
171747,ttH,124.83570765056163,123.94966038564371,1,3,3,146.83166389813528,3.329770563201687,30.70819111482666,0.7606056073988443,1.0,leptonic_bookkeeping,validation,True,0.50562265163496,unassigned
470137,ttH,124.83570765056163,123.94966038564371,1,3,3,146.83166389813528,3.329770563201687,30.70819111482666,0.7606056073988443,1.0,leptonic_bookkeeping,validation,True,0.50562265163496,unassigned
950577,ttH,124.83570765056163,123.94966038564371,1,3,3,146.83166389813528,3.329770563201687,30.70819111482666,0.7606056073988443,1.0,leptonic_bookkeeping,train,True,0.50562265163496,unassigned
101065,ttH,124.83570765056163,123.94966038564371,1,3,3,146.83166389813528,3.329770563201687,30.70819111482666,0.7606056073988443,1.0,leptonic_bookkeeping,test,True,0.50562265163496,unassigned
799816,ttH,124.83570765056163,123.94966038564371,1,3,3,146.83166389813528,3.329770563201687,30.70819111482666,0.7606056073988443,1.0,leptonic_bookkeeping,train,True,0.50562265163496,unassigned
811100,ttH,124.83570765056163,123.94966038564371,1,3,3,146.83166389813528,3.329770563201687,30.70819111482666,0.7606056073988443,1.0,leptonic_bookkeeping,validation,True,0.50562265163496,unassigned
375052,ttH,124.83570765056163,123.94966038564371,1,3,3,146.83166389813528,3.329770563201687,30.70819111482666,0.7606056073988443,1.0,leptonic_bookkeeping,train,True,0.50562265163496,unassigned
329960,ttH,124.83570765056163,123.94966038564371,1,3,3,146.83166389813528,3.329770563201687,30.70819111482666,0.7606056073988443,1.0,leptonic_bookkeeping,train,True,0.50562265163496,unassigned
85787,ttH,124.83570765056163,123.94966038564371,1,3,3,146.83166389813528,3.329770563201687,30.70819111482666,0.7606056073988443,1.0,leptonic_bookkeeping,train,True,0.50562265163496,unassigned
406705,ttH,124.83570765056163,123.94966038564371,1,3,3,146.83166389813528,3.329770563201687,30.70819111482666,0.7606056073988443,1.0,leptonic_bookkeeping,train,True,0.50562265163496,unassigned
111164,ttH,124.83570765056163,123.94966038564371,1,3,3,146.83166389813528,3.329770563201687,30.70819111482666,0.7606056073988443,1.0,leptonic_bookkeeping,validation,True,0.50562265163496,unassigned
732467,ttH,124.83570765056163,123.94966038564371,1,3,3,146.83166389813528,3.329770563201687,30.70819111482666,0.7606056073988443,1.0,leptonic_bookkeeping,train,True,0.50562265163496,unassigned
316788,ttH,124.83570765056163,123.94966038564371,1,3,3,146.83166389813528,3.329770563201687,30.70819111482666,0.7606056073988443,1.0,leptonic_bookkeeping,validation,True,0.50562265163496,unassigned
43504,ttH,124.83570765056163,123.94966038564371,1,3,3,146.83166389813528,3.329770563201687,30.70819111482666,0.7606056073988443,1.0,leptonic_bookkeeping,train,True,0.50562265163496,unassigned
218476,ttH,124.83570765056163,123.94966038564371,1,3,3,146.83166389813528,3.329770563201687,30.70819111482666,0.7606056073988443,1.0,leptonic_bookkeeping,train,True,0.50562265163496,unassigned
426158,ttH,124.83570765056163,123.94966038564371,1,3,3,146.83166389813528,3.329770563201687,30.70819111482666,0.7606056073988443,1.0,leptonic_bookkeeping,train,True,0.50562265163496,unassigned
834080,ttH,124.83570765056163,123.94966038564371,1,3,3,146.83166389813528,3.329770563201687,30.70819111482666,0.7606056073988443,1.0,leptonic_bookkeeping,test,True,0.50562265163496,unassigned
312207,ttH,124.83570765056163,123.94966038564371,1,3,3,146.83166389813528,3.329770563201687,30.70819111482666,0.7606056073988443,1.0,leptonic_bookkeeping,train,True,0.50562265163496,unassigned
522868,ttH,124.83570765056163,123.94966038564371,1,3,3,146.83166389813528,3.329770563201687,30.70819111482666,0.7606056073988443,1.0,leptonic_bookkeeping,validation,True,0.50562265163496,unassigned
547040,ttH,124.83570765056163,123.94966038564371,1,3,3,146.83166389813528,3.329770563201687,30.70819111482666,0.7606056073988443,1.0,leptonic_bookkeeping,train,True,0.50562265163496,unassigned
784277,ttH,124.83570765056163,123.94966038564371,1,3,3,146.83166389813528,3.329770563201687,30.70819111482666,0.7606056073988443,1.0,leptonic_bookkeeping,train,True,0.50562265163496,unassigned
734804,ttH,124.83570765056163,123.94966038564371,1,3,3,146.83166389813528,3.329770563201687,30.70819111482666,0.7606056073988443,1.0,leptonic_bookkeeping,train,True,0.50562265163496,unassigned
162557,ttH,124.83570765056163,123.94966038564371,1,3,3,146.83166389813528,3.329770563201687,30.70819111482666,0.7606056073988443,1.0,leptonic_bookkeeping,validation,True,0.50562265163496,unassigned
374548,ttH,124.83570765056163,123.94966038564371,1,3,3,146.83166389813528,3.329770563201687,30.70819111482666,0.7606056073988443,1.0,leptonic_bookkeeping,train,True,0.50562265163496,unassigned
91343,ttH,124.83570765056163,123.94966038564371,1,3,3,146.83166389813528,3.329770563201687,30.70819111482666,0.7606056073988443,1.0,leptonic_bookkeeping,test,True,0.50562265163496,unassigned
393306,ttH,124.83570765056163,123.94966038564371,1,3,3,146.83166389813528,3.329770563201687,30.70819111482666,0.7606056073988443,1.0,leptonic_bookkeeping,train,True,0.50562265163496,unassigned
695326,ttH,124.83570765056163,123.94966038564371,1,3,3,146.83166389813528,3.329770563201687,30.70819111482666,0.7606056073988443,1.0,leptonic_bookkeeping,train,True,0.50562265163496,unassigned
344104,ttH,124.83570765056163,123.94966038564371,1,3,3,146.83166389813528,3.329770563201687,30.70819111482666,0.7606056073988443,1.0,leptonic_bookkeeping,train,True,0.50562265163496,unassigned
860763,ttH,124.83570765056163,123.94966038564371,1,3,3,146.83166389813528,3.329770563201687,30.70819111482666,0.7606056073988443,1.0,leptonic_bookkeeping,train,True,0.50562265163496,unassigned
583648,ttH,124.83570765056163,123.94966038564371,1,3,3,146.83166389813528,3.329770563201687,30.70819111482666,0.7606056073988443,1.0,leptonic_bookkeeping,validation,True,0.50562265163496,unassigned
468293,ttH,124.83570765056163,123.94966038564371,1,3,3,146.83166389813528,3.329770563201687,30.70819111482666,0.7606056073988443,1.0,leptonic_bookkeeping,train,True,0.50562265163496,unassigned
787749,ttH,124.83570765056163,123.94966038564371,1,3,3,146.83166389813528,3.329770563201687,30.70819111482666,0.7606056073988443,1.0,leptonic_bookkeeping,train,True,0.50562265163496,unassigned
324965,ttH,124.83570765056163,123.94966038564371,1,3,3,146.83166389813528,3.329770563201687,30.70819111482666,0.7606056073988443,1.0,leptonic_bookkeeping,train,True,0.50562265163496,unassigned
355986,ttH,124.83570765056163,123.94966038564371,1,3,3,146.83166389813528,3.329770563201687,30.70819111482666,0.7606056073988443,1.0,leptonic_bookkeeping,train,True,0.50562265163496,unassigned
497049,ttH,124.83570765056163,123.94966038564371,1,3,3,146.83166389813528,3.329770563201687,30.70819111482666,0.7606056073988443,1.0,leptonic_bookkeeping,train,True,0.50562265163496,unassigned
397464,ttH,124.83570765056163,123.94966038564371,1,3,3,146.83166389813528,3.329770563201687,30.70819111482666,0.7606056073988443,1.0,leptonic_bookkeeping,train,True,0.50562265163496,unassigned
784715,ttH,124.83570765056163,123.94966038564371,1,3,3,146.83166389813528,3.329770563201687,30.70819111482666,0.7606056073988443,1.0,leptonic_bookkeeping,train,True,0.50562265163496,unassigned
643332,ttH,124.83570765056163,123.94966038564371,1,3,3,146.83166389813528,3.329770563201687,30.70819111482666,0.7606056073988443,1.0,leptonic_bookkeeping,train,True,0.50562265163496,unassigned
357704,ttH,124.83570765056163,123.94966038564371,1,3,3,146.83166389813528,3.329770563201687,30.70819111482666,0.7606056073988443,1.0,leptonic_bookkeeping,validation,True,0.50562265163496,unassigned
62250,ttH,124.83570765056163,123.94966038564371,1,3,3,146.83166389813528,3.329770563201687,30.70819111482666,0.7606056073988443,1.0,leptonic_bookkeeping,train,True,0.50562265163496,unassigned
570474,ttH,124.83570765056163,123.94966038564371,1,3,3,146.83166389813528,3.329770563201687,30.70819111482666,0.7606056073988443,1.0,leptonic_bookkeeping,train,True,0.50562265163496,unassigned
114632,ttH,124.83570765056163,123.94966038564371,1,3,3,146.83166389813528,3.329770563201687,30.70819111482666,0.7606056073988443,1.0,leptonic_bookkeeping,train,True,0.50562265163496,unassigned
874123,ttH,124.83570765056163,123.94966038564371,1,3,3,146.83166389813528,3.329770563201687,30.70819111482666,0.7606056073988443,1.0,leptonic_bookkeeping,validation,True,0.50562265163496,unassigned
861178,ttH,124.83570765056163,123.94966038564371,1,3,3,146.83166389813528,3.329770563201687,30.70819111482666,0.7606056073988443,1.0,leptonic_bookkeeping,train,True,0.50562265163496,unassigned
268552,ttH,124.83570765056163,123.94966038564371,1,3,3,146.83166389813528,3.329770563201687,30.70819111482666,0.7606056073988443,1.0,leptonic_bookkeeping,train,True,0.50562265163496,unassigned
773528,ttH,124.83570765056163,123.94966038564371,1,3,3,146.83166389813528,3.329770563201687,30.70819111482666,0.7606056073988443,1.0,leptonic_bookkeeping,train,True,0.50562265163496,unassigned
662072,ttH,124.83570765056163,123.94966038564371,1,3,3,146.83166389813528,3.329770563201687,30.70819111482666,0.7606056073988443,1.0,leptonic_bookkeeping,train,True,0.50562265163496,unassigned
1741,ttH,124.83570765056163,123.94966038564371,1,3,3,146.83166389813528,3.329770563201687,30.70819111482666,0.7606056073988443,1.0,leptonic_bookkeeping,train,True,0.50562265163496,unassigned
784600,ttH,124.83570765056163,123.94966038564371,1,3,3,146.83166389813528,3.329770563201687,30.70819111482666,0.7606056073988443,1.0,leptonic_bookkeeping,train,True,0.50562265163496,unassigned
489410,ttH,124.83570765056163,123.94966038564371,1,3,3,146.83166389813528,3.329770563201687,30.70819111482666,0.7606056073988443,1.0,leptonic_bookkeeping,train,True,0.50562265163496,unassigned
937055,ttH,124.83570765056163,123.94966038564371,1,3,3,146.83166389813528,3.329770563201687,30.70819111482666,0.7606056073988443,1.0,leptonic_bookkeeping,test,True,0.50562265163496,unassigned
398103,ttH,124.83570765056163,123.94966038564371,1,3,3,146.83166389813528,3.329770563201687,30.70819111482666,0.7606056073988443,1.0,leptonic_bookkeeping,validation,True,0.50562265163496,unassigned
234775,ttH,124.83570765056163,123.94966038564371,1,3,3,146.83166389813528,3.329770563201687,30.70819111482666,0.7606056073988443,1.0,leptonic_bookkeeping,validation,True,0.50562265163496,unassigned
44775,ttH,124.83570765056163,123.94966038564371,1,3,3,146.83166389813528,3.329770563201687,30.70819111482666,0.7606056073988443,1.0,leptonic_bookkeeping,train,True,0.50562265163496,unassigned
268911,ttH,124.83570765056163,123.94966038564371,1,3,3,146.83166389813528,3.329770563201687,30.70819111482666,0.7606056073988443,1.0,leptonic_bookkeeping,train,True,0.50562265163496,unassigned
278512,ttH,124.83570765056163,123.94966038564371,1,3,3,146.83166389813528,3.329770563201687,30.70819111482666,0.7606056073988443,1.0,leptonic_bookkeeping,train,True,0.50562265163496,unassigned
651776,ttH,124.83570765056163,123.94966038564371,1,3,3,146.83166389813528,3.329770563201687,30.70819111482666,0.7606056073988443,1.0,leptonic_bookkeeping,train,True,0.50562265163496,unassigned
449956,ttH,124.83570765056163,123.94966038564371,1,3,3,146.83166389813528,3.329770563201687,30.70819111482666,0.7606056073988443,1.0,leptonic_bookkeeping,validation,True,0.50562265163496,unassigned
720560,ttH,124.83570765056163,123.94966038564371,1,3,3,146.83166389813528,3.329770563201687,30.70819111482666,0.7606056073988443,1.0,leptonic_bookkeeping,test,True,0.50562265163496,unassigned
242561,ttH,124.83570765056163,123.94966038564371,1,3,3,146.83166389813528,3.329770563201687,30.70819111482666,0.7606056073988443,1.0,leptonic_bookkeeping,train,True,0.50562265163496,unassigned
856701,ttH,124.83570765056163,123.94966038564371,1,3,3,146.83166389813528,3.329770563201687,30.70819111482666,0.7606056073988443,1.0,leptonic_bookkeeping,train,True,0.50562265163496,unassigned
474473,ttH,124.83570765056163,123.94966038564371,1,3,3,146.83166389813528,3.329770563201687,30.70819111482666,0.7606056073988443,1.0,leptonic_bookkeeping,train,True,0.50562265163496,unassigned
93000,ttH,124.83570765056163,123.94966038564371,1,3,3,146.83166389813528,3.329770563201687,30.70819111482666,0.7606056073988443,1.0,leptonic_bookkeeping,train,True,0.50562265163496,unassigned
397250,ttH,124.83570765056163,123.94966038564371,1,3,3,146.83166389813528,3.329770563201687,30.70819111482666,0.7606056073988443,1.0,leptonic_bookkeeping,train,True,0.50562265163496,unassigned
577164,ttH,124.83570765056163,123.94966038564371,1,3,3,146.83166389813528,3.329770563201687,30.70819111482666,0.7606056073988443,1.0,leptonic_bookkeeping,test,True,0.50562265163496,unassigned
621827,ttH,124.83570765056163,123.94966038564371,1,3,3,146.83166389813528,3.329770563201687,30.70819111482666,0.7606056073988443,1.0,leptonic_bookkeeping,train,True,0.50562265163496,unassigned
766688,ttH,124.83570765056163,123.94966038564371,1,3,3,146.83166389813528,3.329770563201687,30.70819111482666,0.7606056073988443,1.0,leptonic_bookkeeping,train,True,0.50562265163496,unassigned
66328,ttH,124.83570765056163,123.94966038564371,1,3,3,146.83166389813528,3.329770563201687,30.70819111482666,0.7606056073988443,1.0,leptonic_bookkeeping,train,True,0.50562265163496,unassigned
56995,ttH,124.83570765056163,123.94966038564371,1,3,3,146.83166389813528,3.329770563201687,30.70819111482666,0.7606056073988443,1.0,leptonic_bookkeeping,train,True,0.50562265163496,unassigned
490397,ttH,124.83570765056163,123.94966038564371,1,3,3,146.83166389813528,3.329770563201687,30.70819111482666,0.7606056073988443,1.0,leptonic_bookkeeping,train,True,0.50562265163496,unassigned
935794,ttH,124.83570765056163,123.94966038564371,1,3,3,146.83166389813528,3.329770563201687,30.70819111482666,0.7606056073988443,1.0,leptonic_bookkeeping,validation,True,0.50562265163496,unassigned
723017,ttH,124.83570765056163,123.94966038564371,1,3,3,146.83166389813528,3.329770563201687,30.70819111482666,0.7606056073988443,1.0,leptonic_bookkeeping,train,True,0.50562265163496,unassigned
523032,ttH,124.83570765056163,123.94966038564371,1,3,3,146.83166389813528,3.329770563201687,30.70819111482666,0.7606056073988443,1.0,leptonic_bookkeeping,validation,True,0.50562265163496,unassigned
5367,ttH,124.83570765056163,123.94966038564371,1,3,3,146.83166389813528,3.329770563201687,30.70819111482666,0.7606056073988443,1.0,leptonic_bookkeeping,train,True,0.50562265163496,unassigned
448893,ttH,124.83570765056163,123.94966038564371,1,3,3,146.83166389813528,3.329770563201687,30.70819111482666,0.7606056073988443,1.0,leptonic_bookkeeping,train,True,0.50562265163496,unassigned
92039,ttH,124.83570765056163,123.94966038564371,1,3,3,146.83166389813528,3.329770563201687,30.70819111482666,0.7606056073988443,1.0,leptonic_bookkeeping,test,True,0.50562265163496,unassigned
321209,ttH,124.83570765056163,123.94966038564371,1,3,3,146.83166389813528,3.329770563201687,30.70819111482666,0.7606056073988443,1.0,leptonic_bookkeeping,train,True,0.50562265163496,unassigned
3233,ttH,124.83570765056163,123.94966038564371,1,3,3,146.83166389813528,3.329770563201687,30.70819111482666,0.7606056073988443,1.0,leptonic_bookkeeping,train,True,0.50562265163496,unassigned
972741,ttH,124.83570765056163,123.94966038564371,1,3,3,146.83166389813528,3.329770563201687,30.70819111482666,0.7606056073988443,1.0,leptonic_bookkeeping,train,True,0.50562265163496,unassigned
759386,ttH,124.83570765056163,123.94966038564371,1,3,3,146.83166389813528,3.329770563201687,30.70819111482666,0.7606056073988443,1.0,leptonic_bookkeeping,validation,True,0.50562265163496,unassigned
677191,ttH,124.83570765056163,123.94966038564371,1,3,3,146.83166389813528,3.329770563201687,30.70819111482666,0.7606056073988443,1.0,leptonic_bookkeeping,validation,True,0.50562265163496,unassigned
408491,ttH,124.83570765056163,123.94966038564371,1,3,3,146.83166389813528,3.329770563201687,30.70819111482666,0.7606056073988443,1.0,leptonic_bookkeeping,validation,True,0.50562265163496,unassigned
791185,ttH,124.83570765056163,123.94966038564371,1,3,3,146.83166389813528,3.329770563201687,30.70819111482666,0.7606056073988443,1.0,leptonic_bookkeeping,validation,True,0.50562265163496,unassigned
418725,ttH,124.83570765056163,123.94966038564371,1,3,3,146.83166389813528,3.329770563201687,30.70819111482666,0.7606056073988443,1.0,leptonic_bookkeeping,validation,True,0.50562265163496,unassigned
723278,ttH,124.83570765056163,123.94966038564371,1,3,3,146.83166389813528,3.329770563201687,30.70819111482666,0.7606056073988443,1.0,leptonic_bookkeeping,train,True,0.50562265163496,unassigned
604105,ttH,124.83570765056163,123.94966038564371,1,3,3,146.83166389813528,3.329770563201687,30.70819111482666,0.7606056073988443,1.0,leptonic_bookkeeping,train,True,0.50562265163496,unassigned
151327,ttH,124.83570765056163,123.94966038564371,1,3,3,146.83166389813528,3.329770563201687,30.70819111482666,0.7606056073988443,1.0,leptonic_bookkeeping,validation,True,0.50562265163496,unassigned
727836,ttH,124.83570765056163,123.94966038564371,1,3,3,146.83166389813528,3.329770563201687,30.70819111482666,0.7606056073988443,1.0,leptonic_bookkeeping,validation,True,0.50562265163496,unassigned
832691,ttH,124.83570765056163,123.94966038564371,1,3,3,146.83166389813528,3.329770563201687,30.70819111482666,0.7606056073988443,1.0,leptonic_bookkeeping,validation,True,0.50562265163496,unassigned
590969,ttH,124.83570765056163,123.94966038564371,1,3,3,146.83166389813528,3.329770563201687,30.70819111482666,0.7606056073988443,1.0,leptonic_bookkeeping,train,True,0.50562265163496,unassigned
100832,ttH,124.83570765056163,123.94966038564371,1,3,3,146.83166389813528,3.329770563201687,30.70819111482666,0.7606056073988443,1.0,leptonic_bookkeeping,validation,True,0.50562265163496,unassigned
979904,ttH,124.83570765056163,123.94966038564371,1,3,3,146.83166389813528,3.329770563201687,30.70819111482666,0.7606056073988443,1.0,leptonic_bookkeeping,train,True,0.50562265163496,unassigned
409662,ttH,124.83570765056163,123.94966038564371,1,3,3,146.83166389813528,3.329770563201687,30.70819111482666,0.7606056073988443,1.0,leptonic_bookkeeping,validation,True,0.50562265163496,unassigned
695551,ttH,124.83570765056163,123.94966038564371,1,3,3,146.83166389813528,3.329770563201687,30.70819111482666,0.7606056073988443,1.0,leptonic_bookkeeping,train,True,0.50562265163496,unassigned
649190,ttH,124.83570765056163,123.94966038564371,1,3,3,146.83166389813528,3.329770563201687,30.70819111482666,0.7606056073988443,1.0,leptonic_bookkeeping,test,True,0.50562265163496,unassigned
28849,ttH,124.83570765056163,123.94966038564371,1,3,3,146.83166389813528,3.329770563201687,30.70819111482666,0.7606056073988443,1.0,leptonic_bookkeeping,validation,True,0.50562265163496,unassigned
121570,ttH,124.83570765056163,123.94966038564371,1,3,3,146.83166389813528,3.329770563201687,30.70819111482666,0.7606056073988443,1.0,leptonic_bookkeeping,validation,True,0.50562265163496,unassigned
727132,ttH,124.83570765056163,123.94966038564371,1,3,3,146.83166389813528,3.329770563201687,30.70819111482666,0.7606056073988443,1.0,leptonic_bookkeeping,train,True,0.50562265163496,unassigned
278358,ttH,124.83570765056163,123.94966038564371,1,3,3,146.83166389813528,3.329770563201687,30.70819111482666,0.7606056073988443,1.0,leptonic_bookkeeping,train,True,0.50562265163496,unassigned
282527,ttH,124.83570765056163,123.94966038564371,1,3,3,146.83166389813528,3.329770563201687,30.70819111482666,0.7606056073988443,1.0,leptonic_bookkeeping,train,True,0.50562265163496,unassigned
568062,ttH,124.83570765056163,123.94966038564371,1,3,3,146.83166389813528,3.329770563201687,30.70819111482666,0.7606056073988443,1.0,leptonic_bookkeeping,train,True,0.50562265163496,unassigned
901350,ttH,124.83570765056163,123.94966038564371,1,3,3,146.83166389813528,3.329770563201687,30.70819111482666,0.7606056073988443,1.0,leptonic_bookkeeping,train,True,0.50562265163496,unassigned
33969,ttH,124.83570765056163,123.94966038564371,1,3,3,146.83166389813528,3.329770563201687,30.70819111482666,0.7606056073988443,1.0,leptonic_bookkeeping,train,True,0.50562265163496,unassigned
583304,ttH,124.83570765056163,123.94966038564371,1,3,3,146.83166389813528,3.329770563201687,30.70819111482666,0.7606056073988443,1.0,leptonic_bookkeeping,train,True,0.50562265163496,unassigned
591576,ttH,124.83570765056163,123.94966038564371,1,3,3,146.83166389813528,3.329770563201687,30.70819111482666,0.7606056073988443,1.0,leptonic_bookkeeping,train,True,0.50562265163496,unassigned
219101,ttH,124.83570765056163,123.94966038564371,1,3,3,146.83166389813528,3.329770563201687,30.70819111482666,0.7606056073988443,1.0,leptonic_bookkeeping,train,True,0.50562265163496,unassigned
921814,ttH,124.83570765056163,123.94966038564371,1,3,3,146.83166389813528,3.329770563201687,30.70819111482666,0.7606056073988443,1.0,leptonic_bookkeeping,train,True,0.50562265163496,unassigned
498766,ttH,124.83570765056163,123.94966038564371,1,3,3,146.83166389813528,3.329770563201687,30.70819111482666,0.7606056073988443,1.0,leptonic_bookkeeping,train,True,0.50562265163496,unassigned
189465,ttH,124.83570765056163,123.94966038564371,1,3,3,146.83166389813528,3.329770563201687,30.70819111482666,0.7606056073988443,1.0,leptonic_bookkeeping,train,True,0.50562265163496,unassigned
105754,ttH,124.83570765056163,123.94966038564371,1,3,3,146.83166389813528,3.329770563201687,30.70819111482666,0.7606056073988443,1.0,leptonic_bookkeeping,train,True,0.50562265163496,unassigned
908352,ttH,124.83570765056163,123.94966038564371,1,3,3,146.83166389813528,3.329770563201687,30.70819111482666,0.7606056073988443,1.0,leptonic_bookkeeping,train,True,0.50562265163496,unassigned
538158,ttH,124.83570765056163,123.94966038564371,1,3,3,146.83166389813528,3.329770563201687,30.70819111482666,0.7606056073988443,1.0,leptonic_bookkeeping,train,True,0.50562265163496,unassigned
527543,ttH,124.83570765056163,123.94966038564371,1,3,3,146.83166389813528,3.329770563201687,30.70819111482666,0.7606056073988443,1.0,leptonic_bookkeeping,train,True,0.50562265163496,unassigned
655251,ttH,124.83570765056163,123.94966038564371,1,3,3,146.83166389813528,3.329770563201687,30.70819111482666,0.7606056073988443,1.0,leptonic_bookkeeping,train,True,0.50562265163496,unassigned
726370,ttH,124.83570765056163,123.94966038564371,1,3,3,146.83166389813528,3.329770563201687,30.70819111482666,0.7606056073988443,1.0,leptonic_bookkeeping,train,True,0.50562265163496,unassigned
223875,ttH,124.83570765056163,123.94966038564371,1,3,3,146.83166389813528,3.329770563201687,30.70819111482666,0.7606056073988443,1.0,leptonic_bookkeeping,validation,True,0.50562265163496,unassigned
412896,ttH,124.83570765056163,123.94966038564371,1,3,3,146.83166389813528,3.329770563201687,30.70819111482666,0.7606056073988443,1.0,leptonic_bookkeeping,train,True,0.50562265163496,unassigned
370572,ttH,124.83570765056163,123.94966038564371,1,3,3,146.83166389813528,3.329770563201687,30.70819111482666,0.7606056073988443,1.0,leptonic_bookkeeping,test,True,0.50562265163496,unassigned
514911,ttH,124.83570765056163,123.94966038564371,1,3,3,146.83166389813528,3.329770563201687,30.70819111482666,0.7606056073988443,1.0,leptonic_bookkeeping,test,True,0.50562265163496,unassigned
457849,ttH,124.83570765056163,123.94966038564371,1,3,3,146.83166389813528,3.329770563201687,30.70819111482666,0.7606056073988443,1.0,leptonic_bookkeeping,train,True,0.50562265163496,unassigned
758760,ttH,124.83570765056163,123.94966038564371,1,3,3,146.83166389813528,3.329770563201687,30.70819111482666,0.7606056073988443,1.0,leptonic_bookkeeping,train,True,0.50562265163496,unassigned
712307,ttH,124.83570765056163,123.94966038564371,1,3,3,146.83166389813528,3.329770563201687,30.70819111482666,0.7606056073988443,1.0,leptonic_bookkeeping,train,True,0.50562265163496,unassigned
758921,ttH,124.83570765056163,123.94966038564371,1,3,3,146.83166389813528,3.329770563201687,30.70819111482666,0.7606056073988443,1.0,leptonic_bookkeeping,validation,True,0.50562265163496,unassigned
156953,ttH,124.83570765056163,123.94966038564371,1,3,3,146.83166389813528,3.329770563201687,30.70819111482666,0.7606056073988443,1.0,leptonic_bookkeeping,train,True,0.50562265163496,unassigned
322684,ttH,124.83570765056163,123.94966038564371,1,3,3,146.83166389813528,3.329770563201687,30.70819111482666,0.7606056073988443,1.0,leptonic_bookkeeping,train,True,0.50562265163496,unassigned
812235,ttH,124.83570765056163,123.94966038564371,1,3,3,146.83166389813528,3.329770563201687,30.70819111482666,0.7606056073988443,1.0,leptonic_bookkeeping,validation,True,0.50562265163496,unassigned
672,ttH,124.83570765056163,123.94966038564371,1,3,3,146.83166389813528,3.329770563201687,30.70819111482666,0.7606056073988443,1.0,leptonic_bookkeeping,train,True,0.50562265163496,unassigned
73625,ttH,124.83570765056163,123.94966038564371,1,3,3,146.83166389813528,3.329770563201687,30.70819111482666,0.7606056073988443,1.0,leptonic_bookkeeping,train,True,0.50562265163496,unassigned
609763,ttH,124.83570765056163,123.94966038564371,1,3,3,146.83166389813528,3.329770563201687,30.70819111482666,0.7606056073988443,1.0,leptonic_bookkeeping,train,True,0.50562265163496,unassigned
578341,ttH,124.83570765056163,123.94966038564371,1,3,3,146.83166389813528,3.329770563201687,30.70819111482666,0.7606056073988443,1.0,leptonic_bookkeeping,train,True,0.50562265163496,unassigned
583620,ttH,124.83570765056163,123.94966038564371,1,3,3,146.83166389813528,3.329770563201687,30.70819111482666,0.7606056073988443,1.0,leptonic_bookkeeping,validation,True,0.50562265163496,unassigned
13100,ttH,124.83570765056163,123.94966038564371,1,3,3,146.83166389813528,3.329770563201687,30.70819111482666,0.7606056073988443,1.0,leptonic_bookkeeping,train,True,0.50562265163496,unassigned
303983,ttH,124.83570765056163,123.94966038564371,1,3,3,146.83166389813528,3.329770563201687,30.70819111482666,0.7606056073988443,1.0,leptonic_bookkeeping,train,True,0.50562265163496,unassigned
533561,ttH,124.83570765056163,123.94966038564371,1,3,3,146.83166389813528,3.329770563201687,30.70819111482666,0.7606056073988443,1.0,leptonic_bookkeeping,validation,True,0.50562265163496,unassigned
890677,ttH,124.83570765056163,123.94966038564371,1,3,3,146.83166389813528,3.329770563201687,30.70819111482666,0.7606056073988443,1.0,leptonic_bookkeeping,train,True,0.50562265163496,unassigned
851373,ttH,124.83570765056163,123.94966038564371,1,3,3,146.83166389813528,3.329770563201687,30.70819111482666,0.7606056073988443,1.0,leptonic_bookkeeping,train,True,0.50562265163496,unassigned
630306,ttH,124.83570765056163,123.94966038564371,1,3,3,146.83166389813528,3.329770563201687,30.70819111482666,0.7606056073988443,1.0,leptonic_bookkeeping,train,True,0.50562265163496,unassigned
330432,ttH,124.83570765056163,123.94966038564371,1,3,3,146.83166389813528,3.329770563201687,30.70819111482666,0.7606056073988443,1.0,leptonic_bookkeeping,train,True,0.50562265163496,unassigned
776292,ttH,124.83570765056163,123.94966038564371,1,3,3,146.83166389813528,3.329770563201687,30.70819111482666,0.7606056073988443,1.0,leptonic_bookkeeping,train,True,0.50562265163496,unassigned
637044,ttH,124.83570765056163,123.94966038564371,1,3,3,146.83166389813528,3.329770563201687,30.70819111482666,0.7606056073988443,1.0,leptonic_bookkeeping,validation,True,0.50562265163496,unassigned
151619,ttH,124.83570765056163,123.94966038564371,1,3,3,146.83166389813528,3.329770563201687,30.70819111482666,0.7606056073988443,1.0,leptonic_bookkeeping,validation,True,0.50562265163496,unassigned
187263,ttH,124.83570765056163,123.94966038564371,1,3,3,146.83166389813528,3.329770563201687,30.70819111482666,0.7606056073988443,1.0,leptonic_bookkeeping,train,True,0.50562265163496,unassigned
724504,ttH,124.83570765056163,123.94966038564371,1,3,3,146.83166389813528,3.329770563201687,30.70819111482666,0.7606056073988443,1.0,leptonic_bookkeeping,train,True,0.50562265163496,unassigned
762435,ttH,124.83570765056163,123.94966038564371,1,3,3,146.83166389813528,3.329770563201687,30.70819111482666,0.7606056073988443,1.0,leptonic_bookkeeping,test,True,0.50562265163496,unassigned
568263,ttH,124.83570765056163,123.94966038564371,1,3,3,146.83166389813528,3.329770563201687,30.70819111482666,0.7606056073988443,1.0,leptonic_bookkeeping,train,True,0.50562265163496,unassigned
743103,ttH,124.83570765056163,123.94966038564371,1,3,3,146.83166389813528,3.329770563201687,30.70819111482666,0.7606056073988443,1.0,leptonic_bookkeeping,train,True,0.50562265163496,unassigned
899566,ttH,124.83570765056163,123.94966038564371,1,3,3,146.83166389813528,3.329770563201687,30.70819111482666,0.7606056073988443,1.0,leptonic_bookkeeping,train,True,0.50562265163496,unassigned
530268,ttH,124.83570765056163,123.94966038564371,1,3,3,146.83166389813528,3.329770563201687,30.70819111482666,0.7606056073988443,1.0,leptonic_bookkeeping,train,True,0.50562265163496,unassigned
395707,ttH,124.83570765056163,123.94966038564371,1,3,3,146.83166389813528,3.329770563201687,30.70819111482666,0.7606056073988443,1.0,leptonic_bookkeeping,train,True,0.50562265163496,unassigned
106028,ttH,124.83570765056163,123.94966038564371,1,3,3,146.83166389813528,3.329770563201687,30.70819111482666,0.7606056073988443,1.0,leptonic_bookkeeping,train,True,0.50562265163496,unassigned
373729,ttH,124.83570765056163,123.94966038564371,1,3,3,146.83166389813528,3.329770563201687,30.70819111482666,0.7606056073988443,1.0,leptonic_bookkeeping,train,True,0.50562265163496,unassigned
416749,ttH,124.83570765056163,123.94966038564371,1,3,3,146.83166389813528,3.329770563201687,30.70819111482666,0.7606056073988443,1.0,leptonic_bookkeeping,train,True,0.50562265163496,unassigned
995141,ttH,124.83570765056163,123.94966038564371,1,3,3,146.83166389813528,3.329770563201687,30.70819111482666,0.7606056073988443,1.0,leptonic_bookkeeping,train,True,0.50562265163496,unassigned
510177,ttH,124.83570765056163,123.94966038564371,1,3,3,146.83166389813528,3.329770563201687,30.70819111482666,0.7606056073988443,1.0,leptonic_bookkeeping,train,True,0.50562265163496,unassigned
790296,ttH,124.83570765056163,123.94966038564371,1,3,3,146.83166389813528,3.329770563201687,30.70819111482666,0.7606056073988443,1.0,leptonic_bookkeeping,validation,True,0.50562265163496,unassigned
391641,ttH,124.83570765056163,123.94966038564371,1,3,3,146.83166389813528,3.329770563201687,30.70819111482666,0.7606056073988443,1.0,leptonic_bookkeeping,test,True,0.50562265163496,unassigned
275144,ttH,124.83570765056163,123.94966038564371,1,3,3,146.83166389813528,3.329770563201687,30.70819111482666,0.7606056073988443,1.0,leptonic_bookkeeping,validation,True,0.50562265163496,unassigned
601288,ttH,124.83570765056163,123.94966038564371,1,3,3,146.83166389813528,3.329770563201687,30.70819111482666,0.7606056073988443,1.0,leptonic_bookkeeping,train,True,0.50562265163496,unassigned
753058,ttH,124.83570765056163,123.94966038564371,1,3,3,146.83166389813528,3.329770563201687,30.70819111482666,0.7606056073988443,1.0,leptonic_bookkeeping,train,True,0.50562265163496,unassigned
89676,ttH,124.83570765056163,123.94966038564371,1,3,3,146.83166389813528,3.329770563201687,30.70819111482666,0.7606056073988443,1.0,leptonic_bookkeeping,validation,True,0.50562265163496,unassigned
324791,ttH,124.83570765056163,123.94966038564371,1,3,3,146.83166389813528,3.329770563201687,30.70819111482666,0.7606056073988443,1.0,leptonic_bookkeeping,train,True,0.50562265163496,unassigned
404181,ttH,124.83570765056163,123.94966038564371,1,3,3,146.83166389813528,3.329770563201687,30.70819111482666,0.7606056073988443,1.0,leptonic_bookkeeping,train,True,0.50562265163496,unassigned
556958,ttH,124.83570765056163,123.94966038564371,1,3,3,146.83166389813528,3.329770563201687,30.70819111482666,0.7606056073988443,1.0,leptonic_bookkeeping,train,True,0.50562265163496,unassigned
252773,ttH,124.83570765056163,123.94966038564371,1,3,3,146.83166389813528,3.329770563201687,30.70819111482666,0.7606056073988443,1.0,leptonic_bookkeeping,train,True,0.50562265163496,unassigned
659622,ttH,124.83570765056163,123.94966038564371,1,3,3,146.83166389813528,3.329770563201687,30.70819111482666,0.7606056073988443,1.0,leptonic_bookkeeping,test,True,0.50562265163496,unassigned
749572,ttH,124.83570765056163,123.94966038564371,1,3,3,146.83166389813528,3.329770563201687,30.70819111482666,0.7606056073988443,1.0,leptonic_bookkeeping,validation,True,0.50562265163496,unassigned
609153,ttH,124.83570765056163,123.94966038564371,1,3,3,146.83166389813528,3.329770563201687,30.70819111482666,0.7606056073988443,1.0,leptonic_bookkeeping,train,True,0.50562265163496,unassigned
953417,ttH,124.83570765056163,123.94966038564371,1,3,3,146.83166389813528,3.329770563201687,30.70819111482666,0.7606056073988443,1.0,leptonic_bookkeeping,train,True,0.50562265163496,unassigned
180996,ttH,124.83570765056163,123.94966038564371,1,3,3,146.83166389813528,3.329770563201687,30.70819111482666,0.7606056073988443,1.0,leptonic_bookkeeping,train,True,0.50562265163496,unassigned
788706,ttH,124.83570765056163,123.94966038564371,1,3,3,146.83166389813528,3.329770563201687,30.70819111482666,0.7606056073988443,1.0,leptonic_bookkeeping,train,True,0.50562265163496,unassigned
626197,ttH,124.83570765056163,123.94966038564371,1,3,3,146.83166389813528,3.329770563201687,30.70819111482666,0.7606056073988443,1.0,leptonic_bookkeeping,validation,True,0.50562265163496,unassigned
539016,ttH,124.83570765056163,123.94966038564371,1,3,3,146.83166389813528,3.329770563201687,30.70819111482666,0.7606056073988443,1.0,leptonic_bookkeeping,train,True,0.50562265163496,unassigned
603975,ttH,124.83570765056163,123.94966038564371,1,3,3,146.83166389813528,3.329770563201687,30.70819111482666,0.7606056073988443,1.0,leptonic_bookkeeping,train,True,0.50562265163496,unassigned
922358,ttH,124.83570765056163,123.94966038564371,1,3,3,146.83166389813528,3.329770563201687,30.70819111482666,0.7606056073988443,1.0,leptonic_bookkeeping,train,True,0.50562265163496,unassigned
288718,ttH,124.83570765056163,123.94966038564371,1,3,3,146.83166389813528,3.329770563201687,30.70819111482666,0.7606056073988443,1.0,leptonic_bookkeeping,train,True,0.50562265163496,unassigned
356778,ttH,124.83570765056163,123.94966038564371,1,3,3,146.83166389813528,3.329770563201687,30.70819111482666,0.7606056073988443,1.0,leptonic_bookkeeping,validation,True,0.50562265163496,unassigned
780347,ttH,124.83570765056163,123.94966038564371,1,3,3,146.83166389813528,3.329770563201687,30.70819111482666,0.7606056073988443,1.0,leptonic_bookkeeping,validation,True,0.50562265163496,unassigned
860335,ttH,124.83570765056163,123.94966038564371,1,3,3,146.83166389813528,3.329770563201687,30.70819111482666,0.7606056073988443,1.0,leptonic_bookkeeping,train,True,0.50562265163496,unassigned
961817,ttH,124.83570765056163,123.94966038564371,1,3,3,146.83166389813528,3.329770563201687,30.70819111482666,0.7606056073988443,1.0,leptonic_bookkeeping,train,True,0.50562265163496,unassigned
820295,ttH,124.83570765056163,123.94966038564371,1,3,3,146.83166389813528,3.329770563201687,30.70819111482666,0.7606056073988443,1.0,leptonic_bookkeeping,train,True,0.50562265163496,unassigned
468062,ttH,124.83570765056163,123.94966038564371,1,3,3,146.83166389813528,3.329770563201687,30.70819111482666,0.7606056073988443,1.0,leptonic_bookkeeping,train,True,0.50562265163496,unassigned
880530,ttH,124.83570765056163,123.94966038564371,1,3,3,146.83166389813528,3.329770563201687,30.70819111482666,0.7606056073988443,1.0,leptonic_bookkeeping,train,True,0.50562265163496,unassigned
322429,ttH,124.83570765056163,123.94966038564371,1,3,3,146.83166389813528,3.329770563201687,30.70819111482666,0.7606056073988443,1.0,leptonic_bookkeeping,train,True,0.50562265163496,unassigned
155942,ttH,124.83570765056163,123.94966038564371,1,3,3,146.83166389813528,3.329770563201687,30.70819111482666,0.7606056073988443,1.0,leptonic_bookkeeping,train,True,0.50562265163496,unassigned
565999,ttH,124.83570765056163,123.94966038564371,1,3,3,146.83166389813528,3.329770563201687,30.70819111482666,0.7606056073988443,1.0,leptonic_bookkeeping,test,True,0.50562265163496,unassigned
453736,ttH,124.83570765056163,123.94966038564371,1,3,3,146.83166389813528,3.329770563201687,30.70819111482666,0.7606056073988443,1.0,leptonic_bookkeeping,train,True,0.50562265163496,unassigned
893933,ttH,124.83570765056163,123.94966038564371,1,3,3,146.83166389813528,3.329770563201687,30.70819111482666,0.7606056073988443,1.0,leptonic_bookkeeping,validation,True,0.50562265163496,unassigned
265591,ttH,124.83570765056163,123.94966038564371,1,3,3,146.83166389813528,3.329770563201687,30.70819111482666,0.7606056073988443,1.0,leptonic_bookkeeping,validation,True,0.50562265163496,unassigned
482224,ttH,124.83570765056163,123.94966038564371,1,3,3,146.83166389813528,3.329770563201687,30.70819111482666,0.7606056073988443,1.0,leptonic_bookkeeping,validation,True,0.50562265163496,unassigned
374034,ttH,124.83570765056163,123.94966038564371,1,3,3,146.83166389813528,3.329770563201687,30.70819111482666,0.7606056073988443,1.0,leptonic_bookkeeping,train,True,0.50562265163496,unassigned
879088,ttH,124.83570765056163,123.94966038564371,1,3,3,146.83166389813528,3.329770563201687,30.70819111482666,0.7606056073988443,1.0,leptonic_bookkeeping,train,True,0.50562265163496,unassigned
244268,ttH,124.83570765056163,123.94966038564371,1,3,3,146.83166389813528,3.329770563201687,30.70819111482666,0.7606056073988443,1.0,leptonic_bookkeeping,validation,True,0.50562265163496,unassigned
211358,ttH,124.83570765056163,123.94966038564371,1,3,3,146.83166389813528,3.329770563201687,30.70819111482666,0.7606056073988443,1.0,leptonic_bookkeeping,train,True,0.50562265163496,unassigned
800805,ttH,124.83570765056163,123.94966038564371,1,3,3,146.83166389813528,3.329770563201687,30.70819111482666,0.7606056073988443,1.0,leptonic_bookkeeping,validation,True,0.50562265163496,unassigned
11672,ttH,124.83570765056163,123.94966038564371,1,3,3,146.83166389813528,3.329770563201687,30.70819111482666,0.7606056073988443,1.0,leptonic_bookkeeping,train,True,0.50562265163496,unassigned
393859,ttH,124.83570765056163,123.94966038564371,1,3,3,146.83166389813528,3.329770563201687,30.70819111482666,0.7606056073988443,1.0,leptonic_bookkeeping,train,True,0.50562265163496,unassigned
373966,ttH,124.83570765056163,123.94966038564371,1,3,3,146.83166389813528,3.329770563201687,30.70819111482666,0.7606056073988443,1.0,leptonic_bookkeeping,train,True,0.50562265163496,unassigned
278959,ttH,124.83570765056163,123.94966038564371,1,3,3,146.83166389813528,3.329770563201687,30.70819111482666,0.7606056073988443,1.0,leptonic_bookkeeping,train,True,0.50562265163496,unassigned
365179,ttH,124.83570765056163,123.94966038564371,1,3,3,146.83166389813528,3.329770563201687,30.70819111482666,0.7606056073988443,1.0,leptonic_bookkeeping,train,True,0.50562265163496,unassigned
768221,ttH,124.83570765056163,123.94966038564371,1,3,3,146.83166389813528,3.329770563201687,30.70819111482666,0.7606056073988443,1.0,leptonic_bookkeeping,train,True,0.50562265163496,unassigned
267776,ttH,124.83570765056163,123.94966038564371,1,3,3,146.83166389813528,3.329770563201687,30.70819111482666,0.7606056073988443,1.0,leptonic_bookkeeping,test,True,0.50562265163496,unassigned
641428,ttH,124.83570765056163,123.94966038564371,1,3,3,146.83166389813528,3.329770563201687,30.70819111482666,0.7606056073988443,1.0,leptonic_bookkeeping,train,True,0.50562265163496,unassigned
929353,ttH,124.83570765056163,123.94966038564371,1,3,3,146.83166389813528,3.329770563201687,30.70819111482666,0.7606056073988443,1.0,leptonic_bookkeeping,train,True,0.50562265163496,unassigned
56084,ttH,124.83570765056163,123.94966038564371,1,3,3,146.83166389813528,3.329770563201687,30.70819111482666,0.7606056073988443,1.0,leptonic_bookkeeping,train,True,0.50562265163496,unassigned
69081,ttH,124.83570765056163,123.94966038564371,1,3,3,146.83166389813528,3.329770563201687,30.70819111482666,0.7606056073988443,1.0,leptonic_bookkeeping,validation,True,0.50562265163496,unassigned
992745,ttH,124.83570765056163,123.94966038564371,1,3,3,146.83166389813528,3.329770563201687,30.70819111482666,0.7606056073988443,1.0,leptonic_bookkeeping,train,True,0.50562265163496,unassigned
932274,ttH,124.83570765056163,123.94966038564371,1,3,3,146.83166389813528,3.329770563201687,30.70819111482666,0.7606056073988443,1.0,leptonic_bookkeeping,train,True,0.50562265163496,unassigned
85429,ttH,124.83570765056163,123.94966038564371,1,3,3,146.83166389813528,3.329770563201687,30.70819111482666,0.7606056073988443,1.0,leptonic_bookkeeping,train,True,0.50562265163496,unassigned
892180,ttH,124.83570765056163,123.94966038564371,1,3,3,146.83166389813528,3.329770563201687,30.70819111482666,0.7606056073988443,1.0,leptonic_bookkeeping,train,True,0.50562265163496,unassigned
534119,ttH,124.83570765056163,123.94966038564371,1,3,3,146.83166389813528,3.329770563201687,30.70819111482666,0.7606056073988443,1.0,leptonic_bookkeeping,test,True,0.50562265163496,unassigned
65226,ttH,124.83570765056163,123.94966038564371,1,3,3,146.83166389813528,3.329770563201687,30.70819111482666,0.7606056073988443,1.0,leptonic_bookkeeping,train,True,0.50562265163496,unassigned
770918,ttH,124.83570765056163,123.94966038564371,1,3,3,146.83166389813528,3.329770563201687,30.70819111482666,0.7606056073988443,1.0,leptonic_bookkeeping,validation,True,0.50562265163496,unassigned
827506,ttH,124.83570765056163,123.94966038564371,1,3,3,146.83166389813528,3.329770563201687,30.70819111482666,0.7606056073988443,1.0,leptonic_bookkeeping,train,True,0.50562265163496,unassigned
147282,ttH,124.83570765056163,123.94966038564371,1,3,3,146.83166389813528,3.329770563201687,30.70819111482666,0.7606056073988443,1.0,leptonic_bookkeeping,train,True,0.50562265163496,unassigned
98936,ttH,124.83570765056163,123.94966038564371,1,3,3,146.83166389813528,3.329770563201687,30.70819111482666,0.7606056073988443,1.0,leptonic_bookkeeping,train,True,0.50562265163496,unassigned
145826,ttH,124.83570765056163,123.94966038564371,1,3,3,146.83166389813528,3.329770563201687,30.70819111482666,0.7606056073988443,1.0,leptonic_bookkeeping,train,True,0.50562265163496,unassigned
564295,ttH,124.83570765056163,123.94966038564371,1,3,3,146.83166389813528,3.329770563201687,30.70819111482666,0.7606056073988443,1.0,leptonic_bookkeeping,validation,True,0.50562265163496,unassigned
10467,ttH,124.83570765056163,123.94966038564371,1,3,3,146.83166389813528,3.329770563201687,30.70819111482666,0.7606056073988443,1.0,leptonic_bookkeeping,train,True,0.50562265163496,unassigned
460628,ttH,124.83570765056163,123.94966038564371,1,3,3,146.83166389813528,3.329770563201687,30.70819111482666,0.7606056073988443,1.0,leptonic_bookkeeping,validation,True,0.50562265163496,unassigned
712143,ttH,124.83570765056163,123.94966038564371,1,3,3,146.83166389813528,3.329770563201687,30.70819111482666,0.7606056073988443,1.0,leptonic_bookkeeping,train,True,0.50562265163496,unassigned
237437,ttH,124.83570765056163,123.94966038564371,1,3,3,146.83166389813528,3.329770563201687,30.70819111482666,0.7606056073988443,1.0,leptonic_bookkeeping,train,True,0.50562265163496,unassigned
341474,ttH,124.83570765056163,123.94966038564371,1,3,3,146.83166389813528,3.329770563201687,30.70819111482666,0.7606056073988443,1.0,leptonic_bookkeeping,train,True,0.50562265163496,unassigned
649561,ttH,124.83570765056163,123.94966038564371,1,3,3,146.83166389813528,3.329770563201687,30.70819111482666,0.7606056073988443,1.0,leptonic_bookkeeping,train,True,0.50562265163496,unassigned
513094,ttH,124.83570765056163,123.94966038564371,1,3,3,146.83166389813528,3.329770563201687,30.70819111482666,0.7606056073988443,1.0,leptonic_bookkeeping,validation,True,0.50562265163496,unassigned
574317,ttH,124.83570765056163,123.94966038564371,1,3,3,146.83166389813528,3.329770563201687,30.70819111482666,0.7606056073988443,1.0,leptonic_bookkeeping,validation,True,0.50562265163496,unassigned
130459,ttH,124.83570765056163,123.94966038564371,1,3,3,146.83166389813528,3.329770563201687,30.70819111482666,0.7606056073988443,1.0,leptonic_bookkeeping,validation,True,0.50562265163496,unassigned
265501,ttH,124.83570765056163,123.94966038564371,1,3,3,146.83166389813528,3.329770563201687,30.70819111482666,0.7606056073988443,1.0,leptonic_bookkeeping,validation,True,0.50562265163496,unassigned
882371,ttH,124.83570765056163,123.94966038564371,1,3,3,146.83166389813528,3.329770563201687,30.70819111482666,0.7606056073988443,1.0,leptonic_bookkeeping,train,True,0.50562265163496,unassigned
426496,ttH,124.83570765056163,123.94966038564371,1,3,3,146.83166389813528,3.329770563201687,30.70819111482666,0.7606056073988443,1.0,leptonic_bookkeeping,train,True,0.50562265163496,unassigned
81217,ttH,124.83570765056163,123.94966038564371,1,3,3,146.83166389813528,3.329770563201687,30.70819111482666,0.7606056073988443,1.0,leptonic_bookkeeping,test,True,0.50562265163496,unassigned
63228,ttH,124.83570765056163,123.94966038564371,1,3,3,146.83166389813528,3.329770563201687,30.70819111482666,0.7606056073988443,1.0,leptonic_bookkeeping,train,True,0.50562265163496,unassigned
487825,ttH,124.83570765056163,123.94966038564371,1,3,3,146.83166389813528,3.329770563201687,30.70819111482666,0.7606056073988443,1.0,leptonic_bookkeeping,train,True,0.50562265163496,unassigned
210976,ttH,124.83570765056163,123.94966038564371,1,3,3,146.83166389813528,3.329770563201687,30.70819111482666,0.7606056073988443,1.0,leptonic_bookkeeping,train,True,0.50562265163496,unassigned
925279,ttH,124.83570765056163,123.94966038564371,1,3,3,146.83166389813528,3.329770563201687,30.70819111482666,0.7606056073988443,1.0,leptonic_bookkeeping,validation,True,0.50562265163496,unassigned
534384,ttH,124.83570765056163,123.94966038564371,1,3,3,146.83166389813528,3.329770563201687,30.70819111482666,0.7606056073988443,1.0,leptonic_bookkeeping,test,True,0.50562265163496,unassigned
315960,ttH,124.83570765056163,123.94966038564371,1,3,3,146.83166389813528,3.329770563201687,30.70819111482666,0.7606056073988443,1.0,leptonic_bookkeeping,validation,True,0.50562265163496,unassigned
401234,ttH,124.83570765056163,123.94966038564371,1,3,3,146.83166389813528,3.329770563201687,30.70819111482666,0.7606056073988443,1.0,leptonic_bookkeeping,test,True,0.50562265163496,unassigned
482629,ttH,124.83570765056163,123.94966038564371,1,3,3,146.83166389813528,3.329770563201687,30.70819111482666,0.7606056073988443,1.0,leptonic_bookkeeping,test,True,0.50562265163496,unassigned
110326,ttH,124.83570765056163,123.94966038564371,1,3,3,146.83166389813528,3.329770563201687,30.70819111482666,0.7606056073988443,1.0,leptonic_bookkeeping,validation,True,0.50562265163496,unassigned
735656,ttH,124.83570765056163,123.94966038564371,1,3,3,146.83166389813528,3.329770563201687,30.70819111482666,0.7606056073988443,1.0,leptonic_bookkeeping,train,True,0.50562265163496,unassigned
469468,ttH,124.83570765056163,123.94966038564371,1,3,3,146.83166389813528,3.329770563201687,30.70819111482666,0.7606056073988443,1.0,leptonic_bookkeeping,train,True,0.50562265163496,unassigned
348996,ttH,124.83570765056163,123.94966038564371,1,3,3,146.83166389813528,3.329770563201687,30.70819111482666,0.7606056073988443,1.0,leptonic_bookkeeping,test,True,0.50562265163496,unassigned
748597,ttH,124.83570765056163,123.94966038564371,1,3,3,146.83166389813528,3.329770563201687,30.70819111482666,0.7606056073988443,1.0,leptonic_bookkeeping,validation,True,0.50562265163496,unassigned
119568,ttH,124.83570765056163,123.94966038564371,1,3,3,146.83166389813528,3.329770563201687,30.70819111482666,0.7606056073988443,1.0,leptonic_bookkeeping,train,True,0.50562265163496,unassigned
230367,ttH,124.83570765056163,123.94966038564371,1,3,3,146.83166389813528,3.329770563201687,30.70819111482666,0.7606056073988443,1.0,leptonic_bookkeeping,train,True,0.50562265163496,unassigned
117401,ttH,124.83570765056163,123.94966038564371,1,3,3,146.83166389813528,3.329770563201687,30.70819111482666,0.7606056073988443,1.0,leptonic_bookkeeping,train,True,0.50562265163496,unassigned
483897,ttH,124.83570765056163,123.94966038564371,1,3,3,146.83166389813528,3.329770563201687,30.70819111482666,0.7606056073988443,1.0,leptonic_bookkeeping,test,True,0.50562265163496,unassigned
847528,ttH,124.83570765056163,123.94966038564371,1,3,3,146.83166389813528,3.329770563201687,30.70819111482666,0.7606056073988443,1.0,leptonic_bookkeeping,train,True,0.50562265163496,unassigned
804156,ttH,124.83570765056163,123.94966038564371,1,3,3,146.83166389813528,3.329770563201687,30.70819111482666,0.7606056073988443,1.0,leptonic_bookkeeping,train,True,0.50562265163496,unassigned
267823,ttH,124.83570765056163,123.94966038564371,1,3,3,146.83166389813528,3.329770563201687,30.70819111482666,0.7606056073988443,1.0,leptonic_bookkeeping,test,True,0.50562265163496,unassigned
616816,ttH,124.83570765056163,123.94966038564371,1,3,3,146.83166389813528,3.329770563201687,30.70819111482666,0.7606056073988443,1.0,leptonic_bookkeeping,test,True,0.50562265163496,unassigned
796816,ttH,124.83570765056163,123.94966038564371,1,3,3,146.83166389813528,3.329770563201687,30.70819111482666,0.7606056073988443,1.0,leptonic_bookkeeping,train,True,0.50562265163496,unassigned
29917,ttH,124.83570765056163,123.94966038564371,1,3,3,146.83166389813528,3.329770563201687,30.70819111482666,0.7606056073988443,1.0,leptonic_bookkeeping,test,True,0.50562265163496,unassigned
251826,ttH,124.83570765056163,123.94966038564371,1,3,3,146.83166389813528,3.329770563201687,30.70819111482666,0.7606056073988443,1.0,leptonic_bookkeeping,train,True,0.50562265163496,unassigned
543132,ttH,124.83570765056163,123.94966038564371,1,3,3,146.83166389813528,3.329770563201687,30.70819111482666,0.7606056073988443,1.0,leptonic_bookkeeping,validation,True,0.50562265163496,unassigned
720739,ttH,124.83570765056163,123.94966038564371,1,3,3,146.83166389813528,3.329770563201687,30.70819111482666,0.7606056073988443,1.0,leptonic_bookkeeping,test,True,0.50562265163496,unassigned
569510,ttH,124.83570765056163,123.94966038564371,1,3,3,146.83166389813528,3.329770563201687,30.70819111482666,0.7606056073988443,1.0,leptonic_bookkeeping,train,True,0.50562265163496,unassigned
687926,ttH,124.83570765056163,123.94966038564371,1,3,3,146.83166389813528,3.329770563201687,30.70819111482666,0.7606056073988443,1.0,leptonic_bookkeeping,validation,True,0.50562265163496,unassigned
668979,ttH,124.83570765056163,123.94966038564371,1,3,3,146.83166389813528,3.329770563201687,30.70819111482666,0.7606056073988443,1.0,leptonic_bookkeeping,test,True,0.50562265163496,unassigned
859026,ttH,124.83570765056163,123.94966038564371,1,3,3,146.83166389813528,3.329770563201687,30.70819111482666,0.7606056073988443,1.0,leptonic_bookkeeping,train,True,0.50562265163496,unassigned
812098,ttH,124.83570765056163,123.94966038564371,1,3,3,146.83166389813528,3.329770563201687,30.70819111482666,0.7606056073988443,1.0,leptonic_bookkeeping,validation,True,0.50562265163496,unassigned
552974,ttH,124.83570765056163,123.94966038564371,1,3,3,146.83166389813528,3.329770563201687,30.70819111482666,0.7606056073988443,1.0,leptonic_bookkeeping,validation,True,0.50562265163496,unassigned
959850,ttH,124.83570765056163,123.94966038564371,1,3,3,146.83166389813528,3.329770563201687,30.70819111482666,0.7606056073988443,1.0,leptonic_bookkeeping,train,True,0.50562265163496,unassigned
437611,ttH,124.83570765056163,123.94966038564371,1,3,3,146.83166389813528,3.329770563201687,30.70819111482666,0.7606056073988443,1.0,leptonic_bookkeeping,train,True,0.50562265163496,unassigned
911671,ttH,124.83570765056163,123.94966038564371,1,3,3,146.83166389813528,3.329770563201687,30.70819111482666,0.7606056073988443,1.0,leptonic_bookkeeping,train,True,0.50562265163496,unassigned
288361,ttH,124.83570765056163,123.94966038564371,1,3,3,146.83166389813528,3.329770563201687,30.70819111482666,0.7606056073988443,1.0,leptonic_bookkeeping,test,True,0.50562265163496,unassigned
998524,ttH,124.83570765056163,123.94966038564371,1,3,3,146.83166389813528,3.329770563201687,30.70819111482666,0.7606056073988443,1.0,leptonic_bookkeeping,test,True,0.50562265163496,unassigned
304672,ttH,124.83570765056163,123.94966038564371,1,3,3,146.83166389813528,3.329770563201687,30.70819111482666,0.7606056073988443,1.0,leptonic_bookkeeping,train,True,0.50562265163496,unassigned
814717,ttH,124.83570765056163,123.94966038564371,1,3,3,146.83166389813528,3.329770563201687,30.70819111482666,0.7606056073988443,1.0,leptonic_bookkeeping,train,True,0.50562265163496,unassigned
651057,ttH,124.83570765056163,123.94966038564371,1,3,3,146.83166389813528,3.329770563201687,30.70819111482666,0.7606056073988443,1.0,leptonic_bookkeeping,train,True,0.50562265163496,unassigned
878829,ttH,124.83570765056163,123.94966038564371,1,3,3,146.83166389813528,3.329770563201687,30.70819111482666,0.7606056073988443,1.0,leptonic_bookkeeping,train,True,0.50562265163496,unassigned
673988,ttH,124.83570765056163,123.94966038564371,1,3,3,146.83166389813528,3.329770563201687,30.70819111482666,0.7606056073988443,1.0,leptonic_bookkeeping,train,True,0.50562265163496,unassigned
960096,ttH,124.83570765056163,123.94966038564371,1,3,3,146.83166389813528,3.329770563201687,30.70819111482666,0.7606056073988443,1.0,leptonic_bookkeeping,train,True,0.50562265163496,unassigned
609909,ttH,124.83570765056163,123.94966038564371,1,3,3,146.83166389813528,3.329770563201687,30.70819111482666,0.7606056073988443,1.0,leptonic_bookkeeping,train,True,0.50562265163496,unassigned
248535,ttH,124.83570765056163,123.94966038564371,1,3,3,146.83166389813528,3.329770563201687,30.70819111482666,0.7606056073988443,1.0,leptonic_bookkeeping,train,True,0.50562265163496,unassigned
884495,ttH,124.83570765056163,123.94966038564371,1,3,3,146.83166389813528,3.329770563201687,30.70819111482666,0.7606056073988443,1.0,leptonic_bookkeeping,validation,True,0.50562265163496,unassigned
365696,ttH,124.83570765056163,123.94966038564371,1,3,3,146.83166389813528,3.329770563201687,30.70819111482666,0.7606056073988443,1.0,leptonic_bookkeeping,train,True,0.50562265163496,unassigned
500234,ttH,124.83570765056163,123.94966038564371,1,3,3,146.83166389813528,3.329770563201687,30.70819111482666,0.7606056073988443,1.0,leptonic_bookkeeping,train,True,0.50562265163496,unassigned
458227,ttH,124.83570765056163,123.94966038564371,1,3,3,146.83166389813528,3.329770563201687,30.70819111482666,0.7606056073988443,1.0,leptonic_bookkeeping,train,True,0.50562265163496,unassigned
626713,ttH,124.83570765056163,123.94966038564371,1,3,3,146.83166389813528,3.329770563201687,30.70819111482666,0.7606056073988443,1.0,leptonic_bookkeeping,validation,True,0.50562265163496,unassigned
247212,ttH,124.83570765056163,123.94966038564371,1,3,3,146.83166389813528,3.329770563201687,30.70819111482666,0.7606056073988443,1.0,leptonic_bookkeeping,test,True,0.50562265163496,unassigned
440393,ttH,124.83570765056163,123.94966038564371,1,3,3,146.83166389813528,3.329770563201687,30.70819111482666,0.7606056073988443,1.0,leptonic_bookkeeping,validation,True,0.50562265163496,unassigned
887740,ttH,124.83570765056163,123.94966038564371,1,3,3,146.83166389813528,3.329770563201687,30.70819111482666,0.7606056073988443,1.0,leptonic_bookkeeping,train,True,0.50562265163496,unassigned
194298,ttH,124.83570765056163,123.94966038564371,1,3,3,146.83166389813528,3.329770563201687,30.70819111482666,0.7606056073988443,1.0,leptonic_bookkeeping,test,True,0.50562265163496,unassigned
440164,ttH,124.83570765056163,123.94966038564371,1,3,3,146.83166389813528,3.329770563201687,30.70819111482666,0.7606056073988443,1.0,leptonic_bookkeeping,validation,True,0.50562265163496,unassigned
640201,ttH,124.83570765056163,123.94966038564371,1,3,3,146.83166389813528,3.329770563201687,30.70819111482666,0.7606056073988443,1.0,leptonic_bookkeeping,train,True,0.50562265163496,unassigned
692169,ttH,124.83570765056163,123.94966038564371,1,3,3,146.83166389813528,3.329770563201687,30.70819111482666,0.7606056073988443,1.0,leptonic_bookkeeping,train,True,0.50562265163496,unassigned
158387,ttH,124.83570765056163,123.94966038564371,1,3,3,146.83166389813528,3.329770563201687,30.70819111482666,0.7606056073988443,1.0,leptonic_bookkeeping,train,True,0.50562265163496,unassigned
440339,ttH,124.83570765056163,123.94966038564371,1,3,3,146.83166389813528,3.329770563201687,30.70819111482666,0.7606056073988443,1.0,leptonic_bookkeeping,validation,True,0.50562265163496,unassigned
633268,ttH,124.83570765056163,123.94966038564371,1,3,3,146.83166389813528,3.329770563201687,30.70819111482666,0.7606056073988443,1.0,leptonic_bookkeeping,train,True,0.50562265163496,unassigned
718309,ttH,124.83570765056163,123.94966038564371,1,3,3,146.83166389813528,3.329770563201687,30.70819111482666,0.7606056073988443,1.0,leptonic_bookkeeping,validation,True,0.50562265163496,unassigned
621941,ttH,124.83570765056163,123.94966038564371,1,3,3,146.83166389813528,3.329770563201687,30.70819111482666,0.7606056073988443,1.0,leptonic_bookkeeping,train,True,0.50562265163496,unassigned
732787,ttH,124.83570765056163,123.94966038564371,1,3,3,146.83166389813528,3.329770563201687,30.70819111482666,0.7606056073988443,1.0,leptonic_bookkeeping,train,True,0.50562265163496,unassigned
483946,ttH,124.83570765056163,123.94966038564371,1,3,3,146.83166389813528,3.329770563201687,30.70819111482666,0.7606056073988443,1.0,leptonic_bookkeeping,test,True,0.50562265163496,unassigned
457748,ttH,124.83570765056163,123.94966038564371,1,3,3,146.83166389813528,3.329770563201687,30.70819111482666,0.7606056073988443,1.0,leptonic_bookkeeping,train,True,0.50562265163496,unassigned
975410,ttH,124.83570765056163,123.94966038564371,1,3,3,146.83166389813528,3.329770563201687,30.70819111482666,0.7606056073988443,1.0,leptonic_bookkeeping,validation,True,0.50562265163496,unassigned
97678,ttH,124.83570765056163,123.94966038564371,1,3,3,146.83166389813528,3.329770563201687,30.70819111482666,0.7606056073988443,1.0,leptonic_bookkeeping,train,True,0.50562265163496,unassigned
549496,ttH,124.83570765056163,123.94966038564371,1,3,3,146.83166389813528,3.329770563201687,30.70819111482666,0.7606056073988443,1.0,leptonic_bookkeeping,train,True,0.50562265163496,unassigned
164746,ttH,124.83570765056163,123.94966038564371,1,3,3,146.83166389813528,3.329770563201687,30.70819111482666,0.7606056073988443,1.0,leptonic_bookkeeping,test,True,0.50562265163496,unassigned
168282,ttH,124.83570765056163,123.94966038564371,1,3,3,146.83166389813528,3.329770563201687,30.70819111482666,0.7606056073988443,1.0,leptonic_bookkeeping,train,True,0.50562265163496,unassigned
941424,ttH,124.83570765056163,123.94966038564371,1,3,3,146.83166389813528,3.329770563201687,30.70819111482666,0.7606056073988443,1.0,leptonic_bookkeeping,train,True,0.50562265163496,unassigned
779062,ttH,124.83570765056163,123.94966038564371,1,3,3,146.83166389813528,3.329770563201687,30.70819111482666,0.7606056073988443,1.0,leptonic_bookkeeping,train,True,0.50562265163496,unassigned
705158,ttH,124.83570765056163,123.94966038564371,1,3,3,146.83166389813528,3.329770563201687,30.70819111482666,0.7606056073988443,1.0,leptonic_bookkeeping,train,True,0.50562265163496,unassigned
314301,ttH,124.83570765056163,123.94966038564371,1,3,3,146.83166389813528,3.329770563201687,30.70819111482666,0.7606056073988443,1.0,leptonic_bookkeeping,train,True,0.50562265163496,unassigned
704313,ttH,124.83570765056163,123.94966038564371,1,3,3,146.83166389813528,3.329770563201687,30.70819111482666,0.7606056073988443,1.0,leptonic_bookkeeping,train,True,0.50562265163496,unassigned
932887,ttH,124.83570765056163,123.94966038564371,1,3,3,146.83166389813528,3.329770563201687,30.70819111482666,0.7606056073988443,1.0,leptonic_bookkeeping,train,True,0.50562265163496,unassigned
123253,ttH,124.83570765056163,123.94966038564371,1,3,3,146.83166389813528,3.329770563201687,30.70819111482666,0.7606056073988443,1.0,leptonic_bookkeeping,test,True,0.50562265163496,unassigned
467672,ttH,124.83570765056163,123.94966038564371,1,3,3,146.83166389813528,3.329770563201687,30.70819111482666,0.7606056073988443,1.0,leptonic_bookkeeping,train,True,0.50562265163496,unassigned
649699,ttH,124.83570765056163,123.94966038564371,1,3,3,146.83166389813528,3.329770563201687,30.70819111482666,0.7606056073988443,1.0,leptonic_bookkeeping,train,True,0.50562265163496,unassigned
503119,ttH,124.83570765056163,123.94966038564371,1,3,3,146.83166389813528,3.329770563201687,30.70819111482666,0.7606056073988443,1.0,leptonic_bookkeeping,test,True,0.50562265163496,unassigned
593438,ttH,124.83570765056163,123.94966038564371,1,3,3,146.83166389813528,3.329770563201687,30.70819111482666,0.7606056073988443,1.0,leptonic_bookkeeping,train,True,0.50562265163496,unassigned
885632,ttH,124.83570765056163,123.94966038564371,1,3,3,146.83166389813528,3.329770563201687,30.70819111482666,0.7606056073988443,1.0,leptonic_bookkeeping,test,True,0.50562265163496,unassigned
664767,ttH,124.83570765056163,123.94966038564371,1,3,3,146.83166389813528,3.329770563201687,30.70819111482666,0.7606056073988443,1.0,leptonic_bookkeeping,train,True,0.50562265163496,unassigned
926516,ttH,124.83570765056163,123.94966038564371,1,3,3,146.83166389813528,3.329770563201687,30.70819111482666,0.7606056073988443,1.0,leptonic_bookkeeping,test,True,0.50562265163496,unassigned
713400,ttH,124.83570765056163,123.94966038564371,1,3,3,146.83166389813528,3.329770563201687,30.70819111482666,0.7606056073988443,1.0,leptonic_bookkeeping,train,True,0.50562265163496,unassigned
971746,ttH,124.83570765056163,123.94966038564371,1,3,3,146.83166389813528,3.329770563201687,30.70819111482666,0.7606056073988443,1.0,leptonic_bookkeeping,train,True,0.50562265163496,unassigned
838345,ttH,124.83570765056163,123.94966038564371,1,3,3,146.83166389813528,3.329770563201687,30.70819111482666,0.7606056073988443,1.0,leptonic_bookkeeping,train,True,0.50562265163496,unassigned
186461,ttH,124.83570765056163,123.94966038564371,1,3,3,146.83166389813528,3.329770563201687,30.70819111482666,0.7606056073988443,1.0,leptonic_bookkeeping,train,True,0.50562265163496,unassigned
286460,ttH,124.83570765056163,123.94966038564371,1,3,3,146.83166389813528,3.329770563201687,30.70819111482666,0.7606056073988443,1.0,leptonic_bookkeeping,validation,True,0.50562265163496,unassigned
764158,ttH,124.83570765056163,123.94966038564371,1,3,3,146.83166389813528,3.329770563201687,30.70819111482666,0.7606056073988443,1.0,leptonic_bookkeeping,train,True,0.50562265163496,unassigned
943468,ttH,124.83570765056163,123.94966038564371,1,3,3,146.83166389813528,3.329770563201687,30.70819111482666,0.7606056073988443,1.0,leptonic_bookkeeping,train,True,0.50562265163496,unassigned
335243,ttH,124.83570765056163,123.94966038564371,1,3,3,146.83166389813528,3.329770563201687,30.70819111482666,0.7606056073988443,1.0,leptonic_bookkeeping,train,True,0.50562265163496,unassigned
349576,ttH,124.83570765056163,123.94966038564371,1,3,3,146.83166389813528,3.329770563201687,30.70819111482666,0.7606056073988443,1.0,leptonic_bookkeeping,test,True,0.50562265163496,unassigned
982834,ttH,124.83570765056163,123.94966038564371,1,3,3,146.83166389813528,3.329770563201687,30.70819111482666,0.7606056073988443,1.0,leptonic_bookkeeping,train,True,0.50562265163496,unassigned
696624,ttH,124.83570765056163,123.94966038564371,1,3,3,146.83166389813528,3.329770563201687,30.70819111482666,0.7606056073988443,1.0,leptonic_bookkeeping,train,True,0.50562265163496,unassigned
348829,ttH,124.83570765056163,123.94966038564371,1,3,3,146.83166389813528,3.329770563201687,30.70819111482666,0.7606056073988443,1.0,leptonic_bookkeeping,test,True,0.50562265163496,unassigned
290153,ttH,124.83570765056163,123.94966038564371,1,3,3,146.83166389813528,3.329770563201687,30.70819111482666,0.7606056073988443,1.0,leptonic_bookkeeping,train,True,0.50562265163496,unassigned
771126,ttH,124.83570765056163,123.94966038564371,1,3,3,146.83166389813528,3.329770563201687,30.70819111482666,0.7606056073988443,1.0,leptonic_bookkeeping,validation,True,0.50562265163496,unassigned
545631,ttH,124.83570765056163,123.94966038564371,1,3,3,146.83166389813528,3.329770563201687,30.70819111482666,0.7606056073988443,1.0,leptonic_bookkeeping,test,True,0.50562265163496,unassigned
591739,ttH,124.83570765056163,123.94966038564371,1,3,3,146.83166389813528,3.329770563201687,30.70819111482666,0.7606056073988443,1.0,leptonic_bookkeeping,train,True,0.50562265163496,unassigned
789641,ttH,124.83570765056163,123.94966038564371,1,3,3,146.83166389813528,3.329770563201687,30.70819111482666,0.7606056073988443,1.0,leptonic_bookkeeping,train,True,0.50562265163496,unassigned
251535,ttH,124.83570765056163,123.94966038564371,1,3,3,146.83166389813528,3.329770563201687,30.70819111482666,0.7606056073988443,1.0,leptonic_bookkeeping,train,True,0.50562265163496,unassigned
777512,ttH,124.83570765056163,123.94966038564371,1,3,3,146.83166389813528,3.329770563201687,30.70819111482666,0.7606056073988443,1.0,leptonic_bookkeeping,train,True,0.50562265163496,unassigned
392378,ttH,124.83570765056163,123.94966038564371,1,3,3,146.83166389813528,3.329770563201687,30.70819111482666,0.7606056073988443,1.0,leptonic_bookkeeping,train,True,0.50562265163496,unassigned
919438,ttH,124.83570765056163,123.94966038564371,1,3,3,146.83166389813528,3.329770563201687,30.70819111482666,0.7606056073988443,1.0,leptonic_bookkeeping,train,True,0.50562265163496,unassigned
267294,ttH,124.83570765056163,123.94966038564371,1,3,3,146.83166389813528,3.329770563201687,30.70819111482666,0.7606056073988443,1.0,leptonic_bookkeeping,test,True,0.50562265163496,unassigned
244914,ttH,124.83570765056163,123.94966038564371,1,3,3,146.83166389813528,3.329770563201687,30.70819111482666,0.7606056073988443,1.0,leptonic_bookkeeping,validation,True,0.50562265163496,unassigned
576103,ttH,124.83570765056163,123.94966038564371,1,3,3,146.83166389813528,3.329770563201687,30.70819111482666,0.7606056073988443,1.0,leptonic_bookkeeping,test,True,0.50562265163496,unassigned
699968,ttH,124.83570765056163,123.94966038564371,1,3,3,146.83166389813528,3.329770563201687,30.70819111482666,0.7606056073988443,1.0,leptonic_bookkeeping,test,True,0.50562265163496,unassigned
983220,ttH,124.83570765056163,123.94966038564371,1,3,3,146.83166389813528,3.329770563201687,30.70819111482666,0.7606056073988443,1.0,leptonic_bookkeeping,train,True,0.50562265163496,unassigned
201542,ttH,124.83570765056163,123.94966038564371,1,3,3,146.83166389813528,3.329770563201687,30.70819111482666,0.7606056073988443,1.0,leptonic_bookkeeping,train,True,0.50562265163496,unassigned
343142,ttH,124.83570765056163,123.94966038564371,1,3,3,146.83166389813528,3.329770563201687,30.70819111482666,0.7606056073988443,1.0,leptonic_bookkeeping,train,True,0.50562265163496,unassigned
40881,ttH,124.83570765056163,123.94966038564371,1,3,3,146.83166389813528,3.329770563201687,30.70819111482666,0.7606056073988443,1.0,leptonic_bookkeeping,test,True,0.50562265163496,unassigned
794409,ttH,124.83570765056163,123.94966038564371,1,3,3,146.83166389813528,3.329770563201687,30.70819111482666,0.7606056073988443,1.0,leptonic_bookkeeping,train,True,0.50562265163496,unassigned
625517,ttH,124.83570765056163,123.94966038564371,1,3,3,146.83166389813528,3.329770563201687,30.70819111482666,0.7606056073988443,1.0,leptonic_bookkeeping,validation,True,0.50562265163496,unassigned
323523,ttH,124.83570765056163,123.94966038564371,1,3,3,146.83166389813528,3.329770563201687,30.70819111482666,0.7606056073988443,1.0,leptonic_bookkeeping,train,True,0.50562265163496,unassigned
571466,ttH,124.83570765056163,123.94966038564371,1,3,3,146.83166389813528,3.329770563201687,30.70819111482666,0.7606056073988443,1.0,leptonic_bookkeeping,train,True,0.50562265163496,unassigned
538859,ttH,124.83570765056163,123.94966038564371,1,3,3,146.83166389813528,3.329770563201687,30.70819111482666,0.7606056073988443,1.0,leptonic_bookkeeping,train,True,0.50562265163496,unassigned
166432,ttH,124.83570765056163,123.94966038564371,1,3,3,146.83166389813528,3.329770563201687,30.70819111482666,0.7606056073988443,1.0,leptonic_bookkeeping,train,True,0.50562265163496,unassigned
45179,ttH,124.83570765056163,123.94966038564371,1,3,3,146.83166389813528,3.329770563201687,30.70819111482666,0.7606056073988443,1.0,leptonic_bookkeeping,train,True,0.50562265163496,unassigned
376853,ttH,124.83570765056163,123.94966038564371,1,3,3,146.83166389813528,3.329770563201687,30.70819111482666,0.7606056073988443,1.0,leptonic_bookkeeping,train,True,0.50562265163496,unassigned
649999,ttH,124.83570765056163,123.94966038564371,1,3,3,146.83166389813528,3.329770563201687,30.70819111482666,0.7606056073988443,1.0,leptonic_bookkeeping,train,True,0.50562265163496,unassigned
188216,ttH,124.83570765056163,123.94966038564371,1,3,3,146.83166389813528,3.329770563201687,30.70819111482666,0.7606056073988443,1.0,leptonic_bookkeeping,train,True,0.50562265163496,unassigned
292963,ttH,124.83570765056163,123.94966038564371,1,3,3,146.83166389813528,3.329770563201687,30.70819111482666,0.7606056073988443,1.0,leptonic_bookkeeping,train,True,0.50562265163496,unassigned
423337,ttH,124.83570765056163,123.94966038564371,1,3,3,146.83166389813528,3.329770563201687,30.70819111482666,0.7606056073988443,1.0,leptonic_bookkeeping,train,True,0.50562265163496,unassigned
27259,ttH,124.83570765056163,123.94966038564371,1,3,3,146.83166389813528,3.329770563201687,30.70819111482666,0.7606056073988443,1.0,leptonic_bookkeeping,validation,True,0.50562265163496,unassigned
252882,ttH,124.83570765056163,123.94966038564371,1,3,3,146.83166389813528,3.329770563201687,30.70819111482666,0.7606056073988443,1.0,leptonic_bookkeeping,train,True,0.50562265163496,unassigned
938323,ttH,124.83570765056163,123.94966038564371,1,3,3,146.83166389813528,3.329770563201687,30.70819111482666,0.7606056073988443,1.0,leptonic_bookkeeping,train,True,0.50562265163496,unassigned
33979,ttH,124.83570765056163,123.94966038564371,1,3,3,146.83166389813528,3.329770563201687,30.70819111482666,0.7606056073988443,1.0,leptonic_bookkeeping,train,True,0.50562265163496,unassigned
459611,ttH,124.83570765056163,123.94966038564371,1,3,3,146.83166389813528,3.329770563201687,30.70819111482666,0.7606056073988443,1.0,leptonic_bookkeeping,train,True,0.50562265163496,unassigned
984352,ttH,124.83570765056163,123.94966038564371,1,3,3,146.83166389813528,3.329770563201687,30.70819111482666,0.7606056073988443,1.0,leptonic_bookkeeping,train,True,0.50562265163496,unassigned
830093,ttH,124.83570765056163,123.94966038564371,1,3,3,146.83166389813528,3.329770563201687,30.70819111482666,0.7606056073988443,1.0,leptonic_bookkeeping,train,True,0.50562265163496,unassigned
389365,ttH,124.83570765056163,123.94966038564371,1,3,3,146.83166389813528,3.329770563201687,30.70819111482666,0.7606056073988443,1.0,leptonic_bookkeeping,validation,True,0.50562265163496,unassigned
99000,ttH,124.83570765056163,123.94966038564371,1,3,3,146.83166389813528,3.329770563201687,30.70819111482666,0.7606056073988443,1.0,leptonic_bookkeeping,validation,True,0.50562265163496,unassigned
18234,ttH,124.83570765056163,123.94966038564371,1,3,3,146.83166389813528,3.329770563201687,30.70819111482666,0.7606056073988443,1.0,leptonic_bookkeeping,validation,True,0.50562265163496,unassigned
237269,ttH,124.83570765056163,123.94966038564371,1,3,3,146.83166389813528,3.329770563201687,30.70819111482666,0.7606056073988443,1.0,leptonic_bookkeeping,train,True,0.50562265163496,unassigned
989709,ttH,124.83570765056163,123.94966038564371,1,3,3,146.83166389813528,3.329770563201687,30.70819111482666,0.7606056073988443,1.0,leptonic_bookkeeping,train,True,0.50562265163496,unassigned
856707,ttH,124.83570765056163,123.94966038564371,1,3,3,146.83166389813528,3.329770563201687,30.70819111482666,0.7606056073988443,1.0,leptonic_bookkeeping,train,True,0.50562265163496,unassigned
457020,ttH,124.83570765056163,123.94966038564371,1,3,3,146.83166389813528,3.329770563201687,30.70819111482666,0.7606056073988443,1.0,leptonic_bookkeeping,train,True,0.50562265163496,unassigned
904597,ttH,124.83570765056163,123.94966038564371,1,3,3,146.83166389813528,3.329770563201687,30.70819111482666,0.7606056073988443,1.0,leptonic_bookkeeping,validation,True,0.50562265163496,unassigned
11354,ttH,124.83570765056163,123.94966038564371,1,3,3,146.83166389813528,3.329770563201687,30.70819111482666,0.7606056073988443,1.0,leptonic_bookkeeping,train,True,0.50562265163496,unassigned
21752,ttH,124.83570765056163,123.94966038564371,1,3,3,146.83166389813528,3.329770563201687,30.70819111482666,0.7606056073988443,1.0,leptonic_bookkeeping,train,True,0.50562265163496,unassigned
744796,ttH,124.83570765056163,123.94966038564371,1,3,3,146.83166389813528,3.329770563201687,30.70819111482666,0.7606056073988443,1.0,leptonic_bookkeeping,train,True,0.50562265163496,unassigned
3053,ttH,124.83570765056163,123.94966038564371,1,3,3,146.83166389813528,3.329770563201687,30.70819111482666,0.7606056073988443,1.0,leptonic_bookkeeping,train,True,0.50562265163496,unassigned
424597,ttH,124.83570765056163,123.94966038564371,1,3,3,146.83166389813528,3.329770563201687,30.70819111482666,0.7606056073988443,1.0,leptonic_bookkeeping,train,True,0.50562265163496,unassigned
406513,ttH,124.83570765056163,123.94966038564371,1,3,3,146.83166389813528,3.329770563201687,30.70819111482666,0.7606056073988443,1.0,leptonic_bookkeeping,train,True,0.50562265163496,unassigned
531285,ttH,124.83570765056163,123.94966038564371,1,3,3,146.83166389813528,3.329770563201687,30.70819111482666,0.7606056073988443,1.0,leptonic_bookkeeping,train,True,0.50562265163496,unassigned
405216,ttH,124.83570765056163,123.94966038564371,1,3,3,146.83166389813528,3.329770563201687,30.70819111482666,0.7606056073988443,1.0,leptonic_bookkeeping,train,True,0.50562265163496,unassigned
280814,ttH,124.83570765056163,123.94966038564371,1,3,3,146.83166389813528,3.329770563201687,30.70819111482666,0.7606056073988443,1.0,leptonic_bookkeeping,train,True,0.50562265163496,unassigned
117074,ttH,124.83570765056163,123.94966038564371,1,3,3,146.83166389813528,3.329770563201687,30.70819111482666,0.7606056073988443,1.0,leptonic_bookkeeping,train,True,0.50562265163496,unassigned
419830,ttH,124.83570765056163,123.94966038564371,1,3,3,146.83166389813528,3.329770563201687,30.70819111482666,0.7606056073988443,1.0,leptonic_bookkeeping,validation,True,0.50562265163496,unassigned
864847,ttH,124.83570765056163,123.94966038564371,1,3,3,146.83166389813528,3.329770563201687,30.70819111482666,0.7606056073988443,1.0,leptonic_bookkeeping,test,True,0.50562265163496,unassigned
622984,ttH,124.83570765056163,123.94966038564371,1,3,3,146.83166389813528,3.329770563201687,30.70819111482666,0.7606056073988443,1.0,leptonic_bookkeeping,train,True,0.50562265163496,unassigned
90996,ttH,124.83570765056163,123.94966038564371,1,3,3,146.83166389813528,3.329770563201687,30.70819111482666,0.7606056073988443,1.0,leptonic_bookkeeping,test,True,0.50562265163496,unassigned
184068,ttH,124.83570765056163,123.94966038564371,1,3,3,146.83166389813528,3.329770563201687,30.70819111482666,0.7606056073988443,1.0,leptonic_bookkeeping,test,True,0.50562265163496,unassigned
820617,ttH,124.83570765056163,123.94966038564371,1,3,3,146.83166389813528,3.329770563201687,30.70819111482666,0.7606056073988443,1.0,leptonic_bookkeeping,train,True,0.50562265163496,unassigned
690421,ttH,124.83570765056163,123.94966038564371,1,3,3,146.83166389813528,3.329770563201687,30.70819111482666,0.7606056073988443,1.0,leptonic_bookkeeping,test,True,0.50562265163496,unassigned
599581,ttH,124.83570765056163,123.94966038564371,1,3,3,146.83166389813528,3.329770563201687,30.70819111482666,0.7606056073988443,1.0,leptonic_bookkeeping,train,True,0.50562265163496,unassigned
627753,ttH,124.83570765056163,123.94966038564371,1,3,3,146.83166389813528,3.329770563201687,30.70819111482666,0.7606056073988443,1.0,leptonic_bookkeeping,test,True,0.50562265163496,unassigned
279366,ttH,124.83570765056163,123.94966038564371,1,3,3,146.83166389813528,3.329770563201687,30.70819111482666,0.7606056073988443,1.0,leptonic_bookkeeping,train,True,0.50562265163496,unassigned
912080,ttH,124.83570765056163,123.94966038564371,1,3,3,146.83166389813528,3.329770563201687,30.70819111482666,0.7606056073988443,1.0,leptonic_bookkeeping,train,True,0.50562265163496,unassigned
650283,ttH,124.83570765056163,123.94966038564371,1,3,3,146.83166389813528,3.329770563201687,30.70819111482666,0.7606056073988443,1.0,leptonic_bookkeeping,train,True,0.50562265163496,unassigned
303388,ttH,124.83570765056163,123.94966038564371,1,3,3,146.83166389813528,3.329770563201687,30.70819111482666,0.7606056073988443,1.0,leptonic_bookkeeping,train,True,0.50562265163496,unassigned
589156,ttH,124.83570765056163,123.94966038564371,1,3,3,146.83166389813528,3.329770563201687,30.70819111482666,0.7606056073988443,1.0,leptonic_bookkeeping,train,True,0.50562265163496,unassigned
192951,ttH,124.83570765056163,123.94966038564371,1,3,3,146.83166389813528,3.329770563201687,30.70819111482666,0.7606056073988443,1.0,leptonic_bookkeeping,validation,True,0.50562265163496,unassigned
594702,ttH,124.83570765056163,123.94966038564371,1,3,3,146.83166389813528,3.329770563201687,30.70819111482666,0.7606056073988443,1.0,leptonic_bookkeeping,validation,True,0.50562265163496,unassigned
993532,ttH,124.83570765056163,123.94966038564371,1,3,3,146.83166389813528,3.329770563201687,30.70819111482666,0.7606056073988443,1.0,leptonic_bookkeeping,train,True,0.50562265163496,unassigned
360,ttH,124.83570765056163,123.94966038564371,1,3,3,146.83166389813528,3.329770563201687,30.70819111482666,0.7606056073988443,1.0,leptonic_bookkeeping,train,True,0.50562265163496,unassigned
566147,ttH,124.83570765056163,123.94966038564371,1,3,3,146.83166389813528,3.329770563201687,30.70819111482666,0.7606056073988443,1.0,leptonic_bookkeeping,test,True,0.50562265163496,unassigned
214596,ttH,124.83570765056163,123.94966038564371,1,3,3,146.83166389813528,3.329770563201687,30.70819111482666,0.7606056073988443,1.0,leptonic_bookkeeping,test,True,0.50562265163496,unassigned
224774,ttH,124.83570765056163,123.94966038564371,1,3,3,146.83166389813528,3.329770563201687,30.70819111482666,0.7606056073988443,1.0,leptonic_bookkeeping,test,True,0.50562265163496,unassigned
2154,ttH,124.83570765056163,123.94966038564371,1,3,3,146.83166389813528,3.329770563201687,30.70819111482666,0.7606056073988443,1.0,leptonic_bookkeeping,train,True,0.50562265163496,unassigned
971516,ttH,124.83570765056163,123.94966038564371,1,3,3,146.83166389813528,3.329770563201687,30.70819111482666,0.7606056073988443,1.0,leptonic_bookkeeping,train,True,0.50562265163496,unassigned
664583,ttH,124.83570765056163,123.94966038564371,1,3,3,146.83166389813528,3.329770563201687,30.70819111482666,0.7606056073988443,1.0,leptonic_bookkeeping,train,True,0.50562265163496,unassigned
520693,ttH,124.83570765056163,123.94966038564371,1,3,3,146.83166389813528,3.329770563201687,30.70819111482666,0.7606056073988443,1.0,leptonic_bookkeeping,train,True,0.50562265163496,unassigned
923742,ttH,124.83570765056163,123.94966038564371,1,3,3,146.83166389813528,3.329770563201687,30.70819111482666,0.7606056073988443,1.0,leptonic_bookkeeping,validation,True,0.50562265163496,unassigned
805202,ttH,124.83570765056163,123.94966038564371,1,3,3,146.83166389813528,3.329770563201687,30.70819111482666,0.7606056073988443,1.0,leptonic_bookkeeping,train,True,0.50562265163496,unassigned
707042,ttH,124.83570765056163,123.94966038564371,1,3,3,146.83166389813528,3.329770563201687,30.70819111482666,0.7606056073988443,1.0,leptonic_bookkeeping,train,True,0.50562265163496,unassigned
753141,ttH,124.83570765056163,123.94966038564371,1,3,3,146.83166389813528,3.329770563201687,30.70819111482666,0.7606056073988443,1.0,leptonic_bookkeeping,train,True,0.50562265163496,unassigned
266200,ttH,124.83570765056163,123.94966038564371,1,3,3,146.83166389813528,3.329770563201687,30.70819111482666,0.7606056073988443,1.0,leptonic_bookkeeping,test,True,0.50562265163496,unassigned
223650,ttH,124.83570765056163,123.94966038564371,1,3,3,146.83166389813528,3.329770563201687,30.70819111482666,0.7606056073988443,1.0,leptonic_bookkeeping,validation,True,0.50562265163496,unassigned
752623,ttH,124.83570765056163,123.94966038564371,1,3,3,146.83166389813528,3.329770563201687,30.70819111482666,0.7606056073988443,1.0,leptonic_bookkeeping,train,True,0.50562265163496,unassigned
895377,ttH,124.83570765056163,123.94966038564371,1,3,3,146.83166389813528,3.329770563201687,30.70819111482666,0.7606056073988443,1.0,leptonic_bookkeeping,test,True,0.50562265163496,unassigned
468192,ttH,124.83570765056163,123.94966038564371,1,3,3,146.83166389813528,3.329770563201687,30.70819111482666,0.7606056073988443,1.0,leptonic_bookkeeping,train,True,0.50562265163496,unassigned
596813,ttH,124.83570765056163,123.94966038564371,1,3,3,146.83166389813528,3.329770563201687,30.70819111482666,0.7606056073988443,1.0,leptonic_bookkeeping,test,True,0.50562265163496,unassigned
790601,ttH,124.83570765056163,123.94966038564371,1,3,3,146.83166389813528,3.329770563201687,30.70819111482666,0.7606056073988443,1.0,leptonic_bookkeeping,validation,True,0.50562265163496,unassigned
925545,ttH,124.83570765056163,123.94966038564371,1,3,3,146.83166389813528,3.329770563201687,30.70819111482666,0.7606056073988443,1.0,leptonic_bookkeeping,validation,True,0.50562265163496,unassigned
879535,ttH,124.83570765056163,123.94966038564371,1,3,3,146.83166389813528,3.329770563201687,30.70819111482666,0.7606056073988443,1.0,leptonic_bookkeeping,train,True,0.50562265163496,unassigned
184167,ttH,124.83570765056163,123.94966038564371,1,3,3,146.83166389813528,3.329770563201687,30.70819111482666,0.7606056073988443,1.0,leptonic_bookkeeping,test,True,0.50562265163496,unassigned
767163,ttH,124.83570765056163,123.94966038564371,1,3,3,146.83166389813528,3.329770563201687,30.70819111482666,0.7606056073988443,1.0,leptonic_bookkeeping,train,True,0.50562265163496,unassigned
636434,ttH,124.83570765056163,123.94966038564371,1,3,3,146.83166389813528,3.329770563201687,30.70819111482666,0.7606056073988443,1.0,leptonic_bookkeeping,validation,True,0.50562265163496,unassigned
565304,ttH,124.83570765056163,123.94966038564371,1,3,3,146.83166389813528,3.329770563201687,30.70819111482666,0.7606056073988443,1.0,leptonic_bookkeeping,test,True,0.50562265163496,unassigned
506364,ttH,124.83570765056163,123.94966038564371,1,3,3,146.83166389813528,3.329770563201687,30.70819111482666,0.7606056073988443,1.0,leptonic_bookkeeping,train,True,0.50562265163496,unassigned
913485,ttH,124.83570765056163,123.94966038564371,1,3,3,146.83166389813528,3.329770563201687,30.70819111482666,0.7606056073988443,1.0,leptonic_bookkeeping,validation,True,0.50562265163496,unassigned
867575,ttH,124.83570765056163,123.94966038564371,1,3,3,146.83166389813528,3.329770563201687,30.70819111482666,0.7606056073988443,1.0,leptonic_bookkeeping,train,True,0.50562265163496,unassigned
51887,ttH,124.83570765056163,123.94966038564371,1,3,3,146.83166389813528,3.329770563201687,30.70819111482666,0.7606056073988443,1.0,leptonic_bookkeeping,train,True,0.50562265163496,unassigned
509500,ttH,124.83570765056163,123.94966038564371,1,3,3,146.83166389813528,3.329770563201687,30.70819111482666,0.7606056073988443,1.0,leptonic_bookkeeping,train,True,0.50562265163496,unassigned
398677,ttH,124.83570765056163,123.94966038564371,1,3,3,146.83166389813528,3.329770563201687,30.70819111482666,0.7606056073988443,1.0,leptonic_bookkeeping,validation,True,0.50562265163496,unassigned
994523,ttH,124.83570765056163,123.94966038564371,1,3,3,146.83166389813528,3.329770563201687,30.70819111482666,0.7606056073988443,1.0,leptonic_bookkeeping,train,True,0.50562265163496,unassigned
488584,ttH,124.83570765056163,123.94966038564371,1,3,3,146.83166389813528,3.329770563201687,30.70819111482666,0.7606056073988443,1.0,leptonic_bookkeeping,train,True,0.50562265163496,unassigned
38884,ttH,124.83570765056163,123.94966038564371,1,3,3,146.83166389813528,3.329770563201687,30.70819111482666,0.7606056073988443,1.0,leptonic_bookkeeping,validation,True,0.50562265163496,unassigned
374795,ttH,124.83570765056163,123.94966038564371,1,3,3,146.83166389813528,3.329770563201687,30.70819111482666,0.7606056073988443,1.0,leptonic_bookkeeping,train,True,0.50562265163496,unassigned
885751,ttH,124.83570765056163,123.94966038564371,1,3,3,146.83166389813528,3.329770563201687,30.70819111482666,0.7606056073988443,1.0,leptonic_bookkeeping,test,True,0.50562265163496,unassigned
573907,ttH,124.83570765056163,123.94966038564371,1,3,3,146.83166389813528,3.329770563201687,30.70819111482666,0.7606056073988443,1.0,leptonic_bookkeeping,validation,True,0.50562265163496,unassigned
115569,ttH,124.83570765056163,123.94966038564371,1,3,3,146.83166389813528,3.329770563201687,30.70819111482666,0.7606056073988443,1.0,leptonic_bookkeeping,train,True,0.50562265163496,unassigned
762602,ttH,124.83570765056163,123.94966038564371,1,3,3,146.83166389813528,3.329770563201687,30.70819111482666,0.7606056073988443,1.0,leptonic_bookkeeping,test,True,0.50562265163496,unassigned
629492,ttH,124.83570765056163,123.94966038564371,1,3,3,146.83166389813528,3.329770563201687,30.70819111482666,0.7606056073988443,1.0,leptonic_bookkeeping,train,True,0.50562265163496,unassigned
922140,ttH,124.83570765056163,123.94966038564371,1,3,3,146.83166389813528,3.329770563201687,30.70819111482666,0.7606056073988443,1.0,leptonic_bookkeeping,train,True,0.50562265163496,unassigned
975579,ttH,124.83570765056163,123.94966038564371,1,3,3,146.83166389813528,3.329770563201687,30.70819111482666,0.7606056073988443,1.0,leptonic_bookkeeping,validation,True,0.50562265163496,unassigned
733432,ttH,124.83570765056163,123.94966038564371,1,3,3,146.83166389813528,3.329770563201687,30.70819111482666,0.7606056073988443,1.0,leptonic_bookkeeping,train,True,0.50562265163496,unassigned
103502,ttH,124.83570765056163,123.94966038564371,1,3,3,146.83166389813528,3.329770563201687,30.70819111482666,0.7606056073988443,1.0,leptonic_bookkeeping,train,True,0.50562265163496,unassigned
4048,ttH,124.83570765056163,123.94966038564371,1,3,3,146.83166389813528,3.329770563201687,30.70819111482666,0.7606056073988443,1.0,leptonic_bookkeeping,train,True,0.50562265163496,unassigned
731083,ttH,124.83570765056163,123.94966038564371,1,3,3,146.83166389813528,3.329770563201687,30.70819111482666,0.7606056073988443,1.0,leptonic_bookkeeping,test,True,0.50562265163496,unassigned
310795,ttH,124.83570765056163,123.94966038564371,1,3,3,146.83166389813528,3.329770563201687,30.70819111482666,0.7606056073988443,1.0,leptonic_bookkeeping,train,True,0.50562265163496,unassigned
710005,ttH,124.83570765056163,123.94966038564371,1,3,3,146.83166389813528,3.329770563201687,30.70819111482666,0.7606056073988443,1.0,leptonic_bookkeeping,test,True,0.50562265163496,unassigned
570245,ttH,124.83570765056163,123.94966038564371,1,3,3,146.83166389813528,3.329770563201687,30.70819111482666,0.7606056073988443,1.0,leptonic_bookkeeping,train,True,0.50562265163496,unassigned
414807,ttH,124.83570765056163,123.94966038564371,1,3,3,146.83166389813528,3.329770563201687,30.70819111482666,0.7606056073988443,1.0,leptonic_bookkeeping,train,True,0.50562265163496,unassigned
948905,ttH,124.83570765056163,123.94966038564371,1,3,3,146.83166389813528,3.329770563201687,30.70819111482666,0.7606056073988443,1.0,leptonic_bookkeeping,train,True,0.50562265163496,unassigned
441924,ttH,124.83570765056163,123.94966038564371,1,3,3,146.83166389813528,3.329770563201687,30.70819111482666,0.7606056073988443,1.0,leptonic_bookkeeping,test,True,0.50562265163496,unassigned
922304,ttH,124.83570765056163,123.94966038564371,1,3,3,146.83166389813528,3.329770563201687,30.70819111482666,0.7606056073988443,1.0,leptonic_bookkeeping,train,True,0.50562265163496,unassigned
25677,ttH,124.83570765056163,123.94966038564371,1,3,3,146.83166389813528,3.329770563201687,30.70819111482666,0.7606056073988443,1.0,leptonic_bookkeeping,train,True,0.50562265163496,unassigned
941461,ttH,124.83570765056163,123.94966038564371,1,3,3,146.83166389813528,3.329770563201687,30.70819111482666,0.7606056073988443,1.0,leptonic_bookkeeping,train,True,0.50562265163496,unassigned
632231,ttH,124.83570765056163,123.94966038564371,1,3,3,146.83166389813528,3.329770563201687,30.70819111482666,0.7606056073988443,1.0,leptonic_bookkeeping,train,True,0.50562265163496,unassigned
613524,ttH,124.83570765056163,123.94966038564371,1,3,3,146.83166389813528,3.329770563201687,30.70819111482666,0.7606056073988443,1.0,leptonic_bookkeeping,train,True,0.50562265163496,unassigned
843643,ttH,124.83570765056163,123.94966038564371,1,3,3,146.83166389813528,3.329770563201687,30.70819111482666,0.7606056073988443,1.0,leptonic_bookkeeping,test,True,0.50562265163496,unassigned
877029,ttH,124.83570765056163,123.94966038564371,1,3,3,146.83166389813528,3.329770563201687,30.70819111482666,0.7606056073988443,1.0,leptonic_bookkeeping,train,True,0.50562265163496,unassigned
473088,ttH,124.83570765056163,123.94966038564371,1,3,3,146.83166389813528,3.329770563201687,30.70819111482666,0.7606056073988443,1.0,leptonic_bookkeeping,test,True,0.50562265163496,unassigned
785220,ttH,124.83570765056163,123.94966038564371,1,3,3,146.83166389813528,3.329770563201687,30.70819111482666,0.7606056073988443,1.0,leptonic_bookkeeping,train,True,0.50562265163496,unassigned
970927,ttH,124.83570765056163,123.94966038564371,1,3,3,146.83166389813528,3.329770563201687,30.70819111482666,0.7606056073988443,1.0,leptonic_bookkeeping,train,True,0.50562265163496,unassigned
589953,ttH,124.83570765056163,123.94966038564371,1,3,3,146.83166389813528,3.329770563201687,30.70819111482666,0.7606056073988443,1.0,leptonic_bookkeeping,train,True,0.50562265163496,unassigned
332766,ttH,124.83570765056163,123.94966038564371,1,3,3,146.83166389813528,3.329770563201687,30.70819111482666,0.7606056073988443,1.0,leptonic_bookkeeping,train,True,0.50562265163496,unassigned
267978,ttH,124.83570765056163,123.94966038564371,1,3,3,146.83166389813528,3.329770563201687,30.70819111482666,0.7606056073988443,1.0,leptonic_bookkeeping,test,True,0.50562265163496,unassigned
102485,ttH,124.83570765056163,123.94966038564371,1,3,3,146.83166389813528,3.329770563201687,30.70819111482666,0.7606056073988443,1.0,leptonic_bookkeeping,test,True,0.50562265163496,unassigned
433668,ttH,124.83570765056163,123.94966038564371,1,3,3,146.83166389813528,3.329770563201687,30.70819111482666,0.7606056073988443,1.0,leptonic_bookkeeping,train,True,0.50562265163496,unassigned
766392,ttH,124.83570765056163,123.94966038564371,1,3,3,146.83166389813528,3.329770563201687,30.70819111482666,0.7606056073988443,1.0,leptonic_bookkeeping,train,True,0.50562265163496,unassigned
895205,ttH,124.83570765056163,123.94966038564371,1,3,3,146.83166389813528,3.329770563201687,30.70819111482666,0.7606056073988443,1.0,leptonic_bookkeeping,test,True,0.50562265163496,unassigned
839188,ttH,124.83570765056163,123.94966038564371,1,3,3,146.83166389813528,3.329770563201687,30.70819111482666,0.7606056073988443,1.0,leptonic_bookkeeping,train,True,0.50562265163496,unassigned
743893,ttH,124.83570765056163,123.94966038564371,1,3,3,146.83166389813528,3.329770563201687,30.70819111482666,0.7606056073988443,1.0,leptonic_bookkeeping,train,True,0.50562265163496,unassigned
594424,ttH,124.83570765056163,123.94966038564371,1,3,3,146.83166389813528,3.329770563201687,30.70819111482666,0.7606056073988443,1.0,leptonic_bookkeeping,validation,True,0.50562265163496,unassigned
662746,ttH,124.83570765056163,123.94966038564371,1,3,3,146.83166389813528,3.329770563201687,30.70819111482666,0.7606056073988443,1.0,leptonic_bookkeeping,train,True,0.50562265163496,unassigned
274466,ttH,124.83570765056163,123.94966038564371,1,3,3,146.83166389813528,3.329770563201687,30.70819111482666,0.7606056073988443,1.0,leptonic_bookkeeping,validation,True,0.50562265163496,unassigned
623572,ttH,124.83570765056163,123.94966038564371,1,3,3,146.83166389813528,3.329770563201687,30.70819111482666,0.7606056073988443,1.0,leptonic_bookkeeping,train,True,0.50562265163496,unassigned
335396,ttH,124.83570765056163,123.94966038564371,1,3,3,146.83166389813528,3.329770563201687,30.70819111482666,0.7606056073988443,1.0,leptonic_bookkeeping,train,True,0.50562265163496,unassigned
360535,ttH,124.83570765056163,123.94966038564371,1,3,3,146.83166389813528,3.329770563201687,30.70819111482666,0.7606056073988443,1.0,leptonic_bookkeeping,test,True,0.50562265163496,unassigned
751343,ttH,124.83570765056163,123.94966038564371,1,3,3,146.83166389813528,3.329770563201687,30.70819111482666,0.7606056073988443,1.0,leptonic_bookkeeping,test,True,0.50562265163496,unassigned
13785,ttH,124.83570765056163,123.94966038564371,1,3,3,146.83166389813528,3.329770563201687,30.70819111482666,0.7606056073988443,1.0,leptonic_bookkeeping,train,True,0.50562265163496,unassigned
809080,ttH,124.83570765056163,123.94966038564371,1,3,3,146.83166389813528,3.329770563201687,30.70819111482666,0.7606056073988443,1.0,leptonic_bookkeeping,train,True,0.50562265163496,unassigned
699115,ttH,124.83570765056163,123.94966038564371,1,3,3,146.83166389813528,3.329770563201687,30.70819111482666,0.7606056073988443,1.0,leptonic_bookkeeping,test,True,0.50562265163496,unassigned
495925,ttH,124.83570765056163,123.94966038564371,1,3,3,146.83166389813528,3.329770563201687,30.70819111482666,0.7606056073988443,1.0,leptonic_bookkeeping,train,True,0.50562265163496,unassigned
968889,ttH,124.83570765056163,123.94966038564371,1,3,3,146.83166389813528,3.329770563201687,30.70819111482666,0.7606056073988443,1.0,leptonic_bookkeeping,test,True,0.50562265163496,unassigned
39266,ttH,124.83570765056163,123.94966038564371,1,3,3,146.83166389813528,3.329770563201687,30.70819111482666,0.7606056073988443,1.0,leptonic_bookkeeping,test,True,0.50562265163496,unassigned
713283,ttH,124.83570765056163,123.94966038564371,1,3,3,146.83166389813528,3.329770563201687,30.70819111482666,0.7606056073988443,1.0,leptonic_bookkeeping,train,True,0.50562265163496,unassigned
352527,ttH,124.83570765056163,123.94966038564371,1,3,3,146.83166389813528,3.329770563201687,30.70819111482666,0.7606056073988443,1.0,leptonic_bookkeeping,train,True,0.50562265163496,unassigned
399661,ttH,124.83570765056163,123.94966038564371,1,3,3,146.83166389813528,3.329770563201687,30.70819111482666,0.7606056073988443,1.0,leptonic_bookkeeping,validation,True,0.50562265163496,unassigned
88309,ttH,124.83570765056163,123.94966038564371,1,3,3,146.83166389813528,3.329770563201687,30.70819111482666,0.7606056073988443,1.0,leptonic_bookkeeping,train,True,0.50562265163496,unassigned
668704,ttH,124.83570765056163,123.94966038564371,1,3,3,146.83166389813528,3.329770563201687,30.70819111482666,0.7606056073988443,1.0,leptonic_bookkeeping,test,True,0.50562265163496,unassigned
356211,ttH,124.83570765056163,123.94966038564371,1,3,3,146.83166389813528,3.329770563201687,30.70819111482666,0.7606056073988443,1.0,leptonic_bookkeeping,train,True,0.50562265163496,unassigned
62858,ttH,124.83570765056163,123.94966038564371,1,3,3,146.83166389813528,3.329770563201687,30.70819111482666,0.7606056073988443,1.0,leptonic_bookkeeping,train,True,0.50562265163496,unassigned
413411,ttH,124.83570765056163,123.94966038564371,1,3,3,146.83166389813528,3.329770563201687,30.70819111482666,0.7606056073988443,1.0,leptonic_bookkeeping,train,True,0.50562265163496,unassigned
32876,ttH,124.83570765056163,123.94966038564371,1,3,3,146.83166389813528,3.329770563201687,30.70819111482666,0.7606056073988443,1.0,leptonic_bookkeeping,train,True,0.50562265163496,unassigned
376115,ttH,124.83570765056163,123.94966038564371,1,3,3,146.83166389813528,3.329770563201687,30.70819111482666,0.7606056073988443,1.0,leptonic_bookkeeping,train,True,0.50562265163496,unassigned
40546,ttH,124.83570765056163,123.94966038564371,1,3,3,146.83166389813528,3.329770563201687,30.70819111482666,0.7606056073988443,1.0,leptonic_bookkeeping,test,True,0.50562265163496,unassigned
521984,ttH,124.83570765056163,123.94966038564371,1,3,3,146.83166389813528,3.329770563201687,30.70819111482666,0.7606056073988443,1.0,leptonic_bookkeeping,validation,True,0.50562265163496,unassigned
204687,ttH,124.83570765056163,123.94966038564371,1,3,3,146.83166389813528,3.329770563201687,30.70819111482666,0.7606056073988443,1.0,leptonic_bookkeeping,test,True,0.50562265163496,unassigned
681567,ttH,124.83570765056163,123.94966038564371,1,3,3,146.83166389813528,3.329770563201687,30.70819111482666,0.7606056073988443,1.0,leptonic_bookkeeping,train,True,0.50562265163496,unassigned
811603,ttH,124.83570765056163,123.94966038564371,1,3,3,146.83166389813528,3.329770563201687,30.70819111482666,0.7606056073988443,1.0,leptonic_bookkeeping,validation,True,0.50562265163496,unassigned
434532,ttH,124.83570765056163,123.94966038564371,1,3,3,146.83166389813528,3.329770563201687,30.70819111482666,0.7606056073988443,1.0,leptonic_bookkeeping,train,True,0.50562265163496,unassigned
74386,ttH,124.83570765056163,123.94966038564371,1,3,3,146.83166389813528,3.329770563201687,30.70819111482666,0.7606056073988443,1.0,leptonic_bookkeeping,train,True,0.50562265163496,unassigned
521370,ttH,124.83570765056163,123.94966038564371,1,3,3,146.83166389813528,3.329770563201687,30.70819111482666,0.7606056073988443,1.0,leptonic_bookkeeping,train,True,0.50562265163496,unassigned
400969,ttH,124.83570765056163,123.94966038564371,1,3,3,146.83166389813528,3.329770563201687,30.70819111482666,0.7606056073988443,1.0,leptonic_bookkeeping,test,True,0.50562265163496,unassigned
444099,ttH,124.83570765056163,123.94966038564371,1,3,3,146.83166389813528,3.329770563201687,30.70819111482666,0.7606056073988443,1.0,leptonic_bookkeeping,train,True,0.50562265163496,unassigned
951885,ttH,124.83570765056163,123.94966038564371,1,3,3,146.83166389813528,3.329770563201687,30.70819111482666,0.7606056073988443,1.0,leptonic_bookkeeping,train,True,0.50562265163496,unassigned
51281,ttH,124.83570765056163,123.94966038564371,1,3,3,146.83166389813528,3.329770563201687,30.70819111482666,0.7606056073988443,1.0,leptonic_bookkeeping,test,True,0.50562265163496,unassigned
669867,ttH,124.83570765056163,123.94966038564371,1,3,3,146.83166389813528,3.329770563201687,30.70819111482666,0.7606056073988443,1.0,leptonic_bookkeeping,test,True,0.50562265163496,unassigned
261530,ttH,124.83570765056163,123.94966038564371,1,3,3,146.83166389813528,3.329770563201687,30.70819111482666,0.7606056073988443,1.0,leptonic_bookkeeping,train,True,0.50562265163496,unassigned
828463,ttH,124.83570765056163,123.94966038564371,1,3,3,146.83166389813528,3.329770563201687,30.70819111482666,0.7606056073988443,1.0,leptonic_bookkeeping,train,True,0.50562265163496,unassigned
585022,ttH,124.83570765056163,123.94966038564371,1,3,3,146.83166389813528,3.329770563201687,30.70819111482666,0.7606056073988443,1.0,leptonic_bookkeeping,validation,True,0.50562265163496,unassigned
762387,ttH,124.83570765056163,123.94966038564371,1,3,3,146.83166389813528,3.329770563201687,30.70819111482666,0.7606056073988443,1.0,leptonic_bookkeeping,test,True,0.50562265163496,unassigned
549722,ttH,124.83570765056163,123.94966038564371,1,3,3,146.83166389813528,3.329770563201687,30.70819111482666,0.7606056073988443,1.0,leptonic_bookkeeping,train,True,0.50562265163496,unassigned
606258,ttH,124.83570765056163,123.94966038564371,1,3,3,146.83166389813528,3.329770563201687,30.70819111482666,0.7606056073988443,1.0,leptonic_bookkeeping,test,True,0.50562265163496,unassigned
717811,ttH,124.83570765056163,123.94966038564371,1,3,3,146.83166389813528,3.329770563201687,30.70819111482666,0.7606056073988443,1.0,leptonic_bookkeeping,validation,True,0.50562265163496,unassigned
860414,ttH,124.83570765056163,123.94966038564371,1,3,3,146.83166389813528,3.329770563201687,30.70819111482666,0.7606056073988443,1.0,leptonic_bookkeeping,train,True,0.50562265163496,unassigned
1783,ttH,124.83570765056163,123.94966038564371,1,3,3,146.83166389813528,3.329770563201687,30.70819111482666,0.7606056073988443,1.0,leptonic_bookkeeping,train,True,0.50562265163496,unassigned
71059,ttH,124.83570765056163,123.94966038564371,1,3,3,146.83166389813528,3.329770563201687,30.70819111482666,0.7606056073988443,1.0,leptonic_bookkeeping,test,True,0.50562265163496,unassigned
309689,ttH,124.83570765056163,123.94966038564371,1,3,3,146.83166389813528,3.329770563201687,30.70819111482666,0.7606056073988443,1.0,leptonic_bookkeeping,train,True,0.50562265163496,unassigned
346509,ttH,124.83570765056163,123.94966038564371,1,3,3,146.83166389813528,3.329770563201687,30.70819111482666,0.7606056073988443,1.0,leptonic_bookkeeping,validation,True,0.50562265163496,unassigned
661989,ttH,124.83570765056163,123.94966038564371,1,3,3,146.83166389813528,3.329770563201687,30.70819111482666,0.7606056073988443,1.0,leptonic_bookkeeping,train,True,0.50562265163496,unassigned
916888,ttH,124.83570765056163,123.94966038564371,1,3,3,146.83166389813528,3.329770563201687,30.70819111482666,0.7606056073988443,1.0,leptonic_bookkeeping,test,True,0.50562265163496,unassigned
480590,ttH,124.83570765056163,123.94966038564371,1,3,3,146.83166389813528,3.329770563201687,30.70819111482666,0.7606056073988443,1.0,leptonic_bookkeeping,validation,True,0.50562265163496,unassigned
163769,ttH,124.83570765056163,123.94966038564371,1,3,3,146.83166389813528,3.329770563201687,30.70819111482666,0.7606056073988443,1.0,leptonic_bookkeeping,test,True,0.50562265163496,unassigned
539343,ttH,124.83570765056163,123.94966038564371,1,3,3,146.83166389813528,3.329770563201687,30.70819111482666,0.7606056073988443,1.0,leptonic_bookkeeping,train,True,0.50562265163496,unassigned
881874,ttH,124.83570765056163,123.94966038564371,1,3,3,146.83166389813528,3.329770563201687,30.70819111482666,0.7606056073988443,1.0,leptonic_bookkeeping,train,True,0.50562265163496,unassigned
145459,ttH,124.83570765056163,123.94966038564371,1,3,3,146.83166389813528,3.329770563201687,30.70819111482666,0.7606056073988443,1.0,leptonic_bookkeeping,train,True,0.50562265163496,unassigned
81099,ttH,124.83570765056163,123.94966038564371,1,3,3,146.83166389813528,3.329770563201687,30.70819111482666,0.7606056073988443,1.0,leptonic_bookkeeping,test,True,0.50562265163496,unassigned
544684,ttH,124.83570765056163,123.94966038564371,1,3,3,146.83166389813528,3.329770563201687,30.70819111482666,0.7606056073988443,1.0,leptonic_bookkeeping,test,True,0.50562265163496,unassigned
796181,ttH,124.83570765056163,123.94966038564371,1,3,3,146.83166389813528,3.329770563201687,30.70819111482666,0.7606056073988443,1.0,leptonic_bookkeeping,train,True,0.50562265163496,unassigned
504783,ttH,124.83570765056163,123.94966038564371,1,3,3,146.83166389813528,3.329770563201687,30.70819111482666,0.7606056073988443,1.0,leptonic_bookkeeping,test,True,0.50562265163496,unassigned
331351,ttH,124.83570765056163,123.94966038564371,1,3,3,146.83166389813528,3.329770563201687,30.70819111482666,0.7606056073988443,1.0,leptonic_bookkeeping,train,True,0.50562265163496,unassigned
340000,ttH,124.83570765056163,123.94966038564371,1,3,3,146.83166389813528,3.329770563201687,30.70819111482666,0.7606056073988443,1.0,leptonic_bookkeeping,test,True,0.50562265163496,unassigned
802529,ttH,124.83570765056163,123.94966038564371,1,3,3,146.83166389813528,3.329770563201687,30.70819111482666,0.7606056073988443,1.0,leptonic_bookkeeping,test,True,0.50562265163496,unassigned
877546,ttH,124.83570765056163,123.94966038564371,1,3,3,146.83166389813528,3.329770563201687,30.70819111482666,0.7606056073988443,1.0,leptonic_bookkeeping,train,True,0.50562265163496,unassigned
638447,ttH,124.83570765056163,123.94966038564371,1,3,3,146.83166389813528,3.329770563201687,30.70819111482666,0.7606056073988443,1.0,leptonic_bookkeeping,test,True,0.50562265163496,unassigned
991230,ttH,124.83570765056163,123.94966038564371,1,3,3,146.83166389813528,3.329770563201687,30.70819111482666,0.7606056073988443,1.0,leptonic_bookkeeping,train,True,0.50562265163496,unassigned
270064,ttH,124.83570765056163,123.94966038564371,1,3,3,146.83166389813528,3.329770563201687,30.70819111482666,0.7606056073988443,1.0,leptonic_bookkeeping,train,True,0.50562265163496,unassigned
656556,ttH,124.83570765056163,123.94966038564371,1,3,3,146.83166389813528,3.329770563201687,30.70819111482666,0.7606056073988443,1.0,leptonic_bookkeeping,validation,True,0.50562265163496,unassigned
187334,ttH,124.83570765056163,123.94966038564371,1,3,3,146.83166389813528,3.329770563201687,30.70819111482666,0.7606056073988443,1.0,leptonic_bookkeeping,train,True,0.50562265163496,unassigned
499098,ttH,124.83570765056163,123.94966038564371,1,3,3,146.83166389813528,3.329770563201687,30.70819111482666,0.7606056073988443,1.0,leptonic_bookkeeping,train,True,0.50562265163496,unassigned
791732,ttH,124.83570765056163,123.94966038564371,1,3,3,146.83166389813528,3.329770563201687,30.70819111482666,0.7606056073988443,1.0,leptonic_bookkeeping,validation,True,0.50562265163496,unassigned
847947,ttH,124.83570765056163,123.94966038564371,1,3,3,146.83166389813528,3.329770563201687,30.70819111482666,0.7606056073988443,1.0,leptonic_bookkeeping,train,True,0.50562265163496,unassigned
827792,ttH,124.83570765056163,123.94966038564371,1,3,3,146.83166389813528,3.329770563201687,30.70819111482666,0.7606056073988443,1.0,leptonic_bookkeeping,train,True,0.50562265163496,unassigned
910968,ttH,124.83570765056163,123.94966038564371,1,3,3,146.83166389813528,3.329770563201687,30.70819111482666,0.7606056073988443,1.0,leptonic_bookkeeping,train,True,0.50562265163496,unassigned
75815,ttH,124.83570765056163,123.94966038564371,1,3,3,146.83166389813528,3.329770563201687,30.70819111482666,0.7606056073988443,1.0,leptonic_bookkeeping,train,True,0.50562265163496,unassigned
220649,ttH,124.83570765056163,123.94966038564371,1,3,3,146.83166389813528,3.329770563201687,30.70819111482666,0.7606056073988443,1.0,leptonic_bookkeeping,train,True,0.50562265163496,unassigned
412454,ttH,124.83570765056163,123.94966038564371,1,3,3,146.83166389813528,3.329770563201687,30.70819111482666,0.7606056073988443,1.0,leptonic_bookkeeping,train,True,0.50562265163496,unassigned
824365,ttH,124.83570765056163,123.94966038564371,1,3,3,146.83166389813528,3.329770563201687,30.70819111482666,0.7606056073988443,1.0,leptonic_bookkeeping,test,True,0.50562265163496,unassigned
590381,ttH,124.83570765056163,123.94966038564371,1,3,3,146.83166389813528,3.329770563201687,30.70819111482666,0.7606056073988443,1.0,leptonic_bookkeeping,train,True,0.50562265163496,unassigned
565362,ttH,124.83570765056163,123.94966038564371,1,3,3,146.83166389813528,3.329770563201687,30.70819111482666,0.7606056073988443,1.0,leptonic_bookkeeping,test,True,0.50562265163496,unassigned
725731,ttH,124.83570765056163,123.94966038564371,1,3,3,146.83166389813528,3.329770563201687,30.70819111482666,0.7606056073988443,1.0,leptonic_bookkeeping,train,True,0.50562265163496,unassigned
606611,ttH,124.83570765056163,123.94966038564371,1,3,3,146.83166389813528,3.329770563201687,30.70819111482666,0.7606056073988443,1.0,leptonic_bookkeeping,test,True,0.50562265163496,unassigned
49121,ttH,124.83570765056163,123.94966038564371,1,3,3,146.83166389813528,3.329770563201687,30.70819111482666,0.7606056073988443,1.0,leptonic_bookkeeping,validation,True,0.50562265163496,unassigned
96898,ttH,124.83570765056163,123.94966038564371,1,3,3,146.83166389813528,3.329770563201687,30.70819111482666,0.7606056073988443,1.0,leptonic_bookkeeping,train,True,0.50562265163496,unassigned
91544,ttH,124.83570765056163,123.94966038564371,1,3,3,146.83166389813528,3.329770563201687,30.70819111482666,0.7606056073988443,1.0,leptonic_bookkeeping,test,True,0.50562265163496,unassigned
69299,ttH,124.83570765056163,123.94966038564371,1,3,3,146.83166389813528,3.329770563201687,30.70819111482666,0.7606056073988443,1.0,leptonic_bookkeeping,validation,True,0.50562265163496,unassigned
453534,ttH,124.83570765056163,123.94966038564371,1,3,3,146.83166389813528,3.329770563201687,30.70819111482666,0.7606056073988443,1.0,leptonic_bookkeeping,test,True,0.50562265163496,unassigned
485047,ttH,124.83570765056163,123.94966038564371,1,3,3,146.83166389813528,3.329770563201687,30.70819111482666,0.7606056073988443,1.0,leptonic_bookkeeping,train,True,0.50562265163496,unassigned
66012,ttH,124.83570765056163,123.94966038564371,1,3,3,146.83166389813528,3.329770563201687,30.70819111482666,0.7606056073988443,1.0,leptonic_bookkeeping,train,True,0.50562265163496,unassigned
882995,ttH,124.83570765056163,123.94966038564371,1,3,3,146.83166389813528,3.329770563201687,30.70819111482666,0.7606056073988443,1.0,leptonic_bookkeeping,validation,True,0.50562265163496,unassigned
718212,ttH,124.83570765056163,123.94966038564371,1,3,3,146.83166389813528,3.329770563201687,30.70819111482666,0.7606056073988443,1.0,leptonic_bookkeeping,validation,True,0.50562265163496,unassigned
263053,ttH,124.83570765056163,123.94966038564371,1,3,3,146.83166389813528,3.329770563201687,30.70819111482666,0.7606056073988443,1.0,leptonic_bookkeeping,train,True,0.50562265163496,unassigned
288813,ttH,124.83570765056163,123.94966038564371,1,3,3,146.83166389813528,3.329770563201687,30.70819111482666,0.7606056073988443,1.0,leptonic_bookkeeping,train,True,0.50562265163496,unassigned
439680,ttH,124.83570765056163,123.94966038564371,1,3,3,146.83166389813528,3.329770563201687,30.70819111482666,0.7606056073988443,1.0,leptonic_bookkeeping,validation,True,0.50562265163496,unassigned
373121,ttH,124.83570765056163,123.94966038564371,1,3,3,146.83166389813528,3.329770563201687,30.70819111482666,0.7606056073988443,1.0,leptonic_bookkeeping,train,True,0.50562265163496,unassigned
135442,ttH,124.83570765056163,123.94966038564371,1,3,3,146.83166389813528,3.329770563201687,30.70819111482666,0.7606056073988443,1.0,leptonic_bookkeeping,train,True,0.50562265163496,unassigned
49010,ttH,124.83570765056163,123.94966038564371,1,3,3,146.83166389813528,3.329770563201687,30.70819111482666,0.7606056073988443,1.0,leptonic_bookkeeping,validation,True,0.50562265163496,unassigned
115740,ttH,124.83570765056163,123.94966038564371,1,3,3,146.83166389813528,3.329770563201687,30.70819111482666,0.7606056073988443,1.0,leptonic_bookkeeping,train,True,0.50562265163496,unassigned
445603,ttH,124.83570765056163,123.94966038564371,1,3,3,146.83166389813528,3.329770563201687,30.70819111482666,0.7606056073988443,1.0,leptonic_bookkeeping,train,True,0.50562265163496,unassigned
17449,ttH,124.83570765056163,123.94966038564371,1,3,3,146.83166389813528,3.329770563201687,30.70819111482666,0.7606056073988443,1.0,leptonic_bookkeeping,validation,True,0.50562265163496,unassigned
579412,ttH,124.83570765056163,123.94966038564371,1,3,3,146.83166389813528,3.329770563201687,30.70819111482666,0.7606056073988443,1.0,leptonic_bookkeeping,train,True,0.50562265163496,unassigned
459563,ttH,124.83570765056163,123.94966038564371,1,3,3,146.83166389813528,3.329770563201687,30.70819111482666,0.7606056073988443,1.0,leptonic_bookkeeping,train,True,0.50562265163496,unassigned
17975,ttH,124.83570765056163,123.94966038564371,1,3,3,146.83166389813528,3.329770563201687,30.70819111482666,0.7606056073988443,1.0,leptonic_bookkeeping,validation,True,0.50562265163496,unassigned
401813,ttH,124.83570765056163,123.94966038564371,1,3,3,146.83166389813528,3.329770563201687,30.70819111482666,0.7606056073988443,1.0,leptonic_bookkeeping,test,True,0.50562265163496,unassigned
612943,ttH,124.83570765056163,123.94966038564371,1,3,3,146.83166389813528,3.329770563201687,30.70819111482666,0.7606056073988443,1.0,leptonic_bookkeeping,train,True,0.50562265163496,unassigned
258590,ttH,124.83570765056163,123.94966038564371,1,3,3,146.83166389813528,3.329770563201687,30.70819111482666,0.7606056073988443,1.0,leptonic_bookkeeping,train,True,0.50562265163496,unassigned
375399,ttH,124.83570765056163,123.94966038564371,1,3,3,146.83166389813528,3.329770563201687,30.70819111482666,0.7606056073988443,1.0,leptonic_bookkeeping,train,True,0.50562265163496,unassigned
587333,ttH,124.83570765056163,123.94966038564371,1,3,3,146.83166389813528,3.329770563201687,30.70819111482666,0.7606056073988443,1.0,leptonic_bookkeeping,test,True,0.50562265163496,unassigned
524972,ttH,124.83570765056163,123.94966038564371,1,3,3,146.83166389813528,3.329770563201687,30.70819111482666,0.7606056073988443,1.0,leptonic_bookkeeping,test,True,0.50562265163496,unassigned
12068,ttH,124.83570765056163,123.94966038564371,1,3,3,146.83166389813528,3.329770563201687,30.70819111482666,0.7606056073988443,1.0,leptonic_bookkeeping,train,True,0.50562265163496,unassigned
99148,ttH,124.83570765056163,123.94966038564371,1,3,3,146.83166389813528,3.329770563201687,30.70819111482666,0.7606056073988443,1.0,leptonic_bookkeeping,validation,True,0.50562265163496,unassigned
700190,ttH,124.83570765056163,123.94966038564371,1,3,3,146.83166389813528,3.329770563201687,30.70819111482666,0.7606056073988443,1.0,leptonic_bookkeeping,test,True,0.50562265163496,unassigned
385168,ttH,124.83570765056163,123.94966038564371,1,3,3,146.83166389813528,3.329770563201687,30.70819111482666,0.7606056073988443,1.0,leptonic_bookkeeping,train,True,0.50562265163496,unassigned
302709,ttH,124.83570765056163,123.94966038564371,1,3,3,146.83166389813528,3.329770563201687,30.70819111482666,0.7606056073988443,1.0,leptonic_bookkeeping,train,True,0.50562265163496,unassigned
11319,ttH,124.83570765056163,123.94966038564371,1,3,3,146.83166389813528,3.329770563201687,30.70819111482666,0.7606056073988443,1.0,leptonic_bookkeeping,train,True,0.50562265163496,unassigned
573320,ttH,124.83570765056163,123.94966038564371,1,3,3,146.83166389813528,3.329770563201687,30.70819111482666,0.7606056073988443,1.0,leptonic_bookkeeping,validation,True,0.50562265163496,unassigned
526031,ttH,124.83570765056163,123.94966038564371,1,3,3,146.83166389813528,3.329770563201687,30.70819111482666,0.7606056073988443,1.0,leptonic_bookkeeping,train,True,0.50562265163496,unassigned
658914,ttH,124.83570765056163,123.94966038564371,1,3,3,146.83166389813528,3.329770563201687,30.70819111482666,0.7606056073988443,1.0,leptonic_bookkeeping,test,True,0.50562265163496,unassigned
650192,ttH,124.83570765056163,123.94966038564371,1,3,3,146.83166389813528,3.329770563201687,30.70819111482666,0.7606056073988443,1.0,leptonic_bookkeeping,train,True,0.50562265163496,unassigned
232250,ttH,124.83570765056163,123.94966038564371,1,3,3,146.83166389813528,3.329770563201687,30.70819111482666,0.7606056073988443,1.0,leptonic_bookkeeping,train,True,0.50562265163496,unassigned
999523,ttH,124.83570765056163,123.94966038564371,1,3,3,146.83166389813528,3.329770563201687,30.70819111482666,0.7606056073988443,1.0,leptonic_bookkeeping,test,True,0.50562265163496,unassigned
631002,ttH,124.83570765056163,123.94966038564371,1,3,3,146.83166389813528,3.329770563201687,30.70819111482666,0.7606056073988443,1.0,leptonic_bookkeeping,train,True,0.50562265163496,unassigned
629178,ttH,124.83570765056163,123.94966038564371,1,3,3,146.83166389813528,3.329770563201687,30.70819111482666,0.7606056073988443,1.0,leptonic_bookkeeping,train,True,0.50562265163496,unassigned
652107,ttH,124.83570765056163,123.94966038564371,1,3,3,146.83166389813528,3.329770563201687,30.70819111482666,0.7606056073988443,1.0,leptonic_bookkeeping,train,True,0.50562265163496,unassigned
411064,ttH,124.83570765056163,123.94966038564371,1,3,3,146.83166389813528,3.329770563201687,30.70819111482666,0.7606056073988443,1.0,leptonic_bookkeeping,test,True,0.50562265163496,unassigned
703301,ttH,124.83570765056163,123.94966038564371,1,3,3,146.83166389813528,3.329770563201687,30.70819111482666,0.7606056073988443,1.0,leptonic_bookkeeping,train,True,0.50562265163496,unassigned
639995,ttH,124.83570765056163,123.94966038564371,1,3,3,146.83166389813528,3.329770563201687,30.70819111482666,0.7606056073988443,1.0,leptonic_bookkeeping,train,True,0.50562265163496,unassigned
461911,ttH,124.83570765056163,123.94966038564371,1,3,3,146.83166389813528,3.329770563201687,30.70819111482666,0.7606056073988443,1.0,leptonic_bookkeeping,test,True,0.50562265163496,unassigned
151601,ttH,124.83570765056163,123.94966038564371,1,3,3,146.83166389813528,3.329770563201687,30.70819111482666,0.7606056073988443,1.0,leptonic_bookkeeping,validation,True,0.50562265163496,unassigned
72859,ttH,124.83570765056163,123.94966038564371,1,3,3,146.83166389813528,3.329770563201687,30.70819111482666,0.7606056073988443,1.0,leptonic_bookkeeping,train,True,0.50562265163496,unassigned
231027,ttH,124.83570765056163,123.94966038564371,1,3,3,146.83166389813528,3.329770563201687,30.70819111482666,0.7606056073988443,1.0,leptonic_bookkeeping,train,True,0.50562265163496,unassigned
266389,ttH,124.83570765056163,123.94966038564371,1,3,3,146.83166389813528,3.329770563201687,30.70819111482666,0.7606056073988443,1.0,leptonic_bookkeeping,test,True,0.50562265163496,unassigned
571227,ttH,124.83570765056163,123.94966038564371,1,3,3,146.83166389813528,3.329770563201687,30.70819111482666,0.7606056073988443,1.0,leptonic_bookkeeping,train,True,0.50562265163496,unassigned
572692,ttH,124.83570765056163,123.94966038564371,1,3,3,146.83166389813528,3.329770563201687,30.70819111482666,0.7606056073988443,1.0,leptonic_bookkeeping,train,True,0.50562265163496,unassigned
647336,ttH,124.83570765056163,123.94966038564371,1,3,3,146.83166389813528,3.329770563201687,30.70819111482666,0.7606056073988443,1.0,leptonic_bookkeeping,validation,True,0.50562265163496,unassigned
762112,ttH,124.83570765056163,123.94966038564371,1,3,3,146.83166389813528,3.329770563201687,30.70819111482666,0.7606056073988443,1.0,leptonic_bookkeeping,test,True,0.50562265163496,unassigned
192697,ttH,124.83570765056163,123.94966038564371,1,3,3,146.83166389813528,3.329770563201687,30.70819111482666,0.7606056073988443,1.0,leptonic_bookkeeping,validation,True,0.50562265163496,unassigned
714472,ttH,124.83570765056163,123.94966038564371,1,3,3,146.83166389813528,3.329770563201687,30.70819111482666,0.7606056073988443,1.0,leptonic_bookkeeping,train,True,0.50562265163496,unassigned
660048,ttH,124.83570765056163,123.94966038564371,1,3,3,146.83166389813528,3.329770563201687,30.70819111482666,0.7606056073988443,1.0,leptonic_bookkeeping,train,True,0.50562265163496,unassigned
962929,ttH,124.83570765056163,123.94966038564371,1,3,3,146.83166389813528,3.329770563201687,30.70819111482666,0.7606056073988443,1.0,leptonic_bookkeeping,train,True,0.50562265163496,unassigned
728124,ttH,124.83570765056163,123.94966038564371,1,3,3,146.83166389813528,3.329770563201687,30.70819111482666,0.7606056073988443,1.0,leptonic_bookkeeping,validation,True,0.50562265163496,unassigned
882542,ttH,124.83570765056163,123.94966038564371,1,3,3,146.83166389813528,3.329770563201687,30.70819111482666,0.7606056073988443,1.0,leptonic_bookkeeping,validation,True,0.50562265163496,unassigned
532498,ttH,124.83570765056163,123.94966038564371,1,3,3,146.83166389813528,3.329770563201687,30.70819111482666,0.7606056073988443,1.0,leptonic_bookkeeping,validation,True,0.50562265163496,unassigned
67609,ttH,124.83570765056163,123.94966038564371,1,3,3,146.83166389813528,3.329770563201687,30.70819111482666,0.7606056073988443,1.0,leptonic_bookkeeping,train,True,0.50562265163496,unassigned
256185,ttH,124.83570765056163,123.94966038564371,1,3,3,146.83166389813528,3.329770563201687,30.70819111482666,0.7606056073988443,1.0,leptonic_bookkeeping,test,True,0.50562265163496,unassigned
207078,ttH,124.83570765056163,123.94966038564371,1,3,3,146.83166389813528,3.329770563201687,30.70819111482666,0.7606056073988443,1.0,leptonic_bookkeeping,train,True,0.50562265163496,unassigned
555045,ttH,124.83570765056163,123.94966038564371,1,3,3,146.83166389813528,3.329770563201687,30.70819111482666,0.7606056073988443,1.0,leptonic_bookkeeping,test,True,0.50562265163496,unassigned
574258,ttH,124.83570765056163,123.94966038564371,1,3,3,146.83166389813528,3.329770563201687,30.70819111482666,0.7606056073988443,1.0,leptonic_bookkeeping,validation,True,0.50562265163496,unassigned
617138,ttH,124.83570765056163,123.94966038564371,1,3,3,146.83166389813528,3.329770563201687,30.70819111482666,0.7606056073988443,1.0,leptonic_bookkeeping,test,True,0.50562265163496,unassigned
322636,ttH,124.83570765056163,123.94966038564371,1,3,3,146.83166389813528,3.329770563201687,30.70819111482666,0.7606056073988443,1.0,leptonic_bookkeeping,train,True,0.50562265163496,unassigned
725791,ttH,124.83570765056163,123.94966038564371,1,3,3,146.83166389813528,3.329770563201687,30.70819111482666,0.7606056073988443,1.0,leptonic_bookkeeping,train,True,0.50562265163496,unassigned
336390,ttH,124.83570765056163,123.94966038564371,1,3,3,146.83166389813528,3.329770563201687,30.70819111482666,0.7606056073988443,1.0,leptonic_bookkeeping,validation,True,0.50562265163496,unassigned
89565,ttH,124.83570765056163,123.94966038564371,1,3,3,146.83166389813528,3.329770563201687,30.70819111482666,0.7606056073988443,1.0,leptonic_bookkeeping,validation,True,0.50562265163496,unassigned
146265,ttH,124.83570765056163,123.94966038564371,1,3,3,146.83166389813528,3.329770563201687,30.70819111482666,0.7606056073988443,1.0,leptonic_bookkeeping,train,True,0.50562265163496,unassigned
303551,ttH,124.83570765056163,123.94966038564371,1,3,3,146.83166389813528,3.329770563201687,30.70819111482666,0.7606056073988443,1.0,leptonic_bookkeeping,train,True,0.50562265163496,unassigned
452175,ttH,124.83570765056163,123.94966038564371,1,3,3,146.83166389813528,3.329770563201687,30.70819111482666,0.7606056073988443,1.0,leptonic_bookkeeping,test,True,0.50562265163496,unassigned
806096,ttH,124.83570765056163,123.94966038564371,1,3,3,146.83166389813528,3.329770563201687,30.70819111482666,0.7606056073988443,1.0,leptonic_bookkeeping,train,True,0.50562265163496,unassigned
347469,ttH,124.83570765056163,123.94966038564371,1,3,3,146.83166389813528,3.329770563201687,30.70819111482666,0.7606056073988443,1.0,leptonic_bookkeeping,validation,True,0.50562265163496,unassigned
8786,ttH,124.83570765056163,123.94966038564371,1,3,3,146.83166389813528,3.329770563201687,30.70819111482666,0.7606056073988443,1.0,leptonic_bookkeeping,test,True,0.50562265163496,unassigned
386124,ttH,124.83570765056163,123.94966038564371,1,3,3,146.83166389813528,3.329770563201687,30.70819111482666,0.7606056073988443,1.0,leptonic_bookkeeping,train,True,0.50562265163496,unassigned
327641,ttH,124.83570765056163,123.94966038564371,1,3,3,146.83166389813528,3.329770563201687,30.70819111482666,0.7606056073988443,1.0,leptonic_bookkeeping,validation,True,0.50562265163496,unassigned
80890,ttH,124.83570765056163,123.94966038564371,1,3,3,146.83166389813528,3.329770563201687,30.70819111482666,0.7606056073988443,1.0,leptonic_bookkeeping,test,True,0.50562265163496,unassigned
843811,ttH,124.83570765056163,123.94966038564371,1,3,3,146.83166389813528,3.329770563201687,30.70819111482666,0.7606056073988443,1.0,leptonic_bookkeeping,test,True,0.50562265163496,unassigned
629598,ttH,124.83570765056163,123.94966038564371,1,3,3,146.83166389813528,3.329770563201687,30.70819111482666,0.7606056073988443,1.0,leptonic_bookkeeping,train,True,0.50562265163496,unassigned
602262,ttH,124.83570765056163,123.94966038564371,1,3,3,146.83166389813528,3.329770563201687,30.70819111482666,0.7606056073988443,1.0,leptonic_bookkeeping,train,True,0.50562265163496,unassigned
23938,ttH,124.83570765056163,123.94966038564371,1,3,3,146.83166389813528,3.329770563201687,30.70819111482666,0.7606056073988443,1.0,leptonic_bookkeeping,train,True,0.50562265163496,unassigned
767506,ttH,124.83570765056163,123.94966038564371,1,3,3,146.83166389813528,3.329770563201687,30.70819111482666,0.7606056073988443,1.0,leptonic_bookkeeping,train,True,0.50562265163496,unassigned
998050,ttH,124.83570765056163,123.94966038564371,1,3,3,146.83166389813528,3.329770563201687,30.70819111482666,0.7606056073988443,1.0,leptonic_bookkeeping,test,True,0.50562265163496,unassigned
636593,ttH,124.83570765056163,123.94966038564371,1,3,3,146.83166389813528,3.329770563201687,30.70819111482666,0.7606056073988443,1.0,leptonic_bookkeeping,validation,True,0.50562265163496,unassigned
103211,ttH,124.83570765056163,123.94966038564371,1,3,3,146.83166389813528,3.329770563201687,30.70819111482666,0.7606056073988443,1.0,leptonic_bookkeeping,train,True,0.50562265163496,unassigned
884503,ttH,124.83570765056163,123.94966038564371,1,3,3,146.83166389813528,3.329770563201687,30.70819111482666,0.7606056073988443,1.0,leptonic_bookkeeping,validation,True,0.50562265163496,unassigned
367966,ttH,124.83570765056163,123.94966038564371,1,3,3,146.83166389813528,3.329770563201687,30.70819111482666,0.7606056073988443,1.0,leptonic_bookkeeping,validation,True,0.50562265163496,unassigned
54240,ttH,124.83570765056163,123.94966038564371,1,3,3,146.83166389813528,3.329770563201687,30.70819111482666,0.7606056073988443,1.0,leptonic_bookkeeping,train,True,0.50562265163496,unassigned
573428,ttH,124.83570765056163,123.94966038564371,1,3,3,146.83166389813528,3.329770563201687,30.70819111482666,0.7606056073988443,1.0,leptonic_bookkeeping,validation,True,0.50562265163496,unassigned
365802,ttH,124.83570765056163,123.94966038564371,1,3,3,146.83166389813528,3.329770563201687,30.70819111482666,0.7606056073988443,1.0,leptonic_bookkeeping,train,True,0.50562265163496,unassigned
419783,ttH,124.83570765056163,123.94966038564371,1,3,3,146.83166389813528,3.329770563201687,30.70819111482666,0.7606056073988443,1.0,leptonic_bookkeeping,validation,True,0.50562265163496,unassigned
223076,ttH,124.83570765056163,123.94966038564371,1,3,3,146.83166389813528,3.329770563201687,30.70819111482666,0.7606056073988443,1.0,leptonic_bookkeeping,validation,True,0.50562265163496,unassigned
307439,ttH,124.83570765056163,123.94966038564371,1,3,3,146.83166389813528,3.329770563201687,30.70819111482666,0.7606056073988443,1.0,leptonic_bookkeeping,test,True,0.50562265163496,unassigned
570257,ttH,124.83570765056163,123.94966038564371,1,3,3,146.83166389813528,3.329770563201687,30.70819111482666,0.7606056073988443,1.0,leptonic_bookkeeping,train,True,0.50562265163496,unassigned
822186,ttH,124.83570765056163,123.94966038564371,1,3,3,146.83166389813528,3.329770563201687,30.70819111482666,0.7606056073988443,1.0,leptonic_bookkeeping,validation,True,0.50562265163496,unassigned
902493,ttH,124.83570765056163,123.94966038564371,1,3,3,146.83166389813528,3.329770563201687,30.70819111482666,0.7606056073988443,1.0,leptonic_bookkeeping,train,True,0.50562265163496,unassigned
777157,ttH,124.83570765056163,123.94966038564371,1,3,3,146.83166389813528,3.329770563201687,30.70819111482666,0.7606056073988443,1.0,leptonic_bookkeeping,train,True,0.50562265163496,unassigned
286515,ttH,124.83570765056163,123.94966038564371,1,3,3,146.83166389813528,3.329770563201687,30.70819111482666,0.7606056073988443,1.0,leptonic_bookkeeping,validation,True,0.50562265163496,unassigned
749366,ttH,124.83570765056163,123.94966038564371,1,3,3,146.83166389813528,3.329770563201687,30.70819111482666,0.7606056073988443,1.0,leptonic_bookkeeping,validation,True,0.50562265163496,unassigned
919106,ttH,124.83570765056163,123.94966038564371,1,3,3,146.83166389813528,3.329770563201687,30.70819111482666,0.7606056073988443,1.0,leptonic_bookkeeping,train,True,0.50562265163496,unassigned
176600,ttH,124.83570765056163,123.94966038564371,1,3,3,146.83166389813528,3.329770563201687,30.70819111482666,0.7606056073988443,1.0,leptonic_bookkeeping,train,True,0.50562265163496,unassigned
965683,ttH,124.83570765056163,123.94966038564371,1,3,3,146.83166389813528,3.329770563201687,30.70819111482666,0.7606056073988443,1.0,leptonic_bookkeeping,validation,True,0.50562265163496,unassigned
263658,ttH,124.83570765056163,123.94966038564371,1,3,3,146.83166389813528,3.329770563201687,30.70819111482666,0.7606056073988443,1.0,leptonic_bookkeeping,train,True,0.50562265163496,unassigned
521308,ttH,124.83570765056163,123.94966038564371,1,3,3,146.83166389813528,3.329770563201687,30.70819111482666,0.7606056073988443,1.0,leptonic_bookkeeping,train,True,0.50562265163496,unassigned
123207,ttH,124.83570765056163,123.94966038564371,1,3,3,146.83166389813528,3.329770563201687,30.70819111482666,0.7606056073988443,1.0,leptonic_bookkeeping,test,True,0.50562265163496,unassigned
742261,ttH,124.83570765056163,123.94966038564371,1,3,3,146.83166389813528,3.329770563201687,30.70819111482666,0.7606056073988443,1.0,leptonic_bookkeeping,test,True,0.50562265163496,unassigned
36558,ttH,124.83570765056163,123.94966038564371,1,3,3,146.83166389813528,3.329770563201687,30.70819111482666,0.7606056073988443,1.0,leptonic_bookkeeping,train,True,0.50562265163496,unassigned
638394,ttH,124.83570765056163,123.94966038564371,1,3,3,146.83166389813528,3.329770563201687,30.70819111482666,0.7606056073988443,1.0,leptonic_bookkeeping,test,True,0.50562265163496,unassigned
215853,ttH,124.83570765056163,123.94966038564371,1,3,3,146.83166389813528,3.329770563201687,30.70819111482666,0.7606056073988443,1.0,leptonic_bookkeeping,test,True,0.50562265163496,unassigned
340829,ttH,124.83570765056163,123.94966038564371,1,3,3,146.83166389813528,3.329770563201687,30.70819111482666,0.7606056073988443,1.0,leptonic_bookkeeping,train,True,0.50562265163496,unassigned
539382,ttH,124.83570765056163,123.94966038564371,1,3,3,146.83166389813528,3.329770563201687,30.70819111482666,0.7606056073988443,1.0,leptonic_bookkeeping,train,True,0.50562265163496,unassigned
1736,ttH,124.83570765056163,123.94966038564371,1,3,3,146.83166389813528,3.329770563201687,30.70819111482666,0.7606056073988443,1.0,leptonic_bookkeeping,train,True,0.50562265163496,unassigned
502738,ttH,124.83570765056163,123.94966038564371,1,3,3,146.83166389813528,3.329770563201687,30.70819111482666,0.7606056073988443,1.0,leptonic_bookkeeping,validation,True,0.50562265163496,unassigned
332156,ttH,124.83570765056163,123.94966038564371,1,3,3,146.83166389813528,3.329770563201687,30.70819111482666,0.7606056073988443,1.0,leptonic_bookkeeping,train,True,0.50562265163496,unassigned
412686,ttH,124.83570765056163,123.94966038564371,1,3,3,146.83166389813528,3.329770563201687,30.70819111482666,0.7606056073988443,1.0,leptonic_bookkeeping,train,True,0.50562265163496,unassigned
248909,ttH,124.83570765056163,123.94966038564371,1,3,3,146.83166389813528,3.329770563201687,30.70819111482666,0.7606056073988443,1.0,leptonic_bookkeeping,train,True,0.50562265163496,unassigned
72989,ttH,124.83570765056163,123.94966038564371,1,3,3,146.83166389813528,3.329770563201687,30.70819111482666,0.7606056073988443,1.0,leptonic_bookkeeping,train,True,0.50562265163496,unassigned
694793,ttH,124.83570765056163,123.94966038564371,1,3,3,146.83166389813528,3.329770563201687,30.70819111482666,0.7606056073988443,1.0,leptonic_bookkeeping,train,True,0.50562265163496,unassigned
271601,ttH,124.83570765056163,123.94966038564371,1,3,3,146.83166389813528,3.329770563201687,30.70819111482666,0.7606056073988443,1.0,leptonic_bookkeeping,train,True,0.50562265163496,unassigned
680588,ttH,124.83570765056163,123.94966038564371,1,3,3,146.83166389813528,3.329770563201687,30.70819111482666,0.7606056073988443,1.0,leptonic_bookkeeping,train,True,0.50562265163496,unassigned
200882,ttH,124.83570765056163,123.94966038564371,1,3,3,146.83166389813528,3.329770563201687,30.70819111482666,0.7606056073988443,1.0,leptonic_bookkeeping,train,True,0.50562265163496,unassigned
90898,ttH,124.83570765056163,123.94966038564371,1,3,3,146.83166389813528,3.329770563201687,30.70819111482666,0.7606056073988443,1.0,leptonic_bookkeeping,test,True,0.50562265163496,unassigned
891004,ttH,124.83570765056163,123.94966038564371,1,3,3,146.83166389813528,3.329770563201687,30.70819111482666,0.7606056073988443,1.0,leptonic_bookkeeping,train,True,0.50562265163496,unassigned
202208,ttH,124.83570765056163,123.94966038564371,1,3,3,146.83166389813528,3.329770563201687,30.70819111482666,0.7606056073988443,1.0,leptonic_bookkeeping,validation,True,0.50562265163496,unassigned
275183,ttH,124.83570765056163,123.94966038564371,1,3,3,146.83166389813528,3.329770563201687,30.70819111482666,0.7606056073988443,1.0,leptonic_bookkeeping,validation,True,0.50562265163496,unassigned
466969,ttH,124.83570765056163,123.94966038564371,1,3,3,146.83166389813528,3.329770563201687,30.70819111482666,0.7606056073988443,1.0,leptonic_bookkeeping,train,True,0.50562265163496,unassigned
237644,ttH,124.83570765056163,123.94966038564371,1,3,3,146.83166389813528,3.329770563201687,30.70819111482666,0.7606056073988443,1.0,leptonic_bookkeeping,train,True,0.50562265163496,unassigned
752340,ttH,124.83570765056163,123.94966038564371,1,3,3,146.83166389813528,3.329770563201687,30.70819111482666,0.7606056073988443,1.0,leptonic_bookkeeping,test,True,0.50562265163496,unassigned
842796,ttH,124.83570765056163,123.94966038564371,1,3,3,146.83166389813528,3.329770563201687,30.70819111482666,0.7606056073988443,1.0,leptonic_bookkeeping,validation,True,0.50562265163496,unassigned
387935,ttH,124.83570765056163,123.94966038564371,1,3,3,146.83166389813528,3.329770563201687,30.70819111482666,0.7606056073988443,1.0,leptonic_bookkeeping,validation,True,0.50562265163496,unassigned
462510,ttH,124.83570765056163,123.94966038564371,1,3,3,146.83166389813528,3.329770563201687,30.70819111482666,0.7606056073988443,1.0,leptonic_bookkeeping,test,True,0.50562265163496,unassigned
864968,ttH,124.83570765056163,123.94966038564371,1,3,3,146.83166389813528,3.329770563201687,30.70819111482666,0.7606056073988443,1.0,leptonic_bookkeeping,test,True,0.50562265163496,unassigned
272599,ttH,124.83570765056163,123.94966038564371,1,3,3,146.83166389813528,3.329770563201687,30.70819111482666,0.7606056073988443,1.0,leptonic_bookkeeping,train,True,0.50562265163496,unassigned
361962,ttH,124.83570765056163,123.94966038564371,1,3,3,146.83166389813528,3.329770563201687,30.70819111482666,0.7606056073988443,1.0,leptonic_bookkeeping,train,True,0.50562265163496,unassigned
149378,ttH,124.83570765056163,123.94966038564371,1,3,3,146.83166389813528,3.329770563201687,30.70819111482666,0.7606056073988443,1.0,leptonic_bookkeeping,train,True,0.50562265163496,unassigned
82418,ttH,124.83570765056163,123.94966038564371,1,3,3,146.83166389813528,3.329770563201687,30.70819111482666,0.7606056073988443,1.0,leptonic_bookkeeping,test,True,0.50562265163496,unassigned
328068,ttH,124.83570765056163,123.94966038564371,1,3,3,146.83166389813528,3.329770563201687,30.70819111482666,0.7606056073988443,1.0,leptonic_bookkeeping,test,True,0.50562265163496,unassigned
337343,ttH,124.83570765056163,123.94966038564371,1,3,3,146.83166389813528,3.329770563201687,30.70819111482666,0.7606056073988443,1.0,leptonic_bookkeeping,validation,True,0.50562265163496,unassigned
938900,ttH,124.83570765056163,123.94966038564371,1,3,3,146.83166389813528,3.329770563201687,30.70819111482666,0.7606056073988443,1.0,leptonic_bookkeeping,train,True,0.50562265163496,unassigned
428232,ttH,124.83570765056163,123.94966038564371,1,3,3,146.83166389813528,3.329770563201687,30.70819111482666,0.7606056073988443,1.0,leptonic_bookkeeping,train,True,0.50562265163496,unassigned
918769,ttH,124.83570765056163,123.94966038564371,1,3,3,146.83166389813528,3.329770563201687,30.70819111482666,0.7606056073988443,1.0,leptonic_bookkeeping,train,True,0.50562265163496,unassigned
502241,ttH,124.83570765056163,123.94966038564371,1,3,3,146.83166389813528,3.329770563201687,30.70819111482666,0.7606056073988443,1.0,leptonic_bookkeeping,validation,True,0.50562265163496,unassigned
376430,ttH,124.83570765056163,123.94966038564371,1,3,3,146.83166389813528,3.329770563201687,30.70819111482666,0.7606056073988443,1.0,leptonic_bookkeeping,train,True,0.50562265163496,unassigned
148726,ttH,124.83570765056163,123.94966038564371,1,3,3,146.83166389813528,3.329770563201687,30.70819111482666,0.7606056073988443,1.0,leptonic_bookkeeping,train,True,0.50562265163496,unassigned
615436,ttH,124.83570765056163,123.94966038564371,1,3,3,146.83166389813528,3.329770563201687,30.70819111482666,0.7606056073988443,1.0,leptonic_bookkeeping,validation,True,0.50562265163496,unassigned
966708,ttH,124.83570765056163,123.94966038564371,1,3,3,146.83166389813528,3.329770563201687,30.70819111482666,0.7606056073988443,1.0,leptonic_bookkeeping,validation,True,0.50562265163496,unassigned
87946,ttH,124.83570765056163,123.94966038564371,1,3,3,146.83166389813528,3.329770563201687,30.70819111482666,0.7606056073988443,1.0,leptonic_bookkeeping,train,True,0.50562265163496,unassigned
725310,ttH,124.83570765056163,123.94966038564371,1,3,3,146.83166389813528,3.329770563201687,30.70819111482666,0.7606056073988443,1.0,leptonic_bookkeeping,train,True,0.50562265163496,unassigned
308495,ttH,124.83570765056163,123.94966038564371,1,3,3,146.83166389813528,3.329770563201687,30.70819111482666,0.7606056073988443,1.0,leptonic_bookkeeping,test,True,0.50562265163496,unassigned
729387,ttH,124.83570765056163,123.94966038564371,1,3,3,146.83166389813528,3.329770563201687,30.70819111482666,0.7606056073988443,1.0,leptonic_bookkeeping,validation,True,0.50562265163496,unassigned
429589,ttH,124.83570765056163,123.94966038564371,1,3,3,146.83166389813528,3.329770563201687,30.70819111482666,0.7606056073988443,1.0,leptonic_bookkeeping,validation,True,0.50562265163496,unassigned
559681,ttH,124.83570765056163,123.94966038564371,1,3,3,146.83166389813528,3.329770563201687,30.70819111482666,0.7606056073988443,1.0,leptonic_bookkeeping,train,True,0.50562265163496,unassigned
639219,ttH,124.83570765056163,123.94966038564371,1,3,3,146.83166389813528,3.329770563201687,30.70819111482666,0.7606056073988443,1.0,leptonic_bookkeeping,train,True,0.50562265163496,unassigned
626153,ttH,124.83570765056163,123.94966038564371,1,3,3,146.83166389813528,3.329770563201687,30.70819111482666,0.7606056073988443,1.0,leptonic_bookkeeping,validation,True,0.50562265163496,unassigned
814269,ttH,124.83570765056163,123.94966038564371,1,3,3,146.83166389813528,3.329770563201687,30.70819111482666,0.7606056073988443,1.0,leptonic_bookkeeping,test,True,0.50562265163496,unassigned
92101,ttH,124.83570765056163,123.94966038564371,1,3,3,146.83166389813528,3.329770563201687,30.70819111482666,0.7606056073988443,1.0,leptonic_bookkeeping,test,True,0.50562265163496,unassigned
407756,ttH,124.83570765056163,123.94966038564371,1,3,3,146.83166389813528,3.329770563201687,30.70819111482666,0.7606056073988443,1.0,leptonic_bookkeeping,train,True,0.50562265163496,unassigned
561257,ttH,124.83570765056163,123.94966038564371,1,3,3,146.83166389813528,3.329770563201687,30.70819111482666,0.7606056073988443,1.0,leptonic_bookkeeping,train,True,0.50562265163496,unassigned
840844,ttH,124.83570765056163,123.94966038564371,1,3,3,146.83166389813528,3.329770563201687,30.70819111482666,0.7606056073988443,1.0,leptonic_bookkeeping,train,True,0.50562265163496,unassigned
601998,ttH,124.83570765056163,123.94966038564371,1,3,3,146.83166389813528,3.329770563201687,30.70819111482666,0.7606056073988443,1.0,leptonic_bookkeeping,train,True,0.50562265163496,unassigned
430146,ttH,124.83570765056163,123.94966038564371,1,3,3,146.83166389813528,3.329770563201687,30.70819111482666,0.7606056073988443,1.0,leptonic_bookkeeping,validation,True,0.50562265163496,unassigned
456062,ttH,124.83570765056163,123.94966038564371,1,3,3,146.83166389813528,3.329770563201687,30.70819111482666,0.7606056073988443,1.0,leptonic_bookkeeping,train,True,0.50562265163496,unassigned
506733,ttH,124.83570765056163,123.94966038564371,1,3,3,146.83166389813528,3.329770563201687,30.70819111482666,0.7606056073988443,1.0,leptonic_bookkeeping,train,True,0.50562265163496,unassigned
258353,ttH,124.83570765056163,123.94966038564371,1,3,3,146.83166389813528,3.329770563201687,30.70819111482666,0.7606056073988443,1.0,leptonic_bookkeeping,train,True,0.50562265163496,unassigned
923033,ttH,124.83570765056163,123.94966038564371,1,3,3,146.83166389813528,3.329770563201687,30.70819111482666,0.7606056073988443,1.0,leptonic_bookkeeping,train,True,0.50562265163496,unassigned
948035,ttH,124.83570765056163,123.94966038564371,1,3,3,146.83166389813528,3.329770563201687,30.70819111482666,0.7606056073988443,1.0,leptonic_bookkeeping,test,True,0.50562265163496,unassigned
563804,ttH,124.83570765056163,123.94966038564371,1,3,3,146.83166389813528,3.329770563201687,30.70819111482666,0.7606056073988443,1.0,leptonic_bookkeeping,validation,True,0.50562265163496,unassigned
22767,ttH,124.83570765056163,123.94966038564371,1,3,3,146.83166389813528,3.329770563201687,30.70819111482666,0.7606056073988443,1.0,leptonic_bookkeeping,train,True,0.50562265163496,unassigned
147146,ttH,124.83570765056163,123.94966038564371,1,3,3,146.83166389813528,3.329770563201687,30.70819111482666,0.7606056073988443,1.0,leptonic_bookkeeping,train,True,0.50562265163496,unassigned
807301,ttH,124.83570765056163,123.94966038564371,1,3,3,146.83166389813528,3.329770563201687,30.70819111482666,0.7606056073988443,1.0,leptonic_bookkeeping,train,True,0.50562265163496,unassigned
465640,ttH,124.83570765056163,123.94966038564371,1,3,3,146.83166389813528,3.329770563201687,30.70819111482666,0.7606056073988443,1.0,leptonic_bookkeeping,train,True,0.50562265163496,unassigned
176406,ttH,124.83570765056163,123.94966038564371,1,3,3,146.83166389813528,3.329770563201687,30.70819111482666,0.7606056073988443,1.0,leptonic_bookkeeping,train,True,0.50562265163496,unassigned
492267,ttH,124.83570765056163,123.94966038564371,1,3,3,146.83166389813528,3.329770563201687,30.70819111482666,0.7606056073988443,1.0,leptonic_bookkeeping,validation,True,0.50562265163496,unassigned
445333,ttH,124.83570765056163,123.94966038564371,1,3,3,146.83166389813528,3.329770563201687,30.70819111482666,0.7606056073988443,1.0,leptonic_bookkeeping,train,True,0.50562265163496,unassigned
777033,ttH,124.83570765056163,123.94966038564371,1,3,3,146.83166389813528,3.329770563201687,30.70819111482666,0.7606056073988443,1.0,leptonic_bookkeeping,train,True,0.50562265163496,unassigned
912555,ttH,124.83570765056163,123.94966038564371,1,3,3,146.83166389813528,3.329770563201687,30.70819111482666,0.7606056073988443,1.0,leptonic_bookkeeping,train,True,0.50562265163496,unassigned
520449,ttH,124.83570765056163,123.94966038564371,1,3,3,146.83166389813528,3.329770563201687,30.70819111482666,0.7606056073988443,1.0,leptonic_bookkeeping,train,True,0.50562265163496,unassigned
364779,ttH,124.83570765056163,123.94966038564371,1,3,3,146.83166389813528,3.329770563201687,30.70819111482666,0.7606056073988443,1.0,leptonic_bookkeeping,train,True,0.50562265163496,unassigned
592973,ttH,124.83570765056163,123.94966038564371,1,3,3,146.83166389813528,3.329770563201687,30.70819111482666,0.7606056073988443,1.0,leptonic_bookkeeping,train,True,0.50562265163496,unassigned
668653,ttH,124.83570765056163,123.94966038564371,1,3,3,146.83166389813528,3.329770563201687,30.70819111482666,0.7606056073988443,1.0,leptonic_bookkeeping,test,True,0.50562265163496,unassigned
808163,ttH,124.83570765056163,123.94966038564371,1,3,3,146.83166389813528,3.329770563201687,30.70819111482666,0.7606056073988443,1.0,leptonic_bookkeeping,train,True,0.50562265163496,unassigned
296137,ttH,124.83570765056163,123.94966038564371,1,3,3,146.83166389813528,3.329770563201687,30.70819111482666,0.7606056073988443,1.0,leptonic_bookkeeping,validation,True,0.50562265163496,unassigned
559412,ttH,124.83570765056163,123.94966038564371,1,3,3,146.83166389813528,3.329770563201687,30.70819111482666,0.7606056073988443,1.0,leptonic_bookkeeping,train,True,0.50562265163496,unassigned
964041,ttH,124.83570765056163,123.94966038564371,1,3,3,146.83166389813528,3.329770563201687,30.70819111482666,0.7606056073988443,1.0,leptonic_bookkeeping,train,True,0.50562265163496,unassigned
840189,ttH,124.83570765056163,123.94966038564371,1,3,3,146.83166389813528,3.329770563201687,30.70819111482666,0.7606056073988443,1.0,leptonic_bookkeeping,train,True,0.50562265163496,unassigned
150956,ttH,124.83570765056163,123.94966038564371,1,3,3,146.83166389813528,3.329770563201687,30.70819111482666,0.7606056073988443,1.0,leptonic_bookkeeping,validation,True,0.50562265163496,unassigned
535185,ttH,124.83570765056163,123.94966038564371,1,3,3,146.83166389813528,3.329770563201687,30.70819111482666,0.7606056073988443,1.0,leptonic_bookkeeping,test,True,0.50562265163496,unassigned
736966,ttH,124.83570765056163,123.94966038564371,1,3,3,146.83166389813528,3.329770563201687,30.70819111482666,0.7606056073988443,1.0,leptonic_bookkeeping,train,True,0.50562265163496,unassigned
139799,ttH,124.83570765056163,123.94966038564371,1,3,3,146.83166389813528,3.329770563201687,30.70819111482666,0.7606056073988443,1.0,leptonic_bookkeeping,train,True,0.50562265163496,unassigned
400013,ttH,124.83570765056163,123.94966038564371,1,3,3,146.83166389813528,3.329770563201687,30.70819111482666,0.7606056073988443,1.0,leptonic_bookkeeping,test,True,0.50562265163496,unassigned
437104,ttH,124.83570765056163,123.94966038564371,1,3,3,146.83166389813528,3.329770563201687,30.70819111482666,0.7606056073988443,1.0,leptonic_bookkeeping,train,True,0.50562265163496,unassigned
671275,ttH,124.83570765056163,123.94966038564371,1,3,3,146.83166389813528,3.329770563201687,30.70819111482666,0.7606056073988443,1.0,leptonic_bookkeeping,train,True,0.50562265163496,unassigned
513285,ttH,124.83570765056163,123.94966038564371,1,3,3,146.83166389813528,3.329770563201687,30.70819111482666,0.7606056073988443,1.0,leptonic_bookkeeping,validation,True,0.50562265163496,unassigned
102904,ttH,124.83570765056163,123.94966038564371,1,3,3,146.83166389813528,3.329770563201687,30.70819111482666,0.7606056073988443,1.0,leptonic_bookkeeping,test,True,0.50562265163496,unassigned
233228,ttH,124.83570765056163,123.94966038564371,1,3,3,146.83166389813528,3.329770563201687,30.70819111482666,0.7606056073988443,1.0,leptonic_bookkeeping,validation,True,0.50562265163496,unassigned
306090,ttH,124.83570765056163,123.94966038564371,1,3,3,146.83166389813528,3.329770563201687,30.70819111482666,0.7606056073988443,1.0,leptonic_bookkeeping,validation,True,0.50562265163496,unassigned
558981,ttH,124.83570765056163,123.94966038564371,1,3,3,146.83166389813528,3.329770563201687,30.70819111482666,0.7606056073988443,1.0,leptonic_bookkeeping,train,True,0.50562265163496,unassigned
842022,ttH,124.83570765056163,123.94966038564371,1,3,3,146.83166389813528,3.329770563201687,30.70819111482666,0.7606056073988443,1.0,leptonic_bookkeeping,validation,True,0.50562265163496,unassigned
337161,ttH,124.83570765056163,123.94966038564371,1,3,3,146.83166389813528,3.329770563201687,30.70819111482666,0.7606056073988443,1.0,leptonic_bookkeeping,validation,True,0.50562265163496,unassigned
538977,ttH,124.83570765056163,123.94966038564371,1,3,3,146.83166389813528,3.329770563201687,30.70819111482666,0.7606056073988443,1.0,leptonic_bookkeeping,train,True,0.50562265163496,unassigned
333255,ttH,124.83570765056163,123.94966038564371,1,3,3,146.83166389813528,3.329770563201687,30.70819111482666,0.7606056073988443,1.0,leptonic_bookkeeping,train,True,0.50562265163496,unassigned
625302,ttH,124.83570765056163,123.94966038564371,1,3,3,146.83166389813528,3.329770563201687,30.70819111482666,0.7606056073988443,1.0,leptonic_bookkeeping,validation,True,0.50562265163496,unassigned
61841,ttH,124.83570765056163,123.94966038564371,1,3,3,146.83166389813528,3.329770563201687,30.70819111482666,0.7606056073988443,1.0,leptonic_bookkeeping,test,True,0.50562265163496,unassigned
938948,ttH,124.83570765056163,123.94966038564371,1,3,3,146.83166389813528,3.329770563201687,30.70819111482666,0.7606056073988443,1.0,leptonic_bookkeeping,train,True,0.50562265163496,unassigned
581147,ttH,124.83570765056163,123.94966038564371,1,3,3,146.83166389813528,3.329770563201687,30.70819111482666,0.7606056073988443,1.0,leptonic_bookkeeping,train,True,0.50562265163496,unassigned
418671,tH,124.83570765056163,123.94966038564371,1,3,3,146.83166389813528,3.329770563201687,30.70819111482666,0.7606056073988443,1.0,leptonic_bookkeeping,validation,True,0.50562265163496,unassigned
682997,tH,124.83570765056163,123.94966038564371,1,3,3,146.83166389813528,3.329770563201687,30.70819111482666,0.7606056073988443,1.0,leptonic_bookkeeping,train,True,0.50562265163496,unassigned
620773,tH,124.83570765056163,123.94966038564371,1,3,3,146.83166389813528,3.329770563201687,30.70819111482666,0.7606056073988443,1.0,leptonic_bookkeeping,train,True,0.50562265163496,unassigned
528787,tH,124.83570765056163,123.94966038564371,1,3,3,146.83166389813528,3.329770563201687,30.70819111482666,0.7606056073988443,1.0,leptonic_bookkeeping,train,True,0.50562265163496,unassigned
589354,tH,124.83570765056163,123.94966038564371,1,3,3,146.83166389813528,3.329770563201687,30.70819111482666,0.7606056073988443,1.0,leptonic_bookkeeping,train,True,0.50562265163496,unassigned
163230,tH,124.83570765056163,123.94966038564371,1,3,3,146.83166389813528,3.329770563201687,30.70819111482666,0.7606056073988443,1.0,leptonic_bookkeeping,test,True,0.50562265163496,unassigned
906393,tH,124.83570765056163,123.94966038564371,1,3,3,146.83166389813528,3.329770563201687,30.70819111482666,0.7606056073988443,1.0,leptonic_bookkeeping,test,True,0.50562265163496,unassigned
937544,tH,124.83570765056163,123.94966038564371,1,3,3,146.83166389813528,3.329770563201687,30.70819111482666,0.7606056073988443,1.0,leptonic_bookkeeping,test,True,0.50562265163496,unassigned
134144,tH,124.83570765056163,123.94966038564371,1,3,3,146.83166389813528,3.329770563201687,30.70819111482666,0.7606056073988443,1.0,leptonic_bookkeeping,train,True,0.50562265163496,unassigned
930404,tH,124.83570765056163,123.94966038564371,1,3,3,146.83166389813528,3.329770563201687,30.70819111482666,0.7606056073988443,1.0,leptonic_bookkeeping,train,True,0.50562265163496,unassigned
931526,tH,124.83570765056163,123.94966038564371,1,3,3,146.83166389813528,3.329770563201687,30.70819111482666,0.7606056073988443,1.0,leptonic_bookkeeping,train,True,0.50562265163496,unassigned
647402,tH,124.83570765056163,123.94966038564371,1,3,3,146.83166389813528,3.329770563201687,30.70819111482666,0.7606056073988443,1.0,leptonic_bookkeeping,validation,True,0.50562265163496,unassigned
215111,tH,124.83570765056163,123.94966038564371,1,3,3,146.83166389813528,3.329770563201687,30.70819111482666,0.7606056073988443,1.0,leptonic_bookkeeping,test,True,0.50562265163496,unassigned
491703,tH,124.83570765056163,123.94966038564371,1,3,3,146.83166389813528,3.329770563201687,30.70819111482666,0.7606056073988443,1.0,leptonic_bookkeeping,validation,True,0.50562265163496,unassigned
303077,tH,124.83570765056163,123.94966038564371,1,3,3,146.83166389813528,3.329770563201687,30.70819111482666,0.7606056073988443,1.0,leptonic_bookkeeping,train,True,0.50562265163496,unassigned
881620,tH,124.83570765056163,123.94966038564371,1,3,3,146.83166389813528,3.329770563201687,30.70819111482666,0.7606056073988443,1.0,leptonic_bookkeeping,train,True,0.50562265163496,unassigned
268700,tH,124.83570765056163,123.94966038564371,1,3,3,146.83166389813528,3.329770563201687,30.70819111482666,0.7606056073988443,1.0,leptonic_bookkeeping,train,True,0.50562265163496,unassigned
592620,tH,124.83570765056163,123.94966038564371,1,3,3,146.83166389813528,3.329770563201687,30.70819111482666,0.7606056073988443,1.0,leptonic_bookkeeping,train,True,0.50562265163496,unassigned
80410,tH,124.83570765056163,123.94966038564371,1,3,3,146.83166389813528,3.329770563201687,30.70819111482666,0.7606056073988443,1.0,leptonic_bookkeeping,validation,True,0.50562265163496,unassigned
427151,tH,124.83570765056163,123.94966038564371,1,3,3,146.83166389813528,3.329770563201687,30.70819111482666,0.7606056073988443,1.0,leptonic_bookkeeping,train,True,0.50562265163496,unassigned
109967,tH,124.83570765056163,123.94966038564371,1,3,3,146.83166389813528,3.329770563201687,30.70819111482666,0.7606056073988443,1.0,leptonic_bookkeeping,validation,True,0.50562265163496,unassigned
65111,tH,124.83570765056163,123.94966038564371,1,3,3,146.83166389813528,3.329770563201687,30.70819111482666,0.7606056073988443,1.0,leptonic_bookkeeping,train,True,0.50562265163496,unassigned
483628,tH,124.83570765056163,123.94966038564371,1,3,3,146.83166389813528,3.329770563201687,30.70819111482666,0.7606056073988443,1.0,leptonic_bookkeeping,test,True,0.50562265163496,unassigned
493907,tH,124.83570765056163,123.94966038564371,1,3,3,146.83166389813528,3.329770563201687,30.70819111482666,0.7606056073988443,1.0,leptonic_bookkeeping,test,True,0.50562265163496,unassigned
973369,tH,124.83570765056163,123.94966038564371,1,3,3,146.83166389813528,3.329770563201687,30.70819111482666,0.7606056073988443,1.0,leptonic_bookkeeping,train,True,0.50562265163496,unassigned
707998,tH,124.83570765056163,123.94966038564371,1,3,3,146.83166389813528,3.329770563201687,30.70819111482666,0.7606056073988443,1.0,leptonic_bookkeeping,validation,True,0.50562265163496,unassigned
8063,tH,124.83570765056163,123.94966038564371,1,3,3,146.83166389813528,3.329770563201687,30.70819111482666,0.7606056073988443,1.0,leptonic_bookkeeping,validation,True,0.50562265163496,unassigned
16791,tH,124.83570765056163,123.94966038564371,1,3,3,146.83166389813528,3.329770563201687,30.70819111482666,0.7606056073988443,1.0,leptonic_bookkeeping,validation,True,0.50562265163496,unassigned
394648,tH,124.83570765056163,123.94966038564371,1,3,3,146.83166389813528,3.329770563201687,30.70819111482666,0.7606056073988443,1.0,leptonic_bookkeeping,train,True,0.50562265163496,unassigned
180411,tH,124.83570765056163,123.94966038564371,1,3,3,146.83166389813528,3.329770563201687,30.70819111482666,0.7606056073988443,1.0,leptonic_bookkeeping,train,True,0.50562265163496,unassigned
923107,tH,124.83570765056163,123.94966038564371,1,3,3,146.83166389813528,3.329770563201687,30.70819111482666,0.7606056073988443,1.0,leptonic_bookkeeping,train,True,0.50562265163496,unassigned
168369,tH,124.83570765056163,123.94966038564371,1,3,3,146.83166389813528,3.329770563201687,30.70819111482666,0.7606056073988443,1.0,leptonic_bookkeeping,train,True,0.50562265163496,unassigned
90031,tH,124.83570765056163,123.94966038564371,1,3,3,146.83166389813528,3.329770563201687,30.70819111482666,0.7606056073988443,1.0,leptonic_bookkeeping,validation,True,0.50562265163496,unassigned
917841,tH,124.83570765056163,123.94966038564371,1,3,3,146.83166389813528,3.329770563201687,30.70819111482666,0.7606056073988443,1.0,leptonic_bookkeeping,train,True,0.50562265163496,unassigned
427692,tH,124.83570765056163,123.94966038564371,1,3,3,146.83166389813528,3.329770563201687,30.70819111482666,0.7606056073988443,1.0,leptonic_bookkeeping,train,True,0.50562265163496,unassigned
342312,tH,124.83570765056163,123.94966038564371,1,3,3,146.83166389813528,3.329770563201687,30.70819111482666,0.7606056073988443,1.0,leptonic_bookkeeping,train,True,0.50562265163496,unassigned
28329,tH,124.83570765056163,123.94966038564371,1,3,3,146.83166389813528,3.329770563201687,30.70819111482666,0.7606056073988443,1.0,leptonic_bookkeeping,validation,True,0.50562265163496,unassigned
263630,tH,124.83570765056163,123.94966038564371,1,3,3,146.83166389813528,3.329770563201687,30.70819111482666,0.7606056073988443,1.0,leptonic_bookkeeping,train,True,0.50562265163496,unassigned
217824,tH,124.83570765056163,123.94966038564371,1,3,3,146.83166389813528,3.329770563201687,30.70819111482666,0.7606056073988443,1.0,leptonic_bookkeeping,train,True,0.50562265163496,unassigned
395351,tH,124.83570765056163,123.94966038564371,1,3,3,146.83166389813528,3.329770563201687,30.70819111482666,0.7606056073988443,1.0,leptonic_bookkeeping,train,True,0.50562265163496,unassigned
417372,tH,124.83570765056163,123.94966038564371,1,3,3,146.83166389813528,3.329770563201687,30.70819111482666,0.7606056073988443,1.0,leptonic_bookkeeping,train,True,0.50562265163496,unassigned
286472,tH,124.83570765056163,123.94966038564371,1,3,3,146.83166389813528,3.329770563201687,30.70819111482666,0.7606056073988443,1.0,leptonic_bookkeeping,validation,True,0.50562265163496,unassigned
446450,tH,124.83570765056163,123.94966038564371,1,3,3,146.83166389813528,3.329770563201687,30.70819111482666,0.7606056073988443,1.0,leptonic_bookkeeping,train,True,0.50562265163496,unassigned
151795,tH,124.83570765056163,123.94966038564371,1,3,3,146.83166389813528,3.329770563201687,30.70819111482666,0.7606056073988443,1.0,leptonic_bookkeeping,validation,True,0.50562265163496,unassigned
903950,tH,124.83570765056163,123.94966038564371,1,3,3,146.83166389813528,3.329770563201687,30.70819111482666,0.7606056073988443,1.0,leptonic_bookkeeping,validation,True,0.50562265163496,unassigned
252566,tH,124.83570765056163,123.94966038564371,1,3,3,146.83166389813528,3.329770563201687,30.70819111482666,0.7606056073988443,1.0,leptonic_bookkeeping,train,True,0.50562265163496,unassigned
696044,tH,124.83570765056163,123.94966038564371,1,3,3,146.83166389813528,3.329770563201687,30.70819111482666,0.7606056073988443,1.0,leptonic_bookkeeping,train,True,0.50562265163496,unassigned
56417,tH,124.83570765056163,123.94966038564371,1,3,3,146.83166389813528,3.329770563201687,30.70819111482666,0.7606056073988443,1.0,leptonic_bookkeeping,train,True,0.50562265163496,unassigned
470845,tH,124.83570765056163,123.94966038564371,1,3,3,146.83166389813528,3.329770563201687,30.70819111482666,0.7606056073988443,1.0,leptonic_bookkeeping,validation,True,0.50562265163496,unassigned
978038,tH,124.83570765056163,123.94966038564371,1,3,3,146.83166389813528,3.329770563201687,30.70819111482666,0.7606056073988443,1.0,leptonic_bookkeeping,test,True,0.50562265163496,unassigned
701263,tH,124.83570765056163,123.94966038564371,1,3,3,146.83166389813528,3.329770563201687,30.70819111482666,0.7606056073988443,1.0,leptonic_bookkeeping,train,True,0.50562265163496,unassigned
88458,tH,124.83570765056163,123.94966038564371,1,3,3,146.83166389813528,3.329770563201687,30.70819111482666,0.7606056073988443,1.0,leptonic_bookkeeping,train,True,0.50562265163496,unassigned
163581,tH,124.83570765056163,123.94966038564371,1,3,3,146.83166389813528,3.329770563201687,30.70819111482666,0.7606056073988443,1.0,leptonic_bookkeeping,test,True,0.50562265163496,unassigned
731683,tH,124.83570765056163,123.94966038564371,1,3,3,146.83166389813528,3.329770563201687,30.70819111482666,0.7606056073988443,1.0,leptonic_bookkeeping,test,True,0.50562265163496,unassigned
665011,tH,124.83570765056163,123.94966038564371,1,3,3,146.83166389813528,3.329770563201687,30.70819111482666,0.7606056073988443,1.0,leptonic_bookkeeping,train,True,0.50562265163496,unassigned
276878,tH,124.83570765056163,123.94966038564371,1,3,3,146.83166389813528,3.329770563201687,30.70819111482666,0.7606056073988443,1.0,leptonic_bookkeeping,test,True,0.50562265163496,unassigned
594925,tH,124.83570765056163,123.94966038564371,1,3,3,146.83166389813528,3.329770563201687,30.70819111482666,0.7606056073988443,1.0,leptonic_bookkeeping,validation,True,0.50562265163496,unassigned
568883,tH,124.83570765056163,123.94966038564371,1,3,3,146.83166389813528,3.329770563201687,30.70819111482666,0.7606056073988443,1.0,leptonic_bookkeeping,train,True,0.50562265163496,unassigned
269423,tH,124.83570765056163,123.94966038564371,1,3,3,146.83166389813528,3.329770563201687,30.70819111482666,0.7606056073988443,1.0,leptonic_bookkeeping,train,True,0.50562265163496,unassigned
862487,tH,124.83570765056163,123.94966038564371,1,3,3,146.83166389813528,3.329770563201687,30.70819111482666,0.7606056073988443,1.0,leptonic_bookkeeping,validation,True,0.50562265163496,unassigned
729292,tH,124.83570765056163,123.94966038564371,1,3,3,146.83166389813528,3.329770563201687,30.70819111482666,0.7606056073988443,1.0,leptonic_bookkeeping,validation,True,0.50562265163496,unassigned
533668,tH,124.83570765056163,123.94966038564371,1,3,3,146.83166389813528,3.329770563201687,30.70819111482666,0.7606056073988443,1.0,leptonic_bookkeeping,validation,True,0.50562265163496,unassigned
587342,tH,124.83570765056163,123.94966038564371,1,3,3,146.83166389813528,3.329770563201687,30.70819111482666,0.7606056073988443,1.0,leptonic_bookkeeping,test,True,0.50562265163496,unassigned
273746,tH,124.83570765056163,123.94966038564371,1,3,3,146.83166389813528,3.329770563201687,30.70819111482666,0.7606056073988443,1.0,leptonic_bookkeeping,train,True,0.50562265163496,unassigned
845146,tH,124.83570765056163,123.94966038564371,1,3,3,146.83166389813528,3.329770563201687,30.70819111482666,0.7606056073988443,1.0,leptonic_bookkeeping,test,True,0.50562265163496,unassigned
945007,tH,124.83570765056163,123.94966038564371,1,3,3,146.83166389813528,3.329770563201687,30.70819111482666,0.7606056073988443,1.0,leptonic_bookkeeping,validation,True,0.50562265163496,unassigned
654000,tH,124.83570765056163,123.94966038564371,1,3,3,146.83166389813528,3.329770563201687,30.70819111482666,0.7606056073988443,1.0,leptonic_bookkeeping,train,True,0.50562265163496,unassigned
364712,tH,124.83570765056163,123.94966038564371,1,3,3,146.83166389813528,3.329770563201687,30.70819111482666,0.7606056073988443,1.0,leptonic_bookkeeping,train,True,0.50562265163496,unassigned
277280,tH,124.83570765056163,123.94966038564371,1,3,3,146.83166389813528,3.329770563201687,30.70819111482666,0.7606056073988443,1.0,leptonic_bookkeeping,test,True,0.50562265163496,unassigned
158382,tH,124.83570765056163,123.94966038564371,1,3,3,146.83166389813528,3.329770563201687,30.70819111482666,0.7606056073988443,1.0,leptonic_bookkeeping,train,True,0.50562265163496,unassigned
40379,tH,124.83570765056163,123.94966038564371,1,3,3,146.83166389813528,3.329770563201687,30.70819111482666,0.7606056073988443,1.0,leptonic_bookkeeping,test,True,0.50562265163496,unassigned
956357,tH,124.83570765056163,123.94966038564371,1,3,3,146.83166389813528,3.329770563201687,30.70819111482666,0.7606056073988443,1.0,leptonic_bookkeeping,validation,True,0.50562265163496,unassigned
732867,tH,124.83570765056163,123.94966038564371,1,3,3,146.83166389813528,3.329770563201687,30.70819111482666,0.7606056073988443,1.0,leptonic_bookkeeping,train,True,0.50562265163496,unassigned
221582,tH,124.83570765056163,123.94966038564371,1,3,3,146.83166389813528,3.329770563201687,30.70819111482666,0.7606056073988443,1.0,leptonic_bookkeeping,train,True,0.50562265163496,unassigned
147975,tH,124.83570765056163,123.94966038564371,1,3,3,146.83166389813528,3.329770563201687,30.70819111482666,0.7606056073988443,1.0,leptonic_bookkeeping,train,True,0.50562265163496,unassigned
104210,tH,124.83570765056163,123.94966038564371,1,3,3,146.83166389813528,3.329770563201687,30.70819111482666,0.7606056073988443,1.0,leptonic_bookkeeping,train,True,0.50562265163496,unassigned
82149,tH,124.83570765056163,123.94966038564371,1,3,3,146.83166389813528,3.329770563201687,30.70819111482666,0.7606056073988443,1.0,leptonic_bookkeeping,test,True,0.50562265163496,unassigned
348974,tH,124.83570765056163,123.94966038564371,1,3,3,146.83166389813528,3.329770563201687,30.70819111482666,0.7606056073988443,1.0,leptonic_bookkeeping,test,True,0.50562265163496,unassigned
388502,tH,124.83570765056163,123.94966038564371,1,3,3,146.83166389813528,3.329770563201687,30.70819111482666,0.7606056073988443,1.0,leptonic_bookkeeping,validation,True,0.50562265163496,unassigned
570200,tH,124.83570765056163,123.94966038564371,1,3,3,146.83166389813528,3.329770563201687,30.70819111482666,0.7606056073988443,1.0,leptonic_bookkeeping,train,True,0.50562265163496,unassigned
581437,tH,124.83570765056163,123.94966038564371,1,3,3,146.83166389813528,3.329770563201687,30.70819111482666,0.7606056073988443,1.0,leptonic_bookkeeping,train,True,0.50562265163496,unassigned
358625,tH,124.83570765056163,123.94966038564371,1,3,3,146.83166389813528,3.329770563201687,30.70819111482666,0.7606056073988443,1.0,leptonic_bookkeeping,validation,True,0.50562265163496,unassigned
18780,tH,124.83570765056163,123.94966038564371,1,3,3,146.83166389813528,3.329770563201687,30.70819111482666,0.7606056073988443,1.0,leptonic_bookkeeping,test,True,0.50562265163496,unassigned
39828,tH,124.83570765056163,123.94966038564371,1,3,3,146.83166389813528,3.329770563201687,30.70819111482666,0.7606056073988443,1.0,leptonic_bookkeeping,test,True,0.50562265163496,unassigned
817652,tH,124.83570765056163,123.94966038564371,1,3,3,146.83166389813528,3.329770563201687,30.70819111482666,0.7606056073988443,1.0,leptonic_bookkeeping,train,True,0.50562265163496,unassigned
663600,tH,124.83570765056163,123.94966038564371,1,3,3,146.83166389813528,3.329770563201687,30.70819111482666,0.7606056073988443,1.0,leptonic_bookkeeping,train,True,0.50562265163496,unassigned
255960,tH,124.83570765056163,123.94966038564371,1,3,3,146.83166389813528,3.329770563201687,30.70819111482666,0.7606056073988443,1.0,leptonic_bookkeeping,test,True,0.50562265163496,unassigned
828492,tH,124.83570765056163,123.94966038564371,1,3,3,146.83166389813528,3.329770563201687,30.70819111482666,0.7606056073988443,1.0,leptonic_bookkeeping,train,True,0.50562265163496,unassigned
403312,tH,124.83570765056163,123.94966038564371,1,3,3,146.83166389813528,3.329770563201687,30.70819111482666,0.7606056073988443,1.0,leptonic_bookkeeping,train,True,0.50562265163496,unassigned
872654,tH,124.83570765056163,123.94966038564371,1,3,3,146.83166389813528,3.329770563201687,30.70819111482666,0.7606056073988443,1.0,leptonic_bookkeeping,validation,True,0.50562265163496,unassigned
26952,tH,124.83570765056163,123.94966038564371,1,3,3,146.83166389813528,3.329770563201687,30.70819111482666,0.7606056073988443,1.0,leptonic_bookkeeping,validation,True,0.50562265163496,unassigned
56928,tH,124.83570765056163,123.94966038564371,1,3,3,146.83166389813528,3.329770563201687,30.70819111482666,0.7606056073988443,1.0,leptonic_bookkeeping,train,True,0.50562265163496,unassigned
854022,tH,124.83570765056163,123.94966038564371,1,3,3,146.83166389813528,3.329770563201687,30.70819111482666,0.7606056073988443,1.0,leptonic_bookkeeping,test,True,0.50562265163496,unassigned
167735,tH,124.83570765056163,123.94966038564371,1,3,3,146.83166389813528,3.329770563201687,30.70819111482666,0.7606056073988443,1.0,leptonic_bookkeeping,train,True,0.50562265163496,unassigned
376243,tH,124.83570765056163,123.94966038564371,1,3,3,146.83166389813528,3.329770563201687,30.70819111482666,0.7606056073988443,1.0,leptonic_bookkeeping,train,True,0.50562265163496,unassigned
881823,tH,124.83570765056163,123.94966038564371,1,3,3,146.83166389813528,3.329770563201687,30.70819111482666,0.7606056073988443,1.0,leptonic_bookkeeping,train,True,0.50562265163496,unassigned
608342,tH,124.83570765056163,123.94966038564371,1,3,3,146.83166389813528,3.329770563201687,30.70819111482666,0.7606056073988443,1.0,leptonic_bookkeeping,train,True,0.50562265163496,unassigned
445579,tH,124.83570765056163,123.94966038564371,1,3,3,146.83166389813528,3.329770563201687,30.70819111482666,0.7606056073988443,1.0,leptonic_bookkeeping,train,True,0.50562265163496,unassigned
562247,tH,124.83570765056163,123.94966038564371,1,3,3,146.83166389813528,3.329770563201687,30.70819111482666,0.7606056073988443,1.0,leptonic_bookkeeping,train,True,0.50562265163496,unassigned
735783,tH,124.83570765056163,123.94966038564371,1,3,3,146.83166389813528,3.329770563201687,30.70819111482666,0.7606056073988443,1.0,leptonic_bookkeeping,train,True,0.50562265163496,unassigned
810655,tH,124.83570765056163,123.94966038564371,1,3,3,146.83166389813528,3.329770563201687,30.70819111482666,0.7606056073988443,1.0,leptonic_bookkeeping,validation,True,0.50562265163496,unassigned
626854,tH,124.83570765056163,123.94966038564371,1,3,3,146.83166389813528,3.329770563201687,30.70819111482666,0.7606056073988443,1.0,leptonic_bookkeeping,test,True,0.50562265163496,unassigned
593304,tH,124.83570765056163,123.94966038564371,1,3,3,146.83166389813528,3.329770563201687,30.70819111482666,0.7606056073988443,1.0,leptonic_bookkeeping,train,True,0.50562265163496,unassigned
105948,tH,124.83570765056163,123.94966038564371,1,3,3,146.83166389813528,3.329770563201687,30.70819111482666,0.7606056073988443,1.0,leptonic_bookkeeping,train,True,0.50562265163496,unassigned
610921,tH,124.83570765056163,123.94966038564371,1,3,3,146.83166389813528,3.329770563201687,30.70819111482666,0.7606056073988443,1.0,leptonic_bookkeeping,train,True,0.50562265163496,unassigned
437474,tH,124.83570765056163,123.94966038564371,1,3,3,146.83166389813528,3.329770563201687,30.70819111482666,0.7606056073988443,1.0,leptonic_bookkeeping,train,True,0.50562265163496,unassigned
811107,tH,124.83570765056163,123.94966038564371,1,3,3,146.83166389813528,3.329770563201687,30.70819111482666,0.7606056073988443,1.0,leptonic_bookkeeping,validation,True,0.50562265163496,unassigned
135799,tH,124.83570765056163,123.94966038564371,1,3,3,146.83166389813528,3.329770563201687,30.70819111482666,0.7606056073988443,1.0,leptonic_bookkeeping,train,True,0.50562265163496,unassigned
242387,tH,124.83570765056163,123.94966038564371,1,3,3,146.83166389813528,3.329770563201687,30.70819111482666,0.7606056073988443,1.0,leptonic_bookkeeping,train,True,0.50562265163496,unassigned
953305,tH,124.83570765056163,123.94966038564371,1,3,3,146.83166389813528,3.329770563201687,30.70819111482666,0.7606056073988443,1.0,leptonic_bookkeeping,train,True,0.50562265163496,unassigned
723451,tH,124.83570765056163,123.94966038564371,1,3,3,146.83166389813528,3.329770563201687,30.70819111482666,0.7606056073988443,1.0,leptonic_bookkeeping,train,True,0.50562265163496,unassigned
470426,tH,124.83570765056163,123.94966038564371,1,3,3,146.83166389813528,3.329770563201687,30.70819111482666,0.7606056073988443,1.0,leptonic_bookkeeping,validation,True,0.50562265163496,unassigned
489233,tH,124.83570765056163,123.94966038564371,1,3,3,146.83166389813528,3.329770563201687,30.70819111482666,0.7606056073988443,1.0,leptonic_bookkeeping,train,True,0.50562265163496,unassigned
297660,tH,124.83570765056163,123.94966038564371,1,3,3,146.83166389813528,3.329770563201687,30.70819111482666,0.7606056073988443,1.0,leptonic_bookkeeping,test,True,0.50562265163496,unassigned
49619,tH,124.83570765056163,123.94966038564371,1,3,3,146.83166389813528,3.329770563201687,30.70819111482666,0.7606056073988443,1.0,leptonic_bookkeeping,test,True,0.50562265163496,unassigned
843939,tH,124.83570765056163,123.94966038564371,1,3,3,146.83166389813528,3.329770563201687,30.70819111482666,0.7606056073988443,1.0,leptonic_bookkeeping,test,True,0.50562265163496,unassigned
288602,tH,124.83570765056163,123.94966038564371,1,3,3,146.83166389813528,3.329770563201687,30.70819111482666,0.7606056073988443,1.0,leptonic_bookkeeping,test,True,0.50562265163496,unassigned
536651,tH,124.83570765056163,123.94966038564371,1,3,3,146.83166389813528,3.329770563201687,30.70819111482666,0.7606056073988443,1.0,leptonic_bookkeeping,train,True,0.50562265163496,unassigned
550204,tH,124.83570765056163,123.94966038564371,1,3,3,146.83166389813528,3.329770563201687,30.70819111482666,0.7606056073988443,1.0,leptonic_bookkeeping,train,True,0.50562265163496,unassigned
29279,tH,124.83570765056163,123.94966038564371,1,3,3,146.83166389813528,3.329770563201687,30.70819111482666,0.7606056073988443,1.0,leptonic_bookkeeping,test,True,0.50562265163496,unassigned
119856,tH,124.83570765056163,123.94966038564371,1,3,3,146.83166389813528,3.329770563201687,30.70819111482666,0.7606056073988443,1.0,leptonic_bookkeeping,validation,True,0.50562265163496,unassigned
243382,tH,124.83570765056163,123.94966038564371,1,3,3,146.83166389813528,3.329770563201687,30.70819111482666,0.7606056073988443,1.0,leptonic_bookkeeping,validation,True,0.50562265163496,unassigned
698771,tH,124.83570765056163,123.94966038564371,1,3,3,146.83166389813528,3.329770563201687,30.70819111482666,0.7606056073988443,1.0,leptonic_bookkeeping,validation,True,0.50562265163496,unassigned
281055,tH,124.83570765056163,123.94966038564371,1,3,3,146.83166389813528,3.329770563201687,30.70819111482666,0.7606056073988443,1.0,leptonic_bookkeeping,train,True,0.50562265163496,unassigned
800217,tH,124.83570765056163,123.94966038564371,1,3,3,146.83166389813528,3.329770563201687,30.70819111482666,0.7606056073988443,1.0,leptonic_bookkeeping,validation,True,0.50562265163496,unassigned
110766,tH,124.83570765056163,123.94966038564371,1,3,3,146.83166389813528,3.329770563201687,30.70819111482666,0.7606056073988443,1.0,leptonic_bookkeeping,validation,True,0.50562265163496,unassigned
14885,tH,124.83570765056163,123.94966038564371,1,3,3,146.83166389813528,3.329770563201687,30.70819111482666,0.7606056073988443,1.0,leptonic_bookkeeping,train,True,0.50562265163496,unassigned
299539,tH,124.83570765056163,123.94966038564371,1,3,3,146.83166389813528,3.329770563201687,30.70819111482666,0.7606056073988443,1.0,leptonic_bookkeeping,train,True,0.50562265163496,unassigned
305529,tH,124.83570765056163,123.94966038564371,1,3,3,146.83166389813528,3.329770563201687,30.70819111482666,0.7606056073988443,1.0,leptonic_bookkeeping,validation,True,0.50562265163496,unassigned
925084,tH,124.83570765056163,123.94966038564371,1,3,3,146.83166389813528,3.329770563201687,30.70819111482666,0.7606056073988443,1.0,leptonic_bookkeeping,validation,True,0.50562265163496,unassigned
294113,tH,124.83570765056163,123.94966038564371,1,3,3,146.83166389813528,3.329770563201687,30.70819111482666,0.7606056073988443,1.0,leptonic_bookkeeping,train,True,0.50562265163496,unassigned
871774,tH,124.83570765056163,123.94966038564371,1,3,3,146.83166389813528,3.329770563201687,30.70819111482666,0.7606056073988443,1.0,leptonic_bookkeeping,train,True,0.50562265163496,unassigned
695984,tH,124.83570765056163,123.94966038564371,1,3,3,146.83166389813528,3.329770563201687,30.70819111482666,0.7606056073988443,1.0,leptonic_bookkeeping,train,True,0.50562265163496,unassigned
659465,tH,124.83570765056163,123.94966038564371,1,3,3,146.83166389813528,3.329770563201687,30.70819111482666,0.7606056073988443,1.0,leptonic_bookkeeping,test,True,0.50562265163496,unassigned
363705,tH,124.83570765056163,123.94966038564371,1,3,3,146.83166389813528,3.329770563201687,30.70819111482666,0.7606056073988443,1.0,leptonic_bookkeeping,train,True,0.50562265163496,unassigned
466723,tH,124.83570765056163,123.94966038564371,1,3,3,146.83166389813528,3.329770563201687,30.70819111482666,0.7606056073988443,1.0,leptonic_bookkeeping,train,True,0.50562265163496,unassigned
702634,tH,124.83570765056163,123.94966038564371,1,3,3,146.83166389813528,3.329770563201687,30.70819111482666,0.7606056073988443,1.0,leptonic_bookkeeping,train,True,0.50562265163496,unassigned
165057,tH,124.83570765056163,123.94966038564371,1,3,3,146.83166389813528,3.329770563201687,30.70819111482666,0.7606056073988443,1.0,leptonic_bookkeeping,train,True,0.50562265163496,unassigned
778439,tH,124.83570765056163,123.94966038564371,1,3,3,146.83166389813528,3.329770563201687,30.70819111482666,0.7606056073988443,1.0,leptonic_bookkeeping,train,True,0.50562265163496,unassigned
306279,tH,124.83570765056163,123.94966038564371,1,3,3,146.83166389813528,3.329770563201687,30.70819111482666,0.7606056073988443,1.0,leptonic_bookkeeping,validation,True,0.50562265163496,unassigned
989755,tH,124.83570765056163,123.94966038564371,1,3,3,146.83166389813528,3.329770563201687,30.70819111482666,0.7606056073988443,1.0,leptonic_bookkeeping,train,True,0.50562265163496,unassigned
937732,tH,124.83570765056163,123.94966038564371,1,3,3,146.83166389813528,3.329770563201687,30.70819111482666,0.7606056073988443,1.0,leptonic_bookkeeping,test,True,0.50562265163496,unassigned
166471,tH,124.83570765056163,123.94966038564371,1,3,3,146.83166389813528,3.329770563201687,30.70819111482666,0.7606056073988443,1.0,leptonic_bookkeeping,train,True,0.50562265163496,unassigned
776418,tH,124.83570765056163,123.94966038564371,1,3,3,146.83166389813528,3.329770563201687,30.70819111482666,0.7606056073988443,1.0,leptonic_bookkeeping,train,True,0.50562265163496,unassigned
914879,tH,124.83570765056163,123.94966038564371,1,3,3,146.83166389813528,3.329770563201687,30.70819111482666,0.7606056073988443,1.0,leptonic_bookkeeping,validation,True,0.50562265163496,unassigned
368977,tH,124.83570765056163,123.94966038564371,1,3,3,146.83166389813528,3.329770563201687,30.70819111482666,0.7606056073988443,1.0,leptonic_bookkeeping,validation,True,0.50562265163496,unassigned
186947,tH,124.83570765056163,123.94966038564371,1,3,3,146.83166389813528,3.329770563201687,30.70819111482666,0.7606056073988443,1.0,leptonic_bookkeeping,train,True,0.50562265163496,unassigned
524623,tH,124.83570765056163,123.94966038564371,1,3,3,146.83166389813528,3.329770563201687,30.70819111482666,0.7606056073988443,1.0,leptonic_bookkeeping,test,True,0.50562265163496,unassigned
445103,tH,124.83570765056163,123.94966038564371,1,3,3,146.83166389813528,3.329770563201687,30.70819111482666,0.7606056073988443,1.0,leptonic_bookkeeping,train,True,0.50562265163496,unassigned
999548,tH,124.83570765056163,123.94966038564371,1,3,3,146.83166389813528,3.329770563201687,30.70819111482666,0.7606056073988443,1.0,leptonic_bookkeeping,test,True,0.50562265163496,unassigned
286336,tH,124.83570765056163,123.94966038564371,1,3,3,146.83166389813528,3.329770563201687,30.70819111482666,0.7606056073988443,1.0,leptonic_bookkeeping,validation,True,0.50562265163496,unassigned
865183,tH,124.83570765056163,123.94966038564371,1,3,3,146.83166389813528,3.329770563201687,30.70819111482666,0.7606056073988443,1.0,leptonic_bookkeeping,test,True,0.50562265163496,unassigned
483561,tH,124.83570765056163,123.94966038564371,1,3,3,146.83166389813528,3.329770563201687,30.70819111482666,0.7606056073988443,1.0,leptonic_bookkeeping,test,True,0.50562265163496,unassigned
23944,tH,124.83570765056163,123.94966038564371,1,3,3,146.83166389813528,3.329770563201687,30.70819111482666,0.7606056073988443,1.0,leptonic_bookkeeping,train,True,0.50562265163496,unassigned
155513,tH,124.83570765056163,123.94966038564371,1,3,3,146.83166389813528,3.329770563201687,30.70819111482666,0.7606056073988443,1.0,leptonic_bookkeeping,train,True,0.50562265163496,unassigned
894490,tH,124.83570765056163,123.94966038564371,1,3,3,146.83166389813528,3.329770563201687,30.70819111482666,0.7606056073988443,1.0,leptonic_bookkeeping,validation,True,0.50562265163496,unassigned
143634,tH,124.83570765056163,123.94966038564371,1,3,3,146.83166389813528,3.329770563201687,30.70819111482666,0.7606056073988443,1.0,leptonic_bookkeeping,test,True,0.50562265163496,unassigned
443596,tH,124.83570765056163,123.94966038564371,1,3,3,146.83166389813528,3.329770563201687,30.70819111482666,0.7606056073988443,1.0,leptonic_bookkeeping,train,True,0.50562265163496,unassigned
831786,tH,124.83570765056163,123.94966038564371,1,3,3,146.83166389813528,3.329770563201687,30.70819111482666,0.7606056073988443,1.0,leptonic_bookkeeping,validation,True,0.50562265163496,unassigned
831320,tH,124.83570765056163,123.94966038564371,1,3,3,146.83166389813528,3.329770563201687,30.70819111482666,0.7606056073988443,1.0,leptonic_bookkeeping,validation,True,0.50562265163496,unassigned
901251,tH,124.83570765056163,123.94966038564371,1,3,3,146.83166389813528,3.329770563201687,30.70819111482666,0.7606056073988443,1.0,leptonic_bookkeeping,train,True,0.50562265163496,unassigned
866251,tH,124.83570765056163,123.94966038564371,1,3,3,146.83166389813528,3.329770563201687,30.70819111482666,0.7606056073988443,1.0,leptonic_bookkeeping,train,True,0.50562265163496,unassigned
235656,tH,124.83570765056163,123.94966038564371,1,3,3,146.83166389813528,3.329770563201687,30.70819111482666,0.7606056073988443,1.0,leptonic_bookkeeping,test,True,0.50562265163496,unassigned
517408,tH,124.83570765056163,123.94966038564371,1,3,3,146.83166389813528,3.329770563201687,30.70819111482666,0.7606056073988443,1.0,leptonic_bookkeeping,train,True,0.50562265163496,unassigned
639618,tH,124.83570765056163,123.94966038564371,1,3,3,146.83166389813528,3.329770563201687,30.70819111482666,0.7606056073988443,1.0,leptonic_bookkeeping,train,True,0.50562265163496,unassigned
148627,tH,124.83570765056163,123.94966038564371,1,3,3,146.83166389813528,3.329770563201687,30.70819111482666,0.7606056073988443,1.0,leptonic_bookkeeping,train,True,0.50562265163496,unassigned
743039,tH,124.83570765056163,123.94966038564371,1,3,3,146.83166389813528,3.329770563201687,30.70819111482666,0.7606056073988443,1.0,leptonic_bookkeeping,train,True,0.50562265163496,unassigned
113431,tH,124.83570765056163,123.94966038564371,1,3,3,146.83166389813528,3.329770563201687,30.70819111482666,0.7606056073988443,1.0,leptonic_bookkeeping,train,True,0.50562265163496,unassigned
433147,tH,124.83570765056163,123.94966038564371,1,3,3,146.83166389813528,3.329770563201687,30.70819111482666,0.7606056073988443,1.0,leptonic_bookkeeping,train,True,0.50562265163496,unassigned
286787,tH,124.83570765056163,123.94966038564371,1,3,3,146.83166389813528,3.329770563201687,30.70819111482666,0.7606056073988443,1.0,leptonic_bookkeeping,test,True,0.50562265163496,unassigned
485164,tH,124.83570765056163,123.94966038564371,1,3,3,146.83166389813528,3.329770563201687,30.70819111482666,0.7606056073988443,1.0,leptonic_bookkeeping,train,True,0.50562265163496,unassigned
460288,tH,124.83570765056163,123.94966038564371,1,3,3,146.83166389813528,3.329770563201687,30.70819111482666,0.7606056073988443,1.0,leptonic_bookkeeping,validation,True,0.50562265163496,unassigned
825081,tH,124.83570765056163,123.94966038564371,1,3,3,146.83166389813528,3.329770563201687,30.70819111482666,0.7606056073988443,1.0,leptonic_bookkeeping,train,True,0.50562265163496,unassigned
451155,tH,124.83570765056163,123.94966038564371,1,3,3,146.83166389813528,3.329770563201687,30.70819111482666,0.7606056073988443,1.0,leptonic_bookkeeping,validation,True,0.50562265163496,unassigned
924145,tH,124.83570765056163,123.94966038564371,1,3,3,146.83166389813528,3.329770563201687,30.70819111482666,0.7606056073988443,1.0,leptonic_bookkeeping,validation,True,0.50562265163496,unassigned
260373,tH,124.83570765056163,123.94966038564371,1,3,3,146.83166389813528,3.329770563201687,30.70819111482666,0.7606056073988443,1.0,leptonic_bookkeeping,train,True,0.50562265163496,unassigned
454857,tH,124.83570765056163,123.94966038564371,1,3,3,146.83166389813528,3.329770563201687,30.70819111482666,0.7606056073988443,1.0,leptonic_bookkeeping,train,True,0.50562265163496,unassigned
533455,tH,124.83570765056163,123.94966038564371,1,3,3,146.83166389813528,3.329770563201687,30.70819111482666,0.7606056073988443,1.0,leptonic_bookkeeping,validation,True,0.50562265163496,unassigned
575636,tH,124.83570765056163,123.94966038564371,1,3,3,146.83166389813528,3.329770563201687,30.70819111482666,0.7606056073988443,1.0,leptonic_bookkeeping,test,True,0.50562265163496,unassigned
735902,tH,124.83570765056163,123.94966038564371,1,3,3,146.83166389813528,3.329770563201687,30.70819111482666,0.7606056073988443,1.0,leptonic_bookkeeping,train,True,0.50562265163496,unassigned
405493,tH,124.83570765056163,123.94966038564371,1,3,3,146.83166389813528,3.329770563201687,30.70819111482666,0.7606056073988443,1.0,leptonic_bookkeeping,train,True,0.50562265163496,unassigned
632000,tH,124.83570765056163,123.94966038564371,1,3,3,146.83166389813528,3.329770563201687,30.70819111482666,0.7606056073988443,1.0,leptonic_bookkeeping,train,True,0.50562265163496,unassigned
482214,tH,124.83570765056163,123.94966038564371,1,3,3,146.83166389813528,3.329770563201687,30.70819111482666,0.7606056073988443,1.0,leptonic_bookkeeping,validation,True,0.50562265163496,unassigned
981077,tH,124.83570765056163,123.94966038564371,1,3,3,146.83166389813528,3.329770563201687,30.70819111482666,0.7606056073988443,1.0,leptonic_bookkeeping,train,True,0.50562265163496,unassigned
142453,tH,124.83570765056163,123.94966038564371,1,3,3,146.83166389813528,3.329770563201687,30.70819111482666,0.7606056073988443,1.0,leptonic_bookkeeping,test,True,0.50562265163496,unassigned
254613,tH,124.83570765056163,123.94966038564371,1,3,3,146.83166389813528,3.329770563201687,30.70819111482666,0.7606056073988443,1.0,leptonic_bookkeeping,validation,True,0.50562265163496,unassigned
48012,tH,124.83570765056163,123.94966038564371,1,3,3,146.83166389813528,3.329770563201687,30.70819111482666,0.7606056073988443,1.0,leptonic_bookkeeping,validation,True,0.50562265163496,unassigned
238465,tH,124.83570765056163,123.94966038564371,1,3,3,146.83166389813528,3.329770563201687,30.70819111482666,0.7606056073988443,1.0,leptonic_bookkeeping,train,True,0.50562265163496,unassigned
14203,tH,124.83570765056163,123.94966038564371,1,3,3,146.83166389813528,3.329770563201687,30.70819111482666,0.7606056073988443,1.0,leptonic_bookkeeping,train,True,0.50562265163496,unassigned
814481,tH,124.83570765056163,123.94966038564371,1,3,3,146.83166389813528,3.329770563201687,30.70819111482666,0.7606056073988443,1.0,leptonic_bookkeeping,train,True,0.50562265163496,unassigned
160286,tH,124.83570765056163,123.94966038564371,1,3,3,146.83166389813528,3.329770563201687,30.70819111482666,0.7606056073988443,1.0,leptonic_bookkeeping,train,True,0.50562265163496,unassigned
235329,tH,124.83570765056163,123.94966038564371,1,3,3,146.83166389813528,3.329770563201687,30.70819111482666,0.7606056073988443,1.0,leptonic_bookkeeping,test,True,0.50562265163496,unassigned
262240,tH,124.83570765056163,123.94966038564371,1,3,3,146.83166389813528,3.329770563201687,30.70819111482666,0.7606056073988443,1.0,leptonic_bookkeeping,train,True,0.50562265163496,unassigned
543941,tH,124.83570765056163,123.94966038564371,1,3,3,146.83166389813528,3.329770563201687,30.70819111482666,0.7606056073988443,1.0,leptonic_bookkeeping,validation,True,0.50562265163496,unassigned
946835,tH,124.83570765056163,123.94966038564371,1,3,3,146.83166389813528,3.329770563201687,30.70819111482666,0.7606056073988443,1.0,leptonic_bookkeeping,test,True,0.50562265163496,unassigned
826413,tH,124.83570765056163,123.94966038564371,1,3,3,146.83166389813528,3.329770563201687,30.70819111482666,0.7606056073988443,1.0,leptonic_bookkeeping,train,True,0.50562265163496,unassigned
27265,tH,124.83570765056163,123.94966038564371,1,3,3,146.83166389813528,3.329770563201687,30.70819111482666,0.7606056073988443,1.0,leptonic_bookkeeping,validation,True,0.50562265163496,unassigned
313713,tH,124.83570765056163,123.94966038564371,1,3,3,146.83166389813528,3.329770563201687,30.70819111482666,0.7606056073988443,1.0,leptonic_bookkeeping,train,True,0.50562265163496,unassigned
769749,tH,124.83570765056163,123.94966038564371,1,3,3,146.83166389813528,3.329770563201687,30.70819111482666,0.7606056073988443,1.0,leptonic_bookkeeping,validation,True,0.50562265163496,unassigned
479220,tH,124.83570765056163,123.94966038564371,1,3,3,146.83166389813528,3.329770563201687,30.70819111482666,0.7606056073988443,1.0,leptonic_bookkeeping,train,True,0.50562265163496,unassigned
346408,tH,124.83570765056163,123.94966038564371,1,3,3,146.83166389813528,3.329770563201687,30.70819111482666,0.7606056073988443,1.0,leptonic_bookkeeping,validation,True,0.50562265163496,unassigned
249386,tH,124.83570765056163,123.94966038564371,1,3,3,146.83166389813528,3.329770563201687,30.70819111482666,0.7606056073988443,1.0,leptonic_bookkeeping,train,True,0.50562265163496,unassigned
334933,tH,124.83570765056163,123.94966038564371,1,3,3,146.83166389813528,3.329770563201687,30.70819111482666,0.7606056073988443,1.0,leptonic_bookkeeping,train,True,0.50562265163496,unassigned
785692,tH,124.83570765056163,123.94966038564371,1,3,3,146.83166389813528,3.329770563201687,30.70819111482666,0.7606056073988443,1.0,leptonic_bookkeeping,train,True,0.50562265163496,unassigned
46824,tH,124.83570765056163,123.94966038564371,1,3,3,146.83166389813528,3.329770563201687,30.70819111482666,0.7606056073988443,1.0,leptonic_bookkeeping,train,True,0.50562265163496,unassigned
811211,tH,124.83570765056163,123.94966038564371,1,3,3,146.83166389813528,3.329770563201687,30.70819111482666,0.7606056073988443,1.0,leptonic_bookkeeping,validation,True,0.50562265163496,unassigned
146049,tH,124.83570765056163,123.94966038564371,1,3,3,146.83166389813528,3.329770563201687,30.70819111482666,0.7606056073988443,1.0,leptonic_bookkeeping,train,True,0.50562265163496,unassigned
839781,tH,124.83570765056163,123.94966038564371,1,3,3,146.83166389813528,3.329770563201687,30.70819111482666,0.7606056073988443,1.0,leptonic_bookkeeping,train,True,0.50562265163496,unassigned
663622,tH,124.83570765056163,123.94966038564371,1,3,3,146.83166389813528,3.329770563201687,30.70819111482666,0.7606056073988443,1.0,leptonic_bookkeeping,train,True,0.50562265163496,unassigned
68464,tH,124.83570765056163,123.94966038564371,1,3,3,146.83166389813528,3.329770563201687,30.70819111482666,0.7606056073988443,1.0,leptonic_bookkeeping,validation,True,0.50562265163496,unassigned
963090,tH,124.83570765056163,123.94966038564371,1,3,3,146.83166389813528,3.329770563201687,30.70819111482666,0.7606056073988443,1.0,leptonic_bookkeeping,train,True,0.50562265163496,unassigned
317008,tH,124.83570765056163,123.94966038564371,1,3,3,146.83166389813528,3.329770563201687,30.70819111482666,0.7606056073988443,1.0,leptonic_bookkeeping,validation,True,0.50562265163496,unassigned
97660,tH,124.83570765056163,123.94966038564371,1,3,3,146.83166389813528,3.329770563201687,30.70819111482666,0.7606056073988443,1.0,leptonic_bookkeeping,train,True,0.50562265163496,unassigned
173505,tH,124.83570765056163,123.94966038564371,1,3,3,146.83166389813528,3.329770563201687,30.70819111482666,0.7606056073988443,1.0,leptonic_bookkeeping,test,True,0.50562265163496,unassigned
853008,tH,124.83570765056163,123.94966038564371,1,3,3,146.83166389813528,3.329770563201687,30.70819111482666,0.7606056073988443,1.0,leptonic_bookkeeping,validation,True,0.50562265163496,unassigned
180525,tH,124.83570765056163,123.94966038564371,1,3,3,146.83166389813528,3.329770563201687,30.70819111482666,0.7606056073988443,1.0,leptonic_bookkeeping,train,True,0.50562265163496,unassigned
980650,tH,124.83570765056163,123.94966038564371,1,3,3,146.83166389813528,3.329770563201687,30.70819111482666,0.7606056073988443,1.0,leptonic_bookkeeping,train,True,0.50562265163496,unassigned
396141,tH,124.83570765056163,123.94966038564371,1,3,3,146.83166389813528,3.329770563201687,30.70819111482666,0.7606056073988443,1.0,leptonic_bookkeeping,train,True,0.50562265163496,unassigned
246195,tH,124.83570765056163,123.94966038564371,1,3,3,146.83166389813528,3.329770563201687,30.70819111482666,0.7606056073988443,1.0,leptonic_bookkeeping,test,True,0.50562265163496,unassigned
254254,tH,124.83570765056163,123.94966038564371,1,3,3,146.83166389813528,3.329770563201687,30.70819111482666,0.7606056073988443,1.0,leptonic_bookkeeping,validation,True,0.50562265163496,unassigned
559947,tH,124.83570765056163,123.94966038564371,1,3,3,146.83166389813528,3.329770563201687,30.70819111482666,0.7606056073988443,1.0,leptonic_bookkeeping,train,True,0.50562265163496,unassigned
508584,tH,124.83570765056163,123.94966038564371,1,3,3,146.83166389813528,3.329770563201687,30.70819111482666,0.7606056073988443,1.0,leptonic_bookkeeping,train,True,0.50562265163496,unassigned
464879,tH,124.83570765056163,123.94966038564371,1,3,3,146.83166389813528,3.329770563201687,30.70819111482666,0.7606056073988443,1.0,leptonic_bookkeeping,train,True,0.50562265163496,unassigned
192646,tH,124.83570765056163,123.94966038564371,1,3,3,146.83166389813528,3.329770563201687,30.70819111482666,0.7606056073988443,1.0,leptonic_bookkeeping,validation,True,0.50562265163496,unassigned
644477,tH,124.83570765056163,123.94966038564371,1,3,3,146.83166389813528,3.329770563201687,30.70819111482666,0.7606056073988443,1.0,leptonic_bookkeeping,train,True,0.50562265163496,unassigned
956052,tH,124.83570765056163,123.94966038564371,1,3,3,146.83166389813528,3.329770563201687,30.70819111482666,0.7606056073988443,1.0,leptonic_bookkeeping,validation,True,0.50562265163496,unassigned
937315,tH,124.83570765056163,123.94966038564371,1,3,3,146.83166389813528,3.329770563201687,30.70819111482666,0.7606056073988443,1.0,leptonic_bookkeeping,test,True,0.50562265163496,unassigned
811812,tH,124.83570765056163,123.94966038564371,1,3,3,146.83166389813528,3.329770563201687,30.70819111482666,0.7606056073988443,1.0,leptonic_bookkeeping,validation,True,0.50562265163496,unassigned
424042,tH,124.83570765056163,123.94966038564371,1,3,3,146.83166389813528,3.329770563201687,30.70819111482666,0.7606056073988443,1.0,leptonic_bookkeeping,train,True,0.50562265163496,unassigned
763963,tH,124.83570765056163,123.94966038564371,1,3,3,146.83166389813528,3.329770563201687,30.70819111482666,0.7606056073988443,1.0,leptonic_bookkeeping,train,True,0.50562265163496,unassigned
629521,tH,124.83570765056163,123.94966038564371,1,3,3,146.83166389813528,3.329770563201687,30.70819111482666,0.7606056073988443,1.0,leptonic_bookkeeping,train,True,0.50562265163496,unassigned
699416,tH,124.83570765056163,123.94966038564371,1,3,3,146.83166389813528,3.329770563201687,30.70819111482666,0.7606056073988443,1.0,leptonic_bookkeeping,test,True,0.50562265163496,unassigned
823500,tH,124.83570765056163,123.94966038564371,1,3,3,146.83166389813528,3.329770563201687,30.70819111482666,0.7606056073988443,1.0,leptonic_bookkeeping,test,True,0.50562265163496,unassigned
666512,tH,124.83570765056163,123.94966038564371,1,3,3,146.83166389813528,3.329770563201687,30.70819111482666,0.7606056073988443,1.0,leptonic_bookkeeping,validation,True,0.50562265163496,unassigned
128813,tH,124.83570765056163,123.94966038564371,1,3,3,146.83166389813528,3.329770563201687,30.70819111482666,0.7606056073988443,1.0,leptonic_bookkeeping,train,True,0.50562265163496,unassigned
268698,tH,124.83570765056163,123.94966038564371,1,3,3,146.83166389813528,3.329770563201687,30.70819111482666,0.7606056073988443,1.0,leptonic_bookkeeping,train,True,0.50562265163496,unassigned
667380,tH,124.83570765056163,123.94966038564371,1,3,3,146.83166389813528,3.329770563201687,30.70819111482666,0.7606056073988443,1.0,leptonic_bookkeeping,validation,True,0.50562265163496,unassigned
392873,tH,124.83570765056163,123.94966038564371,1,3,3,146.83166389813528,3.329770563201687,30.70819111482666,0.7606056073988443,1.0,leptonic_bookkeeping,train,True,0.50562265163496,unassigned
938133,tH,124.83570765056163,123.94966038564371,1,3,3,146.83166389813528,3.329770563201687,30.70819111482666,0.7606056073988443,1.0,leptonic_bookkeeping,test,True,0.50562265163496,unassigned
416491,tH,124.83570765056163,123.94966038564371,1,3,3,146.83166389813528,3.329770563201687,30.70819111482666,0.7606056073988443,1.0,leptonic_bookkeeping,train,True,0.50562265163496,unassigned
74509,tH,124.83570765056163,123.94966038564371,1,3,3,146.83166389813528,3.329770563201687,30.70819111482666,0.7606056073988443,1.0,leptonic_bookkeeping,train,True,0.50562265163496,unassigned
93489,tH,124.83570765056163,123.94966038564371,1,3,3,146.83166389813528,3.329770563201687,30.70819111482666,0.7606056073988443,1.0,leptonic_bookkeeping,train,True,0.50562265163496,unassigned
756975,tH,124.83570765056163,123.94966038564371,1,3,3,146.83166389813528,3.329770563201687,30.70819111482666,0.7606056073988443,1.0,leptonic_bookkeeping,train,True,0.50562265163496,unassigned
403815,tH,124.83570765056163,123.94966038564371,1,3,3,146.83166389813528,3.329770563201687,30.70819111482666,0.7606056073988443,1.0,leptonic_bookkeeping,train,True,0.50562265163496,unassigned
594109,tH,124.83570765056163,123.94966038564371,1,3,3,146.83166389813528,3.329770563201687,30.70819111482666,0.7606056073988443,1.0,leptonic_bookkeeping,validation,True,0.50562265163496,unassigned
672381,tH,124.83570765056163,123.94966038564371,1,3,3,146.83166389813528,3.329770563201687,30.70819111482666,0.7606056073988443,1.0,leptonic_bookkeeping,train,True,0.50562265163496,unassigned
704439,tH,124.83570765056163,123.94966038564371,1,3,3,146.83166389813528,3.329770563201687,30.70819111482666,0.7606056073988443,1.0,leptonic_bookkeeping,train,True,0.50562265163496,unassigned
529290,tH,124.83570765056163,123.94966038564371,1,3,3,146.83166389813528,3.329770563201687,30.70819111482666,0.7606056073988443,1.0,leptonic_bookkeeping,train,True,0.50562265163496,unassigned
908103,tH,124.83570765056163,123.94966038564371,1,3,3,146.83166389813528,3.329770563201687,30.70819111482666,0.7606056073988443,1.0,leptonic_bookkeeping,train,True,0.50562265163496,unassigned
444407,tH,124.83570765056163,123.94966038564371,1,3,3,146.83166389813528,3.329770563201687,30.70819111482666,0.7606056073988443,1.0,leptonic_bookkeeping,train,True,0.50562265163496,unassigned
435272,tH,124.83570765056163,123.94966038564371,1,3,3,146.83166389813528,3.329770563201687,30.70819111482666,0.7606056073988443,1.0,leptonic_bookkeeping,train,True,0.50562265163496,unassigned
439188,tH,124.83570765056163,123.94966038564371,1,3,3,146.83166389813528,3.329770563201687,30.70819111482666,0.7606056073988443,1.0,leptonic_bookkeeping,validation,True,0.50562265163496,unassigned
270780,tH,124.83570765056163,123.94966038564371,1,3,3,146.83166389813528,3.329770563201687,30.70819111482666,0.7606056073988443,1.0,leptonic_bookkeeping,train,True,0.50562265163496,unassigned
147695,tH,124.83570765056163,123.94966038564371,1,3,3,146.83166389813528,3.329770563201687,30.70819111482666,0.7606056073988443,1.0,leptonic_bookkeeping,train,True,0.50562265163496,unassigned
440986,tH,124.83570765056163,123.94966038564371,1,3,3,146.83166389813528,3.329770563201687,30.70819111482666,0.7606056073988443,1.0,leptonic_bookkeeping,validation,True,0.50562265163496,unassigned
219669,tH,124.83570765056163,123.94966038564371,1,3,3,146.83166389813528,3.329770563201687,30.70819111482666,0.7606056073988443,1.0,leptonic_bookkeeping,train,True,0.50562265163496,unassigned
905324,tH,124.83570765056163,123.94966038564371,1,3,3,146.83166389813528,3.329770563201687,30.70819111482666,0.7606056073988443,1.0,leptonic_bookkeeping,test,True,0.50562265163496,unassigned
423501,tH,124.83570765056163,123.94966038564371,1,3,3,146.83166389813528,3.329770563201687,30.70819111482666,0.7606056073988443,1.0,leptonic_bookkeeping,train,True,0.50562265163496,unassigned
929046,tH,124.83570765056163,123.94966038564371,1,3,3,146.83166389813528,3.329770563201687,30.70819111482666,0.7606056073988443,1.0,leptonic_bookkeeping,train,True,0.50562265163496,unassigned
418725,tH,124.83570765056163,123.94966038564371,1,3,3,146.83166389813528,3.329770563201687,30.70819111482666,0.7606056073988443,1.0,leptonic_bookkeeping,validation,True,0.50562265163496,unassigned
604948,tH,124.83570765056163,123.94966038564371,1,3,3,146.83166389813528,3.329770563201687,30.70819111482666,0.7606056073988443,1.0,leptonic_bookkeeping,validation,True,0.50562265163496,unassigned
411398,tH,124.83570765056163,123.94966038564371,1,3,3,146.83166389813528,3.329770563201687,30.70819111482666,0.7606056073988443,1.0,leptonic_bookkeeping,test,True,0.50562265163496,unassigned
535848,tH,124.83570765056163,123.94966038564371,1,3,3,146.83166389813528,3.329770563201687,30.70819111482666,0.7606056073988443,1.0,leptonic_bookkeeping,test,True,0.50562265163496,unassigned
887850,tH,124.83570765056163,123.94966038564371,1,3,3,146.83166389813528,3.329770563201687,30.70819111482666,0.7606056073988443,1.0,leptonic_bookkeeping,train,True,0.50562265163496,unassigned
180702,tH,124.83570765056163,123.94966038564371,1,3,3,146.83166389813528,3.329770563201687,30.70819111482666,0.7606056073988443,1.0,leptonic_bookkeeping,train,True,0.50562265163496,unassigned
128745,tH,124.83570765056163,123.94966038564371,1,3,3,146.83166389813528,3.329770563201687,30.70819111482666,0.7606056073988443,1.0,leptonic_bookkeeping,train,True,0.50562265163496,unassigned
485900,tH,124.83570765056163,123.94966038564371,1,3,3,146.83166389813528,3.329770563201687,30.70819111482666,0.7606056073988443,1.0,leptonic_bookkeeping,train,True,0.50562265163496,unassigned
62743,tH,124.83570765056163,123.94966038564371,1,3,3,146.83166389813528,3.329770563201687,30.70819111482666,0.7606056073988443,1.0,leptonic_bookkeeping,train,True,0.50562265163496,unassigned
380239,tH,124.83570765056163,123.94966038564371,1,3,3,146.83166389813528,3.329770563201687,30.70819111482666,0.7606056073988443,1.0,leptonic_bookkeeping,test,True,0.50562265163496,unassigned
735302,tH,124.83570765056163,123.94966038564371,1,3,3,146.83166389813528,3.329770563201687,30.70819111482666,0.7606056073988443,1.0,leptonic_bookkeeping,train,True,0.50562265163496,unassigned
148161,tH,124.83570765056163,123.94966038564371,1,3,3,146.83166389813528,3.329770563201687,30.70819111482666,0.7606056073988443,1.0,leptonic_bookkeeping,train,True,0.50562265163496,unassigned
569690,tH,124.83570765056163,123.94966038564371,1,3,3,146.83166389813528,3.329770563201687,30.70819111482666,0.7606056073988443,1.0,leptonic_bookkeeping,train,True,0.50562265163496,unassigned
667778,tH,124.83570765056163,123.94966038564371,1,3,3,146.83166389813528,3.329770563201687,30.70819111482666,0.7606056073988443,1.0,leptonic_bookkeeping,validation,True,0.50562265163496,unassigned
340946,tH,124.83570765056163,123.94966038564371,1,3,3,146.83166389813528,3.329770563201687,30.70819111482666,0.7606056073988443,1.0,leptonic_bookkeeping,train,True,0.50562265163496,unassigned
440011,tH,124.83570765056163,123.94966038564371,1,3,3,146.83166389813528,3.329770563201687,30.70819111482666,0.7606056073988443,1.0,leptonic_bookkeeping,validation,True,0.50562265163496,unassigned
827897,tH,124.83570765056163,123.94966038564371,1,3,3,146.83166389813528,3.329770563201687,30.70819111482666,0.7606056073988443,1.0,leptonic_bookkeeping,train,True,0.50562265163496,unassigned
618844,tH,124.83570765056163,123.94966038564371,1,3,3,146.83166389813528,3.329770563201687,30.70819111482666,0.7606056073988443,1.0,leptonic_bookkeeping,train,True,0.50562265163496,unassigned
878214,tH,124.83570765056163,123.94966038564371,1,3,3,146.83166389813528,3.329770563201687,30.70819111482666,0.7606056073988443,1.0,leptonic_bookkeeping,train,True,0.50562265163496,unassigned
456918,tH,124.83570765056163,123.94966038564371,1,3,3,146.83166389813528,3.329770563201687,30.70819111482666,0.7606056073988443,1.0,leptonic_bookkeeping,train,True,0.50562265163496,unassigned
186380,tH,124.83570765056163,123.94966038564371,1,3,3,146.83166389813528,3.329770563201687,30.70819111482666,0.7606056073988443,1.0,leptonic_bookkeeping,train,True,0.50562265163496,unassigned
265477,tH,124.83570765056163,123.94966038564371,1,3,3,146.83166389813528,3.329770563201687,30.70819111482666,0.7606056073988443,1.0,leptonic_bookkeeping,validation,True,0.50562265163496,unassigned
863454,tH,124.83570765056163,123.94966038564371,1,3,3,146.83166389813528,3.329770563201687,30.70819111482666,0.7606056073988443,1.0,leptonic_bookkeeping,validation,True,0.50562265163496,unassigned
51032,tH,124.83570765056163,123.94966038564371,1,3,3,146.83166389813528,3.329770563201687,30.70819111482666,0.7606056073988443,1.0,leptonic_bookkeeping,test,True,0.50562265163496,unassigned
112262,tH,124.83570765056163,123.94966038564371,1,3,3,146.83166389813528,3.329770563201687,30.70819111482666,0.7606056073988443,1.0,leptonic_bookkeeping,test,True,0.50562265163496,unassigned
193053,tH,124.83570765056163,123.94966038564371,1,3,3,146.83166389813528,3.329770563201687,30.70819111482666,0.7606056073988443,1.0,leptonic_bookkeeping,validation,True,0.50562265163496,unassigned
878014,tH,124.83570765056163,123.94966038564371,1,3,3,146.83166389813528,3.329770563201687,30.70819111482666,0.7606056073988443,1.0,leptonic_bookkeeping,train,True,0.50562265163496,unassigned
783670,tH,124.83570765056163,123.94966038564371,1,3,3,146.83166389813528,3.329770563201687,30.70819111482666,0.7606056073988443,1.0,leptonic_bookkeeping,train,True,0.50562265163496,unassigned
884688,tH,124.83570765056163,123.94966038564371,1,3,3,146.83166389813528,3.329770563201687,30.70819111482666,0.7606056073988443,1.0,leptonic_bookkeeping,test,True,0.50562265163496,unassigned
740090,tH,124.83570765056163,123.94966038564371,1,3,3,146.83166389813528,3.329770563201687,30.70819111482666,0.7606056073988443,1.0,leptonic_bookkeeping,validation,True,0.50562265163496,unassigned
252559,tH,124.83570765056163,123.94966038564371,1,3,3,146.83166389813528,3.329770563201687,30.70819111482666,0.7606056073988443,1.0,leptonic_bookkeeping,train,True,0.50562265163496,unassigned
168279,tH,124.83570765056163,123.94966038564371,1,3,3,146.83166389813528,3.329770563201687,30.70819111482666,0.7606056073988443,1.0,leptonic_bookkeeping,train,True,0.50562265163496,unassigned
205695,tH,124.83570765056163,123.94966038564371,1,3,3,146.83166389813528,3.329770563201687,30.70819111482666,0.7606056073988443,1.0,leptonic_bookkeeping,test,True,0.50562265163496,unassigned
934510,tH,124.83570765056163,123.94966038564371,1,3,3,146.83166389813528,3.329770563201687,30.70819111482666,0.7606056073988443,1.0,leptonic_bookkeeping,validation,True,0.50562265163496,unassigned
956733,tH,124.83570765056163,123.94966038564371,1,3,3,146.83166389813528,3.329770563201687,30.70819111482666,0.7606056073988443,1.0,leptonic_bookkeeping,test,True,0.50562265163496,unassigned
282893,tH,124.83570765056163,123.94966038564371,1,3,3,146.83166389813528,3.329770563201687,30.70819111482666,0.7606056073988443,1.0,leptonic_bookkeeping,train,True,0.50562265163496,unassigned
24512,tH,124.83570765056163,123.94966038564371,1,3,3,146.83166389813528,3.329770563201687,30.70819111482666,0.7606056073988443,1.0,leptonic_bookkeeping,train,True,0.50562265163496,unassigned
694492,tH,124.83570765056163,123.94966038564371,1,3,3,146.83166389813528,3.329770563201687,30.70819111482666,0.7606056073988443,1.0,leptonic_bookkeeping,train,True,0.50562265163496,unassigned
766533,tH,124.83570765056163,123.94966038564371,1,3,3,146.83166389813528,3.329770563201687,30.70819111482666,0.7606056073988443,1.0,leptonic_bookkeeping,train,True,0.50562265163496,unassigned
692565,tH,124.83570765056163,123.94966038564371,1,3,3,146.83166389813528,3.329770563201687,30.70819111482666,0.7606056073988443,1.0,leptonic_bookkeeping,train,True,0.50562265163496,unassigned
995645,tH,124.83570765056163,123.94966038564371,1,3,3,146.83166389813528,3.329770563201687,30.70819111482666,0.7606056073988443,1.0,leptonic_bookkeeping,train,True,0.50562265163496,unassigned
621513,tH,124.83570765056163,123.94966038564371,1,3,3,146.83166389813528,3.329770563201687,30.70819111482666,0.7606056073988443,1.0,leptonic_bookkeeping,train,True,0.50562265163496,unassigned
93402,tH,124.83570765056163,123.94966038564371,1,3,3,146.83166389813528,3.329770563201687,30.70819111482666,0.7606056073988443,1.0,leptonic_bookkeeping,train,True,0.50562265163496,unassigned
956235,tH,124.83570765056163,123.94966038564371,1,3,3,146.83166389813528,3.329770563201687,30.70819111482666,0.7606056073988443,1.0,leptonic_bookkeeping,validation,True,0.50562265163496,unassigned
712246,tH,124.83570765056163,123.94966038564371,1,3,3,146.83166389813528,3.329770563201687,30.70819111482666,0.7606056073988443,1.0,leptonic_bookkeeping,train,True,0.50562265163496,unassigned
551490,tH,124.83570765056163,123.94966038564371,1,3,3,146.83166389813528,3.329770563201687,30.70819111482666,0.7606056073988443,1.0,leptonic_bookkeeping,train,True,0.50562265163496,unassigned
754923,tH,124.83570765056163,123.94966038564371,1,3,3,146.83166389813528,3.329770563201687,30.70819111482666,0.7606056073988443,1.0,leptonic_bookkeeping,train,True,0.50562265163496,unassigned
390297,tH,124.83570765056163,123.94966038564371,1,3,3,146.83166389813528,3.329770563201687,30.70819111482666,0.7606056073988443,1.0,leptonic_bookkeeping,test,True,0.50562265163496,unassigned
697406,tH,124.83570765056163,123.94966038564371,1,3,3,146.83166389813528,3.329770563201687,30.70819111482666,0.7606056073988443,1.0,leptonic_bookkeeping,validation,True,0.50562265163496,unassigned
885205,tH,124.83570765056163,123.94966038564371,1,3,3,146.83166389813528,3.329770563201687,30.70819111482666,0.7606056073988443,1.0,leptonic_bookkeeping,test,True,0.50562265163496,unassigned
826731,tH,124.83570765056163,123.94966038564371,1,3,3,146.83166389813528,3.329770563201687,30.70819111482666,0.7606056073988443,1.0,leptonic_bookkeeping,train,True,0.50562265163496,unassigned
803738,tH,124.83570765056163,123.94966038564371,1,3,3,146.83166389813528,3.329770563201687,30.70819111482666,0.7606056073988443,1.0,leptonic_bookkeeping,test,True,0.50562265163496,unassigned
332896,tH,124.83570765056163,123.94966038564371,1,3,3,146.83166389813528,3.329770563201687,30.70819111482666,0.7606056073988443,1.0,leptonic_bookkeeping,train,True,0.50562265163496,unassigned
231680,tH,124.83570765056163,123.94966038564371,1,3,3,146.83166389813528,3.329770563201687,30.70819111482666,0.7606056073988443,1.0,leptonic_bookkeeping,train,True,0.50562265163496,unassigned
133867,tH,124.83570765056163,123.94966038564371,1,3,3,146.83166389813528,3.329770563201687,30.70819111482666,0.7606056073988443,1.0,leptonic_bookkeeping,test,True,0.50562265163496,unassigned
182357,tH,124.83570765056163,123.94966038564371,1,3,3,146.83166389813528,3.329770563201687,30.70819111482666,0.7606056073988443,1.0,leptonic_bookkeeping,validation,True,0.50562265163496,unassigned
79476,tH,124.83570765056163,123.94966038564371,1,3,3,146.83166389813528,3.329770563201687,30.70819111482666,0.7606056073988443,1.0,leptonic_bookkeeping,validation,True,0.50562265163496,unassigned
432418,tH,124.83570765056163,123.94966038564371,1,3,3,146.83166389813528,3.329770563201687,30.70819111482666,0.7606056073988443,1.0,leptonic_bookkeeping,test,True,0.50562265163496,unassigned
58571,tH,124.83570765056163,123.94966038564371,1,3,3,146.83166389813528,3.329770563201687,30.70819111482666,0.7606056073988443,1.0,leptonic_bookkeeping,validation,True,0.50562265163496,unassigned
715444,tH,124.83570765056163,123.94966038564371,1,3,3,146.83166389813528,3.329770563201687,30.70819111482666,0.7606056073988443,1.0,leptonic_bookkeeping,train,True,0.50562265163496,unassigned
228657,tH,124.83570765056163,123.94966038564371,1,3,3,146.83166389813528,3.329770563201687,30.70819111482666,0.7606056073988443,1.0,leptonic_bookkeeping,train,True,0.50562265163496,unassigned
169889,tH,124.83570765056163,123.94966038564371,1,3,3,146.83166389813528,3.329770563201687,30.70819111482666,0.7606056073988443,1.0,leptonic_bookkeeping,train,True,0.50562265163496,unassigned
931134,tH,124.83570765056163,123.94966038564371,1,3,3,146.83166389813528,3.329770563201687,30.70819111482666,0.7606056073988443,1.0,leptonic_bookkeeping,train,True,0.50562265163496,unassigned
362998,tH,124.83570765056163,123.94966038564371,1,3,3,146.83166389813528,3.329770563201687,30.70819111482666,0.7606056073988443,1.0,leptonic_bookkeeping,train,True,0.50562265163496,unassigned
412388,tH,124.83570765056163,123.94966038564371,1,3,3,146.83166389813528,3.329770563201687,30.70819111482666,0.7606056073988443,1.0,leptonic_bookkeeping,train,True,0.50562265163496,unassigned
609327,tH,124.83570765056163,123.94966038564371,1,3,3,146.83166389813528,3.329770563201687,30.70819111482666,0.7606056073988443,1.0,leptonic_bookkeeping,train,True,0.50562265163496,unassigned
959312,tH,124.83570765056163,123.94966038564371,1,3,3,146.83166389813528,3.329770563201687,30.70819111482666,0.7606056073988443,1.0,leptonic_bookkeeping,train,True,0.50562265163496,unassigned
638121,tH,124.83570765056163,123.94966038564371,1,3,3,146.83166389813528,3.329770563201687,30.70819111482666,0.7606056073988443,1.0,leptonic_bookkeeping,test,True,0.50562265163496,unassigned
496892,tH,124.83570765056163,123.94966038564371,1,3,3,146.83166389813528,3.329770563201687,30.70819111482666,0.7606056073988443,1.0,leptonic_bookkeeping,train,True,0.50562265163496,unassigned
756104,tH,124.83570765056163,123.94966038564371,1,3,3,146.83166389813528,3.329770563201687,30.70819111482666,0.7606056073988443,1.0,leptonic_bookkeeping,train,True,0.50562265163496,unassigned
477800,tH,124.83570765056163,123.94966038564371,1,3,3,146.83166389813528,3.329770563201687,30.70819111482666,0.7606056073988443,1.0,leptonic_bookkeeping,train,True,0.50562265163496,unassigned
346069,tH,124.83570765056163,123.94966038564371,1,3,3,146.83166389813528,3.329770563201687,30.70819111482666,0.7606056073988443,1.0,leptonic_bookkeeping,train,True,0.50562265163496,unassigned
328480,tH,124.83570765056163,123.94966038564371,1,3,3,146.83166389813528,3.329770563201687,30.70819111482666,0.7606056073988443,1.0,leptonic_bookkeeping,test,True,0.50562265163496,unassigned
417743,tH,124.83570765056163,123.94966038564371,1,3,3,146.83166389813528,3.329770563201687,30.70819111482666,0.7606056073988443,1.0,leptonic_bookkeeping,train,True,0.50562265163496,unassigned
624181,tH,124.83570765056163,123.94966038564371,1,3,3,146.83166389813528,3.329770563201687,30.70819111482666,0.7606056073988443,1.0,leptonic_bookkeeping,train,True,0.50562265163496,unassigned
485341,tH,124.83570765056163,123.94966038564371,1,3,3,146.83166389813528,3.329770563201687,30.70819111482666,0.7606056073988443,1.0,leptonic_bookkeeping,train,True,0.50562265163496,unassigned
845510,tH,124.83570765056163,123.94966038564371,1,3,3,146.83166389813528,3.329770563201687,30.70819111482666,0.7606056073988443,1.0,leptonic_bookkeeping,train,True,0.50562265163496,unassigned
21918,tH,124.83570765056163,123.94966038564371,1,3,3,146.83166389813528,3.329770563201687,30.70819111482666,0.7606056073988443,1.0,leptonic_bookkeeping,train,True,0.50562265163496,unassigned
998939,tH,124.83570765056163,123.94966038564371,1,3,3,146.83166389813528,3.329770563201687,30.70819111482666,0.7606056073988443,1.0,leptonic_bookkeeping,test,True,0.50562265163496,unassigned
318584,tH,124.83570765056163,123.94966038564371,1,3,3,146.83166389813528,3.329770563201687,30.70819111482666,0.7606056073988443,1.0,leptonic_bookkeeping,test,True,0.50562265163496,unassigned
254387,tH,124.83570765056163,123.94966038564371,1,3,3,146.83166389813528,3.329770563201687,30.70819111482666,0.7606056073988443,1.0,leptonic_bookkeeping,validation,True,0.50562265163496,unassigned
958392,tH,124.83570765056163,123.94966038564371,1,3,3,146.83166389813528,3.329770563201687,30.70819111482666,0.7606056073988443,1.0,leptonic_bookkeeping,test,True,0.50562265163496,unassigned
868120,tH,124.83570765056163,123.94966038564371,1,3,3,146.83166389813528,3.329770563201687,30.70819111482666,0.7606056073988443,1.0,leptonic_bookkeeping,train,True,0.50562265163496,unassigned
173868,tH,124.83570765056163,123.94966038564371,1,3,3,146.83166389813528,3.329770563201687,30.70819111482666,0.7606056073988443,1.0,leptonic_bookkeeping,test,True,0.50562265163496,unassigned
85610,tH,124.83570765056163,123.94966038564371,1,3,3,146.83166389813528,3.329770563201687,30.70819111482666,0.7606056073988443,1.0,leptonic_bookkeeping,train,True,0.50562265163496,unassigned
939760,tH,124.83570765056163,123.94966038564371,1,3,3,146.83166389813528,3.329770563201687,30.70819111482666,0.7606056073988443,1.0,leptonic_bookkeeping,train,True,0.50562265163496,unassigned
798913,tH,124.83570765056163,123.94966038564371,1,3,3,146.83166389813528,3.329770563201687,30.70819111482666,0.7606056073988443,1.0,leptonic_bookkeeping,train,True,0.50562265163496,unassigned
365331,tH,124.83570765056163,123.94966038564371,1,3,3,146.83166389813528,3.329770563201687,30.70819111482666,0.7606056073988443,1.0,leptonic_bookkeeping,train,True,0.50562265163496,unassigned
763324,tH,124.83570765056163,123.94966038564371,1,3,3,146.83166389813528,3.329770563201687,30.70819111482666,0.7606056073988443,1.0,leptonic_bookkeeping,train,True,0.50562265163496,unassigned
172975,tH,124.83570765056163,123.94966038564371,1,3,3,146.83166389813528,3.329770563201687,30.70819111482666,0.7606056073988443,1.0,leptonic_bookkeeping,validation,True,0.50562265163496,unassigned
408669,tH,124.83570765056163,123.94966038564371,1,3,3,146.83166389813528,3.329770563201687,30.70819111482666,0.7606056073988443,1.0,leptonic_bookkeeping,validation,True,0.50562265163496,unassigned
538481,tH,124.83570765056163,123.94966038564371,1,3,3,146.83166389813528,3.329770563201687,30.70819111482666,0.7606056073988443,1.0,leptonic_bookkeeping,train,True,0.50562265163496,unassigned
239998,tH,124.83570765056163,123.94966038564371,1,3,3,146.83166389813528,3.329770563201687,30.70819111482666,0.7606056073988443,1.0,leptonic_bookkeeping,train,True,0.50562265163496,unassigned
262722,tH,124.83570765056163,123.94966038564371,1,3,3,146.83166389813528,3.329770563201687,30.70819111482666,0.7606056073988443,1.0,leptonic_bookkeeping,train,True,0.50562265163496,unassigned
507570,tH,124.83570765056163,123.94966038564371,1,3,3,146.83166389813528,3.329770563201687,30.70819111482666,0.7606056073988443,1.0,leptonic_bookkeeping,train,True,0.50562265163496,unassigned
863075,tH,124.83570765056163,123.94966038564371,1,3,3,146.83166389813528,3.329770563201687,30.70819111482666,0.7606056073988443,1.0,leptonic_bookkeeping,validation,True,0.50562265163496,unassigned
237078,tH,124.83570765056163,123.94966038564371,1,3,3,146.83166389813528,3.329770563201687,30.70819111482666,0.7606056073988443,1.0,leptonic_bookkeeping,test,True,0.50562265163496,unassigned
128300,tH,124.83570765056163,123.94966038564371,1,3,3,146.83166389813528,3.329770563201687,30.70819111482666,0.7606056073988443,1.0,leptonic_bookkeeping,train,True,0.50562265163496,unassigned
209066,tH,124.83570765056163,123.94966038564371,1,3,3,146.83166389813528,3.329770563201687,30.70819111482666,0.7606056073988443,1.0,leptonic_bookkeeping,train,True,0.50562265163496,unassigned
562670,tH,124.83570765056163,123.94966038564371,1,3,3,146.83166389813528,3.329770563201687,30.70819111482666,0.7606056073988443,1.0,leptonic_bookkeeping,train,True,0.50562265163496,unassigned
353210,tH,124.83570765056163,123.94966038564371,1,3,3,146.83166389813528,3.329770563201687,30.70819111482666,0.7606056073988443,1.0,leptonic_bookkeeping,train,True,0.50562265163496,unassigned
207316,tH,124.83570765056163,123.94966038564371,1,3,3,146.83166389813528,3.329770563201687,30.70819111482666,0.7606056073988443,1.0,leptonic_bookkeeping,train,True,0.50562265163496,unassigned
508365,tH,124.83570765056163,123.94966038564371,1,3,3,146.83166389813528,3.329770563201687,30.70819111482666,0.7606056073988443,1.0,leptonic_bookkeeping,train,True,0.50562265163496,unassigned
750852,tH,124.83570765056163,123.94966038564371,1,3,3,146.83166389813528,3.329770563201687,30.70819111482666,0.7606056073988443,1.0,leptonic_bookkeeping,test,True,0.50562265163496,unassigned
796679,tH,124.83570765056163,123.94966038564371,1,3,3,146.83166389813528,3.329770563201687,30.70819111482666,0.7606056073988443,1.0,leptonic_bookkeeping,train,True,0.50562265163496,unassigned
355106,tH,124.83570765056163,123.94966038564371,1,3,3,146.83166389813528,3.329770563201687,30.70819111482666,0.7606056073988443,1.0,leptonic_bookkeeping,train,True,0.50562265163496,unassigned
291785,tH,124.83570765056163,123.94966038564371,1,3,3,146.83166389813528,3.329770563201687,30.70819111482666,0.7606056073988443,1.0,leptonic_bookkeeping,train,True,0.50562265163496,unassigned
117961,tH,124.83570765056163,123.94966038564371,1,3,3,146.83166389813528,3.329770563201687,30.70819111482666,0.7606056073988443,1.0,leptonic_bookkeeping,train,True,0.50562265163496,unassigned
859061,tH,124.83570765056163,123.94966038564371,1,3,3,146.83166389813528,3.329770563201687,30.70819111482666,0.7606056073988443,1.0,leptonic_bookkeeping,train,True,0.50562265163496,unassigned
509643,tH,124.83570765056163,123.94966038564371,1,3,3,146.83166389813528,3.329770563201687,30.70819111482666,0.7606056073988443,1.0,leptonic_bookkeeping,train,True,0.50562265163496,unassigned
269584,tH,124.83570765056163,123.94966038564371,1,3,3,146.83166389813528,3.329770563201687,30.70819111482666,0.7606056073988443,1.0,leptonic_bookkeeping,train,True,0.50562265163496,unassigned
506889,tH,124.83570765056163,123.94966038564371,1,3,3,146.83166389813528,3.329770563201687,30.70819111482666,0.7606056073988443,1.0,leptonic_bookkeeping,train,True,0.50562265163496,unassigned
646249,tH,124.83570765056163,123.94966038564371,1,3,3,146.83166389813528,3.329770563201687,30.70819111482666,0.7606056073988443,1.0,leptonic_bookkeeping,validation,True,0.50562265163496,unassigned
270443,tH,124.83570765056163,123.94966038564371,1,3,3,146.83166389813528,3.329770563201687,30.70819111482666,0.7606056073988443,1.0,leptonic_bookkeeping,train,True,0.50562265163496,unassigned
44574,tH,124.83570765056163,123.94966038564371,1,3,3,146.83166389813528,3.329770563201687,30.70819111482666,0.7606056073988443,1.0,leptonic_bookkeeping,train,True,0.50562265163496,unassigned
797110,tH,124.83570765056163,123.94966038564371,1,3,3,146.83166389813528,3.329770563201687,30.70819111482666,0.7606056073988443,1.0,leptonic_bookkeeping,train,True,0.50562265163496,unassigned
227529,tH,124.83570765056163,123.94966038564371,1,3,3,146.83166389813528,3.329770563201687,30.70819111482666,0.7606056073988443,1.0,leptonic_bookkeeping,train,True,0.50562265163496,unassigned
496292,tH,124.83570765056163,123.94966038564371,1,3,3,146.83166389813528,3.329770563201687,30.70819111482666,0.7606056073988443,1.0,leptonic_bookkeeping,train,True,0.50562265163496,unassigned
338006,tH,124.83570765056163,123.94966038564371,1,3,3,146.83166389813528,3.329770563201687,30.70819111482666,0.7606056073988443,1.0,leptonic_bookkeeping,validation,True,0.50562265163496,unassigned
448056,tH,124.83570765056163,123.94966038564371,1,3,3,146.83166389813528,3.329770563201687,30.70819111482666,0.7606056073988443,1.0,leptonic_bookkeeping,train,True,0.50562265163496,unassigned
273473,tH,124.83570765056163,123.94966038564371,1,3,3,146.83166389813528,3.329770563201687,30.70819111482666,0.7606056073988443,1.0,leptonic_bookkeeping,train,True,0.50562265163496,unassigned
240745,tH,124.83570765056163,123.94966038564371,1,3,3,146.83166389813528,3.329770563201687,30.70819111482666,0.7606056073988443,1.0,leptonic_bookkeeping,train,True,0.50562265163496,unassigned
805497,tH,124.83570765056163,123.94966038564371,1,3,3,146.83166389813528,3.329770563201687,30.70819111482666,0.7606056073988443,1.0,leptonic_bookkeeping,train,True,0.50562265163496,unassigned
665062,tH,124.83570765056163,123.94966038564371,1,3,3,146.83166389813528,3.329770563201687,30.70819111482666,0.7606056073988443,1.0,leptonic_bookkeeping,train,True,0.50562265163496,unassigned
909190,tH,124.83570765056163,123.94966038564371,1,3,3,146.83166389813528,3.329770563201687,30.70819111482666,0.7606056073988443,1.0,leptonic_bookkeeping,train,True,0.50562265163496,unassigned
433038,tH,124.83570765056163,123.94966038564371,1,3,3,146.83166389813528,3.329770563201687,30.70819111482666,0.7606056073988443,1.0,leptonic_bookkeeping,train,True,0.50562265163496,unassigned
613321,tH,124.83570765056163,123.94966038564371,1,3,3,146.83166389813528,3.329770563201687,30.70819111482666,0.7606056073988443,1.0,leptonic_bookkeeping,train,True,0.50562265163496,unassigned
988525,tH,124.83570765056163,123.94966038564371,1,3,3,146.83166389813528,3.329770563201687,30.70819111482666,0.7606056073988443,1.0,leptonic_bookkeeping,test,True,0.50562265163496,unassigned
212860,tH,124.83570765056163,123.94966038564371,1,3,3,146.83166389813528,3.329770563201687,30.70819111482666,0.7606056073988443,1.0,leptonic_bookkeeping,validation,True,0.50562265163496,unassigned
572272,tH,124.83570765056163,123.94966038564371,1,3,3,146.83166389813528,3.329770563201687,30.70819111482666,0.7606056073988443,1.0,leptonic_bookkeeping,train,True,0.50562265163496,unassigned
991624,tH,124.83570765056163,123.94966038564371,1,3,3,146.83166389813528,3.329770563201687,30.70819111482666,0.7606056073988443,1.0,leptonic_bookkeeping,train,True,0.50562265163496,unassigned
13708,tH,124.83570765056163,123.94966038564371,1,3,3,146.83166389813528,3.329770563201687,30.70819111482666,0.7606056073988443,1.0,leptonic_bookkeeping,train,True,0.50562265163496,unassigned
311509,tH,124.83570765056163,123.94966038564371,1,3,3,146.83166389813528,3.329770563201687,30.70819111482666,0.7606056073988443,1.0,leptonic_bookkeeping,train,True,0.50562265163496,unassigned
552535,tH,124.83570765056163,123.94966038564371,1,3,3,146.83166389813528,3.329770563201687,30.70819111482666,0.7606056073988443,1.0,leptonic_bookkeeping,train,True,0.50562265163496,unassigned
514736,tH,124.83570765056163,123.94966038564371,1,3,3,146.83166389813528,3.329770563201687,30.70819111482666,0.7606056073988443,1.0,leptonic_bookkeeping,test,True,0.50562265163496,unassigned
963126,tH,124.83570765056163,123.94966038564371,1,3,3,146.83166389813528,3.329770563201687,30.70819111482666,0.7606056073988443,1.0,leptonic_bookkeeping,train,True,0.50562265163496,unassigned
881890,tH,124.83570765056163,123.94966038564371,1,3,3,146.83166389813528,3.329770563201687,30.70819111482666,0.7606056073988443,1.0,leptonic_bookkeeping,train,True,0.50562265163496,unassigned
408333,tH,124.83570765056163,123.94966038564371,1,3,3,146.83166389813528,3.329770563201687,30.70819111482666,0.7606056073988443,1.0,leptonic_bookkeeping,validation,True,0.50562265163496,unassigned
380939,tH,124.83570765056163,123.94966038564371,1,3,3,146.83166389813528,3.329770563201687,30.70819111482666,0.7606056073988443,1.0,leptonic_bookkeeping,test,True,0.50562265163496,unassigned
475690,tH,124.83570765056163,123.94966038564371,1,3,3,146.83166389813528,3.329770563201687,30.70819111482666,0.7606056073988443,1.0,leptonic_bookkeeping,train,True,0.50562265163496,unassigned
582964,tH,124.83570765056163,123.94966038564371,1,3,3,146.83166389813528,3.329770563201687,30.70819111482666,0.7606056073988443,1.0,leptonic_bookkeeping,train,True,0.50562265163496,unassigned
613188,tH,124.83570765056163,123.94966038564371,1,3,3,146.83166389813528,3.329770563201687,30.70819111482666,0.7606056073988443,1.0,leptonic_bookkeeping,train,True,0.50562265163496,unassigned
735748,tH,124.83570765056163,123.94966038564371,1,3,3,146.83166389813528,3.329770563201687,30.70819111482666,0.7606056073988443,1.0,leptonic_bookkeeping,train,True,0.50562265163496,unassigned
338616,tH,124.83570765056163,123.94966038564371,1,3,3,146.83166389813528,3.329770563201687,30.70819111482666,0.7606056073988443,1.0,leptonic_bookkeeping,test,True,0.50562265163496,unassigned
669957,tH,124.83570765056163,123.94966038564371,1,3,3,146.83166389813528,3.329770563201687,30.70819111482666,0.7606056073988443,1.0,leptonic_bookkeeping,test,True,0.50562265163496,unassigned
497803,tH,124.83570765056163,123.94966038564371,1,3,3,146.83166389813528,3.329770563201687,30.70819111482666,0.7606056073988443,1.0,leptonic_bookkeeping,train,True,0.50562265163496,unassigned
282710,tH,124.83570765056163,123.94966038564371,1,3,3,146.83166389813528,3.329770563201687,30.70819111482666,0.7606056073988443,1.0,leptonic_bookkeeping,train,True,0.50562265163496,unassigned
102246,tH,124.83570765056163,123.94966038564371,1,3,3,146.83166389813528,3.329770563201687,30.70819111482666,0.7606056073988443,1.0,leptonic_bookkeeping,test,True,0.50562265163496,unassigned
413205,tH,124.83570765056163,123.94966038564371,1,3,3,146.83166389813528,3.329770563201687,30.70819111482666,0.7606056073988443,1.0,leptonic_bookkeeping,train,True,0.50562265163496,unassigned
931175,tH,124.83570765056163,123.94966038564371,1,3,3,146.83166389813528,3.329770563201687,30.70819111482666,0.7606056073988443,1.0,leptonic_bookkeeping,train,True,0.50562265163496,unassigned
791936,tH,124.83570765056163,123.94966038564371,1,3,3,146.83166389813528,3.329770563201687,30.70819111482666,0.7606056073988443,1.0,leptonic_bookkeeping,test,True,0.50562265163496,unassigned
699545,tH,124.83570765056163,123.94966038564371,1,3,3,146.83166389813528,3.329770563201687,30.70819111482666,0.7606056073988443,1.0,leptonic_bookkeeping,test,True,0.50562265163496,unassigned
783650,tH,124.83570765056163,123.94966038564371,1,3,3,146.83166389813528,3.329770563201687,30.70819111482666,0.7606056073988443,1.0,leptonic_bookkeeping,train,True,0.50562265163496,unassigned
896598,tH,124.83570765056163,123.94966038564371,1,3,3,146.83166389813528,3.329770563201687,30.70819111482666,0.7606056073988443,1.0,leptonic_bookkeeping,test,True,0.50562265163496,unassigned
497332,tH,124.83570765056163,123.94966038564371,1,3,3,146.83166389813528,3.329770563201687,30.70819111482666,0.7606056073988443,1.0,leptonic_bookkeeping,train,True,0.50562265163496,unassigned
155970,tH,124.83570765056163,123.94966038564371,1,3,3,146.83166389813528,3.329770563201687,30.70819111482666,0.7606056073988443,1.0,leptonic_bookkeeping,train,True,0.50562265163496,unassigned
86477,tH,124.83570765056163,123.94966038564371,1,3,3,146.83166389813528,3.329770563201687,30.70819111482666,0.7606056073988443,1.0,leptonic_bookkeeping,train,True,0.50562265163496,unassigned
227113,tH,124.83570765056163,123.94966038564371,1,3,3,146.83166389813528,3.329770563201687,30.70819111482666,0.7606056073988443,1.0,leptonic_bookkeeping,train,True,0.50562265163496,unassigned
547156,tH,124.83570765056163,123.94966038564371,1,3,3,146.83166389813528,3.329770563201687,30.70819111482666,0.7606056073988443,1.0,leptonic_bookkeeping,train,True,0.50562265163496,unassigned
714345,tH,124.83570765056163,123.94966038564371,1,3,3,146.83166389813528,3.329770563201687,30.70819111482666,0.7606056073988443,1.0,leptonic_bookkeeping,train,True,0.50562265163496,unassigned
403236,tH,124.83570765056163,123.94966038564371,1,3,3,146.83166389813528,3.329770563201687,30.70819111482666,0.7606056073988443,1.0,leptonic_bookkeeping,train,True,0.50562265163496,unassigned
463877,tH,124.83570765056163,123.94966038564371,1,3,3,146.83166389813528,3.329770563201687,30.70819111482666,0.7606056073988443,1.0,leptonic_bookkeeping,test,True,0.50562265163496,unassigned
954210,tH,124.83570765056163,123.94966038564371,1,3,3,146.83166389813528,3.329770563201687,30.70819111482666,0.7606056073988443,1.0,leptonic_bookkeeping,train,True,0.50562265163496,unassigned
573691,tH,124.83570765056163,123.94966038564371,1,3,3,146.83166389813528,3.329770563201687,30.70819111482666,0.7606056073988443,1.0,leptonic_bookkeeping,validation,True,0.50562265163496,unassigned
320667,tH,124.83570765056163,123.94966038564371,1,3,3,146.83166389813528,3.329770563201687,30.70819111482666,0.7606056073988443,1.0,leptonic_bookkeeping,train,True,0.50562265163496,unassigned
724138,tH,124.83570765056163,123.94966038564371,1,3,3,146.83166389813528,3.329770563201687,30.70819111482666,0.7606056073988443,1.0,leptonic_bookkeeping,train,True,0.50562265163496,unassigned
442991,tH,124.83570765056163,123.94966038564371,1,3,3,146.83166389813528,3.329770563201687,30.70819111482666,0.7606056073988443,1.0,leptonic_bookkeeping,test,True,0.50562265163496,unassigned
269521,tH,124.83570765056163,123.94966038564371,1,3,3,146.83166389813528,3.329770563201687,30.70819111482666,0.7606056073988443,1.0,leptonic_bookkeeping,train,True,0.50562265163496,unassigned
472650,tH,124.83570765056163,123.94966038564371,1,3,3,146.83166389813528,3.329770563201687,30.70819111482666,0.7606056073988443,1.0,leptonic_bookkeeping,test,True,0.50562265163496,unassigned
20628,tH,124.83570765056163,123.94966038564371,1,3,3,146.83166389813528,3.329770563201687,30.70819111482666,0.7606056073988443,1.0,leptonic_bookkeeping,train,True,0.50562265163496,unassigned
645248,tH,124.83570765056163,123.94966038564371,1,3,3,146.83166389813528,3.329770563201687,30.70819111482666,0.7606056073988443,1.0,leptonic_bookkeeping,train,True,0.50562265163496,unassigned
174401,tH,124.83570765056163,123.94966038564371,1,3,3,146.83166389813528,3.329770563201687,30.70819111482666,0.7606056073988443,1.0,leptonic_bookkeeping,test,True,0.50562265163496,unassigned
449628,tH,124.83570765056163,123.94966038564371,1,3,3,146.83166389813528,3.329770563201687,30.70819111482666,0.7606056073988443,1.0,leptonic_bookkeeping,validation,True,0.50562265163496,unassigned
251302,tH,124.83570765056163,123.94966038564371,1,3,3,146.83166389813528,3.329770563201687,30.70819111482666,0.7606056073988443,1.0,leptonic_bookkeeping,train,True,0.50562265163496,unassigned
784471,tH,124.83570765056163,123.94966038564371,1,3,3,146.83166389813528,3.329770563201687,30.70819111482666,0.7606056073988443,1.0,leptonic_bookkeeping,train,True,0.50562265163496,unassigned
151603,tH,124.83570765056163,123.94966038564371,1,3,3,146.83166389813528,3.329770563201687,30.70819111482666,0.7606056073988443,1.0,leptonic_bookkeeping,validation,True,0.50562265163496,unassigned
504089,tH,124.83570765056163,123.94966038564371,1,3,3,146.83166389813528,3.329770563201687,30.70819111482666,0.7606056073988443,1.0,leptonic_bookkeeping,test,True,0.50562265163496,unassigned
394238,tH,124.83570765056163,123.94966038564371,1,3,3,146.83166389813528,3.329770563201687,30.70819111482666,0.7606056073988443,1.0,leptonic_bookkeeping,train,True,0.50562265163496,unassigned
271949,tH,124.83570765056163,123.94966038564371,1,3,3,146.83166389813528,3.329770563201687,30.70819111482666,0.7606056073988443,1.0,leptonic_bookkeeping,train,True,0.50562265163496,unassigned
395292,tH,124.83570765056163,123.94966038564371,1,3,3,146.83166389813528,3.329770563201687,30.70819111482666,0.7606056073988443,1.0,leptonic_bookkeeping,train,True,0.50562265163496,unassigned
1310,tH,124.83570765056163,123.94966038564371,1,3,3,146.83166389813528,3.329770563201687,30.70819111482666,0.7606056073988443,1.0,leptonic_bookkeeping,train,True,0.50562265163496,unassigned
923401,tH,124.83570765056163,123.94966038564371,1,3,3,146.83166389813528,3.329770563201687,30.70819111482666,0.7606056073988443,1.0,leptonic_bookkeeping,train,True,0.50562265163496,unassigned
73867,tH,124.83570765056163,123.94966038564371,1,3,3,146.83166389813528,3.329770563201687,30.70819111482666,0.7606056073988443,1.0,leptonic_bookkeeping,train,True,0.50562265163496,unassigned
410677,tH,124.83570765056163,123.94966038564371,1,3,3,146.83166389813528,3.329770563201687,30.70819111482666,0.7606056073988443,1.0,leptonic_bookkeeping,test,True,0.50562265163496,unassigned
520498,tH,124.83570765056163,123.94966038564371,1,3,3,146.83166389813528,3.329770563201687,30.70819111482666,0.7606056073988443,1.0,leptonic_bookkeeping,train,True,0.50562265163496,unassigned
834433,tH,124.83570765056163,123.94966038564371,1,3,3,146.83166389813528,3.329770563201687,30.70819111482666,0.7606056073988443,1.0,leptonic_bookkeeping,test,True,0.50562265163496,unassigned
395410,tH,124.83570765056163,123.94966038564371,1,3,3,146.83166389813528,3.329770563201687,30.70819111482666,0.7606056073988443,1.0,leptonic_bookkeeping,train,True,0.50562265163496,unassigned
709943,tH,124.83570765056163,123.94966038564371,1,3,3,146.83166389813528,3.329770563201687,30.70819111482666,0.7606056073988443,1.0,leptonic_bookkeeping,test,True,0.50562265163496,unassigned
112796,tH,124.83570765056163,123.94966038564371,1,3,3,146.83166389813528,3.329770563201687,30.70819111482666,0.7606056073988443,1.0,leptonic_bookkeeping,test,True,0.50562265163496,unassigned
202886,tH,124.83570765056163,123.94966038564371,1,3,3,146.83166389813528,3.329770563201687,30.70819111482666,0.7606056073988443,1.0,leptonic_bookkeeping,validation,True,0.50562265163496,unassigned
664475,tH,124.83570765056163,123.94966038564371,1,3,3,146.83166389813528,3.329770563201687,30.70819111482666,0.7606056073988443,1.0,leptonic_bookkeeping,train,True,0.50562265163496,unassigned
59283,tH,124.83570765056163,123.94966038564371,1,3,3,146.83166389813528,3.329770563201687,30.70819111482666,0.7606056073988443,1.0,leptonic_bookkeeping,validation,True,0.50562265163496,unassigned
483115,tH,124.83570765056163,123.94966038564371,1,3,3,146.83166389813528,3.329770563201687,30.70819111482666,0.7606056073988443,1.0,leptonic_bookkeeping,test,True,0.50562265163496,unassigned
264510,tH,124.83570765056163,123.94966038564371,1,3,3,146.83166389813528,3.329770563201687,30.70819111482666,0.7606056073988443,1.0,leptonic_bookkeeping,validation,True,0.50562265163496,unassigned
590629,tH,124.83570765056163,123.94966038564371,1,3,3,146.83166389813528,3.329770563201687,30.70819111482666,0.7606056073988443,1.0,leptonic_bookkeeping,train,True,0.50562265163496,unassigned
275862,tH,124.83570765056163,123.94966038564371,1,3,3,146.83166389813528,3.329770563201687,30.70819111482666,0.7606056073988443,1.0,leptonic_bookkeeping,validation,True,0.50562265163496,unassigned
787062,tH,124.83570765056163,123.94966038564371,1,3,3,146.83166389813528,3.329770563201687,30.70819111482666,0.7606056073988443,1.0,leptonic_bookkeeping,train,True,0.50562265163496,unassigned
101500,tH,124.83570765056163,123.94966038564371,1,3,3,146.83166389813528,3.329770563201687,30.70819111482666,0.7606056073988443,1.0,leptonic_bookkeeping,test,True,0.50562265163496,unassigned
363105,tH,124.83570765056163,123.94966038564371,1,3,3,146.83166389813528,3.329770563201687,30.70819111482666,0.7606056073988443,1.0,leptonic_bookkeeping,train,True,0.50562265163496,unassigned
723395,tH,124.83570765056163,123.94966038564371,1,3,3,146.83166389813528,3.329770563201687,30.70819111482666,0.7606056073988443,1.0,leptonic_bookkeeping,train,True,0.50562265163496,unassigned
215417,tH,124.83570765056163,123.94966038564371,1,3,3,146.83166389813528,3.329770563201687,30.70819111482666,0.7606056073988443,1.0,leptonic_bookkeeping,test,True,0.50562265163496,unassigned
166219,tH,124.83570765056163,123.94966038564371,1,3,3,146.83166389813528,3.329770563201687,30.70819111482666,0.7606056073988443,1.0,leptonic_bookkeeping,train,True,0.50562265163496,unassigned
477447,tH,124.83570765056163,123.94966038564371,1,3,3,146.83166389813528,3.329770563201687,30.70819111482666,0.7606056073988443,1.0,leptonic_bookkeeping,train,True,0.50562265163496,unassigned
800193,tH,124.83570765056163,123.94966038564371,1,3,3,146.83166389813528,3.329770563201687,30.70819111482666,0.7606056073988443,1.0,leptonic_bookkeeping,validation,True,0.50562265163496,unassigned
136093,tH,124.83570765056163,123.94966038564371,1,3,3,146.83166389813528,3.329770563201687,30.70819111482666,0.7606056073988443,1.0,leptonic_bookkeeping,train,True,0.50562265163496,unassigned
69889,tH,124.83570765056163,123.94966038564371,1,3,3,146.83166389813528,3.329770563201687,30.70819111482666,0.7606056073988443,1.0,leptonic_bookkeeping,validation,True,0.50562265163496,unassigned
595103,tH,124.83570765056163,123.94966038564371,1,3,3,146.83166389813528,3.329770563201687,30.70819111482666,0.7606056073988443,1.0,leptonic_bookkeeping,validation,True,0.50562265163496,unassigned
471387,tH,124.83570765056163,123.94966038564371,1,3,3,146.83166389813528,3.329770563201687,30.70819111482666,0.7606056073988443,1.0,leptonic_bookkeeping,validation,True,0.50562265163496,unassigned
936734,tH,124.83570765056163,123.94966038564371,1,3,3,146.83166389813528,3.329770563201687,30.70819111482666,0.7606056073988443,1.0,leptonic_bookkeeping,test,True,0.50562265163496,unassigned
937906,tH,124.83570765056163,123.94966038564371,1,3,3,146.83166389813528,3.329770563201687,30.70819111482666,0.7606056073988443,1.0,leptonic_bookkeeping,test,True,0.50562265163496,unassigned
305048,tH,124.83570765056163,123.94966038564371,1,3,3,146.83166389813528,3.329770563201687,30.70819111482666,0.7606056073988443,1.0,leptonic_bookkeeping,train,True,0.50562265163496,unassigned
325396,tH,124.83570765056163,123.94966038564371,1,3,3,146.83166389813528,3.329770563201687,30.70819111482666,0.7606056073988443,1.0,leptonic_bookkeeping,train,True,0.50562265163496,unassigned
655368,tH,124.83570765056163,123.94966038564371,1,3,3,146.83166389813528,3.329770563201687,30.70819111482666,0.7606056073988443,1.0,leptonic_bookkeeping,train,True,0.50562265163496,unassigned
987909,tH,124.83570765056163,123.94966038564371,1,3,3,146.83166389813528,3.329770563201687,30.70819111482666,0.7606056073988443,1.0,leptonic_bookkeeping,test,True,0.50562265163496,unassigned
557280,tH,124.83570765056163,123.94966038564371,1,3,3,146.83166389813528,3.329770563201687,30.70819111482666,0.7606056073988443,1.0,leptonic_bookkeeping,train,True,0.50562265163496,unassigned
921227,tH,124.83570765056163,123.94966038564371,1,3,3,146.83166389813528,3.329770563201687,30.70819111482666,0.7606056073988443,1.0,leptonic_bookkeeping,train,True,0.50562265163496,unassigned
332795,tH,124.83570765056163,123.94966038564371,1,3,3,146.83166389813528,3.329770563201687,30.70819111482666,0.7606056073988443,1.0,leptonic_bookkeeping,train,True,0.50562265163496,unassigned
891581,tH,124.83570765056163,123.94966038564371,1,3,3,146.83166389813528,3.329770563201687,30.70819111482666,0.7606056073988443,1.0,leptonic_bookkeeping,train,True,0.50562265163496,unassigned
976186,tH,124.83570765056163,123.94966038564371,1,3,3,146.83166389813528,3.329770563201687,30.70819111482666,0.7606056073988443,1.0,leptonic_bookkeeping,validation,True,0.50562265163496,unassigned
80320,tH,124.83570765056163,123.94966038564371,1,3,3,146.83166389813528,3.329770563201687,30.70819111482666,0.7606056073988443,1.0,leptonic_bookkeeping,validation,True,0.50562265163496,unassigned
800014,tH,124.83570765056163,123.94966038564371,1,3,3,146.83166389813528,3.329770563201687,30.70819111482666,0.7606056073988443,1.0,leptonic_bookkeeping,validation,True,0.50562265163496,unassigned
440924,tH,124.83570765056163,123.94966038564371,1,3,3,146.83166389813528,3.329770563201687,30.70819111482666,0.7606056073988443,1.0,leptonic_bookkeeping,validation,True,0.50562265163496,unassigned
655391,tH,124.83570765056163,123.94966038564371,1,3,3,146.83166389813528,3.329770563201687,30.70819111482666,0.7606056073988443,1.0,leptonic_bookkeeping,train,True,0.50562265163496,unassigned
999749,tH,124.83570765056163,123.94966038564371,1,3,3,146.83166389813528,3.329770563201687,30.70819111482666,0.7606056073988443,1.0,leptonic_bookkeeping,test,True,0.50562265163496,unassigned
687261,tH,124.83570765056163,123.94966038564371,1,3,3,146.83166389813528,3.329770563201687,30.70819111482666,0.7606056073988443,1.0,leptonic_bookkeeping,validation,True,0.50562265163496,unassigned
709104,tH,124.83570765056163,123.94966038564371,1,3,3,146.83166389813528,3.329770563201687,30.70819111482666,0.7606056073988443,1.0,leptonic_bookkeeping,validation,True,0.50562265163496,unassigned
181514,tH,124.83570765056163,123.94966038564371,1,3,3,146.83166389813528,3.329770563201687,30.70819111482666,0.7606056073988443,1.0,leptonic_bookkeeping,validation,True,0.50562265163496,unassigned
1389,tH,124.83570765056163,123.94966038564371,1,3,3,146.83166389813528,3.329770563201687,30.70819111482666,0.7606056073988443,1.0,leptonic_bookkeeping,train,True,0.50562265163496,unassigned
52345,tH,124.83570765056163,123.94966038564371,1,3,3,146.83166389813528,3.329770563201687,30.70819111482666,0.7606056073988443,1.0,leptonic_bookkeeping,train,True,0.50562265163496,unassigned
334383,tH,124.83570765056163,123.94966038564371,1,3,3,146.83166389813528,3.329770563201687,30.70819111482666,0.7606056073988443,1.0,leptonic_bookkeeping,train,True,0.50562265163496,unassigned
967371,tH,124.83570765056163,123.94966038564371,1,3,3,146.83166389813528,3.329770563201687,30.70819111482666,0.7606056073988443,1.0,leptonic_bookkeeping,test,True,0.50562265163496,unassigned
370914,tH,124.83570765056163,123.94966038564371,1,3,3,146.83166389813528,3.329770563201687,30.70819111482666,0.7606056073988443,1.0,leptonic_bookkeeping,test,True,0.50562265163496,unassigned
549329,tH,124.83570765056163,123.94966038564371,1,3,3,146.83166389813528,3.329770563201687,30.70819111482666,0.7606056073988443,1.0,leptonic_bookkeeping,train,True,0.50562265163496,unassigned
825422,tH,124.83570765056163,123.94966038564371,1,3,3,146.83166389813528,3.329770563201687,30.70819111482666,0.7606056073988443,1.0,leptonic_bookkeeping,train,True,0.50562265163496,unassigned
770764,tH,124.83570765056163,123.94966038564371,1,3,3,146.83166389813528,3.329770563201687,30.70819111482666,0.7606056073988443,1.0,leptonic_bookkeeping,validation,True,0.50562265163496,unassigned
58465,tH,124.83570765056163,123.94966038564371,1,3,3,146.83166389813528,3.329770563201687,30.70819111482666,0.7606056073988443,1.0,leptonic_bookkeeping,validation,True,0.50562265163496,unassigned
270998,tH,124.83570765056163,123.94966038564371,1,3,3,146.83166389813528,3.329770563201687,30.70819111482666,0.7606056073988443,1.0,leptonic_bookkeeping,train,True,0.50562265163496,unassigned
943580,tH,124.83570765056163,123.94966038564371,1,3,3,146.83166389813528,3.329770563201687,30.70819111482666,0.7606056073988443,1.0,leptonic_bookkeeping,train,True,0.50562265163496,unassigned
279617,tH,124.83570765056163,123.94966038564371,1,3,3,146.83166389813528,3.329770563201687,30.70819111482666,0.7606056073988443,1.0,leptonic_bookkeeping,train,True,0.50562265163496,unassigned
207812,tH,124.83570765056163,123.94966038564371,1,3,3,146.83166389813528,3.329770563201687,30.70819111482666,0.7606056073988443,1.0,leptonic_bookkeeping,train,True,0.50562265163496,unassigned
216348,tH,124.83570765056163,123.94966038564371,1,3,3,146.83166389813528,3.329770563201687,30.70819111482666,0.7606056073988443,1.0,leptonic_bookkeeping,test,True,0.50562265163496,unassigned
292134,tH,124.83570765056163,123.94966038564371,1,3,3,146.83166389813528,3.329770563201687,30.70819111482666,0.7606056073988443,1.0,leptonic_bookkeeping,train,True,0.50562265163496,unassigned
636696,tH,124.83570765056163,123.94966038564371,1,3,3,146.83166389813528,3.329770563201687,30.70819111482666,0.7606056073988443,1.0,leptonic_bookkeeping,validation,True,0.50562265163496,unassigned
864992,tH,124.83570765056163,123.94966038564371,1,3,3,146.83166389813528,3.329770563201687,30.70819111482666,0.7606056073988443,1.0,leptonic_bookkeeping,test,True,0.50562265163496,unassigned
650783,tH,124.83570765056163,123.94966038564371,1,3,3,146.83166389813528,3.329770563201687,30.70819111482666,0.7606056073988443,1.0,leptonic_bookkeeping,train,True,0.50562265163496,unassigned
738490,tH,124.83570765056163,123.94966038564371,1,3,3,146.83166389813528,3.329770563201687,30.70819111482666,0.7606056073988443,1.0,leptonic_bookkeeping,validation,True,0.50562265163496,unassigned
482332,tH,124.83570765056163,123.94966038564371,1,3,3,146.83166389813528,3.329770563201687,30.70819111482666,0.7606056073988443,1.0,leptonic_bookkeeping,validation,True,0.50562265163496,unassigned
971130,tH,124.83570765056163,123.94966038564371,1,3,3,146.83166389813528,3.329770563201687,30.70819111482666,0.7606056073988443,1.0,leptonic_bookkeeping,train,True,0.50562265163496,unassigned
233387,tH,124.83570765056163,123.94966038564371,1,3,3,146.83166389813528,3.329770563201687,30.70819111482666,0.7606056073988443,1.0,leptonic_bookkeeping,validation,True,0.50562265163496,unassigned
27475,tH,124.83570765056163,123.94966038564371,1,3,3,146.83166389813528,3.329770563201687,30.70819111482666,0.7606056073988443,1.0,leptonic_bookkeeping,validation,True,0.50562265163496,unassigned
755709,tH,124.83570765056163,123.94966038564371,1,3,3,146.83166389813528,3.329770563201687,30.70819111482666,0.7606056073988443,1.0,leptonic_bookkeeping,train,True,0.50562265163496,unassigned
744832,tH,124.83570765056163,123.94966038564371,1,3,3,146.83166389813528,3.329770563201687,30.70819111482666,0.7606056073988443,1.0,leptonic_bookkeeping,train,True,0.50562265163496,unassigned
870086,tH,124.83570765056163,123.94966038564371,1,3,3,146.83166389813528,3.329770563201687,30.70819111482666,0.7606056073988443,1.0,leptonic_bookkeeping,train,True,0.50562265163496,unassigned
926368,tH,124.83570765056163,123.94966038564371,1,3,3,146.83166389813528,3.329770563201687,30.70819111482666,0.7606056073988443,1.0,leptonic_bookkeeping,test,True,0.50562265163496,unassigned
625580,tH,124.83570765056163,123.94966038564371,1,3,3,146.83166389813528,3.329770563201687,30.70819111482666,0.7606056073988443,1.0,leptonic_bookkeeping,validation,True,0.50562265163496,unassigned
142473,tH,124.83570765056163,123.94966038564371,1,3,3,146.83166389813528,3.329770563201687,30.70819111482666,0.7606056073988443,1.0,leptonic_bookkeeping,test,True,0.50562265163496,unassigned
938742,tH,124.83570765056163,123.94966038564371,1,3,3,146.83166389813528,3.329770563201687,30.70819111482666,0.7606056073988443,1.0,leptonic_bookkeeping,train,True,0.50562265163496,unassigned
328801,tH,124.83570765056163,123.94966038564371,1,3,3,146.83166389813528,3.329770563201687,30.70819111482666,0.7606056073988443,1.0,leptonic_bookkeeping,test,True,0.50562265163496,unassigned
919696,tH,124.83570765056163,123.94966038564371,1,3,3,146.83166389813528,3.329770563201687,30.70819111482666,0.7606056073988443,1.0,leptonic_bookkeeping,train,True,0.50562265163496,unassigned
800804,tH,124.83570765056163,123.94966038564371,1,3,3,146.83166389813528,3.329770563201687,30.70819111482666,0.7606056073988443,1.0,leptonic_bookkeeping,validation,True,0.50562265163496,unassigned
160084,tH,124.83570765056163,123.94966038564371,1,3,3,146.83166389813528,3.329770563201687,30.70819111482666,0.7606056073988443,1.0,leptonic_bookkeeping,train,True,0.50562265163496,unassigned
397033,tH,124.83570765056163,123.94966038564371,1,3,3,146.83166389813528,3.329770563201687,30.70819111482666,0.7606056073988443,1.0,leptonic_bookkeeping,train,True,0.50562265163496,unassigned
984868,tH,124.83570765056163,123.94966038564371,1,3,3,146.83166389813528,3.329770563201687,30.70819111482666,0.7606056073988443,1.0,leptonic_bookkeeping,train,True,0.50562265163496,unassigned
696492,tH,124.83570765056163,123.94966038564371,1,3,3,146.83166389813528,3.329770563201687,30.70819111482666,0.7606056073988443,1.0,leptonic_bookkeeping,train,True,0.50562265163496,unassigned
732896,tH,124.83570765056163,123.94966038564371,1,3,3,146.83166389813528,3.329770563201687,30.70819111482666,0.7606056073988443,1.0,leptonic_bookkeeping,train,True,0.50562265163496,unassigned
861826,tH,124.83570765056163,123.94966038564371,1,3,3,146.83166389813528,3.329770563201687,30.70819111482666,0.7606056073988443,1.0,leptonic_bookkeeping,train,True,0.50562265163496,unassigned
361503,tH,124.83570765056163,123.94966038564371,1,3,3,146.83166389813528,3.329770563201687,30.70819111482666,0.7606056073988443,1.0,leptonic_bookkeeping,train,True,0.50562265163496,unassigned
536187,tH,124.83570765056163,123.94966038564371,1,3,3,146.83166389813528,3.329770563201687,30.70819111482666,0.7606056073988443,1.0,leptonic_bookkeeping,train,True,0.50562265163496,unassigned
680905,tH,124.83570765056163,123.94966038564371,1,3,3,146.83166389813528,3.329770563201687,30.70819111482666,0.7606056073988443,1.0,leptonic_bookkeeping,train,True,0.50562265163496,unassigned
466071,tH,124.83570765056163,123.94966038564371,1,3,3,146.83166389813528,3.329770563201687,30.70819111482666,0.7606056073988443,1.0,leptonic_bookkeeping,train,True,0.50562265163496,unassigned
7083,tH,124.83570765056163,123.94966038564371,1,3,3,146.83166389813528,3.329770563201687,30.70819111482666,0.7606056073988443,1.0,leptonic_bookkeeping,validation,True,0.50562265163496,unassigned
62012,tH,124.83570765056163,123.94966038564371,1,3,3,146.83166389813528,3.329770563201687,30.70819111482666,0.7606056073988443,1.0,leptonic_bookkeeping,train,True,0.50562265163496,unassigned
700173,tH,124.83570765056163,123.94966038564371,1,3,3,146.83166389813528,3.329770563201687,30.70819111482666,0.7606056073988443,1.0,leptonic_bookkeeping,test,True,0.50562265163496,unassigned
416455,tH,124.83570765056163,123.94966038564371,1,3,3,146.83166389813528,3.329770563201687,30.70819111482666,0.7606056073988443,1.0,leptonic_bookkeeping,train,True,0.50562265163496,unassigned
928056,tH,124.83570765056163,123.94966038564371,1,3,3,146.83166389813528,3.329770563201687,30.70819111482666,0.7606056073988443,1.0,leptonic_bookkeeping,train,True,0.50562265163496,unassigned
348340,tH,124.83570765056163,123.94966038564371,1,3,3,146.83166389813528,3.329770563201687,30.70819111482666,0.7606056073988443,1.0,leptonic_bookkeeping,validation,True,0.50562265163496,unassigned
666228,tH,124.83570765056163,123.94966038564371,1,3,3,146.83166389813528,3.329770563201687,30.70819111482666,0.7606056073988443,1.0,leptonic_bookkeeping,validation,True,0.50562265163496,unassigned
649294,tH,124.83570765056163,123.94966038564371,1,3,3,146.83166389813528,3.329770563201687,30.70819111482666,0.7606056073988443,1.0,leptonic_bookkeeping,test,True,0.50562265163496,unassigned
550141,tH,124.83570765056163,123.94966038564371,1,3,3,146.83166389813528,3.329770563201687,30.70819111482666,0.7606056073988443,1.0,leptonic_bookkeeping,train,True,0.50562265163496,unassigned
102308,tH,124.83570765056163,123.94966038564371,1,3,3,146.83166389813528,3.329770563201687,30.70819111482666,0.7606056073988443,1.0,leptonic_bookkeeping,test,True,0.50562265163496,unassigned
927023,tH,124.83570765056163,123.94966038564371,1,3,3,146.83166389813528,3.329770563201687,30.70819111482666,0.7606056073988443,1.0,leptonic_bookkeeping,test,True,0.50562265163496,unassigned
241828,tH,124.83570765056163,123.94966038564371,1,3,3,146.83166389813528,3.329770563201687,30.70819111482666,0.7606056073988443,1.0,leptonic_bookkeeping,train,True,0.50562265163496,unassigned
467891,tH,124.83570765056163,123.94966038564371,1,3,3,146.83166389813528,3.329770563201687,30.70819111482666,0.7606056073988443,1.0,leptonic_bookkeeping,train,True,0.50562265163496,unassigned
533044,tH,124.83570765056163,123.94966038564371,1,3,3,146.83166389813528,3.329770563201687,30.70819111482666,0.7606056073988443,1.0,leptonic_bookkeeping,validation,True,0.50562265163496,unassigned
777734,tH,124.83570765056163,123.94966038564371,1,3,3,146.83166389813528,3.329770563201687,30.70819111482666,0.7606056073988443,1.0,leptonic_bookkeeping,train,True,0.50562265163496,unassigned
896876,tH,124.83570765056163,123.94966038564371,1,3,3,146.83166389813528,3.329770563201687,30.70819111482666,0.7606056073988443,1.0,leptonic_bookkeeping,test,True,0.50562265163496,unassigned
728078,tH,124.83570765056163,123.94966038564371,1,3,3,146.83166389813528,3.329770563201687,30.70819111482666,0.7606056073988443,1.0,leptonic_bookkeeping,validation,True,0.50562265163496,unassigned
318989,tH,124.83570765056163,123.94966038564371,1,3,3,146.83166389813528,3.329770563201687,30.70819111482666,0.7606056073988443,1.0,leptonic_bookkeeping,test,True,0.50562265163496,unassigned
809503,tH,124.83570765056163,123.94966038564371,1,3,3,146.83166389813528,3.329770563201687,30.70819111482666,0.7606056073988443,1.0,leptonic_bookkeeping,train,True,0.50562265163496,unassigned
205719,tH,124.83570765056163,123.94966038564371,1,3,3,146.83166389813528,3.329770563201687,30.70819111482666,0.7606056073988443,1.0,leptonic_bookkeeping,test,True,0.50562265163496,unassigned
646714,tH,124.83570765056163,123.94966038564371,1,3,3,146.83166389813528,3.329770563201687,30.70819111482666,0.7606056073988443,1.0,leptonic_bookkeeping,validation,True,0.50562265163496,unassigned
839695,tH,124.83570765056163,123.94966038564371,1,3,3,146.83166389813528,3.329770563201687,30.70819111482666,0.7606056073988443,1.0,leptonic_bookkeeping,train,True,0.50562265163496,unassigned
128697,tH,124.83570765056163,123.94966038564371,1,3,3,146.83166389813528,3.329770563201687,30.70819111482666,0.7606056073988443,1.0,leptonic_bookkeeping,train,True,0.50562265163496,unassigned
410703,tH,124.83570765056163,123.94966038564371,1,3,3,146.83166389813528,3.329770563201687,30.70819111482666,0.7606056073988443,1.0,leptonic_bookkeeping,test,True,0.50562265163496,unassigned
247119,tH,124.83570765056163,123.94966038564371,1,3,3,146.83166389813528,3.329770563201687,30.70819111482666,0.7606056073988443,1.0,leptonic_bookkeeping,test,True,0.50562265163496,unassigned
767194,tH,124.83570765056163,123.94966038564371,1,3,3,146.83166389813528,3.329770563201687,30.70819111482666,0.7606056073988443,1.0,leptonic_bookkeeping,train,True,0.50562265163496,unassigned
5174,tH,124.83570765056163,123.94966038564371,1,3,3,146.83166389813528,3.329770563201687,30.70819111482666,0.7606056073988443,1.0,leptonic_bookkeeping,train,True,0.50562265163496,unassigned
876835,tH,124.83570765056163,123.94966038564371,1,3,3,146.83166389813528,3.329770563201687,30.70819111482666,0.7606056073988443,1.0,leptonic_bookkeeping,train,True,0.50562265163496,unassigned
534367,tH,124.83570765056163,123.94966038564371,1,3,3,146.83166389813528,3.329770563201687,30.70819111482666,0.7606056073988443,1.0,leptonic_bookkeeping,test,True,0.50562265163496,unassigned
176055,tH,124.83570765056163,123.94966038564371,1,3,3,146.83166389813528,3.329770563201687,30.70819111482666,0.7606056073988443,1.0,leptonic_bookkeeping,train,True,0.50562265163496,unassigned
966922,tH,124.83570765056163,123.94966038564371,1,3,3,146.83166389813528,3.329770563201687,30.70819111482666,0.7606056073988443,1.0,leptonic_bookkeeping,validation,True,0.50562265163496,unassigned
98446,tH,124.83570765056163,123.94966038564371,1,3,3,146.83166389813528,3.329770563201687,30.70819111482666,0.7606056073988443,1.0,leptonic_bookkeeping,train,True,0.50562265163496,unassigned
667665,tH,124.83570765056163,123.94966038564371,1,3,3,146.83166389813528,3.329770563201687,30.70819111482666,0.7606056073988443,1.0,leptonic_bookkeeping,validation,True,0.50562265163496,unassigned
913231,tH,124.83570765056163,123.94966038564371,1,3,3,146.83166389813528,3.329770563201687,30.70819111482666,0.7606056073988443,1.0,leptonic_bookkeeping,train,True,0.50562265163496,unassigned
885512,tH,124.83570765056163,123.94966038564371,1,3,3,146.83166389813528,3.329770563201687,30.70819111482666,0.7606056073988443,1.0,leptonic_bookkeeping,test,True,0.50562265163496,unassigned
926899,tH,124.83570765056163,123.94966038564371,1,3,3,146.83166389813528,3.329770563201687,30.70819111482666,0.7606056073988443,1.0,leptonic_bookkeeping,test,True,0.50562265163496,unassigned
58822,tH,124.83570765056163,123.94966038564371,1,3,3,146.83166389813528,3.329770563201687,30.70819111482666,0.7606056073988443,1.0,leptonic_bookkeeping,validation,True,0.50562265163496,unassigned
551911,tH,124.83570765056163,123.94966038564371,1,3,3,146.83166389813528,3.329770563201687,30.70819111482666,0.7606056073988443,1.0,leptonic_bookkeeping,train,True,0.50562265163496,unassigned
389834,tH,124.83570765056163,123.94966038564371,1,3,3,146.83166389813528,3.329770563201687,30.70819111482666,0.7606056073988443,1.0,leptonic_bookkeeping,test,True,0.50562265163496,unassigned
960760,tH,124.83570765056163,123.94966038564371,1,3,3,146.83166389813528,3.329770563201687,30.70819111482666,0.7606056073988443,1.0,leptonic_bookkeeping,train,True,0.50562265163496,unassigned
861181,tH,124.83570765056163,123.94966038564371,1,3,3,146.83166389813528,3.329770563201687,30.70819111482666,0.7606056073988443,1.0,leptonic_bookkeeping,train,True,0.50562265163496,unassigned
186566,tH,124.83570765056163,123.94966038564371,1,3,3,146.83166389813528,3.329770563201687,30.70819111482666,0.7606056073988443,1.0,leptonic_bookkeeping,train,True,0.50562265163496,unassigned
836943,tH,124.83570765056163,123.94966038564371,1,3,3,146.83166389813528,3.329770563201687,30.70819111482666,0.7606056073988443,1.0,leptonic_bookkeeping,train,True,0.50562265163496,unassigned
67824,tH,124.83570765056163,123.94966038564371,1,3,3,146.83166389813528,3.329770563201687,30.70819111482666,0.7606056073988443,1.0,leptonic_bookkeeping,train,True,0.50562265163496,unassigned
289163,tH,124.83570765056163,123.94966038564371,1,3,3,146.83166389813528,3.329770563201687,30.70819111482666,0.7606056073988443,1.0,leptonic_bookkeeping,train,True,0.50562265163496,unassigned
951217,tH,124.83570765056163,123.94966038564371,1,3,3,146.83166389813528,3.329770563201687,30.70819111482666,0.7606056073988443,1.0,leptonic_bookkeeping,train,True,0.50562265163496,unassigned
649885,tH,124.83570765056163,123.94966038564371,1,3,3,146.83166389813528,3.329770563201687,30.70819111482666,0.7606056073988443,1.0,leptonic_bookkeeping,train,True,0.50562265163496,unassigned
571697,tH,124.83570765056163,123.94966038564371,1,3,3,146.83166389813528,3.329770563201687,30.70819111482666,0.7606056073988443,1.0,leptonic_bookkeeping,train,True,0.50562265163496,unassigned
96396,tH,124.83570765056163,123.94966038564371,1,3,3,146.83166389813528,3.329770563201687,30.70819111482666,0.7606056073988443,1.0,leptonic_bookkeeping,train,True,0.50562265163496,unassigned
262349,tH,124.83570765056163,123.94966038564371,1,3,3,146.83166389813528,3.329770563201687,30.70819111482666,0.7606056073988443,1.0,leptonic_bookkeeping,train,True,0.50562265163496,unassigned
540557,tH,124.83570765056163,123.94966038564371,1,3,3,146.83166389813528,3.329770563201687,30.70819111482666,0.7606056073988443,1.0,leptonic_bookkeeping,train,True,0.50562265163496,unassigned
412436,tH,124.83570765056163,123.94966038564371,1,3,3,146.83166389813528,3.329770563201687,30.70819111482666,0.7606056073988443,1.0,leptonic_bookkeeping,train,True,0.50562265163496,unassigned
67036,tH,124.83570765056163,123.94966038564371,1,3,3,146.83166389813528,3.329770563201687,30.70819111482666,0.7606056073988443,1.0,leptonic_bookkeeping,train,True,0.50562265163496,unassigned
608576,tH,124.83570765056163,123.94966038564371,1,3,3,146.83166389813528,3.329770563201687,30.70819111482666,0.7606056073988443,1.0,leptonic_bookkeeping,train,True,0.50562265163496,unassigned
591991,tH,124.83570765056163,123.94966038564371,1,3,3,146.83166389813528,3.329770563201687,30.70819111482666,0.7606056073988443,1.0,leptonic_bookkeeping,train,True,0.50562265163496,unassigned
169228,tH,124.83570765056163,123.94966038564371,1,3,3,146.83166389813528,3.329770563201687,30.70819111482666,0.7606056073988443,1.0,leptonic_bookkeeping,train,True,0.50562265163496,unassigned
920605,tH,124.83570765056163,123.94966038564371,1,3,3,146.83166389813528,3.329770563201687,30.70819111482666,0.7606056073988443,1.0,leptonic_bookkeeping,train,True,0.50562265163496,unassigned
562989,tH,124.83570765056163,123.94966038564371,1,3,3,146.83166389813528,3.329770563201687,30.70819111482666,0.7606056073988443,1.0,leptonic_bookkeeping,validation,True,0.50562265163496,unassigned
515103,tH,124.83570765056163,123.94966038564371,1,3,3,146.83166389813528,3.329770563201687,30.70819111482666,0.7606056073988443,1.0,leptonic_bookkeeping,test,True,0.50562265163496,unassigned
376139,tH,124.83570765056163,123.94966038564371,1,3,3,146.83166389813528,3.329770563201687,30.70819111482666,0.7606056073988443,1.0,leptonic_bookkeeping,train,True,0.50562265163496,unassigned
662425,tH,124.83570765056163,123.94966038564371,1,3,3,146.83166389813528,3.329770563201687,30.70819111482666,0.7606056073988443,1.0,leptonic_bookkeeping,train,True,0.50562265163496,unassigned
905810,tH,124.83570765056163,123.94966038564371,1,3,3,146.83166389813528,3.329770563201687,30.70819111482666,0.7606056073988443,1.0,leptonic_bookkeeping,test,True,0.50562265163496,unassigned
74063,tH,124.83570765056163,123.94966038564371,1,3,3,146.83166389813528,3.329770563201687,30.70819111482666,0.7606056073988443,1.0,leptonic_bookkeeping,train,True,0.50562265163496,unassigned
410892,tH,124.83570765056163,123.94966038564371,1,3,3,146.83166389813528,3.329770563201687,30.70819111482666,0.7606056073988443,1.0,leptonic_bookkeeping,test,True,0.50562265163496,unassigned
353865,tH,124.83570765056163,123.94966038564371,1,3,3,146.83166389813528,3.329770563201687,30.70819111482666,0.7606056073988443,1.0,leptonic_bookkeeping,train,True,0.50562265163496,unassigned
91118,tH,124.83570765056163,123.94966038564371,1,3,3,146.83166389813528,3.329770563201687,30.70819111482666,0.7606056073988443,1.0,leptonic_bookkeeping,test,True,0.50562265163496,unassigned
678467,tH,124.83570765056163,123.94966038564371,1,3,3,146.83166389813528,3.329770563201687,30.70819111482666,0.7606056073988443,1.0,leptonic_bookkeeping,test,True,0.50562265163496,unassigned
635072,tH,124.83570765056163,123.94966038564371,1,3,3,146.83166389813528,3.329770563201687,30.70819111482666,0.7606056073988443,1.0,leptonic_bookkeeping,validation,True,0.50562265163496,unassigned
14661,tH,124.83570765056163,123.94966038564371,1,3,3,146.83166389813528,3.329770563201687,30.70819111482666,0.7606056073988443,1.0,leptonic_bookkeeping,train,True,0.50562265163496,unassigned
279239,tH,124.83570765056163,123.94966038564371,1,3,3,146.83166389813528,3.329770563201687,30.70819111482666,0.7606056073988443,1.0,leptonic_bookkeeping,train,True,0.50562265163496,unassigned
483115,tH,124.83570765056163,123.94966038564371,1,3,3,146.83166389813528,3.329770563201687,30.70819111482666,0.7606056073988443,1.0,leptonic_bookkeeping,test,True,0.50562265163496,unassigned
37538,tH,124.83570765056163,123.94966038564371,1,3,3,146.83166389813528,3.329770563201687,30.70819111482666,0.7606056073988443,1.0,leptonic_bookkeeping,validation,True,0.50562265163496,unassigned
431065,tH,124.83570765056163,123.94966038564371,1,3,3,146.83166389813528,3.329770563201687,30.70819111482666,0.7606056073988443,1.0,leptonic_bookkeeping,test,True,0.50562265163496,unassigned
965920,tH,124.83570765056163,123.94966038564371,1,3,3,146.83166389813528,3.329770563201687,30.70819111482666,0.7606056073988443,1.0,leptonic_bookkeeping,validation,True,0.50562265163496,unassigned
440065,tH,124.83570765056163,123.94966038564371,1,3,3,146.83166389813528,3.329770563201687,30.70819111482666,0.7606056073988443,1.0,leptonic_bookkeeping,validation,True,0.50562265163496,unassigned
966938,tH,124.83570765056163,123.94966038564371,1,3,3,146.83166389813528,3.329770563201687,30.70819111482666,0.7606056073988443,1.0,leptonic_bookkeeping,validation,True,0.50562265163496,unassigned
410558,tH,124.83570765056163,123.94966038564371,1,3,3,146.83166389813528,3.329770563201687,30.70819111482666,0.7606056073988443,1.0,leptonic_bookkeeping,test,True,0.50562265163496,unassigned
792212,tH,124.83570765056163,123.94966038564371,1,3,3,146.83166389813528,3.329770563201687,30.70819111482666,0.7606056073988443,1.0,leptonic_bookkeeping,test,True,0.50562265163496,unassigned
422597,tH,124.83570765056163,123.94966038564371,1,3,3,146.83166389813528,3.329770563201687,30.70819111482666,0.7606056073988443,1.0,leptonic_bookkeeping,test,True,0.50562265163496,unassigned
676266,tH,124.83570765056163,123.94966038564371,1,3,3,146.83166389813528,3.329770563201687,30.70819111482666,0.7606056073988443,1.0,leptonic_bookkeeping,train,True,0.50562265163496,unassigned
923643,tH,124.83570765056163,123.94966038564371,1,3,3,146.83166389813528,3.329770563201687,30.70819111482666,0.7606056073988443,1.0,leptonic_bookkeeping,train,True,0.50562265163496,unassigned
71344,tH,124.83570765056163,123.94966038564371,1,3,3,146.83166389813528,3.329770563201687,30.70819111482666,0.7606056073988443,1.0,leptonic_bookkeeping,test,True,0.50562265163496,unassigned
827229,tH,124.83570765056163,123.94966038564371,1,3,3,146.83166389813528,3.329770563201687,30.70819111482666,0.7606056073988443,1.0,leptonic_bookkeeping,train,True,0.50562265163496,unassigned
484655,tH,124.83570765056163,123.94966038564371,1,3,3,146.83166389813528,3.329770563201687,30.70819111482666,0.7606056073988443,1.0,leptonic_bookkeeping,train,True,0.50562265163496,unassigned
783078,tH,124.83570765056163,123.94966038564371,1,3,3,146.83166389813528,3.329770563201687,30.70819111482666,0.7606056073988443,1.0,leptonic_bookkeeping,test,True,0.50562265163496,unassigned
391542,tH,124.83570765056163,123.94966038564371,1,3,3,146.83166389813528,3.329770563201687,30.70819111482666,0.7606056073988443,1.0,leptonic_bookkeeping,test,True,0.50562265163496,unassigned
986814,tH,124.83570765056163,123.94966038564371,1,3,3,146.83166389813528,3.329770563201687,30.70819111482666,0.7606056073988443,1.0,leptonic_bookkeeping,validation,True,0.50562265163496,unassigned
273230,tH,124.83570765056163,123.94966038564371,1,3,3,146.83166389813528,3.329770563201687,30.70819111482666,0.7606056073988443,1.0,leptonic_bookkeeping,train,True,0.50562265163496,unassigned
644494,tH,124.83570765056163,123.94966038564371,1,3,3,146.83166389813528,3.329770563201687,30.70819111482666,0.7606056073988443,1.0,leptonic_bookkeeping,train,True,0.50562265163496,unassigned
956262,tH,124.83570765056163,123.94966038564371,1,3,3,146.83166389813528,3.329770563201687,30.70819111482666,0.7606056073988443,1.0,leptonic_bookkeeping,validation,True,0.50562265163496,unassigned
697170,tH,124.83570765056163,123.94966038564371,1,3,3,146.83166389813528,3.329770563201687,30.70819111482666,0.7606056073988443,1.0,leptonic_bookkeeping,validation,True,0.50562265163496,unassigned
88690,tH,124.83570765056163,123.94966038564371,1,3,3,146.83166389813528,3.329770563201687,30.70819111482666,0.7606056073988443,1.0,leptonic_bookkeeping,validation,True,0.50562265163496,unassigned
825744,tH,124.83570765056163,123.94966038564371,1,3,3,146.83166389813528,3.329770563201687,30.70819111482666,0.7606056073988443,1.0,leptonic_bookkeeping,train,True,0.50562265163496,unassigned
138496,tH,124.83570765056163,123.94966038564371,1,3,3,146.83166389813528,3.329770563201687,30.70819111482666,0.7606056073988443,1.0,leptonic_bookkeeping,train,True,0.50562265163496,unassigned
365226,tH,124.83570765056163,123.94966038564371,1,3,3,146.83166389813528,3.329770563201687,30.70819111482666,0.7606056073988443,1.0,leptonic_bookkeeping,train,True,0.50562265163496,unassigned
951382,tH,124.83570765056163,123.94966038564371,1,3,3,146.83166389813528,3.329770563201687,30.70819111482666,0.7606056073988443,1.0,leptonic_bookkeeping,train,True,0.50562265163496,unassigned
278515,tH,124.83570765056163,123.94966038564371,1,3,3,146.83166389813528,3.329770563201687,30.70819111482666,0.7606056073988443,1.0,leptonic_bookkeeping,train,True,0.50562265163496,unassigned
490440,tH,124.83570765056163,123.94966038564371,1,3,3,146.83166389813528,3.329770563201687,30.70819111482666,0.7606056073988443,1.0,leptonic_bookkeeping,train,True,0.50562265163496,unassigned
278111,tH,124.83570765056163,123.94966038564371,1,3,3,146.83166389813528,3.329770563201687,30.70819111482666,0.7606056073988443,1.0,leptonic_bookkeeping,test,True,0.50562265163496,unassigned
106442,tH,124.83570765056163,123.94966038564371,1,3,3,146.83166389813528,3.329770563201687,30.70819111482666,0.7606056073988443,1.0,leptonic_bookkeeping,train,True,0.50562265163496,unassigned
626383,tH,124.83570765056163,123.94966038564371,1,3,3,146.83166389813528,3.329770563201687,30.70819111482666,0.7606056073988443,1.0,leptonic_bookkeeping,validation,True,0.50562265163496,unassigned
409130,tH,124.83570765056163,123.94966038564371,1,3,3,146.83166389813528,3.329770563201687,30.70819111482666,0.7606056073988443,1.0,leptonic_bookkeeping,validation,True,0.50562265163496,unassigned
901997,tH,124.83570765056163,123.94966038564371,1,3,3,146.83166389813528,3.329770563201687,30.70819111482666,0.7606056073988443,1.0,leptonic_bookkeeping,train,True,0.50562265163496,unassigned
239038,tH,124.83570765056163,123.94966038564371,1,3,3,146.83166389813528,3.329770563201687,30.70819111482666,0.7606056073988443,1.0,leptonic_bookkeeping,train,True,0.50562265163496,unassigned
254759,tH,124.83570765056163,123.94966038564371,1,3,3,146.83166389813528,3.329770563201687,30.70819111482666,0.7606056073988443,1.0,leptonic_bookkeeping,validation,True,0.50562265163496,unassigned
674799,tH,124.83570765056163,123.94966038564371,1,3,3,146.83166389813528,3.329770563201687,30.70819111482666,0.7606056073988443,1.0,leptonic_bookkeeping,train,True,0.50562265163496,unassigned
681099,tH,124.83570765056163,123.94966038564371,1,3,3,146.83166389813528,3.329770563201687,30.70819111482666,0.7606056073988443,1.0,leptonic_bookkeeping,train,True,0.50562265163496,unassigned
563310,tH,124.83570765056163,123.94966038564371,1,3,3,146.83166389813528,3.329770563201687,30.70819111482666,0.7606056073988443,1.0,leptonic_bookkeeping,validation,True,0.50562265163496,unassigned
576570,tH,124.83570765056163,123.94966038564371,1,3,3,146.83166389813528,3.329770563201687,30.70819111482666,0.7606056073988443,1.0,leptonic_bookkeeping,test,True,0.50562265163496,unassigned
197515,tH,124.83570765056163,123.94966038564371,1,3,3,146.83166389813528,3.329770563201687,30.70819111482666,0.7606056073988443,1.0,leptonic_bookkeeping,train,True,0.50562265163496,unassigned
784885,tH,124.83570765056163,123.94966038564371,1,3,3,146.83166389813528,3.329770563201687,30.70819111482666,0.7606056073988443,1.0,leptonic_bookkeeping,train,True,0.50562265163496,unassigned
129577,tH,124.83570765056163,123.94966038564371,1,3,3,146.83166389813528,3.329770563201687,30.70819111482666,0.7606056073988443,1.0,leptonic_bookkeeping,train,True,0.50562265163496,unassigned
534937,tH,124.83570765056163,123.94966038564371,1,3,3,146.83166389813528,3.329770563201687,30.70819111482666,0.7606056073988443,1.0,leptonic_bookkeeping,test,True,0.50562265163496,unassigned
280235,tH,124.83570765056163,123.94966038564371,1,3,3,146.83166389813528,3.329770563201687,30.70819111482666,0.7606056073988443,1.0,leptonic_bookkeeping,train,True,0.50562265163496,unassigned
200971,tH,124.83570765056163,123.94966038564371,1,3,3,146.83166389813528,3.329770563201687,30.70819111482666,0.7606056073988443,1.0,leptonic_bookkeeping,train,True,0.50562265163496,unassigned
362328,tH,124.83570765056163,123.94966038564371,1,3,3,146.83166389813528,3.329770563201687,30.70819111482666,0.7606056073988443,1.0,leptonic_bookkeeping,train,True,0.50562265163496,unassigned
301839,tH,124.83570765056163,123.94966038564371,1,3,3,146.83166389813528,3.329770563201687,30.70819111482666,0.7606056073988443,1.0,leptonic_bookkeeping,train,True,0.50562265163496,unassigned
199181,tH,124.83570765056163,123.94966038564371,1,3,3,146.83166389813528,3.329770563201687,30.70819111482666,0.7606056073988443,1.0,leptonic_bookkeeping,train,True,0.50562265163496,unassigned
817157,tH,124.83570765056163,123.94966038564371,1,3,3,146.83166389813528,3.329770563201687,30.70819111482666,0.7606056073988443,1.0,leptonic_bookkeeping,train,True,0.50562265163496,unassigned
124634,tH,124.83570765056163,123.94966038564371,1,3,3,146.83166389813528,3.329770563201687,30.70819111482666,0.7606056073988443,1.0,leptonic_bookkeeping,train,True,0.50562265163496,unassigned
586851,tH,124.83570765056163,123.94966038564371,1,3,3,146.83166389813528,3.329770563201687,30.70819111482666,0.7606056073988443,1.0,leptonic_bookkeeping,test,True,0.50562265163496,unassigned
555114,tH,124.83570765056163,123.94966038564371,1,3,3,146.83166389813528,3.329770563201687,30.70819111482666,0.7606056073988443,1.0,leptonic_bookkeeping,test,True,0.50562265163496,unassigned
541499,tH,124.83570765056163,123.94966038564371,1,3,3,146.83166389813528,3.329770563201687,30.70819111482666,0.7606056073988443,1.0,leptonic_bookkeeping,train,True,0.50562265163496,unassigned
790895,tH,124.83570765056163,123.94966038564371,1,3,3,146.83166389813528,3.329770563201687,30.70819111482666,0.7606056073988443,1.0,leptonic_bookkeeping,validation,True,0.50562265163496,unassigned
163504,tH,124.83570765056163,123.94966038564371,1,3,3,146.83166389813528,3.329770563201687,30.70819111482666,0.7606056073988443,1.0,leptonic_bookkeeping,test,True,0.50562265163496,unassigned
189509,tH,124.83570765056163,123.94966038564371,1,3,3,146.83166389813528,3.329770563201687,30.70819111482666,0.7606056073988443,1.0,leptonic_bookkeeping,train,True,0.50562265163496,unassigned
661737,tH,124.83570765056163,123.94966038564371,1,3,3,146.83166389813528,3.329770563201687,30.70819111482666,0.7606056073988443,1.0,leptonic_bookkeeping,train,True,0.50562265163496,unassigned
408245,tH,124.83570765056163,123.94966038564371,1,3,3,146.83166389813528,3.329770563201687,30.70819111482666,0.7606056073988443,1.0,leptonic_bookkeeping,train,True,0.50562265163496,unassigned
845459,tH,124.83570765056163,123.94966038564371,1,3,3,146.83166389813528,3.329770563201687,30.70819111482666,0.7606056073988443,1.0,leptonic_bookkeeping,train,True,0.50562265163496,unassigned
809364,tH,124.83570765056163,123.94966038564371,1,3,3,146.83166389813528,3.329770563201687,30.70819111482666,0.7606056073988443,1.0,leptonic_bookkeeping,train,True,0.50562265163496,unassigned
260730,tH,124.83570765056163,123.94966038564371,1,3,3,146.83166389813528,3.329770563201687,30.70819111482666,0.7606056073988443,1.0,leptonic_bookkeeping,train,True,0.50562265163496,unassigned
322294,tH,124.83570765056163,123.94966038564371,1,3,3,146.83166389813528,3.329770563201687,30.70819111482666,0.7606056073988443,1.0,leptonic_bookkeeping,train,True,0.50562265163496,unassigned
463204,tH,124.83570765056163,123.94966038564371,1,3,3,146.83166389813528,3.329770563201687,30.70819111482666,0.7606056073988443,1.0,leptonic_bookkeeping,test,True,0.50562265163496,unassigned
124419,tH,124.83570765056163,123.94966038564371,1,3,3,146.83166389813528,3.329770563201687,30.70819111482666,0.7606056073988443,1.0,leptonic_bookkeeping,train,True,0.50562265163496,unassigned
948475,tH,124.83570765056163,123.94966038564371,1,3,3,146.83166389813528,3.329770563201687,30.70819111482666,0.7606056073988443,1.0,leptonic_bookkeeping,train,True,0.50562265163496,unassigned
493933,tH,124.83570765056163,123.94966038564371,1,3,3,146.83166389813528,3.329770563201687,30.70819111482666,0.7606056073988443,1.0,leptonic_bookkeeping,test,True,0.50562265163496,unassigned
145093,tH,124.83570765056163,123.94966038564371,1,3,3,146.83166389813528,3.329770563201687,30.70819111482666,0.7606056073988443,1.0,leptonic_bookkeeping,train,True,0.50562265163496,unassigned
250182,tH,124.83570765056163,123.94966038564371,1,3,3,146.83166389813528,3.329770563201687,30.70819111482666,0.7606056073988443,1.0,leptonic_bookkeeping,train,True,0.50562265163496,unassigned
147943,tH,124.83570765056163,123.94966038564371,1,3,3,146.83166389813528,3.329770563201687,30.70819111482666,0.7606056073988443,1.0,leptonic_bookkeeping,train,True,0.50562265163496,unassigned
473013,tH,124.83570765056163,123.94966038564371,1,3,3,146.83166389813528,3.329770563201687,30.70819111482666,0.7606056073988443,1.0,leptonic_bookkeeping,test,True,0.50562265163496,unassigned
909634,tH,124.83570765056163,123.94966038564371,1,3,3,146.83166389813528,3.329770563201687,30.70819111482666,0.7606056073988443,1.0,leptonic_bookkeeping,train,True,0.50562265163496,unassigned
654288,tH,124.83570765056163,123.94966038564371,1,3,3,146.83166389813528,3.329770563201687,30.70819111482666,0.7606056073988443,1.0,leptonic_bookkeeping,train,True,0.50562265163496,unassigned
393514,tH,124.83570765056163,123.94966038564371,1,3,3,146.83166389813528,3.329770563201687,30.70819111482666,0.7606056073988443,1.0,leptonic_bookkeeping,train,True,0.50562265163496,unassigned
942530,tH,124.83570765056163,123.94966038564371,1,3,3,146.83166389813528,3.329770563201687,30.70819111482666,0.7606056073988443,1.0,leptonic_bookkeeping,train,True,0.50562265163496,unassigned
358313,tH,124.83570765056163,123.94966038564371,1,3,3,146.83166389813528,3.329770563201687,30.70819111482666,0.7606056073988443,1.0,leptonic_bookkeeping,validation,True,0.50562265163496,unassigned
372813,tH,124.83570765056163,123.94966038564371,1,3,3,146.83166389813528,3.329770563201687,30.70819111482666,0.7606056073988443,1.0,leptonic_bookkeeping,train,True,0.50562265163496,unassigned
957192,tH,124.83570765056163,123.94966038564371,1,3,3,146.83166389813528,3.329770563201687,30.70819111482666,0.7606056073988443,1.0,leptonic_bookkeeping,test,True,0.50562265163496,unassigned
578747,tH,124.83570765056163,123.94966038564371,1,3,3,146.83166389813528,3.329770563201687,30.70819111482666,0.7606056073988443,1.0,leptonic_bookkeeping,train,True,0.50562265163496,unassigned
955453,tH,124.83570765056163,123.94966038564371,1,3,3,146.83166389813528,3.329770563201687,30.70819111482666,0.7606056073988443,1.0,leptonic_bookkeeping,validation,True,0.50562265163496,unassigned
71762,tH,124.83570765056163,123.94966038564371,1,3,3,146.83166389813528,3.329770563201687,30.70819111482666,0.7606056073988443,1.0,leptonic_bookkeeping,test,True,0.50562265163496,unassigned
979383,tH,124.83570765056163,123.94966038564371,1,3,3,146.83166389813528,3.329770563201687,30.70819111482666,0.7606056073988443,1.0,leptonic_bookkeeping,train,True,0.50562265163496,unassigned
703137,tH,124.83570765056163,123.94966038564371,1,3,3,146.83166389813528,3.329770563201687,30.70819111482666,0.7606056073988443,1.0,leptonic_bookkeeping,train,True,0.50562265163496,unassigned
677823,tH,124.83570765056163,123.94966038564371,1,3,3,146.83166389813528,3.329770563201687,30.70819111482666,0.7606056073988443,1.0,leptonic_bookkeeping,validation,True,0.50562265163496,unassigned
760568,tH,124.83570765056163,123.94966038564371,1,3,3,146.83166389813528,3.329770563201687,30.70819111482666,0.7606056073988443,1.0,leptonic_bookkeeping,validation,True,0.50562265163496,unassigned
117013,tH,124.83570765056163,123.94966038564371,1,3,3,146.83166389813528,3.329770563201687,30.70819111482666,0.7606056073988443,1.0,leptonic_bookkeeping,train,True,0.50562265163496,unassigned
620144,tH,124.83570765056163,123.94966038564371,1,3,3,146.83166389813528,3.329770563201687,30.70819111482666,0.7606056073988443,1.0,leptonic_bookkeeping,train,True,0.50562265163496,unassigned
364497,tH,124.83570765056163,123.94966038564371,1,3,3,146.83166389813528,3.329770563201687,30.70819111482666,0.7606056073988443,1.0,leptonic_bookkeeping,train,True,0.50562265163496,unassigned
953819,tH,124.83570765056163,123.94966038564371,1,3,3,146.83166389813528,3.329770563201687,30.70819111482666,0.7606056073988443,1.0,leptonic_bookkeeping,train,True,0.50562265163496,unassigned
159132,tH,124.83570765056163,123.94966038564371,1,3,3,146.83166389813528,3.329770563201687,30.70819111482666,0.7606056073988443,1.0,leptonic_bookkeeping,train,True,0.50562265163496,unassigned
119437,tH,124.83570765056163,123.94966038564371,1,3,3,146.83166389813528,3.329770563201687,30.70819111482666,0.7606056073988443,1.0,leptonic_bookkeeping,train,True,0.50562265163496,unassigned
584529,tH,124.83570765056163,123.94966038564371,1,3,3,146.83166389813528,3.329770563201687,30.70819111482666,0.7606056073988443,1.0,leptonic_bookkeeping,validation,True,0.50562265163496,unassigned
694796,tH,124.83570765056163,123.94966038564371,1,3,3,146.83166389813528,3.329770563201687,30.70819111482666,0.7606056073988443,1.0,leptonic_bookkeeping,train,True,0.50562265163496,unassigned
309293,tH,124.83570765056163,123.94966038564371,1,3,3,146.83166389813528,3.329770563201687,30.70819111482666,0.7606056073988443,1.0,leptonic_bookkeeping,train,True,0.50562265163496,unassigned
427130,tH,124.83570765056163,123.94966038564371,1,3,3,146.83166389813528,3.329770563201687,30.70819111482666,0.7606056073988443,1.0,leptonic_bookkeeping,train,True,0.50562265163496,unassigned
534207,tH,124.83570765056163,123.94966038564371,1,3,3,146.83166389813528,3.329770563201687,30.70819111482666,0.7606056073988443,1.0,leptonic_bookkeeping,test,True,0.50562265163496,unassigned
751359,tH,124.83570765056163,123.94966038564371,1,3,3,146.83166389813528,3.329770563201687,30.70819111482666,0.7606056073988443,1.0,leptonic_bookkeeping,test,True,0.50562265163496,unassigned
542231,tH,124.83570765056163,123.94966038564371,1,3,3,146.83166389813528,3.329770563201687,30.70819111482666,0.7606056073988443,1.0,leptonic_bookkeeping,train,True,0.50562265163496,unassigned
557242,tH,124.83570765056163,123.94966038564371,1,3,3,146.83166389813528,3.329770563201687,30.70819111482666,0.7606056073988443,1.0,leptonic_bookkeeping,train,True,0.50562265163496,unassigned
482647,tH,124.83570765056163,123.94966038564371,1,3,3,146.83166389813528,3.329770563201687,30.70819111482666,0.7606056073988443,1.0,leptonic_bookkeeping,test,True,0.50562265163496,unassigned
71589,tH,124.83570765056163,123.94966038564371,1,3,3,146.83166389813528,3.329770563201687,30.70819111482666,0.7606056073988443,1.0,leptonic_bookkeeping,test,True,0.50562265163496,unassigned
588412,tH,124.83570765056163,123.94966038564371,1,3,3,146.83166389813528,3.329770563201687,30.70819111482666,0.7606056073988443,1.0,leptonic_bookkeeping,train,True,0.50562265163496,unassigned
166184,tH,124.83570765056163,123.94966038564371,1,3,3,146.83166389813528,3.329770563201687,30.70819111482666,0.7606056073988443,1.0,leptonic_bookkeeping,train,True,0.50562265163496,unassigned
930399,tH,124.83570765056163,123.94966038564371,1,3,3,146.83166389813528,3.329770563201687,30.70819111482666,0.7606056073988443,1.0,leptonic_bookkeeping,train,True,0.50562265163496,unassigned
663596,tH,124.83570765056163,123.94966038564371,1,3,3,146.83166389813528,3.329770563201687,30.70819111482666,0.7606056073988443,1.0,leptonic_bookkeeping,train,True,0.50562265163496,unassigned
164197,tH,124.83570765056163,123.94966038564371,1,3,3,146.83166389813528,3.329770563201687,30.70819111482666,0.7606056073988443,1.0,leptonic_bookkeeping,test,True,0.50562265163496,unassigned
863245,tH,124.83570765056163,123.94966038564371,1,3,3,146.83166389813528,3.329770563201687,30.70819111482666,0.7606056073988443,1.0,leptonic_bookkeeping,validation,True,0.50562265163496,unassigned
925694,tH,124.83570765056163,123.94966038564371,1,3,3,146.83166389813528,3.329770563201687,30.70819111482666,0.7606056073988443,1.0,leptonic_bookkeeping,validation,True,0.50562265163496,unassigned
831167,tH,124.83570765056163,123.94966038564371,1,3,3,146.83166389813528,3.329770563201687,30.70819111482666,0.7606056073988443,1.0,leptonic_bookkeeping,validation,True,0.50562265163496,unassigned
18602,tH,124.83570765056163,123.94966038564371,1,3,3,146.83166389813528,3.329770563201687,30.70819111482666,0.7606056073988443,1.0,leptonic_bookkeeping,test,True,0.50562265163496,unassigned
292857,tH,124.83570765056163,123.94966038564371,1,3,3,146.83166389813528,3.329770563201687,30.70819111482666,0.7606056073988443,1.0,leptonic_bookkeeping,train,True,0.50562265163496,unassigned
663263,tH,124.83570765056163,123.94966038564371,1,3,3,146.83166389813528,3.329770563201687,30.70819111482666,0.7606056073988443,1.0,leptonic_bookkeeping,train,True,0.50562265163496,unassigned
35865,tH,124.83570765056163,123.94966038564371,1,3,3,146.83166389813528,3.329770563201687,30.70819111482666,0.7606056073988443,1.0,leptonic_bookkeeping,train,True,0.50562265163496,unassigned
832568,tH,124.83570765056163,123.94966038564371,1,3,3,146.83166389813528,3.329770563201687,30.70819111482666,0.7606056073988443,1.0,leptonic_bookkeeping,validation,True,0.50562265163496,unassigned
856048,tH,124.83570765056163,123.94966038564371,1,3,3,146.83166389813528,3.329770563201687,30.70819111482666,0.7606056073988443,1.0,leptonic_bookkeeping,train,True,0.50562265163496,unassigned
567458,tH,124.83570765056163,123.94966038564371,1,3,3,146.83166389813528,3.329770563201687,30.70819111482666,0.7606056073988443,1.0,leptonic_bookkeeping,train,True,0.50562265163496,unassigned
197313,tH,124.83570765056163,123.94966038564371,1,3,3,146.83166389813528,3.329770563201687,30.70819111482666,0.7606056073988443,1.0,leptonic_bookkeeping,train,True,0.50562265163496,unassigned
341422,tH,124.83570765056163,123.94966038564371,1,3,3,146.83166389813528,3.329770563201687,30.70819111482666,0.7606056073988443,1.0,leptonic_bookkeeping,train,True,0.50562265163496,unassigned
439461,tH,124.83570765056163,123.94966038564371,1,3,3,146.83166389813528,3.329770563201687,30.70819111482666,0.7606056073988443,1.0,leptonic_bookkeeping,validation,True,0.50562265163496,unassigned
963577,tH,124.83570765056163,123.94966038564371,1,3,3,146.83166389813528,3.329770563201687,30.70819111482666,0.7606056073988443,1.0,leptonic_bookkeeping,train,True,0.50562265163496,unassigned
796996,tH,124.83570765056163,123.94966038564371,1,3,3,146.83166389813528,3.329770563201687,30.70819111482666,0.7606056073988443,1.0,leptonic_bookkeeping,train,True,0.50562265163496,unassigned
530544,tH,124.83570765056163,123.94966038564371,1,3,3,146.83166389813528,3.329770563201687,30.70819111482666,0.7606056073988443,1.0,leptonic_bookkeeping,train,True,0.50562265163496,unassigned
9595,tH,124.83570765056163,123.94966038564371,1,3,3,146.83166389813528,3.329770563201687,30.70819111482666,0.7606056073988443,1.0,leptonic_bookkeeping,test,True,0.50562265163496,unassigned
952736,tH,124.83570765056163,123.94966038564371,1,3,3,146.83166389813528,3.329770563201687,30.70819111482666,0.7606056073988443,1.0,leptonic_bookkeeping,train,True,0.50562265163496,unassigned
830680,tH,124.83570765056163,123.94966038564371,1,3,3,146.83166389813528,3.329770563201687,30.70819111482666,0.7606056073988443,1.0,leptonic_bookkeeping,train,True,0.50562265163496,unassigned
759842,tH,124.83570765056163,123.94966038564371,1,3,3,146.83166389813528,3.329770563201687,30.70819111482666,0.7606056073988443,1.0,leptonic_bookkeeping,validation,True,0.50562265163496,unassigned
665589,tH,124.83570765056163,123.94966038564371,1,3,3,146.83166389813528,3.329770563201687,30.70819111482666,0.7606056073988443,1.0,leptonic_bookkeeping,train,True,0.50562265163496,unassigned
920316,tH,124.83570765056163,123.94966038564371,1,3,3,146.83166389813528,3.329770563201687,30.70819111482666,0.7606056073988443,1.0,leptonic_bookkeeping,train,True,0.50562265163496,unassigned
348608,tH,124.83570765056163,123.94966038564371,1,3,3,146.83166389813528,3.329770563201687,30.70819111482666,0.7606056073988443,1.0,leptonic_bookkeeping,test,True,0.50562265163496,unassigned
796406,tH,124.83570765056163,123.94966038564371,1,3,3,146.83166389813528,3.329770563201687,30.70819111482666,0.7606056073988443,1.0,leptonic_bookkeeping,train,True,0.50562265163496,unassigned
570457,tH,124.83570765056163,123.94966038564371,1,3,3,146.83166389813528,3.329770563201687,30.70819111482666,0.7606056073988443,1.0,leptonic_bookkeeping,train,True,0.50562265163496,unassigned
205960,tH,124.83570765056163,123.94966038564371,1,3,3,146.83166389813528,3.329770563201687,30.70819111482666,0.7606056073988443,1.0,leptonic_bookkeeping,test,True,0.50562265163496,unassigned
18377,tH,124.83570765056163,123.94966038564371,1,3,3,146.83166389813528,3.329770563201687,30.70819111482666,0.7606056073988443,1.0,leptonic_bookkeeping,validation,True,0.50562265163496,unassigned
383951,tH,124.83570765056163,123.94966038564371,1,3,3,146.83166389813528,3.329770563201687,30.70819111482666,0.7606056073988443,1.0,leptonic_bookkeeping,train,True,0.50562265163496,unassigned
683174,tH,124.83570765056163,123.94966038564371,1,3,3,146.83166389813528,3.329770563201687,30.70819111482666,0.7606056073988443,1.0,leptonic_bookkeeping,train,True,0.50562265163496,unassigned
906777,tH,124.83570765056163,123.94966038564371,1,3,3,146.83166389813528,3.329770563201687,30.70819111482666,0.7606056073988443,1.0,leptonic_bookkeeping,test,True,0.50562265163496,unassigned
303774,tH,124.83570765056163,123.94966038564371,1,3,3,146.83166389813528,3.329770563201687,30.70819111482666,0.7606056073988443,1.0,leptonic_bookkeeping,train,True,0.50562265163496,unassigned
744586,tH,124.83570765056163,123.94966038564371,1,3,3,146.83166389813528,3.329770563201687,30.70819111482666,0.7606056073988443,1.0,leptonic_bookkeeping,train,True,0.50562265163496,unassigned
814517,tH,124.83570765056163,123.94966038564371,1,3,3,146.83166389813528,3.329770563201687,30.70819111482666,0.7606056073988443,1.0,leptonic_bookkeeping,train,True,0.50562265163496,unassigned
263532,tH,124.83570765056163,123.94966038564371,1,3,3,146.83166389813528,3.329770563201687,30.70819111482666,0.7606056073988443,1.0,leptonic_bookkeeping,train,True,0.50562265163496,unassigned
182523,tH,124.83570765056163,123.94966038564371,1,3,3,146.83166389813528,3.329770563201687,30.70819111482666,0.7606056073988443,1.0,leptonic_bookkeeping,validation,True,0.50562265163496,unassigned
527822,tH,124.83570765056163,123.94966038564371,1,3,3,146.83166389813528,3.329770563201687,30.70819111482666,0.7606056073988443,1.0,leptonic_bookkeeping,train,True,0.50562265163496,unassigned
380694,tH,124.83570765056163,123.94966038564371,1,3,3,146.83166389813528,3.329770563201687,30.70819111482666,0.7606056073988443,1.0,leptonic_bookkeeping,test,True,0.50562265163496,unassigned
163359,tH,124.83570765056163,123.94966038564371,1,3,3,146.83166389813528,3.329770563201687,30.70819111482666,0.7606056073988443,1.0,leptonic_bookkeeping,test,True,0.50562265163496,unassigned
295339,tH,124.83570765056163,123.94966038564371,1,3,3,146.83166389813528,3.329770563201687,30.70819111482666,0.7606056073988443,1.0,leptonic_bookkeeping,validation,True,0.50562265163496,unassigned
533978,tH,124.83570765056163,123.94966038564371,1,3,3,146.83166389813528,3.329770563201687,30.70819111482666,0.7606056073988443,1.0,leptonic_bookkeeping,validation,True,0.50562265163496,unassigned
840473,tH,124.83570765056163,123.94966038564371,1,3,3,146.83166389813528,3.329770563201687,30.70819111482666,0.7606056073988443,1.0,leptonic_bookkeeping,train,True,0.50562265163496,unassigned
25739,tH,124.83570765056163,123.94966038564371,1,3,3,146.83166389813528,3.329770563201687,30.70819111482666,0.7606056073988443,1.0,leptonic_bookkeeping,train,True,0.50562265163496,unassigned
320356,tH,124.83570765056163,123.94966038564371,1,3,3,146.83166389813528,3.329770563201687,30.70819111482666,0.7606056073988443,1.0,leptonic_bookkeeping,train,True,0.50562265163496,unassigned
318078,tH,124.83570765056163,123.94966038564371,1,3,3,146.83166389813528,3.329770563201687,30.70819111482666,0.7606056073988443,1.0,leptonic_bookkeeping,test,True,0.50562265163496,unassigned
278694,tH,124.83570765056163,123.94966038564371,1,3,3,146.83166389813528,3.329770563201687,30.70819111482666,0.7606056073988443,1.0,leptonic_bookkeeping,train,True,0.50562265163496,unassigned
675242,tH,124.83570765056163,123.94966038564371,1,3,3,146.83166389813528,3.329770563201687,30.70819111482666,0.7606056073988443,1.0,leptonic_bookkeeping,train,True,0.50562265163496,unassigned
292511,tH,124.83570765056163,123.94966038564371,1,3,3,146.83166389813528,3.329770563201687,30.70819111482666,0.7606056073988443,1.0,leptonic_bookkeeping,train,True,0.50562265163496,unassigned
914434,tH,124.83570765056163,123.94966038564371,1,3,3,146.83166389813528,3.329770563201687,30.70819111482666,0.7606056073988443,1.0,leptonic_bookkeeping,validation,True,0.50562265163496,unassigned
733707,tH,124.83570765056163,123.94966038564371,1,3,3,146.83166389813528,3.329770563201687,30.70819111482666,0.7606056073988443,1.0,leptonic_bookkeeping,train,True,0.50562265163496,unassigned
251169,tH,124.83570765056163,123.94966038564371,1,3,3,146.83166389813528,3.329770563201687,30.70819111482666,0.7606056073988443,1.0,leptonic_bookkeeping,train,True,0.50562265163496,unassigned
470356,tH,124.83570765056163,123.94966038564371,1,3,3,146.83166389813528,3.329770563201687,30.70819111482666,0.7606056073988443,1.0,leptonic_bookkeeping,validation,True,0.50562265163496,unassigned
648960,tH,124.83570765056163,123.94966038564371,1,3,3,146.83166389813528,3.329770563201687,30.70819111482666,0.7606056073988443,1.0,leptonic_bookkeeping,test,True,0.50562265163496,unassigned
476270,tH,124.83570765056163,123.94966038564371,1,3,3,146.83166389813528,3.329770563201687,30.70819111482666,0.7606056073988443,1.0,leptonic_bookkeeping,train,True,0.50562265163496,unassigned
307194,tH,124.83570765056163,123.94966038564371,1,3,3,146.83166389813528,3.329770563201687,30.70819111482666,0.7606056073988443,1.0,leptonic_bookkeeping,validation,True,0.50562265163496,unassigned
126409,tH,124.83570765056163,123.94966038564371,1,3,3,146.83166389813528,3.329770563201687,30.70819111482666,0.7606056073988443,1.0,leptonic_bookkeeping,train,True,0.50562265163496,unassigned
914189,tH,124.83570765056163,123.94966038564371,1,3,3,146.83166389813528,3.329770563201687,30.70819111482666,0.7606056073988443,1.0,leptonic_bookkeeping,validation,True,0.50562265163496,unassigned
653646,tH,124.83570765056163,123.94966038564371,1,3,3,146.83166389813528,3.329770563201687,30.70819111482666,0.7606056073988443,1.0,leptonic_bookkeeping,train,True,0.50562265163496,unassigned
492392,tH,124.83570765056163,123.94966038564371,1,3,3,146.83166389813528,3.329770563201687,30.70819111482666,0.7606056073988443,1.0,leptonic_bookkeeping,validation,True,0.50562265163496,unassigned
990495,tH,124.83570765056163,123.94966038564371,1,3,3,146.83166389813528,3.329770563201687,30.70819111482666,0.7606056073988443,1.0,leptonic_bookkeeping,train,True,0.50562265163496,unassigned
499447,tH,124.83570765056163,123.94966038564371,1,3,3,146.83166389813528,3.329770563201687,30.70819111482666,0.7606056073988443,1.0,leptonic_bookkeeping,train,True,0.50562265163496,unassigned
312841,tH,124.83570765056163,123.94966038564371,1,3,3,146.83166389813528,3.329770563201687,30.70819111482666,0.7606056073988443,1.0,leptonic_bookkeeping,train,True,0.50562265163496,unassigned
543895,tH,124.83570765056163,123.94966038564371,1,3,3,146.83166389813528,3.329770563201687,30.70819111482666,0.7606056073988443,1.0,leptonic_bookkeeping,validation,True,0.50562265163496,unassigned
313094,tH,124.83570765056163,123.94966038564371,1,3,3,146.83166389813528,3.329770563201687,30.70819111482666,0.7606056073988443,1.0,leptonic_bookkeeping,train,True,0.50562265163496,unassigned
154539,tH,124.83570765056163,123.94966038564371,1,3,3,146.83166389813528,3.329770563201687,30.70819111482666,0.7606056073988443,1.0,leptonic_bookkeeping,test,True,0.50562265163496,unassigned
930512,tH,124.83570765056163,123.94966038564371,1,3,3,146.83166389813528,3.329770563201687,30.70819111482666,0.7606056073988443,1.0,leptonic_bookkeeping,train,True,0.50562265163496,unassigned
896061,tH,124.83570765056163,123.94966038564371,1,3,3,146.83166389813528,3.329770563201687,30.70819111482666,0.7606056073988443,1.0,leptonic_bookkeeping,test,True,0.50562265163496,unassigned
335654,tH,124.83570765056163,123.94966038564371,1,3,3,146.83166389813528,3.329770563201687,30.70819111482666,0.7606056073988443,1.0,leptonic_bookkeeping,train,True,0.50562265163496,unassigned
350342,tH,124.83570765056163,123.94966038564371,1,3,3,146.83166389813528,3.329770563201687,30.70819111482666,0.7606056073988443,1.0,leptonic_bookkeeping,test,True,0.50562265163496,unassigned
77092,tH,124.83570765056163,123.94966038564371,1,3,3,146.83166389813528,3.329770563201687,30.70819111482666,0.7606056073988443,1.0,leptonic_bookkeeping,train,True,0.50562265163496,unassigned
731490,tH,124.83570765056163,123.94966038564371,1,3,3,146.83166389813528,3.329770563201687,30.70819111482666,0.7606056073988443,1.0,leptonic_bookkeeping,test,True,0.50562265163496,unassigned
926517,tH,124.83570765056163,123.94966038564371,1,3,3,146.83166389813528,3.329770563201687,30.70819111482666,0.7606056073988443,1.0,leptonic_bookkeeping,test,True,0.50562265163496,unassigned
150983,tH,124.83570765056163,123.94966038564371,1,3,3,146.83166389813528,3.329770563201687,30.70819111482666,0.7606056073988443,1.0,leptonic_bookkeeping,validation,True,0.50562265163496,unassigned
986325,tH,124.83570765056163,123.94966038564371,1,3,3,146.83166389813528,3.329770563201687,30.70819111482666,0.7606056073988443,1.0,leptonic_bookkeeping,validation,True,0.50562265163496,unassigned
456885,tH,124.83570765056163,123.94966038564371,1,3,3,146.83166389813528,3.329770563201687,30.70819111482666,0.7606056073988443,1.0,leptonic_bookkeeping,train,True,0.50562265163496,unassigned
650225,tH,124.83570765056163,123.94966038564371,1,3,3,146.83166389813528,3.329770563201687,30.70819111482666,0.7606056073988443,1.0,leptonic_bookkeeping,train,True,0.50562265163496,unassigned
36967,tH,124.83570765056163,123.94966038564371,1,3,3,146.83166389813528,3.329770563201687,30.70819111482666,0.7606056073988443,1.0,leptonic_bookkeeping,train,True,0.50562265163496,unassigned
821625,tH,124.83570765056163,123.94966038564371,1,3,3,146.83166389813528,3.329770563201687,30.70819111482666,0.7606056073988443,1.0,leptonic_bookkeeping,validation,True,0.50562265163496,unassigned
204506,tH,124.83570765056163,123.94966038564371,1,3,3,146.83166389813528,3.329770563201687,30.70819111482666,0.7606056073988443,1.0,leptonic_bookkeeping,test,True,0.50562265163496,unassigned
208664,tH,124.83570765056163,123.94966038564371,1,3,3,146.83166389813528,3.329770563201687,30.70819111482666,0.7606056073988443,1.0,leptonic_bookkeeping,train,True,0.50562265163496,unassigned
14920,tH,124.83570765056163,123.94966038564371,1,3,3,146.83166389813528,3.329770563201687,30.70819111482666,0.7606056073988443,1.0,leptonic_bookkeeping,train,True,0.50562265163496,unassigned
15435,tH,124.83570765056163,123.94966038564371,1,3,3,146.83166389813528,3.329770563201687,30.70819111482666,0.7606056073988443,1.0,leptonic_bookkeeping,train,True,0.50562265163496,unassigned
805312,tH,124.83570765056163,123.94966038564371,1,3,3,146.83166389813528,3.329770563201687,30.70819111482666,0.7606056073988443,1.0,leptonic_bookkeeping,train,True,0.50562265163496,unassigned
390489,tH,124.83570765056163,123.94966038564371,1,3,3,146.83166389813528,3.329770563201687,30.70819111482666,0.7606056073988443,1.0,leptonic_bookkeeping,test,True,0.50562265163496,unassigned
26187,tH,124.83570765056163,123.94966038564371,1,3,3,146.83166389813528,3.329770563201687,30.70819111482666,0.7606056073988443,1.0,leptonic_bookkeeping,train,True,0.50562265163496,unassigned
567546,tH,124.83570765056163,123.94966038564371,1,3,3,146.83166389813528,3.329770563201687,30.70819111482666,0.7606056073988443,1.0,leptonic_bookkeeping,train,True,0.50562265163496,unassigned
92332,tH,124.83570765056163,123.94966038564371,1,3,3,146.83166389813528,3.329770563201687,30.70819111482666,0.7606056073988443,1.0,leptonic_bookkeeping,test,True,0.50562265163496,unassigned
551154,tH,124.83570765056163,123.94966038564371,1,3,3,146.83166389813528,3.329770563201687,30.70819111482666,0.7606056073988443,1.0,leptonic_bookkeeping,train,True,0.50562265163496,unassigned
358886,tH,124.83570765056163,123.94966038564371,1,3,3,146.83166389813528,3.329770563201687,30.70819111482666,0.7606056073988443,1.0,leptonic_bookkeeping,test,True,0.50562265163496,unassigned
486550,tH,124.83570765056163,123.94966038564371,1,3,3,146.83166389813528,3.329770563201687,30.70819111482666,0.7606056073988443,1.0,leptonic_bookkeeping,train,True,0.50562265163496,unassigned
350620,tH,124.83570765056163,123.94966038564371,1,3,3,146.83166389813528,3.329770563201687,30.70819111482666,0.7606056073988443,1.0,leptonic_bookkeeping,train,True,0.50562265163496,unassigned
213925,tH,124.83570765056163,123.94966038564371,1,3,3,146.83166389813528,3.329770563201687,30.70819111482666,0.7606056073988443,1.0,leptonic_bookkeeping,validation,True,0.50562265163496,unassigned
377328,tH,124.83570765056163,123.94966038564371,1,3,3,146.83166389813528,3.329770563201687,30.70819111482666,0.7606056073988443,1.0,leptonic_bookkeeping,validation,True,0.50562265163496,unassigned
940488,tH,124.83570765056163,123.94966038564371,1,3,3,146.83166389813528,3.329770563201687,30.70819111482666,0.7606056073988443,1.0,leptonic_bookkeeping,train,True,0.50562265163496,unassigned
557608,tH,124.83570765056163,123.94966038564371,1,3,3,146.83166389813528,3.329770563201687,30.70819111482666,0.7606056073988443,1.0,leptonic_bookkeeping,train,True,0.50562265163496,unassigned
156041,tH,124.83570765056163,123.94966038564371,1,3,3,146.83166389813528,3.329770563201687,30.70819111482666,0.7606056073988443,1.0,leptonic_bookkeeping,train,True,0.50562265163496,unassigned
494001,tH,124.83570765056163,123.94966038564371,1,3,3,146.83166389813528,3.329770563201687,30.70819111482666,0.7606056073988443,1.0,leptonic_bookkeeping,test,True,0.50562265163496,unassigned
115079,tH,124.83570765056163,123.94966038564371,1,3,3,146.83166389813528,3.329770563201687,30.70819111482666,0.7606056073988443,1.0,leptonic_bookkeeping,train,True,0.50562265163496,unassigned
905170,tH,124.83570765056163,123.94966038564371,1,3,3,146.83166389813528,3.329770563201687,30.70819111482666,0.7606056073988443,1.0,leptonic_bookkeeping,test,True,0.50562265163496,unassigned
288669,tH,124.83570765056163,123.94966038564371,1,3,3,146.83166389813528,3.329770563201687,30.70819111482666,0.7606056073988443,1.0,leptonic_bookkeeping,train,True,0.50562265163496,unassigned
206903,tH,124.83570765056163,123.94966038564371,1,3,3,146.83166389813528,3.329770563201687,30.70819111482666,0.7606056073988443,1.0,leptonic_bookkeeping,train,True,0.50562265163496,unassigned
810989,tH,124.83570765056163,123.94966038564371,1,3,3,146.83166389813528,3.329770563201687,30.70819111482666,0.7606056073988443,1.0,leptonic_bookkeeping,validation,True,0.50562265163496,unassigned
747925,tH,124.83570765056163,123.94966038564371,1,3,3,146.83166389813528,3.329770563201687,30.70819111482666,0.7606056073988443,1.0,leptonic_bookkeeping,train,True,0.50562265163496,unassigned
87835,tH,124.83570765056163,123.94966038564371,1,3,3,146.83166389813528,3.329770563201687,30.70819111482666,0.7606056073988443,1.0,leptonic_bookkeeping,train,True,0.50562265163496,unassigned
94864,tH,124.83570765056163,123.94966038564371,1,3,3,146.83166389813528,3.329770563201687,30.70819111482666,0.7606056073988443,1.0,leptonic_bookkeeping,train,True,0.50562265163496,unassigned
498716,tH,124.83570765056163,123.94966038564371,1,3,3,146.83166389813528,3.329770563201687,30.70819111482666,0.7606056073988443,1.0,leptonic_bookkeeping,train,True,0.50562265163496,unassigned
554634,tH,124.83570765056163,123.94966038564371,1,3,3,146.83166389813528,3.329770563201687,30.70819111482666,0.7606056073988443,1.0,leptonic_bookkeeping,validation,True,0.50562265163496,unassigned
886135,tH,124.83570765056163,123.94966038564371,1,3,3,146.83166389813528,3.329770563201687,30.70819111482666,0.7606056073988443,1.0,leptonic_bookkeeping,test,True,0.50562265163496,unassigned
84484,tH,124.83570765056163,123.94966038564371,1,3,3,146.83166389813528,3.329770563201687,30.70819111482666,0.7606056073988443,1.0,leptonic_bookkeeping,train,True,0.50562265163496,unassigned
182883,tH,124.83570765056163,123.94966038564371,1,3,3,146.83166389813528,3.329770563201687,30.70819111482666,0.7606056073988443,1.0,leptonic_bookkeeping,validation,True,0.50562265163496,unassigned
43910,tH,124.83570765056163,123.94966038564371,1,3,3,146.83166389813528,3.329770563201687,30.70819111482666,0.7606056073988443,1.0,leptonic_bookkeeping,train,True,0.50562265163496,unassigned
703020,tH,124.83570765056163,123.94966038564371,1,3,3,146.83166389813528,3.329770563201687,30.70819111482666,0.7606056073988443,1.0,leptonic_bookkeeping,train,True,0.50562265163496,unassigned
652616,tH,124.83570765056163,123.94966038564371,1,3,3,146.83166389813528,3.329770563201687,30.70819111482666,0.7606056073988443,1.0,leptonic_bookkeeping,train,True,0.50562265163496,unassigned
748536,tH,124.83570765056163,123.94966038564371,1,3,3,146.83166389813528,3.329770563201687,30.70819111482666,0.7606056073988443,1.0,leptonic_bookkeeping,validation,True,0.50562265163496,unassigned
716537,tH,124.83570765056163,123.94966038564371,1,3,3,146.83166389813528,3.329770563201687,30.70819111482666,0.7606056073988443,1.0,leptonic_bookkeeping,train,True,0.50562265163496,unassigned
720940,tH,124.83570765056163,123.94966038564371,1,3,3,146.83166389813528,3.329770563201687,30.70819111482666,0.7606056073988443,1.0,leptonic_bookkeeping,test,True,0.50562265163496,unassigned
448933,tH,124.83570765056163,123.94966038564371,1,3,3,146.83166389813528,3.329770563201687,30.70819111482666,0.7606056073988443,1.0,leptonic_bookkeeping,train,True,0.50562265163496,unassigned
504820,tH,124.83570765056163,123.94966038564371,1,3,3,146.83166389813528,3.329770563201687,30.70819111482666,0.7606056073988443,1.0,leptonic_bookkeeping,test,True,0.50562265163496,unassigned
886482,tH,124.83570765056163,123.94966038564371,1,3,3,146.83166389813528,3.329770563201687,30.70819111482666,0.7606056073988443,1.0,leptonic_bookkeeping,test,True,0.50562265163496,unassigned
356457,tH,124.83570765056163,123.94966038564371,1,3,3,146.83166389813528,3.329770563201687,30.70819111482666,0.7606056073988443,1.0,leptonic_bookkeeping,train,True,0.50562265163496,unassigned
886347,tH,124.83570765056163,123.94966038564371,1,3,3,146.83166389813528,3.329770563201687,30.70819111482666,0.7606056073988443,1.0,leptonic_bookkeeping,test,True,0.50562265163496,unassigned
923793,tH,124.83570765056163,123.94966038564371,1,3,3,146.83166389813528,3.329770563201687,30.70819111482666,0.7606056073988443,1.0,leptonic_bookkeeping,validation,True,0.50562265163496,unassigned
257249,tH,124.83570765056163,123.94966038564371,1,3,3,146.83166389813528,3.329770563201687,30.70819111482666,0.7606056073988443,1.0,leptonic_bookkeeping,test,True,0.50562265163496,unassigned
634679,tH,124.83570765056163,123.94966038564371,1,3,3,146.83166389813528,3.329770563201687,30.70819111482666,0.7606056073988443,1.0,leptonic_bookkeeping,train,True,0.50562265163496,unassigned
243723,tH,124.83570765056163,123.94966038564371,1,3,3,146.83166389813528,3.329770563201687,30.70819111482666,0.7606056073988443,1.0,leptonic_bookkeeping,validation,True,0.50562265163496,unassigned
604894,tH,124.83570765056163,123.94966038564371,1,3,3,146.83166389813528,3.329770563201687,30.70819111482666,0.7606056073988443,1.0,leptonic_bookkeeping,validation,True,0.50562265163496,unassigned
429015,tH,124.83570765056163,123.94966038564371,1,3,3,146.83166389813528,3.329770563201687,30.70819111482666,0.7606056073988443,1.0,leptonic_bookkeeping,validation,True,0.50562265163496,unassigned
278029,tH,124.83570765056163,123.94966038564371,1,3,3,146.83166389813528,3.329770563201687,30.70819111482666,0.7606056073988443,1.0,leptonic_bookkeeping,test,True,0.50562265163496,unassigned
743469,tH,124.83570765056163,123.94966038564371,1,3,3,146.83166389813528,3.329770563201687,30.70819111482666,0.7606056073988443,1.0,leptonic_bookkeeping,train,True,0.50562265163496,unassigned
874647,tH,124.83570765056163,123.94966038564371,1,3,3,146.83166389813528,3.329770563201687,30.70819111482666,0.7606056073988443,1.0,leptonic_bookkeeping,test,True,0.50562265163496,unassigned
247417,tH,124.83570765056163,123.94966038564371,1,3,3,146.83166389813528,3.329770563201687,30.70819111482666,0.7606056073988443,1.0,leptonic_bookkeeping,test,True,0.50562265163496,unassigned
577166,tH,124.83570765056163,123.94966038564371,1,3,3,146.83166389813528,3.329770563201687,30.70819111482666,0.7606056073988443,1.0,leptonic_bookkeeping,test,True,0.50562265163496,unassigned
404702,tH,124.83570765056163,123.94966038564371,1,3,3,146.83166389813528,3.329770563201687,30.70819111482666,0.7606056073988443,1.0,leptonic_bookkeeping,train,True,0.50562265163496,unassigned
930697,tH,124.83570765056163,123.94966038564371,1,3,3,146.83166389813528,3.329770563201687,30.70819111482666,0.7606056073988443,1.0,leptonic_bookkeeping,train,True,0.50562265163496,unassigned
148770,tH,124.83570765056163,123.94966038564371,1,3,3,146.83166389813528,3.329770563201687,30.70819111482666,0.7606056073988443,1.0,leptonic_bookkeeping,train,True,0.50562265163496,unassigned
844439,tH,124.83570765056163,123.94966038564371,1,3,3,146.83166389813528,3.329770563201687,30.70819111482666,0.7606056073988443,1.0,leptonic_bookkeeping,test,True,0.50562265163496,unassigned
147244,tH,124.83570765056163,123.94966038564371,1,3,3,146.83166389813528,3.329770563201687,30.70819111482666,0.7606056073988443,1.0,leptonic_bookkeeping,train,True,0.50562265163496,unassigned
465876,tH,124.83570765056163,123.94966038564371,1,3,3,146.83166389813528,3.329770563201687,30.70819111482666,0.7606056073988443,1.0,leptonic_bookkeeping,train,True,0.50562265163496,unassigned
334409,tH,124.83570765056163,123.94966038564371,1,3,3,146.83166389813528,3.329770563201687,30.70819111482666,0.7606056073988443,1.0,leptonic_bookkeeping,train,True,0.50562265163496,unassigned
80084,tH,124.83570765056163,123.94966038564371,1,3,3,146.83166389813528,3.329770563201687,30.70819111482666,0.7606056073988443,1.0,leptonic_bookkeeping,validation,True,0.50562265163496,unassigned
184738,tH,124.83570765056163,123.94966038564371,1,3,3,146.83166389813528,3.329770563201687,30.70819111482666,0.7606056073988443,1.0,leptonic_bookkeeping,test,True,0.50562265163496,unassigned
551532,tH,124.83570765056163,123.94966038564371,1,3,3,146.83166389813528,3.329770563201687,30.70819111482666,0.7606056073988443,1.0,leptonic_bookkeeping,train,True,0.50562265163496,unassigned
932227,tH,124.83570765056163,123.94966038564371,1,3,3,146.83166389813528,3.329770563201687,30.70819111482666,0.7606056073988443,1.0,leptonic_bookkeeping,train,True,0.50562265163496,unassigned
223729,tH,124.83570765056163,123.94966038564371,1,3,3,146.83166389813528,3.329770563201687,30.70819111482666,0.7606056073988443,1.0,leptonic_bookkeeping,validation,True,0.50562265163496,unassigned
514742,tH,124.83570765056163,123.94966038564371,1,3,3,146.83166389813528,3.329770563201687,30.70819111482666,0.7606056073988443,1.0,leptonic_bookkeeping,test,True,0.50562265163496,unassigned
828564,tH,124.83570765056163,123.94966038564371,1,3,3,146.83166389813528,3.329770563201687,30.70819111482666,0.7606056073988443,1.0,leptonic_bookkeeping,train,True,0.50562265163496,unassigned
449262,tH,124.83570765056163,123.94966038564371,1,3,3,146.83166389813528,3.329770563201687,30.70819111482666,0.7606056073988443,1.0,leptonic_bookkeeping,train,True,0.50562265163496,unassigned
524985,tH,124.83570765056163,123.94966038564371,1,3,3,146.83166389813528,3.329770563201687,30.70819111482666,0.7606056073988443,1.0,leptonic_bookkeeping,test,True,0.50562265163496,unassigned
657269,tH,124.83570765056163,123.94966038564371,1,3,3,146.83166389813528,3.329770563201687,30.70819111482666,0.7606056073988443,1.0,leptonic_bookkeeping,validation,True,0.50562265163496,unassigned
220909,tH,124.83570765056163,123.94966038564371,1,3,3,146.83166389813528,3.329770563201687,30.70819111482666,0.7606056073988443,1.0,leptonic_bookkeeping,train,True,0.50562265163496,unassigned
732949,tH,124.83570765056163,123.94966038564371,1,3,3,146.83166389813528,3.329770563201687,30.70819111482666,0.7606056073988443,1.0,leptonic_bookkeeping,train,True,0.50562265163496,unassigned
744013,tH,124.83570765056163,123.94966038564371,1,3,3,146.83166389813528,3.329770563201687,30.70819111482666,0.7606056073988443,1.0,leptonic_bookkeeping,train,True,0.50562265163496,unassigned
731890,tH,124.83570765056163,123.94966038564371,1,3,3,146.83166389813528,3.329770563201687,30.70819111482666,0.7606056073988443,1.0,leptonic_bookkeeping,test,True,0.50562265163496,unassigned
628834,tH,124.83570765056163,123.94966038564371,1,3,3,146.83166389813528,3.329770563201687,30.70819111482666,0.7606056073988443,1.0,leptonic_bookkeeping,test,True,0.50562265163496,unassigned
638097,tH,124.83570765056163,123.94966038564371,1,3,3,146.83166389813528,3.329770563201687,30.70819111482666,0.7606056073988443,1.0,leptonic_bookkeeping,test,True,0.50562265163496,unassigned
733454,tH,124.83570765056163,123.94966038564371,1,3,3,146.83166389813528,3.329770563201687,30.70819111482666,0.7606056073988443,1.0,leptonic_bookkeeping,train,True,0.50562265163496,unassigned
687173,tH,124.83570765056163,123.94966038564371,1,3,3,146.83166389813528,3.329770563201687,30.70819111482666,0.7606056073988443,1.0,leptonic_bookkeeping,validation,True,0.50562265163496,unassigned
960666,tH,124.83570765056163,123.94966038564371,1,3,3,146.83166389813528,3.329770563201687,30.70819111482666,0.7606056073988443,1.0,leptonic_bookkeeping,train,True,0.50562265163496,unassigned
529194,tH,124.83570765056163,123.94966038564371,1,3,3,146.83166389813528,3.329770563201687,30.70819111482666,0.7606056073988443,1.0,leptonic_bookkeeping,train,True,0.50562265163496,unassigned
483038,tH,124.83570765056163,123.94966038564371,1,3,3,146.83166389813528,3.329770563201687,30.70819111482666,0.7606056073988443,1.0,leptonic_bookkeeping,test,True,0.50562265163496,unassigned
328297,tH,124.83570765056163,123.94966038564371,1,3,3,146.83166389813528,3.329770563201687,30.70819111482666,0.7606056073988443,1.0,leptonic_bookkeeping,test,True,0.50562265163496,unassigned
120602,tH,124.83570765056163,123.94966038564371,1,3,3,146.83166389813528,3.329770563201687,30.70819111482666,0.7606056073988443,1.0,leptonic_bookkeeping,validation,True,0.50562265163496,unassigned
159341,tH,124.83570765056163,123.94966038564371,1,3,3,146.83166389813528,3.329770563201687,30.70819111482666,0.7606056073988443,1.0,leptonic_bookkeeping,train,True,0.50562265163496,unassigned
826281,tH,124.83570765056163,123.94966038564371,1,3,3,146.83166389813528,3.329770563201687,30.70819111482666,0.7606056073988443,1.0,leptonic_bookkeeping,train,True,0.50562265163496,unassigned
253325,tH,124.83570765056163,123.94966038564371,1,3,3,146.83166389813528,3.329770563201687,30.70819111482666,0.7606056073988443,1.0,leptonic_bookkeeping,train,True,0.50562265163496,unassigned
396857,tH,124.83570765056163,123.94966038564371,1,3,3,146.83166389813528,3.329770563201687,30.70819111482666,0.7606056073988443,1.0,leptonic_bookkeeping,train,True,0.50562265163496,unassigned
82786,tH,124.83570765056163,123.94966038564371,1,3,3,146.83166389813528,3.329770563201687,30.70819111482666,0.7606056073988443,1.0,leptonic_bookkeeping,train,True,0.50562265163496,unassigned
708766,tH,124.83570765056163,123.94966038564371,1,3,3,146.83166389813528,3.329770563201687,30.70819111482666,0.7606056073988443,1.0,leptonic_bookkeeping,validation,True,0.50562265163496,unassigned
885076,tH,124.83570765056163,123.94966038564371,1,3,3,146.83166389813528,3.329770563201687,30.70819111482666,0.7606056073988443,1.0,leptonic_bookkeeping,test,True,0.50562265163496,unassigned
388777,tH,124.83570765056163,123.94966038564371,1,3,3,146.83166389813528,3.329770563201687,30.70819111482666,0.7606056073988443,1.0,leptonic_bookkeeping,validation,True,0.50562265163496,unassigned
510684,tH,124.83570765056163,123.94966038564371,1,3,3,146.83166389813528,3.329770563201687,30.70819111482666,0.7606056073988443,1.0,leptonic_bookkeeping,train,True,0.50562265163496,unassigned
285235,tH,124.83570765056163,123.94966038564371,1,3,3,146.83166389813528,3.329770563201687,30.70819111482666,0.7606056073988443,1.0,leptonic_bookkeeping,validation,True,0.50562265163496,unassigned
270916,tH,124.83570765056163,123.94966038564371,1,3,3,146.83166389813528,3.329770563201687,30.70819111482666,0.7606056073988443,1.0,leptonic_bookkeeping,train,True,0.50562265163496,unassigned
453746,tH,124.83570765056163,123.94966038564371,1,3,3,146.83166389813528,3.329770563201687,30.70819111482666,0.7606056073988443,1.0,leptonic_bookkeeping,train,True,0.50562265163496,unassigned
850889,tH,124.83570765056163,123.94966038564371,1,3,3,146.83166389813528,3.329770563201687,30.70819111482666,0.7606056073988443,1.0,leptonic_bookkeeping,train,True,0.50562265163496,unassigned
157839,tH,124.83570765056163,123.94966038564371,1,3,3,146.83166389813528,3.329770563201687,30.70819111482666,0.7606056073988443,1.0,leptonic_bookkeeping,train,True,0.50562265163496,unassigned
782085,tH,124.83570765056163,123.94966038564371,1,3,3,146.83166389813528,3.329770563201687,30.70819111482666,0.7606056073988443,1.0,leptonic_bookkeeping,test,True,0.50562265163496,unassigned
444693,tH,124.83570765056163,123.94966038564371,1,3,3,146.83166389813528,3.329770563201687,30.70819111482666,0.7606056073988443,1.0,leptonic_bookkeeping,train,True,0.50562265163496,unassigned
977520,tH,124.83570765056163,123.94966038564371,1,3,3,146.83166389813528,3.329770563201687,30.70819111482666,0.7606056073988443,1.0,leptonic_bookkeeping,test,True,0.50562265163496,unassigned
566098,tH,124.83570765056163,123.94966038564371,1,3,3,146.83166389813528,3.329770563201687,30.70819111482666,0.7606056073988443,1.0,leptonic_bookkeeping,test,True,0.50562265163496,unassigned
235280,tH,124.83570765056163,123.94966038564371,1,3,3,146.83166389813528,3.329770563201687,30.70819111482666,0.7606056073988443,1.0,leptonic_bookkeeping,test,True,0.50562265163496,unassigned
148011,tH,124.83570765056163,123.94966038564371,1,3,3,146.83166389813528,3.329770563201687,30.70819111482666,0.7606056073988443,1.0,leptonic_bookkeeping,train,True,0.50562265163496,unassigned
721446,tH,124.83570765056163,123.94966038564371,1,3,3,146.83166389813528,3.329770563201687,30.70819111482666,0.7606056073988443,1.0,leptonic_bookkeeping,test,True,0.50562265163496,unassigned
674638,tH,124.83570765056163,123.94966038564371,1,3,3,146.83166389813528,3.329770563201687,30.70819111482666,0.7606056073988443,1.0,leptonic_bookkeeping,train,True,0.50562265163496,unassigned
819713,tH,124.83570765056163,123.94966038564371,1,3,3,146.83166389813528,3.329770563201687,30.70819111482666,0.7606056073988443,1.0,leptonic_bookkeeping,train,True,0.50562265163496,unassigned
581066,tH,124.83570765056163,123.94966038564371,1,3,3,146.83166389813528,3.329770563201687,30.70819111482666,0.7606056073988443,1.0,leptonic_bookkeeping,train,True,0.50562265163496,unassigned
702750,tH,124.83570765056163,123.94966038564371,1,3,3,146.83166389813528,3.329770563201687,30.70819111482666,0.7606056073988443,1.0,leptonic_bookkeeping,train,True,0.50562265163496,unassigned
464191,tH,124.83570765056163,123.94966038564371,1,3,3,146.83166389813528,3.329770563201687,30.70819111482666,0.7606056073988443,1.0,leptonic_bookkeeping,train,True,0.50562265163496,unassigned
851266,tH,124.83570765056163,123.94966038564371,1,3,3,146.83166389813528,3.329770563201687,30.70819111482666,0.7606056073988443,1.0,leptonic_bookkeeping,train,True,0.50562265163496,unassigned
883040,tH,124.83570765056163,123.94966038564371,1,3,3,146.83166389813528,3.329770563201687,30.70819111482666,0.7606056073988443,1.0,leptonic_bookkeeping,validation,True,0.50562265163496,unassigned
553908,tH,124.83570765056163,123.94966038564371,1,3,3,146.83166389813528,3.329770563201687,30.70819111482666,0.7606056073988443,1.0,leptonic_bookkeeping,validation,True,0.50562265163496,unassigned
21333,tH,124.83570765056163,123.94966038564371,1,3,3,146.83166389813528,3.329770563201687,30.70819111482666,0.7606056073988443,1.0,leptonic_bookkeeping,train,True,0.50562265163496,unassigned
785654,tH,124.83570765056163,123.94966038564371,1,3,3,146.83166389813528,3.329770563201687,30.70819111482666,0.7606056073988443,1.0,leptonic_bookkeeping,train,True,0.50562265163496,unassigned
959395,tH,124.83570765056163,123.94966038564371,1,3,3,146.83166389813528,3.329770563201687,30.70819111482666,0.7606056073988443,1.0,leptonic_bookkeeping,train,True,0.50562265163496,unassigned
210118,tH,124.83570765056163,123.94966038564371,1,3,3,146.83166389813528,3.329770563201687,30.70819111482666,0.7606056073988443,1.0,leptonic_bookkeeping,train,True,0.50562265163496,unassigned
838985,tH,124.83570765056163,123.94966038564371,1,3,3,146.83166389813528,3.329770563201687,30.70819111482666,0.7606056073988443,1.0,leptonic_bookkeeping,train,True,0.50562265163496,unassigned
338919,tH,124.83570765056163,123.94966038564371,1,3,3,146.83166389813528,3.329770563201687,30.70819111482666,0.7606056073988443,1.0,leptonic_bookkeeping,test,True,0.50562265163496,unassigned
773820,tH,124.83570765056163,123.94966038564371,1,3,3,146.83166389813528,3.329770563201687,30.70819111482666,0.7606056073988443,1.0,leptonic_bookkeeping,train,True,0.50562265163496,unassigned
286308,tH,124.83570765056163,123.94966038564371,1,3,3,146.83166389813528,3.329770563201687,30.70819111482666,0.7606056073988443,1.0,leptonic_bookkeeping,validation,True,0.50562265163496,unassigned
863619,tH,124.83570765056163,123.94966038564371,1,3,3,146.83166389813528,3.329770563201687,30.70819111482666,0.7606056073988443,1.0,leptonic_bookkeeping,validation,True,0.50562265163496,unassigned
745960,tH,124.83570765056163,123.94966038564371,1,3,3,146.83166389813528,3.329770563201687,30.70819111482666,0.7606056073988443,1.0,leptonic_bookkeeping,train,True,0.50562265163496,unassigned
692362,tH,124.83570765056163,123.94966038564371,1,3,3,146.83166389813528,3.329770563201687,30.70819111482666,0.7606056073988443,1.0,leptonic_bookkeeping,train,True,0.50562265163496,unassigned
918860,tH,124.83570765056163,123.94966038564371,1,3,3,146.83166389813528,3.329770563201687,30.70819111482666,0.7606056073988443,1.0,leptonic_bookkeeping,train,True,0.50562265163496,unassigned
258450,tH,124.83570765056163,123.94966038564371,1,3,3,146.83166389813528,3.329770563201687,30.70819111482666,0.7606056073988443,1.0,leptonic_bookkeeping,train,True,0.50562265163496,unassigned
678837,tH,124.83570765056163,123.94966038564371,1,3,3,146.83166389813528,3.329770563201687,30.70819111482666,0.7606056073988443,1.0,leptonic_bookkeeping,test,True,0.50562265163496,unassigned
551655,tH,124.83570765056163,123.94966038564371,1,3,3,146.83166389813528,3.329770563201687,30.70819111482666,0.7606056073988443,1.0,leptonic_bookkeeping,train,True,0.50562265163496,unassigned
383146,tH,124.83570765056163,123.94966038564371,1,3,3,146.83166389813528,3.329770563201687,30.70819111482666,0.7606056073988443,1.0,leptonic_bookkeeping,train,True,0.50562265163496,unassigned
431348,tH,124.83570765056163,123.94966038564371,1,3,3,146.83166389813528,3.329770563201687,30.70819111482666,0.7606056073988443,1.0,leptonic_bookkeeping,test,True,0.50562265163496,unassigned
896814,tH,124.83570765056163,123.94966038564371,1,3,3,146.83166389813528,3.329770563201687,30.70819111482666,0.7606056073988443,1.0,leptonic_bookkeeping,test,True,0.50562265163496,unassigned
586720,tH,124.83570765056163,123.94966038564371,1,3,3,146.83166389813528,3.329770563201687,30.70819111482666,0.7606056073988443,1.0,leptonic_bookkeeping,test,True,0.50562265163496,unassigned
901027,tH,124.83570765056163,123.94966038564371,1,3,3,146.83166389813528,3.329770563201687,30.70819111482666,0.7606056073988443,1.0,leptonic_bookkeeping,train,True,0.50562265163496,unassigned
549421,tH,124.83570765056163,123.94966038564371,1,3,3,146.83166389813528,3.329770563201687,30.70819111482666,0.7606056073988443,1.0,leptonic_bookkeeping,train,True,0.50562265163496,unassigned
641217,tH,124.83570765056163,123.94966038564371,1,3,3,146.83166389813528,3.329770563201687,30.70819111482666,0.7606056073988443,1.0,leptonic_bookkeeping,train,True,0.50562265163496,unassigned
107202,tH,124.83570765056163,123.94966038564371,1,3,3,146.83166389813528,3.329770563201687,30.70819111482666,0.7606056073988443,1.0,leptonic_bookkeeping,train,True,0.50562265163496,unassigned
158546,tH,124.83570765056163,123.94966038564371,1,3,3,146.83166389813528,3.329770563201687,30.70819111482666,0.7606056073988443,1.0,leptonic_bookkeeping,train,True,0.50562265163496,unassigned
754010,tH,124.83570765056163,123.94966038564371,1,3,3,146.83166389813528,3.329770563201687,30.70819111482666,0.7606056073988443,1.0,leptonic_bookkeeping,train,True,0.50562265163496,unassigned
434217,tH,124.83570765056163,123.94966038564371,1,3,3,146.83166389813528,3.329770563201687,30.70819111482666,0.7606056073988443,1.0,leptonic_bookkeeping,train,True,0.50562265163496,unassigned
562140,tH,124.83570765056163,123.94966038564371,1,3,3,146.83166389813528,3.329770563201687,30.70819111482666,0.7606056073988443,1.0,leptonic_bookkeeping,train,True,0.50562265163496,unassigned
613468,tH,124.83570765056163,123.94966038564371,1,3,3,146.83166389813528,3.329770563201687,30.70819111482666,0.7606056073988443,1.0,leptonic_bookkeeping,train,True,0.50562265163496,unassigned
539174,tH,124.83570765056163,123.94966038564371,1,3,3,146.83166389813528,3.329770563201687,30.70819111482666,0.7606056073988443,1.0,leptonic_bookkeeping,train,True,0.50562265163496,unassigned
898026,tH,124.83570765056163,123.94966038564371,1,3,3,146.83166389813528,3.329770563201687,30.70819111482666,0.7606056073988443,1.0,leptonic_bookkeeping,train,True,0.50562265163496,unassigned
519124,tH,124.83570765056163,123.94966038564371,1,3,3,146.83166389813528,3.329770563201687,30.70819111482666,0.7606056073988443,1.0,leptonic_bookkeeping,train,True,0.50562265163496,unassigned
450336,tH,124.83570765056163,123.94966038564371,1,3,3,146.83166389813528,3.329770563201687,30.70819111482666,0.7606056073988443,1.0,leptonic_bookkeeping,validation,True,0.50562265163496,unassigned
888638,tH,124.83570765056163,123.94966038564371,1,3,3,146.83166389813528,3.329770563201687,30.70819111482666,0.7606056073988443,1.0,leptonic_bookkeeping,train,True,0.50562265163496,unassigned
507424,tH,124.83570765056163,123.94966038564371,1,3,3,146.83166389813528,3.329770563201687,30.70819111482666,0.7606056073988443,1.0,leptonic_bookkeeping,train,True,0.50562265163496,unassigned
839385,tH,124.83570765056163,123.94966038564371,1,3,3,146.83166389813528,3.329770563201687,30.70819111482666,0.7606056073988443,1.0,leptonic_bookkeeping,train,True,0.50562265163496,unassigned
281622,tH,124.83570765056163,123.94966038564371,1,3,3,146.83166389813528,3.329770563201687,30.70819111482666,0.7606056073988443,1.0,leptonic_bookkeeping,train,True,0.50562265163496,unassigned
414408,tH,124.83570765056163,123.94966038564371,1,3,3,146.83166389813528,3.329770563201687,30.70819111482666,0.7606056073988443,1.0,leptonic_bookkeeping,train,True,0.50562265163496,unassigned
461417,tH,124.83570765056163,123.94966038564371,1,3,3,146.83166389813528,3.329770563201687,30.70819111482666,0.7606056073988443,1.0,leptonic_bookkeeping,validation,True,0.50562265163496,unassigned
215042,tH,124.83570765056163,123.94966038564371,1,3,3,146.83166389813528,3.329770563201687,30.70819111482666,0.7606056073988443,1.0,leptonic_bookkeeping,test,True,0.50562265163496,unassigned
103528,tH,124.83570765056163,123.94966038564371,1,3,3,146.83166389813528,3.329770563201687,30.70819111482666,0.7606056073988443,1.0,leptonic_bookkeeping,train,True,0.50562265163496,unassigned
395956,tH,124.83570765056163,123.94966038564371,1,3,3,146.83166389813528,3.329770563201687,30.70819111482666,0.7606056073988443,1.0,leptonic_bookkeeping,train,True,0.50562265163496,unassigned
686908,tH,124.83570765056163,123.94966038564371,1,3,3,146.83166389813528,3.329770563201687,30.70819111482666,0.7606056073988443,1.0,leptonic_bookkeeping,validation,True,0.50562265163496,unassigned
585534,tH,124.83570765056163,123.94966038564371,1,3,3,146.83166389813528,3.329770563201687,30.70819111482666,0.7606056073988443,1.0,leptonic_bookkeeping,validation,True,0.50562265163496,unassigned
577404,tH,124.83570765056163,123.94966038564371,1,3,3,146.83166389813528,3.329770563201687,30.70819111482666,0.7606056073988443,1.0,leptonic_bookkeeping,train,True,0.50562265163496,unassigned
575761,tH,124.83570765056163,123.94966038564371,1,3,3,146.83166389813528,3.329770563201687,30.70819111482666,0.7606056073988443,1.0,leptonic_bookkeeping,test,True,0.50562265163496,unassigned
5509,tH,124.83570765056163,123.94966038564371,1,3,3,146.83166389813528,3.329770563201687,30.70819111482666,0.7606056073988443,1.0,leptonic_bookkeeping,train,True,0.50562265163496,unassigned
628777,tH,124.83570765056163,123.94966038564371,1,3,3,146.83166389813528,3.329770563201687,30.70819111482666,0.7606056073988443,1.0,leptonic_bookkeeping,test,True,0.50562265163496,unassigned
127392,tH,124.83570765056163,123.94966038564371,1,3,3,146.83166389813528,3.329770563201687,30.70819111482666,0.7606056073988443,1.0,leptonic_bookkeeping,train,True,0.50562265163496,unassigned
406352,tH,124.83570765056163,123.94966038564371,1,3,3,146.83166389813528,3.329770563201687,30.70819111482666,0.7606056073988443,1.0,leptonic_bookkeeping,train,True,0.50562265163496,unassigned
228462,tH,124.83570765056163,123.94966038564371,1,3,3,146.83166389813528,3.329770563201687,30.70819111482666,0.7606056073988443,1.0,leptonic_bookkeeping,train,True,0.50562265163496,unassigned
678240,tH,124.83570765056163,123.94966038564371,1,3,3,146.83166389813528,3.329770563201687,30.70819111482666,0.7606056073988443,1.0,leptonic_bookkeeping,validation,True,0.50562265163496,unassigned
135108,tH,124.83570765056163,123.94966038564371,1,3,3,146.83166389813528,3.329770563201687,30.70819111482666,0.7606056073988443,1.0,leptonic_bookkeeping,train,True,0.50562265163496,unassigned
93480,tH,124.83570765056163,123.94966038564371,1,3,3,146.83166389813528,3.329770563201687,30.70819111482666,0.7606056073988443,1.0,leptonic_bookkeeping,train,True,0.50562265163496,unassigned
92478,tH,124.83570765056163,123.94966038564371,1,3,3,146.83166389813528,3.329770563201687,30.70819111482666,0.7606056073988443,1.0,leptonic_bookkeeping,test,True,0.50562265163496,unassigned
818709,tH,124.83570765056163,123.94966038564371,1,3,3,146.83166389813528,3.329770563201687,30.70819111482666,0.7606056073988443,1.0,leptonic_bookkeeping,train,True,0.50562265163496,unassigned
186870,tH,124.83570765056163,123.94966038564371,1,3,3,146.83166389813528,3.329770563201687,30.70819111482666,0.7606056073988443,1.0,leptonic_bookkeeping,train,True,0.50562265163496,unassigned
379984,tH,124.83570765056163,123.94966038564371,1,3,3,146.83166389813528,3.329770563201687,30.70819111482666,0.7606056073988443,1.0,leptonic_bookkeeping,test,True,0.50562265163496,unassigned
477843,tH,124.83570765056163,123.94966038564371,1,3,3,146.83166389813528,3.329770563201687,30.70819111482666,0.7606056073988443,1.0,leptonic_bookkeeping,train,True,0.50562265163496,unassigned
268754,tH,124.83570765056163,123.94966038564371,1,3,3,146.83166389813528,3.329770563201687,30.70819111482666,0.7606056073988443,1.0,leptonic_bookkeeping,train,True,0.50562265163496,unassigned
255755,tH,124.83570765056163,123.94966038564371,1,3,3,146.83166389813528,3.329770563201687,30.70819111482666,0.7606056073988443,1.0,leptonic_bookkeeping,test,True,0.50562265163496,unassigned
8718,tH,124.83570765056163,123.94966038564371,1,3,3,146.83166389813528,3.329770563201687,30.70819111482666,0.7606056073988443,1.0,leptonic_bookkeeping,test,True,0.50562265163496,unassigned
208634,tH,124.83570765056163,123.94966038564371,1,3,3,146.83166389813528,3.329770563201687,30.70819111482666,0.7606056073988443,1.0,leptonic_bookkeeping,train,True,0.50562265163496,unassigned
559511,tH,124.83570765056163,123.94966038564371,1,3,3,146.83166389813528,3.329770563201687,30.70819111482666,0.7606056073988443,1.0,leptonic_bookkeeping,train,True,0.50562265163496,unassigned
248152,tH,124.83570765056163,123.94966038564371,1,3,3,146.83166389813528,3.329770563201687,30.70819111482666,0.7606056073988443,1.0,leptonic_bookkeeping,train,True,0.50562265163496,unassigned
499758,tH,124.83570765056163,123.94966038564371,1,3,3,146.83166389813528,3.329770563201687,30.70819111482666,0.7606056073988443,1.0,leptonic_bookkeeping,train,True,0.50562265163496,unassigned
48172,tH,124.83570765056163,123.94966038564371,1,3,3,146.83166389813528,3.329770563201687,30.70819111482666,0.7606056073988443,1.0,leptonic_bookkeeping,validation,True,0.50562265163496,unassigned
999248,tH,124.83570765056163,123.94966038564371,1,3,3,146.83166389813528,3.329770563201687,30.70819111482666,0.7606056073988443,1.0,leptonic_bookkeeping,test,True,0.50562265163496,unassigned
254427,tH,124.83570765056163,123.94966038564371,1,3,3,146.83166389813528,3.329770563201687,30.70819111482666,0.7606056073988443,1.0,leptonic_bookkeeping,validation,True,0.50562265163496,unassigned
768472,tH,124.83570765056163,123.94966038564371,1,3,3,146.83166389813528,3.329770563201687,30.70819111482666,0.7606056073988443,1.0,leptonic_bookkeeping,train,True,0.50562265163496,unassigned
345825,tH,124.83570765056163,123.94966038564371,1,3,3,146.83166389813528,3.329770563201687,30.70819111482666,0.7606056073988443,1.0,leptonic_bookkeeping,train,True,0.50562265163496,unassigned
572334,tH,124.83570765056163,123.94966038564371,1,3,3,146.83166389813528,3.329770563201687,30.70819111482666,0.7606056073988443,1.0,leptonic_bookkeeping,train,True,0.50562265163496,unassigned
957351,tH,124.83570765056163,123.94966038564371,1,3,3,146.83166389813528,3.329770563201687,30.70819111482666,0.7606056073988443,1.0,leptonic_bookkeeping,test,True,0.50562265163496,unassigned
39579,tH,124.83570765056163,123.94966038564371,1,3,3,146.83166389813528,3.329770563201687,30.70819111482666,0.7606056073988443,1.0,leptonic_bookkeeping,test,True,0.50562265163496,unassigned
103831,tH,124.83570765056163,123.94966038564371,1,3,3,146.83166389813528,3.329770563201687,30.70819111482666,0.7606056073988443,1.0,leptonic_bookkeeping,train,True,0.50562265163496,unassigned
754907,tH,124.83570765056163,123.94966038564371,1,3,3,146.83166389813528,3.329770563201687,30.70819111482666,0.7606056073988443,1.0,leptonic_bookkeeping,train,True,0.50562265163496,unassigned
608900,tH,124.83570765056163,123.94966038564371,1,3,3,146.83166389813528,3.329770563201687,30.70819111482666,0.7606056073988443,1.0,leptonic_bookkeeping,train,True,0.50562265163496,unassigned
169917,tH,124.83570765056163,123.94966038564371,1,3,3,146.83166389813528,3.329770563201687,30.70819111482666,0.7606056073988443,1.0,leptonic_bookkeeping,train,True,0.50562265163496,unassigned
496802,tH,124.83570765056163,123.94966038564371,1,3,3,146.83166389813528,3.329770563201687,30.70819111482666,0.7606056073988443,1.0,leptonic_bookkeeping,train,True,0.50562265163496,unassigned
486164,tH,124.83570765056163,123.94966038564371,1,3,3,146.83166389813528,3.329770563201687,30.70819111482666,0.7606056073988443,1.0,leptonic_bookkeeping,train,True,0.50562265163496,unassigned
272701,tH,124.83570765056163,123.94966038564371,1,3,3,146.83166389813528,3.329770563201687,30.70819111482666,0.7606056073988443,1.0,leptonic_bookkeeping,train,True,0.50562265163496,unassigned
971482,tH,124.83570765056163,123.94966038564371,1,3,3,146.83166389813528,3.329770563201687,30.70819111482666,0.7606056073988443,1.0,leptonic_bookkeeping,train,True,0.50562265163496,unassigned
967976,tH,124.83570765056163,123.94966038564371,1,3,3,146.83166389813528,3.329770563201687,30.70819111482666,0.7606056073988443,1.0,leptonic_bookkeeping,test,True,0.50562265163496,unassigned
892015,tH,124.83570765056163,123.94966038564371,1,3,3,146.83166389813528,3.329770563201687,30.70819111482666,0.7606056073988443,1.0,leptonic_bookkeeping,train,True,0.50562265163496,unassigned
251704,tH,124.83570765056163,123.94966038564371,1,3,3,146.83166389813528,3.329770563201687,30.70819111482666,0.7606056073988443,1.0,leptonic_bookkeeping,train,True,0.50562265163496,unassigned
384938,tH,124.83570765056163,123.94966038564371,1,3,3,146.83166389813528,3.329770563201687,30.70819111482666,0.7606056073988443,1.0,leptonic_bookkeeping,train,True,0.50562265163496,unassigned
278527,tH,124.83570765056163,123.94966038564371,1,3,3,146.83166389813528,3.329770563201687,30.70819111482666,0.7606056073988443,1.0,leptonic_bookkeeping,train,True,0.50562265163496,unassigned
766421,tH,124.83570765056163,123.94966038564371,1,3,3,146.83166389813528,3.329770563201687,30.70819111482666,0.7606056073988443,1.0,leptonic_bookkeeping,train,True,0.50562265163496,unassigned
790866,tH,124.83570765056163,123.94966038564371,1,3,3,146.83166389813528,3.329770563201687,30.70819111482666,0.7606056073988443,1.0,leptonic_bookkeeping,validation,True,0.50562265163496,unassigned
145551,tH,124.83570765056163,123.94966038564371,1,3,3,146.83166389813528,3.329770563201687,30.70819111482666,0.7606056073988443,1.0,leptonic_bookkeeping,train,True,0.50562265163496,unassigned
437133,tH,124.83570765056163,123.94966038564371,1,3,3,146.83166389813528,3.329770563201687,30.70819111482666,0.7606056073988443,1.0,leptonic_bookkeeping,train,True,0.50562265163496,unassigned
925494,tH,124.83570765056163,123.94966038564371,1,3,3,146.83166389813528,3.329770563201687,30.70819111482666,0.7606056073988443,1.0,leptonic_bookkeeping,validation,True,0.50562265163496,unassigned
234807,tH,124.83570765056163,123.94966038564371,1,3,3,146.83166389813528,3.329770563201687,30.70819111482666,0.7606056073988443,1.0,leptonic_bookkeeping,validation,True,0.50562265163496,unassigned
497810,tH,124.83570765056163,123.94966038564371,1,3,3,146.83166389813528,3.329770563201687,30.70819111482666,0.7606056073988443,1.0,leptonic_bookkeeping,train,True,0.50562265163496,unassigned
838572,tH,124.83570765056163,123.94966038564371,1,3,3,146.83166389813528,3.329770563201687,30.70819111482666,0.7606056073988443,1.0,leptonic_bookkeeping,train,True,0.50562265163496,unassigned
432728,tH,124.83570765056163,123.94966038564371,1,3,3,146.83166389813528,3.329770563201687,30.70819111482666,0.7606056073988443,1.0,leptonic_bookkeeping,test,True,0.50562265163496,unassigned
377331,tH,124.83570765056163,123.94966038564371,1,3,3,146.83166389813528,3.329770563201687,30.70819111482666,0.7606056073988443,1.0,leptonic_bookkeeping,validation,True,0.50562265163496,unassigned
59293,tH,124.83570765056163,123.94966038564371,1,3,3,146.83166389813528,3.329770563201687,30.70819111482666,0.7606056073988443,1.0,leptonic_bookkeeping,validation,True,0.50562265163496,unassigned
347185,tH,124.83570765056163,123.94966038564371,1,3,3,146.83166389813528,3.329770563201687,30.70819111482666,0.7606056073988443,1.0,leptonic_bookkeeping,validation,True,0.50562265163496,unassigned
669062,tH,124.83570765056163,123.94966038564371,1,3,3,146.83166389813528,3.329770563201687,30.70819111482666,0.7606056073988443,1.0,leptonic_bookkeeping,test,True,0.50562265163496,unassigned
171898,tH,124.83570765056163,123.94966038564371,1,3,3,146.83166389813528,3.329770563201687,30.70819111482666,0.7606056073988443,1.0,leptonic_bookkeeping,validation,True,0.50562265163496,unassigned
783812,tH,124.83570765056163,123.94966038564371,1,3,3,146.83166389813528,3.329770563201687,30.70819111482666,0.7606056073988443,1.0,leptonic_bookkeeping,train,True,0.50562265163496,unassigned
12528,tH,124.83570765056163,123.94966038564371,1,3,3,146.83166389813528,3.329770563201687,30.70819111482666,0.7606056073988443,1.0,leptonic_bookkeeping,train,True,0.50562265163496,unassigned
43958,tH,124.83570765056163,123.94966038564371,1,3,3,146.83166389813528,3.329770563201687,30.70819111482666,0.7606056073988443,1.0,leptonic_bookkeeping,train,True,0.50562265163496,unassigned
371751,tH,124.83570765056163,123.94966038564371,1,3,3,146.83166389813528,3.329770563201687,30.70819111482666,0.7606056073988443,1.0,leptonic_bookkeeping,train,True,0.50562265163496,unassigned
398836,tH,124.83570765056163,123.94966038564371,1,3,3,146.83166389813528,3.329770563201687,30.70819111482666,0.7606056073988443,1.0,leptonic_bookkeeping,validation,True,0.50562265163496,unassigned
41718,tH,124.83570765056163,123.94966038564371,1,3,3,146.83166389813528,3.329770563201687,30.70819111482666,0.7606056073988443,1.0,leptonic_bookkeeping,train,True,0.50562265163496,unassigned
623011,data,124.83570765056163,125.91670111852694,1,3,3,146.83166389813528,3.329770563201687,30.70819111482666,0.7606056073988443,1.0,leptonic_bookkeeping,train,False,0.50562265163496,unassigned
54559,data,124.83570765056163,125.91670111852694,1,3,3,146.83166389813528,3.329770563201687,30.70819111482666,0.7606056073988443,1.0,leptonic_bookkeeping,train,False,0.50562265163496,unassigned
247459,data,124.83570765056163,125.91670111852694,1,3,3,146.83166389813528,3.329770563201687,30.70819111482666,0.7606056073988443,1.0,leptonic_bookkeeping,train,False,0.50562265163496,unassigned
177411,data,124.83570765056163,125.91670111852694,1,3,3,146.83166389813528,3.329770563201687,30.70819111482666,0.7606056073988443,1.0,leptonic_bookkeeping,train,False,0.50562265163496,unassigned
23911,data,124.83570765056163,125.91670111852694,1,3,3,146.83166389813528,3.329770563201687,30.70819111482666,0.7606056073988443,1.0,leptonic_bookkeeping,train,False,0.50562265163496,unassigned
546070,data,124.83570765056163,125.91670111852694,1,3,3,146.83166389813528,3.329770563201687,30.70819111482666,0.7606056073988443,1.0,leptonic_bookkeeping,test,False,0.50562265163496,unassigned
60556,data,124.83570765056163,125.91670111852694,1,3,3,146.83166389813528,3.329770563201687,30.70819111482666,0.7606056073988443,1.0,leptonic_bookkeeping,test,False,0.50562265163496,unassigned
452181,data,124.83570765056163,125.91670111852694,1,3,3,146.83166389813528,3.329770563201687,30.70819111482666,0.7606056073988443,1.0,leptonic_bookkeeping,test,False,0.50562265163496,unassigned
351214,data,124.83570765056163,125.91670111852694,1,3,3,146.83166389813528,3.329770563201687,30.70819111482666,0.7606056073988443,1.0,leptonic_bookkeeping,train,False,0.50562265163496,unassigned
972114,data,124.83570765056163,125.91670111852694,1,3,3,146.83166389813528,3.329770563201687,30.70819111482666,0.7606056073988443,1.0,leptonic_bookkeeping,train,False,0.50562265163496,unassigned
152109,data,124.83570765056163,125.91670111852694,1,3,3,146.83166389813528,3.329770563201687,30.70819111482666,0.7606056073988443,1.0,leptonic_bookkeeping,validation,False,0.50562265163496,unassigned
78007,data,124.83570765056163,125.91670111852694,1,3,3,146.83166389813528,3.329770563201687,30.70819111482666,0.7606056073988443,1.0,leptonic_bookkeeping,train,False,0.50562265163496,unassigned
344875,data,124.83570765056163,125.91670111852694,1,3,3,146.83166389813528,3.329770563201687,30.70819111482666,0.7606056073988443,1.0,leptonic_bookkeeping,train,False,0.50562265163496,unassigned
221369,data,124.83570765056163,125.91670111852694,1,3,3,146.83166389813528,3.329770563201687,30.70819111482666,0.7606056073988443,1.0,leptonic_bookkeeping,train,False,0.50562265163496,unassigned
850616,data,124.83570765056163,125.91670111852694,1,3,3,146.83166389813528,3.329770563201687,30.70819111482666,0.7606056073988443,1.0,leptonic_bookkeeping,train,False,0.50562265163496,unassigned
735513,data,124.83570765056163,125.91670111852694,1,3,3,146.83166389813528,3.329770563201687,30.70819111482666,0.7606056073988443,1.0,leptonic_bookkeeping,train,False,0.50562265163496,unassigned
371580,data,124.83570765056163,125.91670111852694,1,3,3,146.83166389813528,3.329770563201687,30.70819111482666,0.7606056073988443,1.0,leptonic_bookkeeping,train,False,0.50562265163496,unassigned
687823,data,124.83570765056163,125.91670111852694,1,3,3,146.83166389813528,3.329770563201687,30.70819111482666,0.7606056073988443,1.0,leptonic_bookkeeping,validation,False,0.50562265163496,unassigned
475519,data,124.83570765056163,125.91670111852694,1,3,3,146.83166389813528,3.329770563201687,30.70819111482666,0.7606056073988443,1.0,leptonic_bookkeeping,train,False,0.50562265163496,unassigned
585845,data,124.83570765056163,125.91670111852694,1,3,3,146.83166389813528,3.329770563201687,30.70819111482666,0.7606056073988443,1.0,leptonic_bookkeeping,test,False,0.50562265163496,unassigned
622245,data,124.83570765056163,125.91670111852694,1,3,3,146.83166389813528,3.329770563201687,30.70819111482666,0.7606056073988443,1.0,leptonic_bookkeeping,train,False,0.50562265163496,unassigned
67755,data,124.83570765056163,125.91670111852694,1,3,3,146.83166389813528,3.329770563201687,30.70819111482666,0.7606056073988443,1.0,leptonic_bookkeeping,train,False,0.50562265163496,unassigned
95533,data,124.83570765056163,125.91670111852694,1,3,3,146.83166389813528,3.329770563201687,30.70819111482666,0.7606056073988443,1.0,leptonic_bookkeeping,train,False,0.50562265163496,unassigned
16865,data,124.83570765056163,125.91670111852694,1,3,3,146.83166389813528,3.329770563201687,30.70819111482666,0.7606056073988443,1.0,leptonic_bookkeeping,validation,False,0.50562265163496,unassigned
402673,data,124.83570765056163,125.91670111852694,1,3,3,146.83166389813528,3.329770563201687,30.70819111482666,0.7606056073988443,1.0,leptonic_bookkeeping,train,False,0.50562265163496,unassigned
313451,data,124.83570765056163,125.91670111852694,1,3,3,146.83166389813528,3.329770563201687,30.70819111482666,0.7606056073988443,1.0,leptonic_bookkeeping,train,False,0.50562265163496,unassigned
75999,data,124.83570765056163,125.91670111852694,1,3,3,146.83166389813528,3.329770563201687,30.70819111482666,0.7606056073988443,1.0,leptonic_bookkeeping,train,False,0.50562265163496,unassigned
43628,data,124.83570765056163,125.91670111852694,1,3,3,146.83166389813528,3.329770563201687,30.70819111482666,0.7606056073988443,1.0,leptonic_bookkeeping,train,False,0.50562265163496,unassigned
757683,data,124.83570765056163,125.91670111852694,1,3,3,146.83166389813528,3.329770563201687,30.70819111482666,0.7606056073988443,1.0,leptonic_bookkeeping,train,False,0.50562265163496,unassigned
145148,data,124.83570765056163,125.91670111852694,1,3,3,146.83166389813528,3.329770563201687,30.70819111482666,0.7606056073988443,1.0,leptonic_bookkeeping,train,False,0.50562265163496,unassigned
126216,data,124.83570765056163,125.91670111852694,1,3,3,146.83166389813528,3.329770563201687,30.70819111482666,0.7606056073988443,1.0,leptonic_bookkeeping,train,False,0.50562265163496,unassigned
442233,data,124.83570765056163,125.91670111852694,1,3,3,146.83166389813528,3.329770563201687,30.70819111482666,0.7606056073988443,1.0,leptonic_bookkeeping,test,False,0.50562265163496,unassigned
568984,data,124.83570765056163,125.91670111852694,1,3,3,146.83166389813528,3.329770563201687,30.70819111482666,0.7606056073988443,1.0,leptonic_bookkeeping,train,False,0.50562265163496,unassigned
355171,data,124.83570765056163,125.91670111852694,1,3,3,146.83166389813528,3.329770563201687,30.70819111482666,0.7606056073988443,1.0,leptonic_bookkeeping,train,False,0.50562265163496,unassigned
443925,data,124.83570765056163,125.91670111852694,1,3,3,146.83166389813528,3.329770563201687,30.70819111482666,0.7606056073988443,1.0,leptonic_bookkeeping,train,False,0.50562265163496,unassigned
665714,data,124.83570765056163,125.91670111852694,1,3,3,146.83166389813528,3.329770563201687,30.70819111482666,0.7606056073988443,1.0,leptonic_bookkeeping,train,False,0.50562265163496,unassigned
597663,data,124.83570765056163,125.91670111852694,1,3,3,146.83166389813528,3.329770563201687,30.70819111482666,0.7606056073988443,1.0,leptonic_bookkeeping,test,False,0.50562265163496,unassigned
498837,data,124.83570765056163,125.91670111852694,1,3,3,146.83166389813528,3.329770563201687,30.70819111482666,0.7606056073988443,1.0,leptonic_bookkeeping,train,False,0.50562265163496,unassigned
855666,data,124.83570765056163,125.91670111852694,1,3,3,146.83166389813528,3.329770563201687,30.70819111482666,0.7606056073988443,1.0,leptonic_bookkeeping,test,False,0.50562265163496,unassigned
879612,data,124.83570765056163,125.91670111852694,1,3,3,146.83166389813528,3.329770563201687,30.70819111482666,0.7606056073988443,1.0,leptonic_bookkeeping,train,False,0.50562265163496,unassigned
230717,data,124.83570765056163,125.91670111852694,1,3,3,146.83166389813528,3.329770563201687,30.70819111482666,0.7606056073988443,1.0,leptonic_bookkeeping,train,False,0.50562265163496,unassigned
866666,data,124.83570765056163,125.91670111852694,1,3,3,146.83166389813528,3.329770563201687,30.70819111482666,0.7606056073988443,1.0,leptonic_bookkeeping,train,False,0.50562265163496,unassigned
564740,data,124.83570765056163,125.91670111852694,1,3,3,146.83166389813528,3.329770563201687,30.70819111482666,0.7606056073988443,1.0,leptonic_bookkeeping,validation,False,0.50562265163496,unassigned
681371,data,124.83570765056163,125.91670111852694,1,3,3,146.83166389813528,3.329770563201687,30.70819111482666,0.7606056073988443,1.0,leptonic_bookkeeping,train,False,0.50562265163496,unassigned
453254,data,124.83570765056163,125.91670111852694,1,3,3,146.83166389813528,3.329770563201687,30.70819111482666,0.7606056073988443,1.0,leptonic_bookkeeping,test,False,0.50562265163496,unassigned
65251,data,124.83570765056163,125.91670111852694,1,3,3,146.83166389813528,3.329770563201687,30.70819111482666,0.7606056073988443,1.0,leptonic_bookkeeping,train,False,0.50562265163496,unassigned
71294,data,124.83570765056163,125.91670111852694,1,3,3,146.83166389813528,3.329770563201687,30.70819111482666,0.7606056073988443,1.0,leptonic_bookkeeping,test,False,0.50562265163496,unassigned
739089,data,124.83570765056163,125.91670111852694,1,3,3,146.83166389813528,3.329770563201687,30.70819111482666,0.7606056073988443,1.0,leptonic_bookkeeping,validation,False,0.50562265163496,unassigned
577141,data,124.83570765056163,125.91670111852694,1,3,3,146.83166389813528,3.329770563201687,30.70819111482666,0.7606056073988443,1.0,leptonic_bookkeeping,test,False,0.50562265163496,unassigned
907534,data,124.83570765056163,125.91670111852694,1,3,3,146.83166389813528,3.329770563201687,30.70819111482666,0.7606056073988443,1.0,leptonic_bookkeeping,train,False,0.50562265163496,unassigned
611094,data,124.83570765056163,125.91670111852694,1,3,3,146.83166389813528,3.329770563201687,30.70819111482666,0.7606056073988443,1.0,leptonic_bookkeeping,train,False,0.50562265163496,unassigned
437037,data,124.83570765056163,125.91670111852694,1,3,3,146.83166389813528,3.329770563201687,30.70819111482666,0.7606056073988443,1.0,leptonic_bookkeeping,train,False,0.50562265163496,unassigned
856746,data,124.83570765056163,125.91670111852694,1,3,3,146.83166389813528,3.329770563201687,30.70819111482666,0.7606056073988443,1.0,leptonic_bookkeeping,train,False,0.50562265163496,unassigned
179934,data,124.83570765056163,125.91670111852694,1,3,3,146.83166389813528,3.329770563201687,30.70819111482666,0.7606056073988443,1.0,leptonic_bookkeeping,train,False,0.50562265163496,unassigned
214988,data,124.83570765056163,125.91670111852694,1,3,3,146.83166389813528,3.329770563201687,30.70819111482666,0.7606056073988443,1.0,leptonic_bookkeeping,test,False,0.50562265163496,unassigned
61141,data,124.83570765056163,125.91670111852694,1,3,3,146.83166389813528,3.329770563201687,30.70819111482666,0.7606056073988443,1.0,leptonic_bookkeeping,test,False,0.50562265163496,unassigned
88090,data,124.83570765056163,125.91670111852694,1,3,3,146.83166389813528,3.329770563201687,30.70819111482666,0.7606056073988443,1.0,leptonic_bookkeeping,train,False,0.50562265163496,unassigned
622317,data,124.83570765056163,125.91670111852694,1,3,3,146.83166389813528,3.329770563201687,30.70819111482666,0.7606056073988443,1.0,leptonic_bookkeeping,train,False,0.50562265163496,unassigned
910809,data,124.83570765056163,125.91670111852694,1,3,3,146.83166389813528,3.329770563201687,30.70819111482666,0.7606056073988443,1.0,leptonic_bookkeeping,train,False,0.50562265163496,unassigned
892785,data,124.83570765056163,125.91670111852694,1,3,3,146.83166389813528,3.329770563201687,30.70819111482666,0.7606056073988443,1.0,leptonic_bookkeeping,validation,False,0.50562265163496,unassigned
734851,data,124.83570765056163,125.91670111852694,1,3,3,146.83166389813528,3.329770563201687,30.70819111482666,0.7606056073988443,1.0,leptonic_bookkeeping,train,False,0.50562265163496,unassigned
711441,data,124.83570765056163,125.91670111852694,1,3,3,146.83166389813528,3.329770563201687,30.70819111482666,0.7606056073988443,1.0,leptonic_bookkeeping,train,False,0.50562265163496,unassigned
870712,data,124.83570765056163,125.91670111852694,1,3,3,146.83166389813528,3.329770563201687,30.70819111482666,0.7606056073988443,1.0,leptonic_bookkeeping,train,False,0.50562265163496,unassigned
801170,data,124.83570765056163,125.91670111852694,1,3,3,146.83166389813528,3.329770563201687,30.70819111482666,0.7606056073988443,1.0,leptonic_bookkeeping,validation,False,0.50562265163496,unassigned
760753,data,124.83570765056163,125.91670111852694,1,3,3,146.83166389813528,3.329770563201687,30.70819111482666,0.7606056073988443,1.0,leptonic_bookkeeping,validation,False,0.50562265163496,unassigned
962254,data,124.83570765056163,125.91670111852694,1,3,3,146.83166389813528,3.329770563201687,30.70819111482666,0.7606056073988443,1.0,leptonic_bookkeeping,train,False,0.50562265163496,unassigned
115853,data,124.83570765056163,125.91670111852694,1,3,3,146.83166389813528,3.329770563201687,30.70819111482666,0.7606056073988443,1.0,leptonic_bookkeeping,train,False,0.50562265163496,unassigned
441656,data,124.83570765056163,125.91670111852694,1,3,3,146.83166389813528,3.329770563201687,30.70819111482666,0.7606056073988443,1.0,leptonic_bookkeeping,test,False,0.50562265163496,unassigned
96337,data,124.83570765056163,125.91670111852694,1,3,3,146.83166389813528,3.329770563201687,30.70819111482666,0.7606056073988443,1.0,leptonic_bookkeeping,train,False,0.50562265163496,unassigned
759513,data,124.83570765056163,125.91670111852694,1,3,3,146.83166389813528,3.329770563201687,30.70819111482666,0.7606056073988443,1.0,leptonic_bookkeeping,validation,False,0.50562265163496,unassigned
920022,data,124.83570765056163,125.91670111852694,1,3,3,146.83166389813528,3.329770563201687,30.70819111482666,0.7606056073988443,1.0,leptonic_bookkeeping,train,False,0.50562265163496,unassigned
359841,data,124.83570765056163,125.91670111852694,1,3,3,146.83166389813528,3.329770563201687,30.70819111482666,0.7606056073988443,1.0,leptonic_bookkeeping,test,False,0.50562265163496,unassigned
581435,data,124.83570765056163,125.91670111852694,1,3,3,146.83166389813528,3.329770563201687,30.70819111482666,0.7606056073988443,1.0,leptonic_bookkeeping,train,False,0.50562265163496,unassigned
922499,data,124.83570765056163,125.91670111852694,1,3,3,146.83166389813528,3.329770563201687,30.70819111482666,0.7606056073988443,1.0,leptonic_bookkeeping,train,False,0.50562265163496,unassigned
688728,data,124.83570765056163,125.91670111852694,1,3,3,146.83166389813528,3.329770563201687,30.70819111482666,0.7606056073988443,1.0,leptonic_bookkeeping,test,False,0.50562265163496,unassigned
762949,data,124.83570765056163,125.91670111852694,1,3,3,146.83166389813528,3.329770563201687,30.70819111482666,0.7606056073988443,1.0,leptonic_bookkeeping,train,False,0.50562265163496,unassigned
783611,data,124.83570765056163,125.91670111852694,1,3,3,146.83166389813528,3.329770563201687,30.70819111482666,0.7606056073988443,1.0,leptonic_bookkeeping,train,False,0.50562265163496,unassigned
942713,data,124.83570765056163,125.91670111852694,1,3,3,146.83166389813528,3.329770563201687,30.70819111482666,0.7606056073988443,1.0,leptonic_bookkeeping,train,False,0.50562265163496,unassigned
93041,data,124.83570765056163,125.91670111852694,1,3,3,146.83166389813528,3.329770563201687,30.70819111482666,0.7606056073988443,1.0,leptonic_bookkeeping,train,False,0.50562265163496,unassigned
704863,data,124.83570765056163,125.91670111852694,1,3,3,146.83166389813528,3.329770563201687,30.70819111482666,0.7606056073988443,1.0,leptonic_bookkeeping,train,False,0.50562265163496,unassigned
316488,data,124.83570765056163,125.91670111852694,1,3,3,146.83166389813528,3.329770563201687,30.70819111482666,0.7606056073988443,1.0,leptonic_bookkeeping,validation,False,0.50562265163496,unassigned
589471,data,124.83570765056163,125.91670111852694,1,3,3,146.83166389813528,3.329770563201687,30.70819111482666,0.7606056073988443,1.0,leptonic_bookkeeping,train,False,0.50562265163496,unassigned
875343,data,124.83570765056163,125.91670111852694,1,3,3,146.83166389813528,3.329770563201687,30.70819111482666,0.7606056073988443,1.0,leptonic_bookkeeping,test,False,0.50562265163496,unassigned
679073,data,124.83570765056163,125.91670111852694,1,3,3,146.83166389813528,3.329770563201687,30.70819111482666,0.7606056073988443,1.0,leptonic_bookkeeping,test,False,0.50562265163496,unassigned
101533,data,124.83570765056163,125.91670111852694,1,3,3,146.83166389813528,3.329770563201687,30.70819111482666,0.7606056073988443,1.0,leptonic_bookkeeping,test,False,0.50562265163496,unassigned
15122,data,124.83570765056163,125.91670111852694,1,3,3,146.83166389813528,3.329770563201687,30.70819111482666,0.7606056073988443,1.0,leptonic_bookkeeping,train,False,0.50562265163496,unassigned
989406,data,124.83570765056163,125.91670111852694,1,3,3,146.83166389813528,3.329770563201687,30.70819111482666,0.7606056073988443,1.0,leptonic_bookkeeping,test,False,0.50562265163496,unassigned
820458,data,124.83570765056163,125.91670111852694,1,3,3,146.83166389813528,3.329770563201687,30.70819111482666,0.7606056073988443,1.0,leptonic_bookkeeping,train,False,0.50562265163496,unassigned
120526,data,124.83570765056163,125.91670111852694,1,3,3,146.83166389813528,3.329770563201687,30.70819111482666,0.7606056073988443,1.0,leptonic_bookkeeping,validation,False,0.50562265163496,unassigned
274414,data,124.83570765056163,125.91670111852694,1,3,3,146.83166389813528,3.329770563201687,30.70819111482666,0.7606056073988443,1.0,leptonic_bookkeeping,validation,False,0.50562265163496,unassigned
311756,data,124.83570765056163,125.91670111852694,1,3,3,146.83166389813528,3.329770563201687,30.70819111482666,0.7606056073988443,1.0,leptonic_bookkeeping,train,False,0.50562265163496,unassigned
226348,data,124.83570765056163,125.91670111852694,1,3,3,146.83166389813528,3.329770563201687,30.70819111482666,0.7606056073988443,1.0,leptonic_bookkeeping,test,False,0.50562265163496,unassigned
914421,data,124.83570765056163,125.91670111852694,1,3,3,146.83166389813528,3.329770563201687,30.70819111482666,0.7606056073988443,1.0,leptonic_bookkeeping,validation,False,0.50562265163496,unassigned
961707,data,124.83570765056163,125.91670111852694,1,3,3,146.83166389813528,3.329770563201687,30.70819111482666,0.7606056073988443,1.0,leptonic_bookkeeping,train,False,0.50562265163496,unassigned
734476,data,124.83570765056163,125.91670111852694,1,3,3,146.83166389813528,3.329770563201687,30.70819111482666,0.7606056073988443,1.0,leptonic_bookkeeping,train,False,0.50562265163496,unassigned
527679,data,124.83570765056163,125.91670111852694,1,3,3,146.83166389813528,3.329770563201687,30.70819111482666,0.7606056073988443,1.0,leptonic_bookkeeping,train,False,0.50562265163496,unassigned
59470,data,124.83570765056163,125.91670111852694,1,3,3,146.83166389813528,3.329770563201687,30.70819111482666,0.7606056073988443,1.0,leptonic_bookkeeping,validation,False,0.50562265163496,unassigned
706341,data,124.83570765056163,125.91670111852694,1,3,3,146.83166389813528,3.329770563201687,30.70819111482666,0.7606056073988443,1.0,leptonic_bookkeeping,train,False,0.50562265163496,unassigned
168623,data,124.83570765056163,125.91670111852694,1,3,3,146.83166389813528,3.329770563201687,30.70819111482666,0.7606056073988443,1.0,leptonic_bookkeeping,train,False,0.50562265163496,unassigned
94173,data,124.83570765056163,125.91670111852694,1,3,3,146.83166389813528,3.329770563201687,30.70819111482666,0.7606056073988443,1.0,leptonic_bookkeeping,train,False,0.50562265163496,unassigned
230545,data,124.83570765056163,125.91670111852694,1,3,3,146.83166389813528,3.329770563201687,30.70819111482666,0.7606056073988443,1.0,leptonic_bookkeeping,train,False,0.50562265163496,unassigned
871093,data,124.83570765056163,125.91670111852694,1,3,3,146.83166389813528,3.329770563201687,30.70819111482666,0.7606056073988443,1.0,leptonic_bookkeeping,train,False,0.50562265163496,unassigned
111433,data,124.83570765056163,125.91670111852694,1,3,3,146.83166389813528,3.329770563201687,30.70819111482666,0.7606056073988443,1.0,leptonic_bookkeeping,test,False,0.50562265163496,unassigned
6654,data,124.83570765056163,125.91670111852694,1,3,3,146.83166389813528,3.329770563201687,30.70819111482666,0.7606056073988443,1.0,leptonic_bookkeeping,validation,False,0.50562265163496,unassigned
367598,data,124.83570765056163,125.91670111852694,1,3,3,146.83166389813528,3.329770563201687,30.70819111482666,0.7606056073988443,1.0,leptonic_bookkeeping,validation,False,0.50562265163496,unassigned
482072,data,124.83570765056163,125.91670111852694,1,3,3,146.83166389813528,3.329770563201687,30.70819111482666,0.7606056073988443,1.0,leptonic_bookkeeping,validation,False,0.50562265163496,unassigned
541139,data,124.83570765056163,125.91670111852694,1,3,3,146.83166389813528,3.329770563201687,30.70819111482666,0.7606056073988443,1.0,leptonic_bookkeeping,train,False,0.50562265163496,unassigned
265620,data,124.83570765056163,125.91670111852694,1,3,3,146.83166389813528,3.329770563201687,30.70819111482666,0.7606056073988443,1.0,leptonic_bookkeeping,validation,False,0.50562265163496,unassigned
663262,data,124.83570765056163,125.91670111852694,1,3,3,146.83166389813528,3.329770563201687,30.70819111482666,0.7606056073988443,1.0,leptonic_bookkeeping,train,False,0.50562265163496,unassigned
295946,data,124.83570765056163,125.91670111852694,1,3,3,146.83166389813528,3.329770563201687,30.70819111482666,0.7606056073988443,1.0,leptonic_bookkeeping,validation,False,0.50562265163496,unassigned
416821,data,124.83570765056163,125.91670111852694,1,3,3,146.83166389813528,3.329770563201687,30.70819111482666,0.7606056073988443,1.0,leptonic_bookkeeping,train,False,0.50562265163496,unassigned
516834,data,124.83570765056163,125.91670111852694,1,3,3,146.83166389813528,3.329770563201687,30.70819111482666,0.7606056073988443,1.0,leptonic_bookkeeping,train,False,0.50562265163496,unassigned
446997,data,124.83570765056163,125.91670111852694,1,3,3,146.83166389813528,3.329770563201687,30.70819111482666,0.7606056073988443,1.0,leptonic_bookkeeping,train,False,0.50562265163496,unassigned
85959,data,124.83570765056163,125.91670111852694,1,3,3,146.83166389813528,3.329770563201687,30.70819111482666,0.7606056073988443,1.0,leptonic_bookkeeping,train,False,0.50562265163496,unassigned
180132,data,124.83570765056163,125.91670111852694,1,3,3,146.83166389813528,3.329770563201687,30.70819111482666,0.7606056073988443,1.0,leptonic_bookkeeping,train,False,0.50562265163496,unassigned
489396,data,124.83570765056163,125.91670111852694,1,3,3,146.83166389813528,3.329770563201687,30.70819111482666,0.7606056073988443,1.0,leptonic_bookkeeping,train,False,0.50562265163496,unassigned
505768,data,124.83570765056163,125.91670111852694,1,3,3,146.83166389813528,3.329770563201687,30.70819111482666,0.7606056073988443,1.0,leptonic_bookkeeping,train,False,0.50562265163496,unassigned
474879,data,124.83570765056163,125.91670111852694,1,3,3,146.83166389813528,3.329770563201687,30.70819111482666,0.7606056073988443,1.0,leptonic_bookkeeping,train,False,0.50562265163496,unassigned
679004,data,124.83570765056163,125.91670111852694,1,3,3,146.83166389813528,3.329770563201687,30.70819111482666,0.7606056073988443,1.0,leptonic_bookkeeping,test,False,0.50562265163496,unassigned
295397,data,124.83570765056163,125.91670111852694,1,3,3,146.83166389813528,3.329770563201687,30.70819111482666,0.7606056073988443,1.0,leptonic_bookkeeping,validation,False,0.50562265163496,unassigned
698665,data,124.83570765056163,125.91670111852694,1,3,3,146.83166389813528,3.329770563201687,30.70819111482666,0.7606056073988443,1.0,leptonic_bookkeeping,validation,False,0.50562265163496,unassigned
923374,data,124.83570765056163,125.91670111852694,1,3,3,146.83166389813528,3.329770563201687,30.70819111482666,0.7606056073988443,1.0,leptonic_bookkeeping,train,False,0.50562265163496,unassigned
117035,data,124.83570765056163,125.91670111852694,1,3,3,146.83166389813528,3.329770563201687,30.70819111482666,0.7606056073988443,1.0,leptonic_bookkeeping,train,False,0.50562265163496,unassigned
469311,data,124.83570765056163,125.91670111852694,1,3,3,146.83166389813528,3.329770563201687,30.70819111482666,0.7606056073988443,1.0,leptonic_bookkeeping,train,False,0.50562265163496,unassigned
60980,data,124.83570765056163,125.91670111852694,1,3,3,146.83166389813528,3.329770563201687,30.70819111482666,0.7606056073988443,1.0,leptonic_bookkeeping,test,False,0.50562265163496,unassigned
488675,data,124.83570765056163,125.91670111852694,1,3,3,146.83166389813528,3.329770563201687,30.70819111482666,0.7606056073988443,1.0,leptonic_bookkeeping,train,False,0.50562265163496,unassigned
51787,data,124.83570765056163,125.91670111852694,1,3,3,146.83166389813528,3.329770563201687,30.70819111482666,0.7606056073988443,1.0,leptonic_bookkeeping,train,False,0.50562265163496,unassigned
873711,data,124.83570765056163,125.91670111852694,1,3,3,146.83166389813528,3.329770563201687,30.70819111482666,0.7606056073988443,1.0,leptonic_bookkeeping,validation,False,0.50562265163496,unassigned
29926,data,124.83570765056163,125.91670111852694,1,3,3,146.83166389813528,3.329770563201687,30.70819111482666,0.7606056073988443,1.0,leptonic_bookkeeping,test,False,0.50562265163496,unassigned
697984,data,124.83570765056163,125.91670111852694,1,3,3,146.83166389813528,3.329770563201687,30.70819111482666,0.7606056073988443,1.0,leptonic_bookkeeping,validation,False,0.50562265163496,unassigned
259851,data,124.83570765056163,125.91670111852694,1,3,3,146.83166389813528,3.329770563201687,30.70819111482666,0.7606056073988443,1.0,leptonic_bookkeeping,train,False,0.50562265163496,unassigned
361008,data,124.83570765056163,125.91670111852694,1,3,3,146.83166389813528,3.329770563201687,30.70819111482666,0.7606056073988443,1.0,leptonic_bookkeeping,train,False,0.50562265163496,unassigned
639818,data,124.83570765056163,125.91670111852694,1,3,3,146.83166389813528,3.329770563201687,30.70819111482666,0.7606056073988443,1.0,leptonic_bookkeeping,train,False,0.50562265163496,unassigned
417962,data,124.83570765056163,125.91670111852694,1,3,3,146.83166389813528,3.329770563201687,30.70819111482666,0.7606056073988443,1.0,leptonic_bookkeeping,train,False,0.50562265163496,unassigned
204356,data,124.83570765056163,125.91670111852694,1,3,3,146.83166389813528,3.329770563201687,30.70819111482666,0.7606056073988443,1.0,leptonic_bookkeeping,test,False,0.50562265163496,unassigned
410457,data,124.83570765056163,125.91670111852694,1,3,3,146.83166389813528,3.329770563201687,30.70819111482666,0.7606056073988443,1.0,leptonic_bookkeeping,test,False,0.50562265163496,unassigned
645407,data,124.83570765056163,125.91670111852694,1,3,3,146.83166389813528,3.329770563201687,30.70819111482666,0.7606056073988443,1.0,leptonic_bookkeeping,validation,False,0.50562265163496,unassigned
702485,data,124.83570765056163,125.91670111852694,1,3,3,146.83166389813528,3.329770563201687,30.70819111482666,0.7606056073988443,1.0,leptonic_bookkeeping,train,False,0.50562265163496,unassigned
390737,data,124.83570765056163,125.91670111852694,1,3,3,146.83166389813528,3.329770563201687,30.70819111482666,0.7606056073988443,1.0,leptonic_bookkeeping,test,False,0.50562265163496,unassigned
73813,data,124.83570765056163,125.91670111852694,1,3,3,146.83166389813528,3.329770563201687,30.70819111482666,0.7606056073988443,1.0,leptonic_bookkeeping,train,False,0.50562265163496,unassigned
28154,data,124.83570765056163,125.91670111852694,1,3,3,146.83166389813528,3.329770563201687,30.70819111482666,0.7606056073988443,1.0,leptonic_bookkeeping,validation,False,0.50562265163496,unassigned
641894,data,124.83570765056163,125.91670111852694,1,3,3,146.83166389813528,3.329770563201687,30.70819111482666,0.7606056073988443,1.0,leptonic_bookkeeping,train,False,0.50562265163496,unassigned
234111,data,124.83570765056163,125.91670111852694,1,3,3,146.83166389813528,3.329770563201687,30.70819111482666,0.7606056073988443,1.0,leptonic_bookkeeping,validation,False,0.50562265163496,unassigned
995651,data,124.83570765056163,125.91670111852694,1,3,3,146.83166389813528,3.329770563201687,30.70819111482666,0.7606056073988443,1.0,leptonic_bookkeeping,train,False,0.50562265163496,unassigned
309648,data,124.83570765056163,125.91670111852694,1,3,3,146.83166389813528,3.329770563201687,30.70819111482666,0.7606056073988443,1.0,leptonic_bookkeeping,train,False,0.50562265163496,unassigned
78542,data,124.83570765056163,125.91670111852694,1,3,3,146.83166389813528,3.329770563201687,30.70819111482666,0.7606056073988443,1.0,leptonic_bookkeeping,validation,False,0.50562265163496,unassigned
425955,data,124.83570765056163,125.91670111852694,1,3,3,146.83166389813528,3.329770563201687,30.70819111482666,0.7606056073988443,1.0,leptonic_bookkeeping,train,False,0.50562265163496,unassigned
529039,data,124.83570765056163,125.91670111852694,1,3,3,146.83166389813528,3.329770563201687,30.70819111482666,0.7606056073988443,1.0,leptonic_bookkeeping,train,False,0.50562265163496,unassigned
138712,data,124.83570765056163,125.91670111852694,1,3,3,146.83166389813528,3.329770563201687,30.70819111482666,0.7606056073988443,1.0,leptonic_bookkeeping,train,False,0.50562265163496,unassigned
612913,data,124.83570765056163,125.91670111852694,1,3,3,146.83166389813528,3.329770563201687,30.70819111482666,0.7606056073988443,1.0,leptonic_bookkeeping,train,False,0.50562265163496,unassigned
366881,data,124.83570765056163,125.91670111852694,1,3,3,146.83166389813528,3.329770563201687,30.70819111482666,0.7606056073988443,1.0,leptonic_bookkeeping,train,False,0.50562265163496,unassigned
653825,data,124.83570765056163,125.91670111852694,1,3,3,146.83166389813528,3.329770563201687,30.70819111482666,0.7606056073988443,1.0,leptonic_bookkeeping,train,False,0.50562265163496,unassigned
790653,data,124.83570765056163,125.91670111852694,1,3,3,146.83166389813528,3.329770563201687,30.70819111482666,0.7606056073988443,1.0,leptonic_bookkeeping,validation,False,0.50562265163496,unassigned
695162,data,124.83570765056163,125.91670111852694,1,3,3,146.83166389813528,3.329770563201687,30.70819111482666,0.7606056073988443,1.0,leptonic_bookkeeping,train,False,0.50562265163496,unassigned
241632,data,124.83570765056163,125.91670111852694,1,3,3,146.83166389813528,3.329770563201687,30.70819111482666,0.7606056073988443,1.0,leptonic_bookkeeping,train,False,0.50562265163496,unassigned
563566,data,124.83570765056163,125.91670111852694,1,3,3,146.83166389813528,3.329770563201687,30.70819111482666,0.7606056073988443,1.0,leptonic_bookkeeping,validation,False,0.50562265163496,unassigned
910448,data,124.83570765056163,125.91670111852694,1,3,3,146.83166389813528,3.329770563201687,30.70819111482666,0.7606056073988443,1.0,leptonic_bookkeeping,train,False,0.50562265163496,unassigned
385486,data,124.83570765056163,125.91670111852694,1,3,3,146.83166389813528,3.329770563201687,30.70819111482666,0.7606056073988443,1.0,leptonic_bookkeeping,train,False,0.50562265163496,unassigned
576050,data,124.83570765056163,125.91670111852694,1,3,3,146.83166389813528,3.329770563201687,30.70819111482666,0.7606056073988443,1.0,leptonic_bookkeeping,test,False,0.50562265163496,unassigned
940030,data,124.83570765056163,125.91670111852694,1,3,3,146.83166389813528,3.329770563201687,30.70819111482666,0.7606056073988443,1.0,leptonic_bookkeeping,train,False,0.50562265163496,unassigned
743778,data,124.83570765056163,125.91670111852694,1,3,3,146.83166389813528,3.329770563201687,30.70819111482666,0.7606056073988443,1.0,leptonic_bookkeeping,train,False,0.50562265163496,unassigned
336322,data,124.83570765056163,125.91670111852694,1,3,3,146.83166389813528,3.329770563201687,30.70819111482666,0.7606056073988443,1.0,leptonic_bookkeeping,validation,False,0.50562265163496,unassigned
570964,data,124.83570765056163,125.91670111852694,1,3,3,146.83166389813528,3.329770563201687,30.70819111482666,0.7606056073988443,1.0,leptonic_bookkeeping,train,False,0.50562265163496,unassigned
218058,data,124.83570765056163,125.91670111852694,1,3,3,146.83166389813528,3.329770563201687,30.70819111482666,0.7606056073988443,1.0,leptonic_bookkeeping,train,False,0.50562265163496,unassigned
368108,data,124.83570765056163,125.91670111852694,1,3,3,146.83166389813528,3.329770563201687,30.70819111482666,0.7606056073988443,1.0,leptonic_bookkeeping,validation,False,0.50562265163496,unassigned
238671,data,124.83570765056163,125.91670111852694,1,3,3,146.83166389813528,3.329770563201687,30.70819111482666,0.7606056073988443,1.0,leptonic_bookkeeping,train,False,0.50562265163496,unassigned
844642,data,124.83570765056163,125.91670111852694,1,3,3,146.83166389813528,3.329770563201687,30.70819111482666,0.7606056073988443,1.0,leptonic_bookkeeping,test,False,0.50562265163496,unassigned
275517,data,124.83570765056163,125.91670111852694,1,3,3,146.83166389813528,3.329770563201687,30.70819111482666,0.7606056073988443,1.0,leptonic_bookkeeping,validation,False,0.50562265163496,unassigned
158312,data,124.83570765056163,125.91670111852694,1,3,3,146.83166389813528,3.329770563201687,30.70819111482666,0.7606056073988443,1.0,leptonic_bookkeeping,train,False,0.50562265163496,unassigned
586000,data,124.83570765056163,125.91670111852694,1,3,3,146.83166389813528,3.329770563201687,30.70819111482666,0.7606056073988443,1.0,leptonic_bookkeeping,test,False,0.50562265163496,unassigned
432270,data,124.83570765056163,125.91670111852694,1,3,3,146.83166389813528,3.329770563201687,30.70819111482666,0.7606056073988443,1.0,leptonic_bookkeeping,test,False,0.50562265163496,unassigned
621660,data,124.83570765056163,125.91670111852694,1,3,3,146.83166389813528,3.329770563201687,30.70819111482666,0.7606056073988443,1.0,leptonic_bookkeeping,train,False,0.50562265163496,unassigned
93828,data,124.83570765056163,125.91670111852694,1,3,3,146.83166389813528,3.329770563201687,30.70819111482666,0.7606056073988443,1.0,leptonic_bookkeeping,train,False,0.50562265163496,unassigned
476798,data,124.83570765056163,125.91670111852694,1,3,3,146.83166389813528,3.329770563201687,30.70819111482666,0.7606056073988443,1.0,leptonic_bookkeeping,train,False,0.50562265163496,unassigned
67102,data,124.83570765056163,125.91670111852694,1,3,3,146.83166389813528,3.329770563201687,30.70819111482666,0.7606056073988443,1.0,leptonic_bookkeeping,train,False,0.50562265163496,unassigned
136898,data,124.83570765056163,125.91670111852694,1,3,3,146.83166389813528,3.329770563201687,30.70819111482666,0.7606056073988443,1.0,leptonic_bookkeeping,train,False,0.50562265163496,unassigned
791141,data,124.83570765056163,125.91670111852694,1,3,3,146.83166389813528,3.329770563201687,30.70819111482666,0.7606056073988443,1.0,leptonic_bookkeeping,validation,False,0.50562265163496,unassigned
646712,data,124.83570765056163,125.91670111852694,1,3,3,146.83166389813528,3.329770563201687,30.70819111482666,0.7606056073988443,1.0,leptonic_bookkeeping,validation,False,0.50562265163496,unassigned
513783,data,124.83570765056163,125.91670111852694,1,3,3,146.83166389813528,3.329770563201687,30.70819111482666,0.7606056073988443,1.0,leptonic_bookkeeping,test,False,0.50562265163496,unassigned
463562,data,124.83570765056163,125.91670111852694,1,3,3,146.83166389813528,3.329770563201687,30.70819111482666,0.7606056073988443,1.0,leptonic_bookkeeping,test,False,0.50562265163496,unassigned
287952,data,124.83570765056163,125.91670111852694,1,3,3,146.83166389813528,3.329770563201687,30.70819111482666,0.7606056073988443,1.0,leptonic_bookkeeping,test,False,0.50562265163496,unassigned
390017,data,124.83570765056163,125.91670111852694,1,3,3,146.83166389813528,3.329770563201687,30.70819111482666,0.7606056073988443,1.0,leptonic_bookkeeping,test,False,0.50562265163496,unassigned
449770,data,124.83570765056163,125.91670111852694,1,3,3,146.83166389813528,3.329770563201687,30.70819111482666,0.7606056073988443,1.0,leptonic_bookkeeping,validation,False,0.50562265163496,unassigned
770147,data,124.83570765056163,125.91670111852694,1,3,3,146.83166389813528,3.329770563201687,30.70819111482666,0.7606056073988443,1.0,leptonic_bookkeeping,validation,False,0.50562265163496,unassigned
72980,data,124.83570765056163,125.91670111852694,1,3,3,146.83166389813528,3.329770563201687,30.70819111482666,0.7606056073988443,1.0,leptonic_bookkeeping,train,False,0.50562265163496,unassigned
584088,data,124.83570765056163,125.91670111852694,1,3,3,146.83166389813528,3.329770563201687,30.70819111482666,0.7606056073988443,1.0,leptonic_bookkeeping,validation,False,0.50562265163496,unassigned
719962,data,124.83570765056163,125.91670111852694,1,3,3,146.83166389813528,3.329770563201687,30.70819111482666,0.7606056073988443,1.0,leptonic_bookkeeping,test,False,0.50562265163496,unassigned
943643,data,124.83570765056163,125.91670111852694,1,3,3,146.83166389813528,3.329770563201687,30.70819111482666,0.7606056073988443,1.0,leptonic_bookkeeping,train,False,0.50562265163496,unassigned
394544,data,124.83570765056163,125.91670111852694,1,3,3,146.83166389813528,3.329770563201687,30.70819111482666,0.7606056073988443,1.0,leptonic_bookkeeping,train,False,0.50562265163496,unassigned
393191,data,124.83570765056163,125.91670111852694,1,3,3,146.83166389813528,3.329770563201687,30.70819111482666,0.7606056073988443,1.0,leptonic_bookkeeping,train,False,0.50562265163496,unassigned
112893,data,124.83570765056163,125.91670111852694,1,3,3,146.83166389813528,3.329770563201687,30.70819111482666,0.7606056073988443,1.0,leptonic_bookkeeping,test,False,0.50562265163496,unassigned
598933,data,124.83570765056163,125.91670111852694,1,3,3,146.83166389813528,3.329770563201687,30.70819111482666,0.7606056073988443,1.0,leptonic_bookkeeping,train,False,0.50562265163496,unassigned
420594,data,124.83570765056163,125.91670111852694,1,3,3,146.83166389813528,3.329770563201687,30.70819111482666,0.7606056073988443,1.0,leptonic_bookkeeping,validation,False,0.50562265163496,unassigned
427113,data,124.83570765056163,125.91670111852694,1,3,3,146.83166389813528,3.329770563201687,30.70819111482666,0.7606056073988443,1.0,leptonic_bookkeeping,train,False,0.50562265163496,unassigned
154368,data,124.83570765056163,125.91670111852694,1,3,3,146.83166389813528,3.329770563201687,30.70819111482666,0.7606056073988443,1.0,leptonic_bookkeeping,test,False,0.50562265163496,unassigned
884554,data,124.83570765056163,125.91670111852694,1,3,3,146.83166389813528,3.329770563201687,30.70819111482666,0.7606056073988443,1.0,leptonic_bookkeeping,test,False,0.50562265163496,unassigned
558805,data,124.83570765056163,125.91670111852694,1,3,3,146.83166389813528,3.329770563201687,30.70819111482666,0.7606056073988443,1.0,leptonic_bookkeeping,train,False,0.50562265163496,unassigned
234204,data,124.83570765056163,125.91670111852694,1,3,3,146.83166389813528,3.329770563201687,30.70819111482666,0.7606056073988443,1.0,leptonic_bookkeeping,validation,False,0.50562265163496,unassigned
911897,data,124.83570765056163,125.91670111852694,1,3,3,146.83166389813528,3.329770563201687,30.70819111482666,0.7606056073988443,1.0,leptonic_bookkeeping,train,False,0.50562265163496,unassigned
753269,data,124.83570765056163,125.91670111852694,1,3,3,146.83166389813528,3.329770563201687,30.70819111482666,0.7606056073988443,1.0,leptonic_bookkeeping,train,False,0.50562265163496,unassigned
338160,data,124.83570765056163,125.91670111852694,1,3,3,146.83166389813528,3.329770563201687,30.70819111482666,0.7606056073988443,1.0,leptonic_bookkeeping,test,False,0.50562265163496,unassigned
675936,data,124.83570765056163,125.91670111852694,1,3,3,146.83166389813528,3.329770563201687,30.70819111482666,0.7606056073988443,1.0,leptonic_bookkeeping,train,False,0.50562265163496,unassigned
232855,data,124.83570765056163,125.91670111852694,1,3,3,146.83166389813528,3.329770563201687,30.70819111482666,0.7606056073988443,1.0,leptonic_bookkeeping,train,False,0.50562265163496,unassigned
145795,data,124.83570765056163,125.91670111852694,1,3,3,146.83166389813528,3.329770563201687,30.70819111482666,0.7606056073988443,1.0,leptonic_bookkeeping,train,False,0.50562265163496,unassigned
919449,data,124.83570765056163,125.91670111852694,1,3,3,146.83166389813528,3.329770563201687,30.70819111482666,0.7606056073988443,1.0,leptonic_bookkeeping,train,False,0.50562265163496,unassigned
933048,data,124.83570765056163,125.91670111852694,1,3,3,146.83166389813528,3.329770563201687,30.70819111482666,0.7606056073988443,1.0,leptonic_bookkeeping,train,False,0.50562265163496,unassigned
891828,data,124.83570765056163,125.91670111852694,1,3,3,146.83166389813528,3.329770563201687,30.70819111482666,0.7606056073988443,1.0,leptonic_bookkeeping,train,False,0.50562265163496,unassigned
652059,data,124.83570765056163,125.91670111852694,1,3,3,146.83166389813528,3.329770563201687,30.70819111482666,0.7606056073988443,1.0,leptonic_bookkeeping,train,False,0.50562265163496,unassigned
598881,data,124.83570765056163,125.91670111852694,1,3,3,146.83166389813528,3.329770563201687,30.70819111482666,0.7606056073988443,1.0,leptonic_bookkeeping,train,False,0.50562265163496,unassigned
947851,data,124.83570765056163,125.91670111852694,1,3,3,146.83166389813528,3.329770563201687,30.70819111482666,0.7606056073988443,1.0,leptonic_bookkeeping,test,False,0.50562265163496,unassigned
270796,data,124.83570765056163,125.91670111852694,1,3,3,146.83166389813528,3.329770563201687,30.70819111482666,0.7606056073988443,1.0,leptonic_bookkeeping,train,False,0.50562265163496,unassigned
422818,data,124.83570765056163,125.91670111852694,1,3,3,146.83166389813528,3.329770563201687,30.70819111482666,0.7606056073988443,1.0,leptonic_bookkeeping,train,False,0.50562265163496,unassigned
545953,data,124.83570765056163,125.91670111852694,1,3,3,146.83166389813528,3.329770563201687,30.70819111482666,0.7606056073988443,1.0,leptonic_bookkeeping,test,False,0.50562265163496,unassigned
796999,data,124.83570765056163,125.91670111852694,1,3,3,146.83166389813528,3.329770563201687,30.70819111482666,0.7606056073988443,1.0,leptonic_bookkeeping,train,False,0.50562265163496,unassigned
528574,data,124.83570765056163,125.91670111852694,1,3,3,146.83166389813528,3.329770563201687,30.70819111482666,0.7606056073988443,1.0,leptonic_bookkeeping,train,False,0.50562265163496,unassigned
599935,data,124.83570765056163,125.91670111852694,1,3,3,146.83166389813528,3.329770563201687,30.70819111482666,0.7606056073988443,1.0,leptonic_bookkeeping,train,False,0.50562265163496,unassigned
290437,data,124.83570765056163,125.91670111852694,1,3,3,146.83166389813528,3.329770563201687,30.70819111482666,0.7606056073988443,1.0,leptonic_bookkeeping,train,False,0.50562265163496,unassigned
757638,data,124.83570765056163,125.91670111852694,1,3,3,146.83166389813528,3.329770563201687,30.70819111482666,0.7606056073988443,1.0,leptonic_bookkeeping,train,False,0.50562265163496,unassigned
99807,data,124.83570765056163,125.91670111852694,1,3,3,146.83166389813528,3.329770563201687,30.70819111482666,0.7606056073988443,1.0,leptonic_bookkeeping,validation,False,0.50562265163496,unassigned
735970,data,124.83570765056163,125.91670111852694,1,3,3,146.83166389813528,3.329770563201687,30.70819111482666,0.7606056073988443,1.0,leptonic_bookkeeping,train,False,0.50562265163496,unassigned
320084,data,124.83570765056163,125.91670111852694,1,3,3,146.83166389813528,3.329770563201687,30.70819111482666,0.7606056073988443,1.0,leptonic_bookkeeping,train,False,0.50562265163496,unassigned
44451,data,124.83570765056163,125.91670111852694,1,3,3,146.83166389813528,3.329770563201687,30.70819111482666,0.7606056073988443,1.0,leptonic_bookkeeping,train,False,0.50562265163496,unassigned
187715,data,124.83570765056163,125.91670111852694,1,3,3,146.83166389813528,3.329770563201687,30.70819111482666,0.7606056073988443,1.0,leptonic_bookkeeping,train,False,0.50562265163496,unassigned
345271,data,124.83570765056163,125.91670111852694,1,3,3,146.83166389813528,3.329770563201687,30.70819111482666,0.7606056073988443,1.0,leptonic_bookkeeping,train,False,0.50562265163496,unassigned
228957,data,124.83570765056163,125.91670111852694,1,3,3,146.83166389813528,3.329770563201687,30.70819111482666,0.7606056073988443,1.0,leptonic_bookkeeping,train,False,0.50562265163496,unassigned
980268,data,124.83570765056163,125.91670111852694,1,3,3,146.83166389813528,3.329770563201687,30.70819111482666,0.7606056073988443,1.0,leptonic_bookkeeping,train,False,0.50562265163496,unassigned
669337,data,124.83570765056163,125.91670111852694,1,3,3,146.83166389813528,3.329770563201687,30.70819111482666,0.7606056073988443,1.0,leptonic_bookkeeping,test,False,0.50562265163496,unassigned
308284,data,124.83570765056163,125.91670111852694,1,3,3,146.83166389813528,3.329770563201687,30.70819111482666,0.7606056073988443,1.0,leptonic_bookkeeping,test,False,0.50562265163496,unassigned
588584,data,124.83570765056163,125.91670111852694,1,3,3,146.83166389813528,3.329770563201687,30.70819111482666,0.7606056073988443,1.0,leptonic_bookkeeping,train,False,0.50562265163496,unassigned
816953,data,124.83570765056163,125.91670111852694,1,3,3,146.83166389813528,3.329770563201687,30.70819111482666,0.7606056073988443,1.0,leptonic_bookkeeping,train,False,0.50562265163496,unassigned
108839,data,124.83570765056163,125.91670111852694,1,3,3,146.83166389813528,3.329770563201687,30.70819111482666,0.7606056073988443,1.0,leptonic_bookkeeping,train,False,0.50562265163496,unassigned
591817,data,124.83570765056163,125.91670111852694,1,3,3,146.83166389813528,3.329770563201687,30.70819111482666,0.7606056073988443,1.0,leptonic_bookkeeping,train,False,0.50562265163496,unassigned
93775,data,124.83570765056163,125.91670111852694,1,3,3,146.83166389813528,3.329770563201687,30.70819111482666,0.7606056073988443,1.0,leptonic_bookkeeping,train,False,0.50562265163496,unassigned
597398,data,124.83570765056163,125.91670111852694,1,3,3,146.83166389813528,3.329770563201687,30.70819111482666,0.7606056073988443,1.0,leptonic_bookkeeping,test,False,0.50562265163496,unassigned
514204,data,124.83570765056163,125.91670111852694,1,3,3,146.83166389813528,3.329770563201687,30.70819111482666,0.7606056073988443,1.0,leptonic_bookkeeping,test,False,0.50562265163496,unassigned
112405,data,124.83570765056163,125.91670111852694,1,3,3,146.83166389813528,3.329770563201687,30.70819111482666,0.7606056073988443,1.0,leptonic_bookkeeping,test,False,0.50562265163496,unassigned
568566,data,124.83570765056163,125.91670111852694,1,3,3,146.83166389813528,3.329770563201687,30.70819111482666,0.7606056073988443,1.0,leptonic_bookkeeping,train,False,0.50562265163496,unassigned
784699,data,124.83570765056163,125.91670111852694,1,3,3,146.83166389813528,3.329770563201687,30.70819111482666,0.7606056073988443,1.0,leptonic_bookkeeping,train,False,0.50562265163496,unassigned
401924,data,124.83570765056163,125.91670111852694,1,3,3,146.83166389813528,3.329770563201687,30.70819111482666,0.7606056073988443,1.0,leptonic_bookkeeping,test,False,0.50562265163496,unassigned
134416,data,124.83570765056163,125.91670111852694,1,3,3,146.83166389813528,3.329770563201687,30.70819111482666,0.7606056073988443,1.0,leptonic_bookkeeping,train,False,0.50562265163496,unassigned
994836,data,124.83570765056163,125.91670111852694,1,3,3,146.83166389813528,3.329770563201687,30.70819111482666,0.7606056073988443,1.0,leptonic_bookkeeping,train,False,0.50562265163496,unassigned
11566,data,124.83570765056163,125.91670111852694,1,3,3,146.83166389813528,3.329770563201687,30.70819111482666,0.7606056073988443,1.0,leptonic_bookkeeping,train,False,0.50562265163496,unassigned
135294,data,124.83570765056163,125.91670111852694,1,3,3,146.83166389813528,3.329770563201687,30.70819111482666,0.7606056073988443,1.0,leptonic_bookkeeping,train,False,0.50562265163496,unassigned
109956,data,124.83570765056163,125.91670111852694,1,3,3,146.83166389813528,3.329770563201687,30.70819111482666,0.7606056073988443,1.0,leptonic_bookkeeping,validation,False,0.50562265163496,unassigned
206377,data,124.83570765056163,125.91670111852694,1,3,3,146.83166389813528,3.329770563201687,30.70819111482666,0.7606056073988443,1.0,leptonic_bookkeeping,train,False,0.50562265163496,unassigned
879871,data,124.83570765056163,125.91670111852694,1,3,3,146.83166389813528,3.329770563201687,30.70819111482666,0.7606056073988443,1.0,leptonic_bookkeeping,train,False,0.50562265163496,unassigned
771579,data,124.83570765056163,125.91670111852694,1,3,3,146.83166389813528,3.329770563201687,30.70819111482666,0.7606056073988443,1.0,leptonic_bookkeeping,test,False,0.50562265163496,unassigned
275052,data,124.83570765056163,125.91670111852694,1,3,3,146.83166389813528,3.329770563201687,30.70819111482666,0.7606056073988443,1.0,leptonic_bookkeeping,validation,False,0.50562265163496,unassigned
820365,data,124.83570765056163,125.91670111852694,1,3,3,146.83166389813528,3.329770563201687,30.70819111482666,0.7606056073988443,1.0,leptonic_bookkeeping,train,False,0.50562265163496,unassigned
823985,data,124.83570765056163,125.91670111852694,1,3,3,146.83166389813528,3.329770563201687,30.70819111482666,0.7606056073988443,1.0,leptonic_bookkeeping,test,False,0.50562265163496,unassigned
813549,data,124.83570765056163,125.91670111852694,1,3,3,146.83166389813528,3.329770563201687,30.70819111482666,0.7606056073988443,1.0,leptonic_bookkeeping,test,False,0.50562265163496,unassigned
583394,data,124.83570765056163,125.91670111852694,1,3,3,146.83166389813528,3.329770563201687,30.70819111482666,0.7606056073988443,1.0,leptonic_bookkeeping,train,False,0.50562265163496,unassigned
300746,data,124.83570765056163,125.91670111852694,1,3,3,146.83166389813528,3.329770563201687,30.70819111482666,0.7606056073988443,1.0,leptonic_bookkeeping,train,False,0.50562265163496,unassigned
569020,data,124.83570765056163,125.91670111852694,1,3,3,146.83166389813528,3.329770563201687,30.70819111482666,0.7606056073988443,1.0,leptonic_bookkeeping,train,False,0.50562265163496,unassigned
133138,data,124.83570765056163,125.91670111852694,1,3,3,146.83166389813528,3.329770563201687,30.70819111482666,0.7606056073988443,1.0,leptonic_bookkeeping,test,False,0.50562265163496,unassigned
201783,data,124.83570765056163,125.91670111852694,1,3,3,146.83166389813528,3.329770563201687,30.70819111482666,0.7606056073988443,1.0,leptonic_bookkeeping,train,False,0.50562265163496,unassigned
504678,data,124.83570765056163,125.91670111852694,1,3,3,146.83166389813528,3.329770563201687,30.70819111482666,0.7606056073988443,1.0,leptonic_bookkeeping,test,False,0.50562265163496,unassigned
292620,data,124.83570765056163,125.91670111852694,1,3,3,146.83166389813528,3.329770563201687,30.70819111482666,0.7606056073988443,1.0,leptonic_bookkeeping,train,False,0.50562265163496,unassigned
294799,data,124.83570765056163,125.91670111852694,1,3,3,146.83166389813528,3.329770563201687,30.70819111482666,0.7606056073988443,1.0,leptonic_bookkeeping,train,False,0.50562265163496,unassigned
638251,data,124.83570765056163,125.91670111852694,1,3,3,146.83166389813528,3.329770563201687,30.70819111482666,0.7606056073988443,1.0,leptonic_bookkeeping,test,False,0.50562265163496,unassigned
151905,data,124.83570765056163,125.91670111852694,1,3,3,146.83166389813528,3.329770563201687,30.70819111482666,0.7606056073988443,1.0,leptonic_bookkeeping,validation,False,0.50562265163496,unassigned
964737,data,124.83570765056163,125.91670111852694,1,3,3,146.83166389813528,3.329770563201687,30.70819111482666,0.7606056073988443,1.0,leptonic_bookkeeping,train,False,0.50562265163496,unassigned
543653,data,124.83570765056163,125.91670111852694,1,3,3,146.83166389813528,3.329770563201687,30.70819111482666,0.7606056073988443,1.0,leptonic_bookkeeping,validation,False,0.50562265163496,unassigned
731322,data,124.83570765056163,125.91670111852694,1,3,3,146.83166389813528,3.329770563201687,30.70819111482666,0.7606056073988443,1.0,leptonic_bookkeeping,test,False,0.50562265163496,unassigned
207392,data,124.83570765056163,125.91670111852694,1,3,3,146.83166389813528,3.329770563201687,30.70819111482666,0.7606056073988443,1.0,leptonic_bookkeeping,train,False,0.50562265163496,unassigned
351729,data,124.83570765056163,125.91670111852694,1,3,3,146.83166389813528,3.329770563201687,30.70819111482666,0.7606056073988443,1.0,leptonic_bookkeeping,train,False,0.50562265163496,unassigned
831888,data,124.83570765056163,125.91670111852694,1,3,3,146.83166389813528,3.329770563201687,30.70819111482666,0.7606056073988443,1.0,leptonic_bookkeeping,validation,False,0.50562265163496,unassigned
438626,data,124.83570765056163,125.91670111852694,1,3,3,146.83166389813528,3.329770563201687,30.70819111482666,0.7606056073988443,1.0,leptonic_bookkeeping,train,False,0.50562265163496,unassigned
254399,data,124.83570765056163,125.91670111852694,1,3,3,146.83166389813528,3.329770563201687,30.70819111482666,0.7606056073988443,1.0,leptonic_bookkeeping,validation,False,0.50562265163496,unassigned
626520,data,124.83570765056163,125.91670111852694,1,3,3,146.83166389813528,3.329770563201687,30.70819111482666,0.7606056073988443,1.0,leptonic_bookkeeping,validation,False,0.50562265163496,unassigned
552314,data,124.83570765056163,125.91670111852694,1,3,3,146.83166389813528,3.329770563201687,30.70819111482666,0.7606056073988443,1.0,leptonic_bookkeeping,train,False,0.50562265163496,unassigned
304192,data,124.83570765056163,125.91670111852694,1,3,3,146.83166389813528,3.329770563201687,30.70819111482666,0.7606056073988443,1.0,leptonic_bookkeeping,train,False,0.50562265163496,unassigned
234525,data,124.83570765056163,125.91670111852694,1,3,3,146.83166389813528,3.329770563201687,30.70819111482666,0.7606056073988443,1.0,leptonic_bookkeeping,validation,False,0.50562265163496,unassigned
278157,data,124.83570765056163,125.91670111852694,1,3,3,146.83166389813528,3.329770563201687,30.70819111482666,0.7606056073988443,1.0,leptonic_bookkeeping,test,False,0.50562265163496,unassigned
601525,data,124.83570765056163,125.91670111852694,1,3,3,146.83166389813528,3.329770563201687,30.70819111482666,0.7606056073988443,1.0,leptonic_bookkeeping,train,False,0.50562265163496,unassigned
541030,data,124.83570765056163,125.91670111852694,1,3,3,146.83166389813528,3.329770563201687,30.70819111482666,0.7606056073988443,1.0,leptonic_bookkeeping,train,False,0.50562265163496,unassigned
398125,data,124.83570765056163,125.91670111852694,1,3,3,146.83166389813528,3.329770563201687,30.70819111482666,0.7606056073988443,1.0,leptonic_bookkeeping,validation,False,0.50562265163496,unassigned
785300,data,124.83570765056163,125.91670111852694,1,3,3,146.83166389813528,3.329770563201687,30.70819111482666,0.7606056073988443,1.0,leptonic_bookkeeping,train,False,0.50562265163496,unassigned
794117,data,124.83570765056163,125.91670111852694,1,3,3,146.83166389813528,3.329770563201687,30.70819111482666,0.7606056073988443,1.0,leptonic_bookkeeping,train,False,0.50562265163496,unassigned
380236,data,124.83570765056163,125.91670111852694,1,3,3,146.83166389813528,3.329770563201687,30.70819111482666,0.7606056073988443,1.0,leptonic_bookkeeping,test,False,0.50562265163496,unassigned
877543,data,124.83570765056163,125.91670111852694,1,3,3,146.83166389813528,3.329770563201687,30.70819111482666,0.7606056073988443,1.0,leptonic_bookkeeping,train,False,0.50562265163496,unassigned
821367,data,124.83570765056163,125.91670111852694,1,3,3,146.83166389813528,3.329770563201687,30.70819111482666,0.7606056073988443,1.0,leptonic_bookkeeping,validation,False,0.50562265163496,unassigned
492184,data,124.83570765056163,125.91670111852694,1,3,3,146.83166389813528,3.329770563201687,30.70819111482666,0.7606056073988443,1.0,leptonic_bookkeeping,validation,False,0.50562265163496,unassigned
41387,data,124.83570765056163,125.91670111852694,1,3,3,146.83166389813528,3.329770563201687,30.70819111482666,0.7606056073988443,1.0,leptonic_bookkeeping,train,False,0.50562265163496,unassigned
722817,data,124.83570765056163,125.91670111852694,1,3,3,146.83166389813528,3.329770563201687,30.70819111482666,0.7606056073988443,1.0,leptonic_bookkeeping,train,False,0.50562265163496,unassigned
749794,data,124.83570765056163,125.91670111852694,1,3,3,146.83166389813528,3.329770563201687,30.70819111482666,0.7606056073988443,1.0,leptonic_bookkeeping,validation,False,0.50562265163496,unassigned
583958,data,124.83570765056163,125.91670111852694,1,3,3,146.83166389813528,3.329770563201687,30.70819111482666,0.7606056073988443,1.0,leptonic_bookkeeping,validation,False,0.50562265163496,unassigned
92388,data,124.83570765056163,125.91670111852694,1,3,3,146.83166389813528,3.329770563201687,30.70819111482666,0.7606056073988443,1.0,leptonic_bookkeeping,test,False,0.50562265163496,unassigned
833039,data,124.83570765056163,125.91670111852694,1,3,3,146.83166389813528,3.329770563201687,30.70819111482666,0.7606056073988443,1.0,leptonic_bookkeeping,test,False,0.50562265163496,unassigned
106595,data,124.83570765056163,125.91670111852694,1,3,3,146.83166389813528,3.329770563201687,30.70819111482666,0.7606056073988443,1.0,leptonic_bookkeeping,train,False,0.50562265163496,unassigned
970352,data,124.83570765056163,125.91670111852694,1,3,3,146.83166389813528,3.329770563201687,30.70819111482666,0.7606056073988443,1.0,leptonic_bookkeeping,train,False,0.50562265163496,unassigned
865164,data,124.83570765056163,125.91670111852694,1,3,3,146.83166389813528,3.329770563201687,30.70819111482666,0.7606056073988443,1.0,leptonic_bookkeeping,test,False,0.50562265163496,unassigned
362804,data,124.83570765056163,125.91670111852694,1,3,3,146.83166389813528,3.329770563201687,30.70819111482666,0.7606056073988443,1.0,leptonic_bookkeeping,train,False,0.50562265163496,unassigned
424220,data,124.83570765056163,125.91670111852694,1,3,3,146.83166389813528,3.329770563201687,30.70819111482666,0.7606056073988443,1.0,leptonic_bookkeeping,train,False,0.50562265163496,unassigned
663048,data,124.83570765056163,125.91670111852694,1,3,3,146.83166389813528,3.329770563201687,30.70819111482666,0.7606056073988443,1.0,leptonic_bookkeeping,train,False,0.50562265163496,unassigned
310225,data,124.83570765056163,125.91670111852694,1,3,3,146.83166389813528,3.329770563201687,30.70819111482666,0.7606056073988443,1.0,leptonic_bookkeeping,train,False,0.50562265163496,unassigned
639327,data,124.83570765056163,125.91670111852694,1,3,3,146.83166389813528,3.329770563201687,30.70819111482666,0.7606056073988443,1.0,leptonic_bookkeeping,train,False,0.50562265163496,unassigned
888451,data,124.83570765056163,125.91670111852694,1,3,3,146.83166389813528,3.329770563201687,30.70819111482666,0.7606056073988443,1.0,leptonic_bookkeeping,train,False,0.50562265163496,unassigned
884646,data,124.83570765056163,125.91670111852694,1,3,3,146.83166389813528,3.329770563201687,30.70819111482666,0.7606056073988443,1.0,leptonic_bookkeeping,test,False,0.50562265163496,unassigned
514242,data,124.83570765056163,125.91670111852694,1,3,3,146.83166389813528,3.329770563201687,30.70819111482666,0.7606056073988443,1.0,leptonic_bookkeeping,test,False,0.50562265163496,unassigned
959956,data,124.83570765056163,125.91670111852694,1,3,3,146.83166389813528,3.329770563201687,30.70819111482666,0.7606056073988443,1.0,leptonic_bookkeeping,train,False,0.50562265163496,unassigned
471119,data,124.83570765056163,125.91670111852694,1,3,3,146.83166389813528,3.329770563201687,30.70819111482666,0.7606056073988443,1.0,leptonic_bookkeeping,validation,False,0.50562265163496,unassigned
952526,data,124.83570765056163,125.91670111852694,1,3,3,146.83166389813528,3.329770563201687,30.70819111482666,0.7606056073988443,1.0,leptonic_bookkeeping,train,False,0.50562265163496,unassigned
229331,data,124.83570765056163,125.91670111852694,1,3,3,146.83166389813528,3.329770563201687,30.70819111482666,0.7606056073988443,1.0,leptonic_bookkeeping,train,False,0.50562265163496,unassigned
847698,data,124.83570765056163,125.91670111852694,1,3,3,146.83166389813528,3.329770563201687,30.70819111482666,0.7606056073988443,1.0,leptonic_bookkeeping,train,False,0.50562265163496,unassigned
3542,data,124.83570765056163,125.91670111852694,1,3,3,146.83166389813528,3.329770563201687,30.70819111482666,0.7606056073988443,1.0,leptonic_bookkeeping,train,False,0.50562265163496,unassigned
497240,data,124.83570765056163,125.91670111852694,1,3,3,146.83166389813528,3.329770563201687,30.70819111482666,0.7606056073988443,1.0,leptonic_bookkeeping,train,False,0.50562265163496,unassigned
675617,data,124.83570765056163,125.91670111852694,1,3,3,146.83166389813528,3.329770563201687,30.70819111482666,0.7606056073988443,1.0,leptonic_bookkeeping,train,False,0.50562265163496,unassigned
418139,data,124.83570765056163,125.91670111852694,1,3,3,146.83166389813528,3.329770563201687,30.70819111482666,0.7606056073988443,1.0,leptonic_bookkeeping,train,False,0.50562265163496,unassigned
300537,data,124.83570765056163,125.91670111852694,1,3,3,146.83166389813528,3.329770563201687,30.70819111482666,0.7606056073988443,1.0,leptonic_bookkeeping,train,False,0.50562265163496,unassigned
687165,data,124.83570765056163,125.91670111852694,1,3,3,146.83166389813528,3.329770563201687,30.70819111482666,0.7606056073988443,1.0,leptonic_bookkeeping,validation,False,0.50562265163496,unassigned
322988,data,124.83570765056163,125.91670111852694,1,3,3,146.83166389813528,3.329770563201687,30.70819111482666,0.7606056073988443,1.0,leptonic_bookkeeping,train,False,0.50562265163496,unassigned
648906,data,124.83570765056163,125.91670111852694,1,3,3,146.83166389813528,3.329770563201687,30.70819111482666,0.7606056073988443,1.0,leptonic_bookkeeping,test,False,0.50562265163496,unassigned
357864,data,124.83570765056163,125.91670111852694,1,3,3,146.83166389813528,3.329770563201687,30.70819111482666,0.7606056073988443,1.0,leptonic_bookkeeping,validation,False,0.50562265163496,unassigned
444840,data,124.83570765056163,125.91670111852694,1,3,3,146.83166389813528,3.329770563201687,30.70819111482666,0.7606056073988443,1.0,leptonic_bookkeeping,train,False,0.50562265163496,unassigned
912264,data,124.83570765056163,125.91670111852694,1,3,3,146.83166389813528,3.329770563201687,30.70819111482666,0.7606056073988443,1.0,leptonic_bookkeeping,train,False,0.50562265163496,unassigned
745988,data,124.83570765056163,125.91670111852694,1,3,3,146.83166389813528,3.329770563201687,30.70819111482666,0.7606056073988443,1.0,leptonic_bookkeeping,train,False,0.50562265163496,unassigned
376778,data,124.83570765056163,125.91670111852694,1,3,3,146.83166389813528,3.329770563201687,30.70819111482666,0.7606056073988443,1.0,leptonic_bookkeeping,train,False,0.50562265163496,unassigned
69337,data,124.83570765056163,125.91670111852694,1,3,3,146.83166389813528,3.329770563201687,30.70819111482666,0.7606056073988443,1.0,leptonic_bookkeeping,validation,False,0.50562265163496,unassigned
267081,data,124.83570765056163,125.91670111852694,1,3,3,146.83166389813528,3.329770563201687,30.70819111482666,0.7606056073988443,1.0,leptonic_bookkeeping,test,False,0.50562265163496,unassigned
828741,data,124.83570765056163,125.91670111852694,1,3,3,146.83166389813528,3.329770563201687,30.70819111482666,0.7606056073988443,1.0,leptonic_bookkeeping,train,False,0.50562265163496,unassigned
767443,data,124.83570765056163,125.91670111852694,1,3,3,146.83166389813528,3.329770563201687,30.70819111482666,0.7606056073988443,1.0,leptonic_bookkeeping,train,False,0.50562265163496,unassigned
389747,data,124.83570765056163,125.91670111852694,1,3,3,146.83166389813528,3.329770563201687,30.70819111482666,0.7606056073988443,1.0,leptonic_bookkeeping,test,False,0.50562265163496,unassigned
121708,data,124.83570765056163,125.91670111852694,1,3,3,146.83166389813528,3.329770563201687,30.70819111482666,0.7606056073988443,1.0,leptonic_bookkeeping,test,False,0.50562265163496,unassigned
671201,data,124.83570765056163,125.91670111852694,1,3,3,146.83166389813528,3.329770563201687,30.70819111482666,0.7606056073988443,1.0,leptonic_bookkeeping,train,False,0.50562265163496,unassigned
144518,data,124.83570765056163,125.91670111852694,1,3,3,146.83166389813528,3.329770563201687,30.70819111482666,0.7606056073988443,1.0,leptonic_bookkeeping,train,False,0.50562265163496,unassigned
957626,data,124.83570765056163,125.91670111852694,1,3,3,146.83166389813528,3.329770563201687,30.70819111482666,0.7606056073988443,1.0,leptonic_bookkeeping,test,False,0.50562265163496,unassigned
71587,data,124.83570765056163,125.91670111852694,1,3,3,146.83166389813528,3.329770563201687,30.70819111482666,0.7606056073988443,1.0,leptonic_bookkeeping,test,False,0.50562265163496,unassigned
496932,data,124.83570765056163,125.91670111852694,1,3,3,146.83166389813528,3.329770563201687,30.70819111482666,0.7606056073988443,1.0,leptonic_bookkeeping,train,False,0.50562265163496,unassigned
887073,data,124.83570765056163,125.91670111852694,1,3,3,146.83166389813528,3.329770563201687,30.70819111482666,0.7606056073988443,1.0,leptonic_bookkeeping,train,False,0.50562265163496,unassigned
271524,data,124.83570765056163,125.91670111852694,1,3,3,146.83166389813528,3.329770563201687,30.70819111482666,0.7606056073988443,1.0,leptonic_bookkeeping,train,False,0.50562265163496,unassigned
713827,data,124.83570765056163,125.91670111852694,1,3,3,146.83166389813528,3.329770563201687,30.70819111482666,0.7606056073988443,1.0,leptonic_bookkeeping,train,False,0.50562265163496,unassigned
207033,data,124.83570765056163,125.91670111852694,1,3,3,146.83166389813528,3.329770563201687,30.70819111482666,0.7606056073988443,1.0,leptonic_bookkeeping,train,False,0.50562265163496,unassigned
27825,data,124.83570765056163,125.91670111852694,1,3,3,146.83166389813528,3.329770563201687,30.70819111482666,0.7606056073988443,1.0,leptonic_bookkeeping,validation,False,0.50562265163496,unassigned
438964,data,124.83570765056163,125.91670111852694,1,3,3,146.83166389813528,3.329770563201687,30.70819111482666,0.7606056073988443,1.0,leptonic_bookkeeping,train,False,0.50562265163496,unassigned
795431,data,124.83570765056163,125.91670111852694,1,3,3,146.83166389813528,3.329770563201687,30.70819111482666,0.7606056073988443,1.0,leptonic_bookkeeping,train,False,0.50562265163496,unassigned
998541,data,124.83570765056163,125.91670111852694,1,3,3,146.83166389813528,3.329770563201687,30.70819111482666,0.7606056073988443,1.0,leptonic_bookkeeping,test,False,0.50562265163496,unassigned
798314,data,124.83570765056163,125.91670111852694,1,3,3,146.83166389813528,3.329770563201687,30.70819111482666,0.7606056073988443,1.0,leptonic_bookkeeping,train,False,0.50562265163496,unassigned
486116,data,124.83570765056163,125.91670111852694,1,3,3,146.83166389813528,3.329770563201687,30.70819111482666,0.7606056073988443,1.0,leptonic_bookkeeping,train,False,0.50562265163496,unassigned
377311,data,124.83570765056163,125.91670111852694,1,3,3,146.83166389813528,3.329770563201687,30.70819111482666,0.7606056073988443,1.0,leptonic_bookkeeping,train,False,0.50562265163496,unassigned
683564,data,124.83570765056163,125.91670111852694,1,3,3,146.83166389813528,3.329770563201687,30.70819111482666,0.7606056073988443,1.0,leptonic_bookkeeping,train,False,0.50562265163496,unassigned
279008,data,124.83570765056163,125.91670111852694,1,3,3,146.83166389813528,3.329770563201687,30.70819111482666,0.7606056073988443,1.0,leptonic_bookkeeping,train,False,0.50562265163496,unassigned
18530,data,124.83570765056163,125.91670111852694,1,3,3,146.83166389813528,3.329770563201687,30.70819111482666,0.7606056073988443,1.0,leptonic_bookkeeping,validation,False,0.50562265163496,unassigned
565665,data,124.83570765056163,125.91670111852694,1,3,3,146.83166389813528,3.329770563201687,30.70819111482666,0.7606056073988443,1.0,leptonic_bookkeeping,test,False,0.50562265163496,unassigned
578787,data,124.83570765056163,125.91670111852694,1,3,3,146.83166389813528,3.329770563201687,30.70819111482666,0.7606056073988443,1.0,leptonic_bookkeeping,train,False,0.50562265163496,unassigned
970427,data,124.83570765056163,125.91670111852694,1,3,3,146.83166389813528,3.329770563201687,30.70819111482666,0.7606056073988443,1.0,leptonic_bookkeeping,train,False,0.50562265163496,unassigned
624305,data,124.83570765056163,125.91670111852694,1,3,3,146.83166389813528,3.329770563201687,30.70819111482666,0.7606056073988443,1.0,leptonic_bookkeeping,train,False,0.50562265163496,unassigned
667866,data,124.83570765056163,125.91670111852694,1,3,3,146.83166389813528,3.329770563201687,30.70819111482666,0.7606056073988443,1.0,leptonic_bookkeeping,validation,False,0.50562265163496,unassigned
930677,data,124.83570765056163,125.91670111852694,1,3,3,146.83166389813528,3.329770563201687,30.70819111482666,0.7606056073988443,1.0,leptonic_bookkeeping,train,False,0.50562265163496,unassigned
536747,data,124.83570765056163,125.91670111852694,1,3,3,146.83166389813528,3.329770563201687,30.70819111482666,0.7606056073988443,1.0,leptonic_bookkeeping,train,False,0.50562265163496,unassigned
200026,data,124.83570765056163,125.91670111852694,1,3,3,146.83166389813528,3.329770563201687,30.70819111482666,0.7606056073988443,1.0,leptonic_bookkeeping,train,False,0.50562265163496,unassigned
258911,data,124.83570765056163,125.91670111852694,1,3,3,146.83166389813528,3.329770563201687,30.70819111482666,0.7606056073988443,1.0,leptonic_bookkeeping,train,False,0.50562265163496,unassigned
719374,data,124.83570765056163,125.91670111852694,1,3,3,146.83166389813528,3.329770563201687,30.70819111482666,0.7606056073988443,1.0,leptonic_bookkeeping,validation,False,0.50562265163496,unassigned
2908,data,124.83570765056163,125.91670111852694,1,3,3,146.83166389813528,3.329770563201687,30.70819111482666,0.7606056073988443,1.0,leptonic_bookkeeping,train,False,0.50562265163496,unassigned
750720,data,124.83570765056163,125.91670111852694,1,3,3,146.83166389813528,3.329770563201687,30.70819111482666,0.7606056073988443,1.0,leptonic_bookkeeping,test,False,0.50562265163496,unassigned
87023,data,124.83570765056163,125.91670111852694,1,3,3,146.83166389813528,3.329770563201687,30.70819111482666,0.7606056073988443,1.0,leptonic_bookkeeping,train,False,0.50562265163496,unassigned
537943,data,124.83570765056163,125.91670111852694,1,3,3,146.83166389813528,3.329770563201687,30.70819111482666,0.7606056073988443,1.0,leptonic_bookkeeping,train,False,0.50562265163496,unassigned
105795,data,124.83570765056163,125.91670111852694,1,3,3,146.83166389813528,3.329770563201687,30.70819111482666,0.7606056073988443,1.0,leptonic_bookkeeping,train,False,0.50562265163496,unassigned
178565,data,124.83570765056163,125.91670111852694,1,3,3,146.83166389813528,3.329770563201687,30.70819111482666,0.7606056073988443,1.0,leptonic_bookkeeping,train,False,0.50562265163496,unassigned
998483,data,124.83570765056163,125.91670111852694,1,3,3,146.83166389813528,3.329770563201687,30.70819111482666,0.7606056073988443,1.0,leptonic_bookkeeping,test,False,0.50562265163496,unassigned
172138,data,124.83570765056163,125.91670111852694,1,3,3,146.83166389813528,3.329770563201687,30.70819111482666,0.7606056073988443,1.0,leptonic_bookkeeping,validation,False,0.50562265163496,unassigned
681565,data,124.83570765056163,125.91670111852694,1,3,3,146.83166389813528,3.329770563201687,30.70819111482666,0.7606056073988443,1.0,leptonic_bookkeeping,train,False,0.50562265163496,unassigned
576400,data,124.83570765056163,125.91670111852694,1,3,3,146.83166389813528,3.329770563201687,30.70819111482666,0.7606056073988443,1.0,leptonic_bookkeeping,test,False,0.50562265163496,unassigned
97433,data,124.83570765056163,125.91670111852694,1,3,3,146.83166389813528,3.329770563201687,30.70819111482666,0.7606056073988443,1.0,leptonic_bookkeeping,train,False,0.50562265163496,unassigned
231050,data,124.83570765056163,125.91670111852694,1,3,3,146.83166389813528,3.329770563201687,30.70819111482666,0.7606056073988443,1.0,leptonic_bookkeeping,train,False,0.50562265163496,unassigned
707728,data,124.83570765056163,125.91670111852694,1,3,3,146.83166389813528,3.329770563201687,30.70819111482666,0.7606056073988443,1.0,leptonic_bookkeeping,validation,False,0.50562265163496,unassigned
128409,data,124.83570765056163,125.91670111852694,1,3,3,146.83166389813528,3.329770563201687,30.70819111482666,0.7606056073988443,1.0,leptonic_bookkeeping,train,False,0.50562265163496,unassigned
757311,data,124.83570765056163,125.91670111852694,1,3,3,146.83166389813528,3.329770563201687,30.70819111482666,0.7606056073988443,1.0,leptonic_bookkeeping,train,False,0.50562265163496,unassigned
400800,data,124.83570765056163,125.91670111852694,1,3,3,146.83166389813528,3.329770563201687,30.70819111482666,0.7606056073988443,1.0,leptonic_bookkeeping,test,False,0.50562265163496,unassigned
918108,data,124.83570765056163,125.91670111852694,1,3,3,146.83166389813528,3.329770563201687,30.70819111482666,0.7606056073988443,1.0,leptonic_bookkeeping,train,False,0.50562265163496,unassigned
923955,data,124.83570765056163,125.91670111852694,1,3,3,146.83166389813528,3.329770563201687,30.70819111482666,0.7606056073988443,1.0,leptonic_bookkeeping,validation,False,0.50562265163496,unassigned
469179,data,124.83570765056163,125.91670111852694,1,3,3,146.83166389813528,3.329770563201687,30.70819111482666,0.7606056073988443,1.0,leptonic_bookkeeping,train,False,0.50562265163496,unassigned
303936,data,124.83570765056163,125.91670111852694,1,3,3,146.83166389813528,3.329770563201687,30.70819111482666,0.7606056073988443,1.0,leptonic_bookkeeping,train,False,0.50562265163496,unassigned
327187,data,124.83570765056163,125.91670111852694,1,3,3,146.83166389813528,3.329770563201687,30.70819111482666,0.7606056073988443,1.0,leptonic_bookkeeping,validation,False,0.50562265163496,unassigned
773027,data,124.83570765056163,125.91670111852694,1,3,3,146.83166389813528,3.329770563201687,30.70819111482666,0.7606056073988443,1.0,leptonic_bookkeeping,test,False,0.50562265163496,unassigned
336621,data,124.83570765056163,125.91670111852694,1,3,3,146.83166389813528,3.329770563201687,30.70819111482666,0.7606056073988443,1.0,leptonic_bookkeeping,validation,False,0.50562265163496,unassigned
946875,data,124.83570765056163,125.91670111852694,1,3,3,146.83166389813528,3.329770563201687,30.70819111482666,0.7606056073988443,1.0,leptonic_bookkeeping,test,False,0.50562265163496,unassigned
195337,data,124.83570765056163,125.91670111852694,1,3,3,146.83166389813528,3.329770563201687,30.70819111482666,0.7606056073988443,1.0,leptonic_bookkeeping,test,False,0.50562265163496,unassigned
359428,data,124.83570765056163,125.91670111852694,1,3,3,146.83166389813528,3.329770563201687,30.70819111482666,0.7606056073988443,1.0,leptonic_bookkeeping,test,False,0.50562265163496,unassigned
34949,data,124.83570765056163,125.91670111852694,1,3,3,146.83166389813528,3.329770563201687,30.70819111482666,0.7606056073988443,1.0,leptonic_bookkeeping,train,False,0.50562265163496,unassigned
60929,data,124.83570765056163,125.91670111852694,1,3,3,146.83166389813528,3.329770563201687,30.70819111482666,0.7606056073988443,1.0,leptonic_bookkeeping,test,False,0.50562265163496,unassigned
46106,data,124.83570765056163,125.91670111852694,1,3,3,146.83166389813528,3.329770563201687,30.70819111482666,0.7606056073988443,1.0,leptonic_bookkeeping,train,False,0.50562265163496,unassigned
864781,data,124.83570765056163,125.91670111852694,1,3,3,146.83166389813528,3.329770563201687,30.70819111482666,0.7606056073988443,1.0,leptonic_bookkeeping,test,False,0.50562265163496,unassigned
688099,data,124.83570765056163,125.91670111852694,1,3,3,146.83166389813528,3.329770563201687,30.70819111482666,0.7606056073988443,1.0,leptonic_bookkeeping,validation,False,0.50562265163496,unassigned
282445,data,124.83570765056163,125.91670111852694,1,3,3,146.83166389813528,3.329770563201687,30.70819111482666,0.7606056073988443,1.0,leptonic_bookkeeping,train,False,0.50562265163496,unassigned
755026,data,124.83570765056163,125.91670111852694,1,3,3,146.83166389813528,3.329770563201687,30.70819111482666,0.7606056073988443,1.0,leptonic_bookkeeping,train,False,0.50562265163496,unassigned
843202,data,124.83570765056163,125.91670111852694,1,3,3,146.83166389813528,3.329770563201687,30.70819111482666,0.7606056073988443,1.0,leptonic_bookkeeping,validation,False,0.50562265163496,unassigned
516375,data,124.83570765056163,125.91670111852694,1,3,3,146.83166389813528,3.329770563201687,30.70819111482666,0.7606056073988443,1.0,leptonic_bookkeeping,train,False,0.50562265163496,unassigned
918295,data,124.83570765056163,125.91670111852694,1,3,3,146.83166389813528,3.329770563201687,30.70819111482666,0.7606056073988443,1.0,leptonic_bookkeeping,train,False,0.50562265163496,unassigned
522914,data,124.83570765056163,125.91670111852694,1,3,3,146.83166389813528,3.329770563201687,30.70819111482666,0.7606056073988443,1.0,leptonic_bookkeeping,validation,False,0.50562265163496,unassigned
480662,data,124.83570765056163,125.91670111852694,1,3,3,146.83166389813528,3.329770563201687,30.70819111482666,0.7606056073988443,1.0,leptonic_bookkeeping,validation,False,0.50562265163496,unassigned
520953,data,124.83570765056163,125.91670111852694,1,3,3,146.83166389813528,3.329770563201687,30.70819111482666,0.7606056073988443,1.0,leptonic_bookkeeping,train,False,0.50562265163496,unassigned
70005,data,124.83570765056163,125.91670111852694,1,3,3,146.83166389813528,3.329770563201687,30.70819111482666,0.7606056073988443,1.0,leptonic_bookkeeping,validation,False,0.50562265163496,unassigned
332115,data,124.83570765056163,125.91670111852694,1,3,3,146.83166389813528,3.329770563201687,30.70819111482666,0.7606056073988443,1.0,leptonic_bookkeeping,train,False,0.50562265163496,unassigned
850300,data,124.83570765056163,125.91670111852694,1,3,3,146.83166389813528,3.329770563201687,30.70819111482666,0.7606056073988443,1.0,leptonic_bookkeeping,train,False,0.50562265163496,unassigned
272302,data,124.83570765056163,125.91670111852694,1,3,3,146.83166389813528,3.329770563201687,30.70819111482666,0.7606056073988443,1.0,leptonic_bookkeeping,train,False,0.50562265163496,unassigned
397114,data,124.83570765056163,125.91670111852694,1,3,3,146.83166389813528,3.329770563201687,30.70819111482666,0.7606056073988443,1.0,leptonic_bookkeeping,train,False,0.50562265163496,unassigned
890310,data,124.83570765056163,125.91670111852694,1,3,3,146.83166389813528,3.329770563201687,30.70819111482666,0.7606056073988443,1.0,leptonic_bookkeeping,train,False,0.50562265163496,unassigned
46910,data,124.83570765056163,125.91670111852694,1,3,3,146.83166389813528,3.329770563201687,30.70819111482666,0.7606056073988443,1.0,leptonic_bookkeeping,train,False,0.50562265163496,unassigned
318299,data,124.83570765056163,125.91670111852694,1,3,3,146.83166389813528,3.329770563201687,30.70819111482666,0.7606056073988443,1.0,leptonic_bookkeeping,test,False,0.50562265163496,unassigned
998818,data,124.83570765056163,125.91670111852694,1,3,3,146.83166389813528,3.329770563201687,30.70819111482666,0.7606056073988443,1.0,leptonic_bookkeeping,test,False,0.50562265163496,unassigned
523151,data,124.83570765056163,125.91670111852694,1,3,3,146.83166389813528,3.329770563201687,30.70819111482666,0.7606056073988443,1.0,leptonic_bookkeeping,validation,False,0.50562265163496,unassigned
335255,data,124.83570765056163,125.91670111852694,1,3,3,146.83166389813528,3.329770563201687,30.70819111482666,0.7606056073988443,1.0,leptonic_bookkeeping,train,False,0.50562265163496,unassigned
124969,data,124.83570765056163,125.91670111852694,1,3,3,146.83166389813528,3.329770563201687,30.70819111482666,0.7606056073988443,1.0,leptonic_bookkeeping,train,False,0.50562265163496,unassigned
205844,data,124.83570765056163,125.91670111852694,1,3,3,146.83166389813528,3.329770563201687,30.70819111482666,0.7606056073988443,1.0,leptonic_bookkeeping,test,False,0.50562265163496,unassigned
831188,data,124.83570765056163,125.91670111852694,1,3,3,146.83166389813528,3.329770563201687,30.70819111482666,0.7606056073988443,1.0,leptonic_bookkeeping,validation,False,0.50562265163496,unassigned
973158,data,124.83570765056163,125.91670111852694,1,3,3,146.83166389813528,3.329770563201687,30.70819111482666,0.7606056073988443,1.0,leptonic_bookkeeping,train,False,0.50562265163496,unassigned
86176,data,124.83570765056163,125.91670111852694,1,3,3,146.83166389813528,3.329770563201687,30.70819111482666,0.7606056073988443,1.0,leptonic_bookkeeping,train,False,0.50562265163496,unassigned
653815,data,124.83570765056163,125.91670111852694,1,3,3,146.83166389813528,3.329770563201687,30.70819111482666,0.7606056073988443,1.0,leptonic_bookkeeping,train,False,0.50562265163496,unassigned
581027,data,124.83570765056163,125.91670111852694,1,3,3,146.83166389813528,3.329770563201687,30.70819111482666,0.7606056073988443,1.0,leptonic_bookkeeping,train,False,0.50562265163496,unassigned
371091,data,124.83570765056163,125.91670111852694,1,3,3,146.83166389813528,3.329770563201687,30.70819111482666,0.7606056073988443,1.0,leptonic_bookkeeping,test,False,0.50562265163496,unassigned
407073,data,124.83570765056163,125.91670111852694,1,3,3,146.83166389813528,3.329770563201687,30.70819111482666,0.7606056073988443,1.0,leptonic_bookkeeping,train,False,0.50562265163496,unassigned
287575,data,124.83570765056163,125.91670111852694,1,3,3,146.83166389813528,3.329770563201687,30.70819111482666,0.7606056073988443,1.0,leptonic_bookkeeping,test,False,0.50562265163496,unassigned
976401,data,124.83570765056163,125.91670111852694,1,3,3,146.83166389813528,3.329770563201687,30.70819111482666,0.7606056073988443,1.0,leptonic_bookkeeping,validation,False,0.50562265163496,unassigned
731477,data,124.83570765056163,125.91670111852694,1,3,3,146.83166389813528,3.329770563201687,30.70819111482666,0.7606056073988443,1.0,leptonic_bookkeeping,test,False,0.50562265163496,unassigned
669597,data,124.83570765056163,125.91670111852694,1,3,3,146.83166389813528,3.329770563201687,30.70819111482666,0.7606056073988443,1.0,leptonic_bookkeeping,test,False,0.50562265163496,unassigned
682744,data,124.83570765056163,125.91670111852694,1,3,3,146.83166389813528,3.329770563201687,30.70819111482666,0.7606056073988443,1.0,leptonic_bookkeeping,train,False,0.50562265163496,unassigned
272717,data,124.83570765056163,125.91670111852694,1,3,3,146.83166389813528,3.329770563201687,30.70819111482666,0.7606056073988443,1.0,leptonic_bookkeeping,train,False,0.50562265163496,unassigned
298229,data,124.83570765056163,125.91670111852694,1,3,3,146.83166389813528,3.329770563201687,30.70819111482666,0.7606056073988443,1.0,leptonic_bookkeeping,test,False,0.50562265163496,unassigned
518923,data,124.83570765056163,125.91670111852694,1,3,3,146.83166389813528,3.329770563201687,30.70819111482666,0.7606056073988443,1.0,leptonic_bookkeeping,train,False,0.50562265163496,unassigned
717817,data,124.83570765056163,125.91670111852694,1,3,3,146.83166389813528,3.329770563201687,30.70819111482666,0.7606056073988443,1.0,leptonic_bookkeeping,validation,False,0.50562265163496,unassigned
523124,data,124.83570765056163,125.91670111852694,1,3,3,146.83166389813528,3.329770563201687,30.70819111482666,0.7606056073988443,1.0,leptonic_bookkeeping,validation,False,0.50562265163496,unassigned
220658,data,124.83570765056163,125.91670111852694,1,3,3,146.83166389813528,3.329770563201687,30.70819111482666,0.7606056073988443,1.0,leptonic_bookkeeping,train,False,0.50562265163496,unassigned
671674,data,124.83570765056163,125.91670111852694,1,3,3,146.83166389813528,3.329770563201687,30.70819111482666,0.7606056073988443,1.0,leptonic_bookkeeping,train,False,0.50562265163496,unassigned
467286,data,124.83570765056163,125.91670111852694,1,3,3,146.83166389813528,3.329770563201687,30.70819111482666,0.7606056073988443,1.0,leptonic_bookkeeping,train,False,0.50562265163496,unassigned
818780,data,124.83570765056163,125.91670111852694,1,3,3,146.83166389813528,3.329770563201687,30.70819111482666,0.7606056073988443,1.0,leptonic_bookkeeping,train,False,0.50562265163496,unassigned
478359,data,124.83570765056163,125.91670111852694,1,3,3,146.83166389813528,3.329770563201687,30.70819111482666,0.7606056073988443,1.0,leptonic_bookkeeping,train,False,0.50562265163496,unassigned
958054,data,124.83570765056163,125.91670111852694,1,3,3,146.83166389813528,3.329770563201687,30.70819111482666,0.7606056073988443,1.0,leptonic_bookkeeping,test,False,0.50562265163496,unassigned
868773,data,124.83570765056163,125.91670111852694,1,3,3,146.83166389813528,3.329770563201687,30.70819111482666,0.7606056073988443,1.0,leptonic_bookkeeping,train,False,0.50562265163496,unassigned
721187,data,124.83570765056163,125.91670111852694,1,3,3,146.83166389813528,3.329770563201687,30.70819111482666,0.7606056073988443,1.0,leptonic_bookkeeping,test,False,0.50562265163496,unassigned
368127,data,124.83570765056163,125.91670111852694,1,3,3,146.83166389813528,3.329770563201687,30.70819111482666,0.7606056073988443,1.0,leptonic_bookkeeping,validation,False,0.50562265163496,unassigned
507005,data,124.83570765056163,125.91670111852694,1,3,3,146.83166389813528,3.329770563201687,30.70819111482666,0.7606056073988443,1.0,leptonic_bookkeeping,train,False,0.50562265163496,unassigned
334146,data,124.83570765056163,125.91670111852694,1,3,3,146.83166389813528,3.329770563201687,30.70819111482666,0.7606056073988443,1.0,leptonic_bookkeeping,train,False,0.50562265163496,unassigned
830080,data,124.83570765056163,125.91670111852694,1,3,3,146.83166389813528,3.329770563201687,30.70819111482666,0.7606056073988443,1.0,leptonic_bookkeeping,train,False,0.50562265163496,unassigned
291735,data,124.83570765056163,125.91670111852694,1,3,3,146.83166389813528,3.329770563201687,30.70819111482666,0.7606056073988443,1.0,leptonic_bookkeeping,train,False,0.50562265163496,unassigned
961036,data,124.83570765056163,125.91670111852694,1,3,3,146.83166389813528,3.329770563201687,30.70819111482666,0.7606056073988443,1.0,leptonic_bookkeeping,train,False,0.50562265163496,unassigned
91018,data,124.83570765056163,125.91670111852694,1,3,3,146.83166389813528,3.329770563201687,30.70819111482666,0.7606056073988443,1.0,leptonic_bookkeeping,test,False,0.50562265163496,unassigned
455480,data,124.83570765056163,125.91670111852694,1,3,3,146.83166389813528,3.329770563201687,30.70819111482666,0.7606056073988443,1.0,leptonic_bookkeeping,train,False,0.50562265163496,unassigned
548570,data,124.83570765056163,125.91670111852694,1,3,3,146.83166389813528,3.329770563201687,30.70819111482666,0.7606056073988443,1.0,leptonic_bookkeeping,train,False,0.50562265163496,unassigned
487792,data,124.83570765056163,125.91670111852694,1,3,3,146.83166389813528,3.329770563201687,30.70819111482666,0.7606056073988443,1.0,leptonic_bookkeeping,train,False,0.50562265163496,unassigned
977738,data,124.83570765056163,125.91670111852694,1,3,3,146.83166389813528,3.329770563201687,30.70819111482666,0.7606056073988443,1.0,leptonic_bookkeeping,test,False,0.50562265163496,unassigned
911039,data,124.83570765056163,125.91670111852694,1,3,3,146.83166389813528,3.329770563201687,30.70819111482666,0.7606056073988443,1.0,leptonic_bookkeeping,train,False,0.50562265163496,unassigned
526567,data,124.83570765056163,125.91670111852694,1,3,3,146.83166389813528,3.329770563201687,30.70819111482666,0.7606056073988443,1.0,leptonic_bookkeeping,train,False,0.50562265163496,unassigned
672827,data,124.83570765056163,125.91670111852694,1,3,3,146.83166389813528,3.329770563201687,30.70819111482666,0.7606056073988443,1.0,leptonic_bookkeeping,train,False,0.50562265163496,unassigned
493395,data,124.83570765056163,125.91670111852694,1,3,3,146.83166389813528,3.329770563201687,30.70819111482666,0.7606056073988443,1.0,leptonic_bookkeeping,test,False,0.50562265163496,unassigned
78765,data,124.83570765056163,125.91670111852694,1,3,3,146.83166389813528,3.329770563201687,30.70819111482666,0.7606056073988443,1.0,leptonic_bookkeeping,validation,False,0.50562265163496,unassigned
540666,data,124.83570765056163,125.91670111852694,1,3,3,146.83166389813528,3.329770563201687,30.70819111482666,0.7606056073988443,1.0,leptonic_bookkeeping,train,False,0.50562265163496,unassigned
689645,data,124.83570765056163,125.91670111852694,1,3,3,146.83166389813528,3.329770563201687,30.70819111482666,0.7606056073988443,1.0,leptonic_bookkeeping,test,False,0.50562265163496,unassigned
769722,data,124.83570765056163,125.91670111852694,1,3,3,146.83166389813528,3.329770563201687,30.70819111482666,0.7606056073988443,1.0,leptonic_bookkeeping,validation,False,0.50562265163496,unassigned
830064,data,124.83570765056163,125.91670111852694,1,3,3,146.83166389813528,3.329770563201687,30.70819111482666,0.7606056073988443,1.0,leptonic_bookkeeping,train,False,0.50562265163496,unassigned
713810,data,124.83570765056163,125.91670111852694,1,3,3,146.83166389813528,3.329770563201687,30.70819111482666,0.7606056073988443,1.0,leptonic_bookkeeping,train,False,0.50562265163496,unassigned
172854,data,124.83570765056163,125.91670111852694,1,3,3,146.83166389813528,3.329770563201687,30.70819111482666,0.7606056073988443,1.0,leptonic_bookkeeping,validation,False,0.50562265163496,unassigned
955728,data,124.83570765056163,125.91670111852694,1,3,3,146.83166389813528,3.329770563201687,30.70819111482666,0.7606056073988443,1.0,leptonic_bookkeeping,validation,False,0.50562265163496,unassigned
837665,data,124.83570765056163,125.91670111852694,1,3,3,146.83166389813528,3.329770563201687,30.70819111482666,0.7606056073988443,1.0,leptonic_bookkeeping,train,False,0.50562265163496,unassigned
447725,data,124.83570765056163,125.91670111852694,1,3,3,146.83166389813528,3.329770563201687,30.70819111482666,0.7606056073988443,1.0,leptonic_bookkeeping,train,False,0.50562265163496,unassigned
103232,data,124.83570765056163,125.91670111852694,1,3,3,146.83166389813528,3.329770563201687,30.70819111482666,0.7606056073988443,1.0,leptonic_bookkeeping,train,False,0.50562265163496,unassigned
784416,data,124.83570765056163,125.91670111852694,1,3,3,146.83166389813528,3.329770563201687,30.70819111482666,0.7606056073988443,1.0,leptonic_bookkeeping,train,False,0.50562265163496,unassigned
473536,data,124.83570765056163,125.91670111852694,1,3,3,146.83166389813528,3.329770563201687,30.70819111482666,0.7606056073988443,1.0,leptonic_bookkeeping,test,False,0.50562265163496,unassigned
420137,data,124.83570765056163,125.91670111852694,1,3,3,146.83166389813528,3.329770563201687,30.70819111482666,0.7606056073988443,1.0,leptonic_bookkeeping,validation,False,0.50562265163496,unassigned
838858,data,124.83570765056163,125.91670111852694,1,3,3,146.83166389813528,3.329770563201687,30.70819111482666,0.7606056073988443,1.0,leptonic_bookkeeping,train,False,0.50562265163496,unassigned
157579,data,124.83570765056163,125.91670111852694,1,3,3,146.83166389813528,3.329770563201687,30.70819111482666,0.7606056073988443,1.0,leptonic_bookkeeping,train,False,0.50562265163496,unassigned
30842,data,124.83570765056163,125.91670111852694,1,3,3,146.83166389813528,3.329770563201687,30.70819111482666,0.7606056073988443,1.0,leptonic_bookkeeping,test,False,0.50562265163496,unassigned
112743,data,124.83570765056163,125.91670111852694,1,3,3,146.83166389813528,3.329770563201687,30.70819111482666,0.7606056073988443,1.0,leptonic_bookkeeping,test,False,0.50562265163496,unassigned
92024,data,124.83570765056163,125.91670111852694,1,3,3,146.83166389813528,3.329770563201687,30.70819111482666,0.7606056073988443,1.0,leptonic_bookkeeping,test,False,0.50562265163496,unassigned
564311,data,124.83570765056163,125.91670111852694,1,3,3,146.83166389813528,3.329770563201687,30.70819111482666,0.7606056073988443,1.0,leptonic_bookkeeping,validation,False,0.50562265163496,unassigned
16182,data,124.83570765056163,125.91670111852694,1,3,3,146.83166389813528,3.329770563201687,30.70819111482666,0.7606056073988443,1.0,leptonic_bookkeeping,train,False,0.50562265163496,unassigned
393032,data,124.83570765056163,125.91670111852694,1,3,3,146.83166389813528,3.329770563201687,30.70819111482666,0.7606056073988443,1.0,leptonic_bookkeeping,train,False,0.50562265163496,unassigned
563528,data,124.83570765056163,125.91670111852694,1,3,3,146.83166389813528,3.329770563201687,30.70819111482666,0.7606056073988443,1.0,leptonic_bookkeeping,validation,False,0.50562265163496,unassigned
855131,data,124.83570765056163,125.91670111852694,1,3,3,146.83166389813528,3.329770563201687,30.70819111482666,0.7606056073988443,1.0,leptonic_bookkeeping,test,False,0.50562265163496,unassigned
720773,data,124.83570765056163,125.91670111852694,1,3,3,146.83166389813528,3.329770563201687,30.70819111482666,0.7606056073988443,1.0,leptonic_bookkeeping,test,False,0.50562265163496,unassigned
30653,data,124.83570765056163,125.91670111852694,1,3,3,146.83166389813528,3.329770563201687,30.70819111482666,0.7606056073988443,1.0,leptonic_bookkeeping,test,False,0.50562265163496,unassigned
769478,data,124.83570765056163,125.91670111852694,1,3,3,146.83166389813528,3.329770563201687,30.70819111482666,0.7606056073988443,1.0,leptonic_bookkeeping,validation,False,0.50562265163496,unassigned
365879,data,124.83570765056163,125.91670111852694,1,3,3,146.83166389813528,3.329770563201687,30.70819111482666,0.7606056073988443,1.0,leptonic_bookkeeping,train,False,0.50562265163496,unassigned
336940,data,124.83570765056163,125.91670111852694,1,3,3,146.83166389813528,3.329770563201687,30.70819111482666,0.7606056073988443,1.0,leptonic_bookkeeping,validation,False,0.50562265163496,unassigned
800781,data,124.83570765056163,125.91670111852694,1,3,3,146.83166389813528,3.329770563201687,30.70819111482666,0.7606056073988443,1.0,leptonic_bookkeeping,validation,False,0.50562265163496,unassigned
13918,data,124.83570765056163,125.91670111852694,1,3,3,146.83166389813528,3.329770563201687,30.70819111482666,0.7606056073988443,1.0,leptonic_bookkeeping,train,False,0.50562265163496,unassigned
762051,data,124.83570765056163,125.91670111852694,1,3,3,146.83166389813528,3.329770563201687,30.70819111482666,0.7606056073988443,1.0,leptonic_bookkeeping,test,False,0.50562265163496,unassigned
321200,data,124.83570765056163,125.91670111852694,1,3,3,146.83166389813528,3.329770563201687,30.70819111482666,0.7606056073988443,1.0,leptonic_bookkeeping,train,False,0.50562265163496,unassigned
660152,data,124.83570765056163,125.91670111852694,1,3,3,146.83166389813528,3.329770563201687,30.70819111482666,0.7606056073988443,1.0,leptonic_bookkeeping,train,False,0.50562265163496,unassigned
292025,data,124.83570765056163,125.91670111852694,1,3,3,146.83166389813528,3.329770563201687,30.70819111482666,0.7606056073988443,1.0,leptonic_bookkeeping,train,False,0.50562265163496,unassigned
128653,data,124.83570765056163,125.91670111852694,1,3,3,146.83166389813528,3.329770563201687,30.70819111482666,0.7606056073988443,1.0,leptonic_bookkeeping,train,False,0.50562265163496,unassigned
787048,data,124.83570765056163,125.91670111852694,1,3,3,146.83166389813528,3.329770563201687,30.70819111482666,0.7606056073988443,1.0,leptonic_bookkeeping,train,False,0.50562265163496,unassigned
578562,data,124.83570765056163,125.91670111852694,1,3,3,146.83166389813528,3.329770563201687,30.70819111482666,0.7606056073988443,1.0,leptonic_bookkeeping,train,False,0.50562265163496,unassigned
338313,data,124.83570765056163,125.91670111852694,1,3,3,146.83166389813528,3.329770563201687,30.70819111482666,0.7606056073988443,1.0,leptonic_bookkeeping,test,False,0.50562265163496,unassigned
74257,data,124.83570765056163,125.91670111852694,1,3,3,146.83166389813528,3.329770563201687,30.70819111482666,0.7606056073988443,1.0,leptonic_bookkeeping,train,False,0.50562265163496,unassigned
594688,data,124.83570765056163,125.91670111852694,1,3,3,146.83166389813528,3.329770563201687,30.70819111482666,0.7606056073988443,1.0,leptonic_bookkeeping,validation,False,0.50562265163496,unassigned
778708,data,124.83570765056163,125.91670111852694,1,3,3,146.83166389813528,3.329770563201687,30.70819111482666,0.7606056073988443,1.0,leptonic_bookkeeping,train,False,0.50562265163496,unassigned
94103,data,124.83570765056163,125.91670111852694,1,3,3,146.83166389813528,3.329770563201687,30.70819111482666,0.7606056073988443,1.0,leptonic_bookkeeping,train,False,0.50562265163496,unassigned
862528,data,124.83570765056163,125.91670111852694,1,3,3,146.83166389813528,3.329770563201687,30.70819111482666,0.7606056073988443,1.0,leptonic_bookkeeping,validation,False,0.50562265163496,unassigned
482265,data,124.83570765056163,125.91670111852694,1,3,3,146.83166389813528,3.329770563201687,30.70819111482666,0.7606056073988443,1.0,leptonic_bookkeeping,validation,False,0.50562265163496,unassigned
478740,data,124.83570765056163,125.91670111852694,1,3,3,146.83166389813528,3.329770563201687,30.70819111482666,0.7606056073988443,1.0,leptonic_bookkeeping,train,False,0.50562265163496,unassigned
249833,data,124.83570765056163,125.91670111852694,1,3,3,146.83166389813528,3.329770563201687,30.70819111482666,0.7606056073988443,1.0,leptonic_bookkeeping,train,False,0.50562265163496,unassigned
796317,data,124.83570765056163,125.91670111852694,1,3,3,146.83166389813528,3.329770563201687,30.70819111482666,0.7606056073988443,1.0,leptonic_bookkeeping,train,False,0.50562265163496,unassigned
165012,data,124.83570765056163,125.91670111852694,1,3,3,146.83166389813528,3.329770563201687,30.70819111482666,0.7606056073988443,1.0,leptonic_bookkeeping,train,False,0.50562265163496,unassigned
75721,data,124.83570765056163,125.91670111852694,1,3,3,146.83166389813528,3.329770563201687,30.70819111482666,0.7606056073988443,1.0,leptonic_bookkeeping,train,False,0.50562265163496,unassigned
461172,data,124.83570765056163,125.91670111852694,1,3,3,146.83166389813528,3.329770563201687,30.70819111482666,0.7606056073988443,1.0,leptonic_bookkeeping,validation,False,0.50562265163496,unassigned
557354,data,124.83570765056163,125.91670111852694,1,3,3,146.83166389813528,3.329770563201687,30.70819111482666,0.7606056073988443,1.0,leptonic_bookkeeping,train,False,0.50562265163496,unassigned
259628,data,124.83570765056163,125.91670111852694,1,3,3,146.83166389813528,3.329770563201687,30.70819111482666,0.7606056073988443,1.0,leptonic_bookkeeping,train,False,0.50562265163496,unassigned
8701,data,124.83570765056163,125.91670111852694,1,3,3,146.83166389813528,3.329770563201687,30.70819111482666,0.7606056073988443,1.0,leptonic_bookkeeping,test,False,0.50562265163496,unassigned
99226,data,124.83570765056163,125.91670111852694,1,3,3,146.83166389813528,3.329770563201687,30.70819111482666,0.7606056073988443,1.0,leptonic_bookkeeping,validation,False,0.50562265163496,unassigned
693851,data,124.83570765056163,125.91670111852694,1,3,3,146.83166389813528,3.329770563201687,30.70819111482666,0.7606056073988443,1.0,leptonic_bookkeeping,train,False,0.50562265163496,unassigned
393067,data,124.83570765056163,125.91670111852694,1,3,3,146.83166389813528,3.329770563201687,30.70819111482666,0.7606056073988443,1.0,leptonic_bookkeeping,train,False,0.50562265163496,unassigned
60615,data,124.83570765056163,125.91670111852694,1,3,3,146.83166389813528,3.329770563201687,30.70819111482666,0.7606056073988443,1.0,leptonic_bookkeeping,test,False,0.50562265163496,unassigned
217452,data,124.83570765056163,125.91670111852694,1,3,3,146.83166389813528,3.329770563201687,30.70819111482666,0.7606056073988443,1.0,leptonic_bookkeeping,train,False,0.50562265163496,unassigned
196241,data,124.83570765056163,125.91670111852694,1,3,3,146.83166389813528,3.329770563201687,30.70819111482666,0.7606056073988443,1.0,leptonic_bookkeeping,train,False,0.50562265163496,unassigned
222194,data,124.83570765056163,125.91670111852694,1,3,3,146.83166389813528,3.329770563201687,30.70819111482666,0.7606056073988443,1.0,leptonic_bookkeeping,train,False,0.50562265163496,unassigned
863320,data,124.83570765056163,125.91670111852694,1,3,3,146.83166389813528,3.329770563201687,30.70819111482666,0.7606056073988443,1.0,leptonic_bookkeeping,validation,False,0.50562265163496,unassigned
764979,data,124.83570765056163,125.91670111852694,1,3,3,146.83166389813528,3.329770563201687,30.70819111482666,0.7606056073988443,1.0,leptonic_bookkeeping,train,False,0.50562265163496,unassigned
566653,data,124.83570765056163,125.91670111852694,1,3,3,146.83166389813528,3.329770563201687,30.70819111482666,0.7606056073988443,1.0,leptonic_bookkeeping,test,False,0.50562265163496,unassigned
700357,data,124.83570765056163,125.91670111852694,1,3,3,146.83166389813528,3.329770563201687,30.70819111482666,0.7606056073988443,1.0,leptonic_bookkeeping,test,False,0.50562265163496,unassigned
438542,data,124.83570765056163,125.91670111852694,1,3,3,146.83166389813528,3.329770563201687,30.70819111482666,0.7606056073988443,1.0,leptonic_bookkeeping,train,False,0.50562265163496,unassigned
735126,data,124.83570765056163,125.91670111852694,1,3,3,146.83166389813528,3.329770563201687,30.70819111482666,0.7606056073988443,1.0,leptonic_bookkeeping,train,False,0.50562265163496,unassigned
669559,data,124.83570765056163,125.91670111852694,1,3,3,146.83166389813528,3.329770563201687,30.70819111482666,0.7606056073988443,1.0,leptonic_bookkeeping,test,False,0.50562265163496,unassigned
647870,data,124.83570765056163,125.91670111852694,1,3,3,146.83166389813528,3.329770563201687,30.70819111482666,0.7606056073988443,1.0,leptonic_bookkeeping,test,False,0.50562265163496,unassigned
83592,data,124.83570765056163,125.91670111852694,1,3,3,146.83166389813528,3.329770563201687,30.70819111482666,0.7606056073988443,1.0,leptonic_bookkeeping,train,False,0.50562265163496,unassigned
343549,data,124.83570765056163,125.91670111852694,1,3,3,146.83166389813528,3.329770563201687,30.70819111482666,0.7606056073988443,1.0,leptonic_bookkeeping,train,False,0.50562265163496,unassigned
895758,data,124.83570765056163,125.91670111852694,1,3,3,146.83166389813528,3.329770563201687,30.70819111482666,0.7606056073988443,1.0,leptonic_bookkeeping,test,False,0.50562265163496,unassigned
107087,data,124.83570765056163,125.91670111852694,1,3,3,146.83166389813528,3.329770563201687,30.70819111482666,0.7606056073988443,1.0,leptonic_bookkeeping,train,False,0.50562265163496,unassigned
946844,data,124.83570765056163,125.91670111852694,1,3,3,146.83166389813528,3.329770563201687,30.70819111482666,0.7606056073988443,1.0,leptonic_bookkeeping,test,False,0.50562265163496,unassigned
763057,data,124.83570765056163,125.91670111852694,1,3,3,146.83166389813528,3.329770563201687,30.70819111482666,0.7606056073988443,1.0,leptonic_bookkeeping,train,False,0.50562265163496,unassigned
630828,data,124.83570765056163,125.91670111852694,1,3,3,146.83166389813528,3.329770563201687,30.70819111482666,0.7606056073988443,1.0,leptonic_bookkeeping,train,False,0.50562265163496,unassigned
196590,data,124.83570765056163,125.91670111852694,1,3,3,146.83166389813528,3.329770563201687,30.70819111482666,0.7606056073988443,1.0,leptonic_bookkeeping,train,False,0.50562265163496,unassigned
292773,data,124.83570765056163,125.91670111852694,1,3,3,146.83166389813528,3.329770563201687,30.70819111482666,0.7606056073988443,1.0,leptonic_bookkeeping,train,False,0.50562265163496,unassigned
379826,data,124.83570765056163,125.91670111852694,1,3,3,146.83166389813528,3.329770563201687,30.70819111482666,0.7606056073988443,1.0,leptonic_bookkeeping,test,False,0.50562265163496,unassigned
235780,data,124.83570765056163,125.91670111852694,1,3,3,146.83166389813528,3.329770563201687,30.70819111482666,0.7606056073988443,1.0,leptonic_bookkeeping,test,False,0.50562265163496,unassigned
685467,data,124.83570765056163,125.91670111852694,1,3,3,146.83166389813528,3.329770563201687,30.70819111482666,0.7606056073988443,1.0,leptonic_bookkeeping,train,False,0.50562265163496,unassigned
510392,data,124.83570765056163,125.91670111852694,1,3,3,146.83166389813528,3.329770563201687,30.70819111482666,0.7606056073988443,1.0,leptonic_bookkeeping,train,False,0.50562265163496,unassigned
267632,data,124.83570765056163,125.91670111852694,1,3,3,146.83166389813528,3.329770563201687,30.70819111482666,0.7606056073988443,1.0,leptonic_bookkeeping,test,False,0.50562265163496,unassigned
842505,data,124.83570765056163,125.91670111852694,1,3,3,146.83166389813528,3.329770563201687,30.70819111482666,0.7606056073988443,1.0,leptonic_bookkeeping,validation,False,0.50562265163496,unassigned
794121,data,124.83570765056163,125.91670111852694,1,3,3,146.83166389813528,3.329770563201687,30.70819111482666,0.7606056073988443,1.0,leptonic_bookkeeping,train,False,0.50562265163496,unassigned
656503,data,124.83570765056163,125.91670111852694,1,3,3,146.83166389813528,3.329770563201687,30.70819111482666,0.7606056073988443,1.0,leptonic_bookkeeping,validation,False,0.50562265163496,unassigned
881826,data,124.83570765056163,125.91670111852694,1,3,3,146.83166389813528,3.329770563201687,30.70819111482666,0.7606056073988443,1.0,leptonic_bookkeeping,train,False,0.50562265163496,unassigned
928489,data,124.83570765056163,125.91670111852694,1,3,3,146.83166389813528,3.329770563201687,30.70819111482666,0.7606056073988443,1.0,leptonic_bookkeeping,train,False,0.50562265163496,unassigned
102538,data,124.83570765056163,125.91670111852694,1,3,3,146.83166389813528,3.329770563201687,30.70819111482666,0.7606056073988443,1.0,leptonic_bookkeeping,test,False,0.50562265163496,unassigned
890382,data,124.83570765056163,125.91670111852694,1,3,3,146.83166389813528,3.329770563201687,30.70819111482666,0.7606056073988443,1.0,leptonic_bookkeeping,train,False,0.50562265163496,unassigned
277193,data,124.83570765056163,125.91670111852694,1,3,3,146.83166389813528,3.329770563201687,30.70819111482666,0.7606056073988443,1.0,leptonic_bookkeeping,test,False,0.50562265163496,unassigned
27436,data,124.83570765056163,125.91670111852694,1,3,3,146.83166389813528,3.329770563201687,30.70819111482666,0.7606056073988443,1.0,leptonic_bookkeeping,validation,False,0.50562265163496,unassigned
473398,data,124.83570765056163,125.91670111852694,1,3,3,146.83166389813528,3.329770563201687,30.70819111482666,0.7606056073988443,1.0,leptonic_bookkeeping,test,False,0.50562265163496,unassigned
419661,data,124.83570765056163,125.91670111852694,1,3,3,146.83166389813528,3.329770563201687,30.70819111482666,0.7606056073988443,1.0,leptonic_bookkeeping,validation,False,0.50562265163496,unassigned
718332,data,124.83570765056163,125.91670111852694,1,3,3,146.83166389813528,3.329770563201687,30.70819111482666,0.7606056073988443,1.0,leptonic_bookkeeping,validation,False,0.50562265163496,unassigned
633016,data,124.83570765056163,125.91670111852694,1,3,3,146.83166389813528,3.329770563201687,30.70819111482666,0.7606056073988443,1.0,leptonic_bookkeeping,train,False,0.50562265163496,unassigned
908829,data,124.83570765056163,125.91670111852694,1,3,3,146.83166389813528,3.329770563201687,30.70819111482666,0.7606056073988443,1.0,leptonic_bookkeeping,train,False,0.50562265163496,unassigned
218029,data,124.83570765056163,125.91670111852694,1,3,3,146.83166389813528,3.329770563201687,30.70819111482666,0.7606056073988443,1.0,leptonic_bookkeeping,train,False,0.50562265163496,unassigned
31376,data,124.83570765056163,125.91670111852694,1,3,3,146.83166389813528,3.329770563201687,30.70819111482666,0.7606056073988443,1.0,leptonic_bookkeeping,train,False,0.50562265163496,unassigned
405176,data,124.83570765056163,125.91670111852694,1,3,3,146.83166389813528,3.329770563201687,30.70819111482666,0.7606056073988443,1.0,leptonic_bookkeeping,train,False,0.50562265163496,unassigned
93273,data,124.83570765056163,125.91670111852694,1,3,3,146.83166389813528,3.329770563201687,30.70819111482666,0.7606056073988443,1.0,leptonic_bookkeeping,train,False,0.50562265163496,unassigned
582466,data,124.83570765056163,125.91670111852694,1,3,3,146.83166389813528,3.329770563201687,30.70819111482666,0.7606056073988443,1.0,leptonic_bookkeeping,train,False,0.50562265163496,unassigned
906071,data,124.83570765056163,125.91670111852694,1,3,3,146.83166389813528,3.329770563201687,30.70819111482666,0.7606056073988443,1.0,leptonic_bookkeeping,test,False,0.50562265163496,unassigned
859767,data,124.83570765056163,125.91670111852694,1,3,3,146.83166389813528,3.329770563201687,30.70819111482666,0.7606056073988443,1.0,leptonic_bookkeeping,train,False,0.50562265163496,unassigned
674939,data,124.83570765056163,125.91670111852694,1,3,3,146.83166389813528,3.329770563201687,30.70819111482666,0.7606056073988443,1.0,leptonic_bookkeeping,train,False,0.50562265163496,unassigned
265831,data,124.83570765056163,125.91670111852694,1,3,3,146.83166389813528,3.329770563201687,30.70819111482666,0.7606056073988443,1.0,leptonic_bookkeeping,validation,False,0.50562265163496,unassigned
476349,data,124.83570765056163,125.91670111852694,1,3,3,146.83166389813528,3.329770563201687,30.70819111482666,0.7606056073988443,1.0,leptonic_bookkeeping,train,False,0.50562265163496,unassigned
975041,data,124.83570765056163,125.91670111852694,1,3,3,146.83166389813528,3.329770563201687,30.70819111482666,0.7606056073988443,1.0,leptonic_bookkeeping,train,False,0.50562265163496,unassigned
465582,data,124.83570765056163,125.91670111852694,1,3,3,146.83166389813528,3.329770563201687,30.70819111482666,0.7606056073988443,1.0,leptonic_bookkeeping,train,False,0.50562265163496,unassigned
412541,data,124.83570765056163,125.91670111852694,1,3,3,146.83166389813528,3.329770563201687,30.70819111482666,0.7606056073988443,1.0,leptonic_bookkeeping,train,False,0.50562265163496,unassigned
280561,data,124.83570765056163,125.91670111852694,1,3,3,146.83166389813528,3.329770563201687,30.70819111482666,0.7606056073988443,1.0,leptonic_bookkeeping,train,False,0.50562265163496,unassigned
600738,data,124.83570765056163,125.91670111852694,1,3,3,146.83166389813528,3.329770563201687,30.70819111482666,0.7606056073988443,1.0,leptonic_bookkeeping,train,False,0.50562265163496,unassigned
263496,data,124.83570765056163,125.91670111852694,1,3,3,146.83166389813528,3.329770563201687,30.70819111482666,0.7606056073988443,1.0,leptonic_bookkeeping,train,False,0.50562265163496,unassigned
844106,data,124.83570765056163,125.91670111852694,1,3,3,146.83166389813528,3.329770563201687,30.70819111482666,0.7606056073988443,1.0,leptonic_bookkeeping,test,False,0.50562265163496,unassigned
533500,data,124.83570765056163,125.91670111852694,1,3,3,146.83166389813528,3.329770563201687,30.70819111482666,0.7606056073988443,1.0,leptonic_bookkeeping,validation,False,0.50562265163496,unassigned
274972,data,124.83570765056163,125.91670111852694,1,3,3,146.83166389813528,3.329770563201687,30.70819111482666,0.7606056073988443,1.0,leptonic_bookkeeping,validation,False,0.50562265163496,unassigned
126150,data,124.83570765056163,125.91670111852694,1,3,3,146.83166389813528,3.329770563201687,30.70819111482666,0.7606056073988443,1.0,leptonic_bookkeeping,train,False,0.50562265163496,unassigned
888293,data,124.83570765056163,125.91670111852694,1,3,3,146.83166389813528,3.329770563201687,30.70819111482666,0.7606056073988443,1.0,leptonic_bookkeeping,train,False,0.50562265163496,unassigned
158249,data,124.83570765056163,125.91670111852694,1,3,3,146.83166389813528,3.329770563201687,30.70819111482666,0.7606056073988443,1.0,leptonic_bookkeeping,train,False,0.50562265163496,unassigned
82344,data,124.83570765056163,125.91670111852694,1,3,3,146.83166389813528,3.329770563201687,30.70819111482666,0.7606056073988443,1.0,leptonic_bookkeeping,test,False,0.50562265163496,unassigned
247388,data,124.83570765056163,125.91670111852694,1,3,3,146.83166389813528,3.329770563201687,30.70819111482666,0.7606056073988443,1.0,leptonic_bookkeeping,test,False,0.50562265163496,unassigned
180021,data,124.83570765056163,125.91670111852694,1,3,3,146.83166389813528,3.329770563201687,30.70819111482666,0.7606056073988443,1.0,leptonic_bookkeeping,train,False,0.50562265163496,unassigned
779376,data,124.83570765056163,125.91670111852694,1,3,3,146.83166389813528,3.329770563201687,30.70819111482666,0.7606056073988443,1.0,leptonic_bookkeeping,train,False,0.50562265163496,unassigned
568421,data,124.83570765056163,125.91670111852694,1,3,3,146.83166389813528,3.329770563201687,30.70819111482666,0.7606056073988443,1.0,leptonic_bookkeeping,train,False,0.50562265163496,unassigned
281821,data,124.83570765056163,125.91670111852694,1,3,3,146.83166389813528,3.329770563201687,30.70819111482666,0.7606056073988443,1.0,leptonic_bookkeeping,train,False,0.50562265163496,unassigned
154845,data,124.83570765056163,125.91670111852694,1,3,3,146.83166389813528,3.329770563201687,30.70819111482666,0.7606056073988443,1.0,leptonic_bookkeeping,train,False,0.50562265163496,unassigned
41259,data,124.83570765056163,125.91670111852694,1,3,3,146.83166389813528,3.329770563201687,30.70819111482666,0.7606056073988443,1.0,leptonic_bookkeeping,train,False,0.50562265163496,unassigned
194160,data,124.83570765056163,125.91670111852694,1,3,3,146.83166389813528,3.329770563201687,30.70819111482666,0.7606056073988443,1.0,leptonic_bookkeeping,test,False,0.50562265163496,unassigned
569319,data,124.83570765056163,125.91670111852694,1,3,3,146.83166389813528,3.329770563201687,30.70819111482666,0.7606056073988443,1.0,leptonic_bookkeeping,train,False,0.50562265163496,unassigned
27538,data,124.83570765056163,125.91670111852694,1,3,3,146.83166389813528,3.329770563201687,30.70819111482666,0.7606056073988443,1.0,leptonic_bookkeeping,validation,False,0.50562265163496,unassigned
181606,data,124.83570765056163,125.91670111852694,1,3,3,146.83166389813528,3.329770563201687,30.70819111482666,0.7606056073988443,1.0,leptonic_bookkeeping,validation,False,0.50562265163496,unassigned
71307,data,124.83570765056163,125.91670111852694,1,3,3,146.83166389813528,3.329770563201687,30.70819111482666,0.7606056073988443,1.0,leptonic_bookkeeping,test,False,0.50562265163496,unassigned
865717,data,124.83570765056163,125.91670111852694,1,3,3,146.83166389813528,3.329770563201687,30.70819111482666,0.7606056073988443,1.0,leptonic_bookkeeping,test,False,0.50562265163496,unassigned
289736,data,124.83570765056163,125.91670111852694,1,3,3,146.83166389813528,3.329770563201687,30.70819111482666,0.7606056073988443,1.0,leptonic_bookkeeping,train,False,0.50562265163496,unassigned
615768,data,124.83570765056163,125.91670111852694,1,3,3,146.83166389813528,3.329770563201687,30.70819111482666,0.7606056073988443,1.0,leptonic_bookkeeping,validation,False,0.50562265163496,unassigned
970895,data,124.83570765056163,125.91670111852694,1,3,3,146.83166389813528,3.329770563201687,30.70819111482666,0.7606056073988443,1.0,leptonic_bookkeeping,train,False,0.50562265163496,unassigned
804839,data,124.83570765056163,125.91670111852694,1,3,3,146.83166389813528,3.329770563201687,30.70819111482666,0.7606056073988443,1.0,leptonic_bookkeeping,train,False,0.50562265163496,unassigned
770808,data,124.83570765056163,125.91670111852694,1,3,3,146.83166389813528,3.329770563201687,30.70819111482666,0.7606056073988443,1.0,leptonic_bookkeeping,validation,False,0.50562265163496,unassigned
853368,data,124.83570765056163,125.91670111852694,1,3,3,146.83166389813528,3.329770563201687,30.70819111482666,0.7606056073988443,1.0,leptonic_bookkeeping,validation,False,0.50562265163496,unassigned
215434,data,124.83570765056163,125.91670111852694,1,3,3,146.83166389813528,3.329770563201687,30.70819111482666,0.7606056073988443,1.0,leptonic_bookkeeping,test,False,0.50562265163496,unassigned
427560,data,124.83570765056163,125.91670111852694,1,3,3,146.83166389813528,3.329770563201687,30.70819111482666,0.7606056073988443,1.0,leptonic_bookkeeping,train,False,0.50562265163496,unassigned
374657,data,124.83570765056163,125.91670111852694,1,3,3,146.83166389813528,3.329770563201687,30.70819111482666,0.7606056073988443,1.0,leptonic_bookkeeping,train,False,0.50562265163496,unassigned
419326,data,124.83570765056163,125.91670111852694,1,3,3,146.83166389813528,3.329770563201687,30.70819111482666,0.7606056073988443,1.0,leptonic_bookkeeping,validation,False,0.50562265163496,unassigned
935969,data,124.83570765056163,125.91670111852694,1,3,3,146.83166389813528,3.329770563201687,30.70819111482666,0.7606056073988443,1.0,leptonic_bookkeeping,validation,False,0.50562265163496,unassigned
417988,data,124.83570765056163,125.91670111852694,1,3,3,146.83166389813528,3.329770563201687,30.70819111482666,0.7606056073988443,1.0,leptonic_bookkeeping,train,False,0.50562265163496,unassigned
594436,data,124.83570765056163,125.91670111852694,1,3,3,146.83166389813528,3.329770563201687,30.70819111482666,0.7606056073988443,1.0,leptonic_bookkeeping,validation,False,0.50562265163496,unassigned
875687,data,124.83570765056163,125.91670111852694,1,3,3,146.83166389813528,3.329770563201687,30.70819111482666,0.7606056073988443,1.0,leptonic_bookkeeping,test,False,0.50562265163496,unassigned
127694,data,124.83570765056163,125.91670111852694,1,3,3,146.83166389813528,3.329770563201687,30.70819111482666,0.7606056073988443,1.0,leptonic_bookkeeping,train,False,0.50562265163496,unassigned
566058,data,124.83570765056163,125.91670111852694,1,3,3,146.83166389813528,3.329770563201687,30.70819111482666,0.7606056073988443,1.0,leptonic_bookkeeping,test,False,0.50562265163496,unassigned
356421,data,124.83570765056163,125.91670111852694,1,3,3,146.83166389813528,3.329770563201687,30.70819111482666,0.7606056073988443,1.0,leptonic_bookkeeping,train,False,0.50562265163496,unassigned
842563,data,124.83570765056163,125.91670111852694,1,3,3,146.83166389813528,3.329770563201687,30.70819111482666,0.7606056073988443,1.0,leptonic_bookkeeping,validation,False,0.50562265163496,unassigned
885704,data,124.83570765056163,125.91670111852694,1,3,3,146.83166389813528,3.329770563201687,30.70819111482666,0.7606056073988443,1.0,leptonic_bookkeeping,test,False,0.50562265163496,unassigned
230038,data,124.83570765056163,125.91670111852694,1,3,3,146.83166389813528,3.329770563201687,30.70819111482666,0.7606056073988443,1.0,leptonic_bookkeeping,train,False,0.50562265163496,unassigned
409620,data,124.83570765056163,125.91670111852694,1,3,3,146.83166389813528,3.329770563201687,30.70819111482666,0.7606056073988443,1.0,leptonic_bookkeeping,validation,False,0.50562265163496,unassigned
447847,data,124.83570765056163,125.91670111852694,1,3,3,146.83166389813528,3.329770563201687,30.70819111482666,0.7606056073988443,1.0,leptonic_bookkeeping,train,False,0.50562265163496,unassigned
946169,data,124.83570765056163,125.91670111852694,1,3,3,146.83166389813528,3.329770563201687,30.70819111482666,0.7606056073988443,1.0,leptonic_bookkeeping,validation,False,0.50562265163496,unassigned
228908,data,124.83570765056163,125.91670111852694,1,3,3,146.83166389813528,3.329770563201687,30.70819111482666,0.7606056073988443,1.0,leptonic_bookkeeping,train,False,0.50562265163496,unassigned
36354,data,124.83570765056163,125.91670111852694,1,3,3,146.83166389813528,3.329770563201687,30.70819111482666,0.7606056073988443,1.0,leptonic_bookkeeping,train,False,0.50562265163496,unassigned
926186,data,124.83570765056163,125.91670111852694,1,3,3,146.83166389813528,3.329770563201687,30.70819111482666,0.7606056073988443,1.0,leptonic_bookkeeping,test,False,0.50562265163496,unassigned
766275,data,124.83570765056163,125.91670111852694,1,3,3,146.83166389813528,3.329770563201687,30.70819111482666,0.7606056073988443,1.0,leptonic_bookkeeping,train,False,0.50562265163496,unassigned
495084,data,124.83570765056163,125.91670111852694,1,3,3,146.83166389813528,3.329770563201687,30.70819111482666,0.7606056073988443,1.0,leptonic_bookkeeping,train,False,0.50562265163496,unassigned
364886,data,124.83570765056163,125.91670111852694,1,3,3,146.83166389813528,3.329770563201687,30.70819111482666,0.7606056073988443,1.0,leptonic_bookkeeping,train,False,0.50562265163496,unassigned
573081,data,124.83570765056163,125.91670111852694,1,3,3,146.83166389813528,3.329770563201687,30.70819111482666,0.7606056073988443,1.0,leptonic_bookkeeping,train,False,0.50562265163496,unassigned
388716,data,124.83570765056163,125.91670111852694,1,3,3,146.83166389813528,3.329770563201687,30.70819111482666,0.7606056073988443,1.0,leptonic_bookkeeping,validation,False,0.50562265163496,unassigned
890907,data,124.83570765056163,125.91670111852694,1,3,3,146.83166389813528,3.329770563201687,30.70819111482666,0.7606056073988443,1.0,leptonic_bookkeeping,train,False,0.50562265163496,unassigned
860568,data,124.83570765056163,125.91670111852694,1,3,3,146.83166389813528,3.329770563201687,30.70819111482666,0.7606056073988443,1.0,leptonic_bookkeeping,train,False,0.50562265163496,unassigned
45842,data,124.83570765056163,125.91670111852694,1,3,3,146.83166389813528,3.329770563201687,30.70819111482666,0.7606056073988443,1.0,leptonic_bookkeeping,train,False,0.50562265163496,unassigned
378052,data,124.83570765056163,125.91670111852694,1,3,3,146.83166389813528,3.329770563201687,30.70819111482666,0.7606056073988443,1.0,leptonic_bookkeeping,validation,False,0.50562265163496,unassigned
848100,data,124.83570765056163,125.91670111852694,1,3,3,146.83166389813528,3.329770563201687,30.70819111482666,0.7606056073988443,1.0,leptonic_bookkeeping,train,False,0.50562265163496,unassigned
32062,data,124.83570765056163,125.91670111852694,1,3,3,146.83166389813528,3.329770563201687,30.70819111482666,0.7606056073988443,1.0,leptonic_bookkeeping,train,False,0.50562265163496,unassigned
377469,data,124.83570765056163,125.91670111852694,1,3,3,146.83166389813528,3.329770563201687,30.70819111482666,0.7606056073988443,1.0,leptonic_bookkeeping,validation,False,0.50562265163496,unassigned
284163,data,124.83570765056163,125.91670111852694,1,3,3,146.83166389813528,3.329770563201687,30.70819111482666,0.7606056073988443,1.0,leptonic_bookkeeping,train,False,0.50562265163496,unassigned
6275,data,124.83570765056163,125.91670111852694,1,3,3,146.83166389813528,3.329770563201687,30.70819111482666,0.7606056073988443,1.0,leptonic_bookkeeping,validation,False,0.50562265163496,unassigned
802371,data,124.83570765056163,125.91670111852694,1,3,3,146.83166389813528,3.329770563201687,30.70819111482666,0.7606056073988443,1.0,leptonic_bookkeeping,test,False,0.50562265163496,unassigned
219982,data,124.83570765056163,125.91670111852694,1,3,3,146.83166389813528,3.329770563201687,30.70819111482666,0.7606056073988443,1.0,leptonic_bookkeeping,train,False,0.50562265163496,unassigned
565747,data,124.83570765056163,125.91670111852694,1,3,3,146.83166389813528,3.329770563201687,30.70819111482666,0.7606056073988443,1.0,leptonic_bookkeeping,test,False,0.50562265163496,unassigned
577723,data,124.83570765056163,125.91670111852694,1,3,3,146.83166389813528,3.329770563201687,30.70819111482666,0.7606056073988443,1.0,leptonic_bookkeeping,train,False,0.50562265163496,unassigned
47397,data,124.83570765056163,125.91670111852694,1,3,3,146.83166389813528,3.329770563201687,30.70819111482666,0.7606056073988443,1.0,leptonic_bookkeeping,train,False,0.50562265163496,unassigned
466390,data,124.83570765056163,125.91670111852694,1,3,3,146.83166389813528,3.329770563201687,30.70819111482666,0.7606056073988443,1.0,leptonic_bookkeeping,train,False,0.50562265163496,unassigned
333243,data,124.83570765056163,125.91670111852694,1,3,3,146.83166389813528,3.329770563201687,30.70819111482666,0.7606056073988443,1.0,leptonic_bookkeeping,train,False,0.50562265163496,unassigned
597067,data,124.83570765056163,125.91670111852694,1,3,3,146.83166389813528,3.329770563201687,30.70819111482666,0.7606056073988443,1.0,leptonic_bookkeeping,test,False,0.50562265163496,unassigned
791811,data,124.83570765056163,125.91670111852694,1,3,3,146.83166389813528,3.329770563201687,30.70819111482666,0.7606056073988443,1.0,leptonic_bookkeeping,test,False,0.50562265163496,unassigned
972714,data,124.83570765056163,125.91670111852694,1,3,3,146.83166389813528,3.329770563201687,30.70819111482666,0.7606056073988443,1.0,leptonic_bookkeeping,train,False,0.50562265163496,unassigned
375037,data,124.83570765056163,125.91670111852694,1,3,3,146.83166389813528,3.329770563201687,30.70819111482666,0.7606056073988443,1.0,leptonic_bookkeeping,train,False,0.50562265163496,unassigned
309555,data,124.83570765056163,125.91670111852694,1,3,3,146.83166389813528,3.329770563201687,30.70819111482666,0.7606056073988443,1.0,leptonic_bookkeeping,train,False,0.50562265163496,unassigned
752335,data,124.83570765056163,125.91670111852694,1,3,3,146.83166389813528,3.329770563201687,30.70819111482666,0.7606056073988443,1.0,leptonic_bookkeeping,test,False,0.50562265163496,unassigned
459359,data,124.83570765056163,125.91670111852694,1,3,3,146.83166389813528,3.329770563201687,30.70819111482666,0.7606056073988443,1.0,leptonic_bookkeeping,train,False,0.50562265163496,unassigned
893763,data,124.83570765056163,125.91670111852694,1,3,3,146.83166389813528,3.329770563201687,30.70819111482666,0.7606056073988443,1.0,leptonic_bookkeeping,validation,False,0.50562265163496,unassigned
9835,data,124.83570765056163,125.91670111852694,1,3,3,146.83166389813528,3.329770563201687,30.70819111482666,0.7606056073988443,1.0,leptonic_bookkeeping,test,False,0.50562265163496,unassigned
158662,data,124.83570765056163,125.91670111852694,1,3,3,146.83166389813528,3.329770563201687,30.70819111482666,0.7606056073988443,1.0,leptonic_bookkeeping,train,False,0.50562265163496,unassigned
846696,data,124.83570765056163,125.91670111852694,1,3,3,146.83166389813528,3.329770563201687,30.70819111482666,0.7606056073988443,1.0,leptonic_bookkeeping,train,False,0.50562265163496,unassigned
173075,data,124.83570765056163,125.91670111852694,1,3,3,146.83166389813528,3.329770563201687,30.70819111482666,0.7606056073988443,1.0,leptonic_bookkeeping,validation,False,0.50562265163496,unassigned
754854,data,124.83570765056163,125.91670111852694,1,3,3,146.83166389813528,3.329770563201687,30.70819111482666,0.7606056073988443,1.0,leptonic_bookkeeping,train,False,0.50562265163496,unassigned
82775,data,124.83570765056163,125.91670111852694,1,3,3,146.83166389813528,3.329770563201687,30.70819111482666,0.7606056073988443,1.0,leptonic_bookkeeping,train,False,0.50562265163496,unassigned
625732,data,124.83570765056163,125.91670111852694,1,3,3,146.83166389813528,3.329770563201687,30.70819111482666,0.7606056073988443,1.0,leptonic_bookkeeping,validation,False,0.50562265163496,unassigned
88212,data,124.83570765056163,125.91670111852694,1,3,3,146.83166389813528,3.329770563201687,30.70819111482666,0.7606056073988443,1.0,leptonic_bookkeeping,train,False,0.50562265163496,unassigned
702899,data,124.83570765056163,125.91670111852694,1,3,3,146.83166389813528,3.329770563201687,30.70819111482666,0.7606056073988443,1.0,leptonic_bookkeeping,train,False,0.50562265163496,unassigned
545168,data,124.83570765056163,125.91670111852694,1,3,3,146.83166389813528,3.329770563201687,30.70819111482666,0.7606056073988443,1.0,leptonic_bookkeeping,test,False,0.50562265163496,unassigned
5104,data,124.83570765056163,125.91670111852694,1,3,3,146.83166389813528,3.329770563201687,30.70819111482666,0.7606056073988443,1.0,leptonic_bookkeeping,train,False,0.50562265163496,unassigned
631209,data,124.83570765056163,125.91670111852694,1,3,3,146.83166389813528,3.329770563201687,30.70819111482666,0.7606056073988443,1.0,leptonic_bookkeeping,train,False,0.50562265163496,unassigned
573268,data,124.83570765056163,125.91670111852694,1,3,3,146.83166389813528,3.329770563201687,30.70819111482666,0.7606056073988443,1.0,leptonic_bookkeeping,validation,False,0.50562265163496,unassigned
136080,data,124.83570765056163,125.91670111852694,1,3,3,146.83166389813528,3.329770563201687,30.70819111482666,0.7606056073988443,1.0,leptonic_bookkeeping,train,False,0.50562265163496,unassigned
313791,data,124.83570765056163,125.91670111852694,1,3,3,146.83166389813528,3.329770563201687,30.70819111482666,0.7606056073988443,1.0,leptonic_bookkeeping,train,False,0.50562265163496,unassigned
916508,data,124.83570765056163,125.91670111852694,1,3,3,146.83166389813528,3.329770563201687,30.70819111482666,0.7606056073988443,1.0,leptonic_bookkeeping,test,False,0.50562265163496,unassigned
697441,data,124.83570765056163,125.91670111852694,1,3,3,146.83166389813528,3.329770563201687,30.70819111482666,0.7606056073988443,1.0,leptonic_bookkeeping,validation,False,0.50562265163496,unassigned
104031,data,124.83570765056163,125.91670111852694,1,3,3,146.83166389813528,3.329770563201687,30.70819111482666,0.7606056073988443,1.0,leptonic_bookkeeping,train,False,0.50562265163496,unassigned
409650,data,124.83570765056163,125.91670111852694,1,3,3,146.83166389813528,3.329770563201687,30.70819111482666,0.7606056073988443,1.0,leptonic_bookkeeping,validation,False,0.50562265163496,unassigned
747022,data,124.83570765056163,125.91670111852694,1,3,3,146.83166389813528,3.329770563201687,30.70819111482666,0.7606056073988443,1.0,leptonic_bookkeeping,train,False,0.50562265163496,unassigned
426147,data,124.83570765056163,125.91670111852694,1,3,3,146.83166389813528,3.329770563201687,30.70819111482666,0.7606056073988443,1.0,leptonic_bookkeeping,train,False,0.50562265163496,unassigned
688683,data,124.83570765056163,125.91670111852694,1,3,3,146.83166389813528,3.329770563201687,30.70819111482666,0.7606056073988443,1.0,leptonic_bookkeeping,test,False,0.50562265163496,unassigned
533623,data,124.83570765056163,125.91670111852694,1,3,3,146.83166389813528,3.329770563201687,30.70819111482666,0.7606056073988443,1.0,leptonic_bookkeeping,validation,False,0.50562265163496,unassigned
535507,data,124.83570765056163,125.91670111852694,1,3,3,146.83166389813528,3.329770563201687,30.70819111482666,0.7606056073988443,1.0,leptonic_bookkeeping,test,False,0.50562265163496,unassigned
477725,data,124.83570765056163,125.91670111852694,1,3,3,146.83166389813528,3.329770563201687,30.70819111482666,0.7606056073988443,1.0,leptonic_bookkeeping,train,False,0.50562265163496,unassigned
766928,data,124.83570765056163,125.91670111852694,1,3,3,146.83166389813528,3.329770563201687,30.70819111482666,0.7606056073988443,1.0,leptonic_bookkeeping,train,False,0.50562265163496,unassigned
57985,data,124.83570765056163,125.91670111852694,1,3,3,146.83166389813528,3.329770563201687,30.70819111482666,0.7606056073988443,1.0,leptonic_bookkeeping,validation,False,0.50562265163496,unassigned
537597,data,124.83570765056163,125.91670111852694,1,3,3,146.83166389813528,3.329770563201687,30.70819111482666,0.7606056073988443,1.0,leptonic_bookkeeping,train,False,0.50562265163496,unassigned
776784,data,124.83570765056163,125.91670111852694,1,3,3,146.83166389813528,3.329770563201687,30.70819111482666,0.7606056073988443,1.0,leptonic_bookkeeping,train,False,0.50562265163496,unassigned
680105,data,124.83570765056163,125.91670111852694,1,3,3,146.83166389813528,3.329770563201687,30.70819111482666,0.7606056073988443,1.0,leptonic_bookkeeping,test,False,0.50562265163496,unassigned
276357,data,124.83570765056163,125.91670111852694,1,3,3,146.83166389813528,3.329770563201687,30.70819111482666,0.7606056073988443,1.0,leptonic_bookkeeping,test,False,0.50562265163496,unassigned
931790,data,124.83570765056163,125.91670111852694,1,3,3,146.83166389813528,3.329770563201687,30.70819111482666,0.7606056073988443,1.0,leptonic_bookkeeping,train,False,0.50562265163496,unassigned
95147,data,124.83570765056163,125.91670111852694,1,3,3,146.83166389813528,3.329770563201687,30.70819111482666,0.7606056073988443,1.0,leptonic_bookkeeping,train,False,0.50562265163496,unassigned
474299,data,124.83570765056163,125.91670111852694,1,3,3,146.83166389813528,3.329770563201687,30.70819111482666,0.7606056073988443,1.0,leptonic_bookkeeping,train,False,0.50562265163496,unassigned
662616,data,124.83570765056163,125.91670111852694,1,3,3,146.83166389813528,3.329770563201687,30.70819111482666,0.7606056073988443,1.0,leptonic_bookkeeping,train,False,0.50562265163496,unassigned
828424,data,124.83570765056163,125.91670111852694,1,3,3,146.83166389813528,3.329770563201687,30.70819111482666,0.7606056073988443,1.0,leptonic_bookkeeping,train,False,0.50562265163496,unassigned
657558,data,124.83570765056163,125.91670111852694,1,3,3,146.83166389813528,3.329770563201687,30.70819111482666,0.7606056073988443,1.0,leptonic_bookkeeping,validation,False,0.50562265163496,unassigned
768938,data,124.83570765056163,125.91670111852694,1,3,3,146.83166389813528,3.329770563201687,30.70819111482666,0.7606056073988443,1.0,leptonic_bookkeeping,train,False,0.50562265163496,unassigned
571462,data,124.83570765056163,125.91670111852694,1,3,3,146.83166389813528,3.329770563201687,30.70819111482666,0.7606056073988443,1.0,leptonic_bookkeeping,train,False,0.50562265163496,unassigned
938533,data,124.83570765056163,125.91670111852694,1,3,3,146.83166389813528,3.329770563201687,30.70819111482666,0.7606056073988443,1.0,leptonic_bookkeeping,train,False,0.50562265163496,unassigned
813959,data,124.83570765056163,125.91670111852694,1,3,3,146.83166389813528,3.329770563201687,30.70819111482666,0.7606056073988443,1.0,leptonic_bookkeeping,test,False,0.50562265163496,unassigned
952112,data,124.83570765056163,125.91670111852694,1,3,3,146.83166389813528,3.329770563201687,30.70819111482666,0.7606056073988443,1.0,leptonic_bookkeeping,train,False,0.50562265163496,unassigned
262333,data,124.83570765056163,125.91670111852694,1,3,3,146.83166389813528,3.329770563201687,30.70819111482666,0.7606056073988443,1.0,leptonic_bookkeeping,train,False,0.50562265163496,unassigned
22535,data,124.83570765056163,125.91670111852694,1,3,3,146.83166389813528,3.329770563201687,30.70819111482666,0.7606056073988443,1.0,leptonic_bookkeeping,train,False,0.50562265163496,unassigned
531910,data,124.83570765056163,125.91670111852694,1,3,3,146.83166389813528,3.329770563201687,30.70819111482666,0.7606056073988443,1.0,leptonic_bookkeeping,train,False,0.50562265163496,unassigned
427175,data,124.83570765056163,125.91670111852694,1,3,3,146.83166389813528,3.329770563201687,30.70819111482666,0.7606056073988443,1.0,leptonic_bookkeeping,train,False,0.50562265163496,unassigned
516797,data,124.83570765056163,125.91670111852694,1,3,3,146.83166389813528,3.329770563201687,30.70819111482666,0.7606056073988443,1.0,leptonic_bookkeeping,train,False,0.50562265163496,unassigned
683827,data,124.83570765056163,125.91670111852694,1,3,3,146.83166389813528,3.329770563201687,30.70819111482666,0.7606056073988443,1.0,leptonic_bookkeeping,train,False,0.50562265163496,unassigned
768221,data,124.83570765056163,125.91670111852694,1,3,3,146.83166389813528,3.329770563201687,30.70819111482666,0.7606056073988443,1.0,leptonic_bookkeeping,train,False,0.50562265163496,unassigned
904057,data,124.83570765056163,125.91670111852694,1,3,3,146.83166389813528,3.329770563201687,30.70819111482666,0.7606056073988443,1.0,leptonic_bookkeeping,validation,False,0.50562265163496,unassigned
591342,data,124.83570765056163,125.91670111852694,1,3,3,146.83166389813528,3.329770563201687,30.70819111482666,0.7606056073988443,1.0,leptonic_bookkeeping,train,False,0.50562265163496,unassigned
37788,data,124.83570765056163,125.91670111852694,1,3,3,146.83166389813528,3.329770563201687,30.70819111482666,0.7606056073988443,1.0,leptonic_bookkeeping,validation,False,0.50562265163496,unassigned
715121,data,124.83570765056163,125.91670111852694,1,3,3,146.83166389813528,3.329770563201687,30.70819111482666,0.7606056073988443,1.0,leptonic_bookkeeping,train,False,0.50562265163496,unassigned
866564,data,124.83570765056163,125.91670111852694,1,3,3,146.83166389813528,3.329770563201687,30.70819111482666,0.7606056073988443,1.0,leptonic_bookkeeping,train,False,0.50562265163496,unassigned
161048,data,124.83570765056163,125.91670111852694,1,3,3,146.83166389813528,3.329770563201687,30.70819111482666,0.7606056073988443,1.0,leptonic_bookkeeping,validation,False,0.50562265163496,unassigned
680041,data,124.83570765056163,125.91670111852694,1,3,3,146.83166389813528,3.329770563201687,30.70819111482666,0.7606056073988443,1.0,leptonic_bookkeeping,test,False,0.50562265163496,unassigned
192487,data,124.83570765056163,125.91670111852694,1,3,3,146.83166389813528,3.329770563201687,30.70819111482666,0.7606056073988443,1.0,leptonic_bookkeeping,validation,False,0.50562265163496,unassigned
865527,data,124.83570765056163,125.91670111852694,1,3,3,146.83166389813528,3.329770563201687,30.70819111482666,0.7606056073988443,1.0,leptonic_bookkeeping,test,False,0.50562265163496,unassigned
333229,data,124.83570765056163,125.91670111852694,1,3,3,146.83166389813528,3.329770563201687,30.70819111482666,0.7606056073988443,1.0,leptonic_bookkeeping,train,False,0.50562265163496,unassigned
848747,data,124.83570765056163,125.91670111852694,1,3,3,146.83166389813528,3.329770563201687,30.70819111482666,0.7606056073988443,1.0,leptonic_bookkeeping,train,False,0.50562265163496,unassigned
856886,data,124.83570765056163,125.91670111852694,1,3,3,146.83166389813528,3.329770563201687,30.70819111482666,0.7606056073988443,1.0,leptonic_bookkeeping,train,False,0.50562265163496,unassigned
589933,data,124.83570765056163,125.91670111852694,1,3,3,146.83166389813528,3.329770563201687,30.70819111482666,0.7606056073988443,1.0,leptonic_bookkeeping,train,False,0.50562265163496,unassigned
949401,data,124.83570765056163,125.91670111852694,1,3,3,146.83166389813528,3.329770563201687,30.70819111482666,0.7606056073988443,1.0,leptonic_bookkeeping,train,False,0.50562265163496,unassigned
290735,data,124.83570765056163,125.91670111852694,1,3,3,146.83166389813528,3.329770563201687,30.70819111482666,0.7606056073988443,1.0,leptonic_bookkeeping,train,False,0.50562265163496,unassigned
993794,data,124.83570765056163,125.91670111852694,1,3,3,146.83166389813528,3.329770563201687,30.70819111482666,0.7606056073988443,1.0,leptonic_bookkeeping,train,False,0.50562265163496,unassigned
242608,data,124.83570765056163,125.91670111852694,1,3,3,146.83166389813528,3.329770563201687,30.70819111482666,0.7606056073988443,1.0,leptonic_bookkeeping,train,False,0.50562265163496,unassigned
753245,data,124.83570765056163,125.91670111852694,1,3,3,146.83166389813528,3.329770563201687,30.70819111482666,0.7606056073988443,1.0,leptonic_bookkeeping,train,False,0.50562265163496,unassigned
616932,data,124.83570765056163,125.91670111852694,1,3,3,146.83166389813528,3.329770563201687,30.70819111482666,0.7606056073988443,1.0,leptonic_bookkeeping,test,False,0.50562265163496,unassigned
156753,data,124.83570765056163,125.91670111852694,1,3,3,146.83166389813528,3.329770563201687,30.70819111482666,0.7606056073988443,1.0,leptonic_bookkeeping,train,False,0.50562265163496,unassigned
463020,data,124.83570765056163,125.91670111852694,1,3,3,146.83166389813528,3.329770563201687,30.70819111482666,0.7606056073988443,1.0,leptonic_bookkeeping,test,False,0.50562265163496,unassigned
242619,data,124.83570765056163,125.91670111852694,1,3,3,146.83166389813528,3.329770563201687,30.70819111482666,0.7606056073988443,1.0,leptonic_bookkeeping,train,False,0.50562265163496,unassigned
810141,data,124.83570765056163,125.91670111852694,1,3,3,146.83166389813528,3.329770563201687,30.70819111482666,0.7606056073988443,1.0,leptonic_bookkeeping,train,False,0.50562265163496,unassigned
401552,data,124.83570765056163,125.91670111852694,1,3,3,146.83166389813528,3.329770563201687,30.70819111482666,0.7606056073988443,1.0,leptonic_bookkeeping,test,False,0.50562265163496,unassigned
96816,data,124.83570765056163,125.91670111852694,1,3,3,146.83166389813528,3.329770563201687,30.70819111482666,0.7606056073988443,1.0,leptonic_bookkeeping,train,False,0.50562265163496,unassigned
260277,data,124.83570765056163,125.91670111852694,1,3,3,146.83166389813528,3.329770563201687,30.70819111482666,0.7606056073988443,1.0,leptonic_bookkeeping,train,False,0.50562265163496,unassigned
576321,data,124.83570765056163,125.91670111852694,1,3,3,146.83166389813528,3.329770563201687,30.70819111482666,0.7606056073988443,1.0,leptonic_bookkeeping,test,False,0.50562265163496,unassigned
740451,data,124.83570765056163,125.91670111852694,1,3,3,146.83166389813528,3.329770563201687,30.70819111482666,0.7606056073988443,1.0,leptonic_bookkeeping,test,False,0.50562265163496,unassigned
452420,data,124.83570765056163,125.91670111852694,1,3,3,146.83166389813528,3.329770563201687,30.70819111482666,0.7606056073988443,1.0,leptonic_bookkeeping,test,False,0.50562265163496,unassigned
131512,data,124.83570765056163,125.91670111852694,1,3,3,146.83166389813528,3.329770563201687,30.70819111482666,0.7606056073988443,1.0,leptonic_bookkeeping,validation,False,0.50562265163496,unassigned
818877,data,124.83570765056163,125.91670111852694,1,3,3,146.83166389813528,3.329770563201687,30.70819111482666,0.7606056073988443,1.0,leptonic_bookkeeping,train,False,0.50562265163496,unassigned
50111,data,124.83570765056163,125.91670111852694,1,3,3,146.83166389813528,3.329770563201687,30.70819111482666,0.7606056073988443,1.0,leptonic_bookkeeping,test,False,0.50562265163496,unassigned
886206,data,124.83570765056163,125.91670111852694,1,3,3,146.83166389813528,3.329770563201687,30.70819111482666,0.7606056073988443,1.0,leptonic_bookkeeping,test,False,0.50562265163496,unassigned
866840,data,124.83570765056163,125.91670111852694,1,3,3,146.83166389813528,3.329770563201687,30.70819111482666,0.7606056073988443,1.0,leptonic_bookkeeping,train,False,0.50562265163496,unassigned
469538,data,124.83570765056163,125.91670111852694,1,3,3,146.83166389813528,3.329770563201687,30.70819111482666,0.7606056073988443,1.0,leptonic_bookkeeping,train,False,0.50562265163496,unassigned
291439,data,124.83570765056163,125.91670111852694,1,3,3,146.83166389813528,3.329770563201687,30.70819111482666,0.7606056073988443,1.0,leptonic_bookkeeping,train,False,0.50562265163496,unassigned
489928,data,124.83570765056163,125.91670111852694,1,3,3,146.83166389813528,3.329770563201687,30.70819111482666,0.7606056073988443,1.0,leptonic_bookkeeping,train,False,0.50562265163496,unassigned
695575,data,124.83570765056163,125.91670111852694,1,3,3,146.83166389813528,3.329770563201687,30.70819111482666,0.7606056073988443,1.0,leptonic_bookkeeping,train,False,0.50562265163496,unassigned
424469,data,124.83570765056163,125.91670111852694,1,3,3,146.83166389813528,3.329770563201687,30.70819111482666,0.7606056073988443,1.0,leptonic_bookkeeping,train,False,0.50562265163496,unassigned
812279,data,124.83570765056163,125.91670111852694,1,3,3,146.83166389813528,3.329770563201687,30.70819111482666,0.7606056073988443,1.0,leptonic_bookkeeping,validation,False,0.50562265163496,unassigned
769338,data,124.83570765056163,125.91670111852694,1,3,3,146.83166389813528,3.329770563201687,30.70819111482666,0.7606056073988443,1.0,leptonic_bookkeeping,validation,False,0.50562265163496,unassigned
184992,data,124.83570765056163,125.91670111852694,1,3,3,146.83166389813528,3.329770563201687,30.70819111482666,0.7606056073988443,1.0,leptonic_bookkeeping,test,False,0.50562265163496,unassigned
507902,data,124.83570765056163,125.91670111852694,1,3,3,146.83166389813528,3.329770563201687,30.70819111482666,0.7606056073988443,1.0,leptonic_bookkeeping,train,False,0.50562265163496,unassigned
441755,data,124.83570765056163,125.91670111852694,1,3,3,146.83166389813528,3.329770563201687,30.70819111482666,0.7606056073988443,1.0,leptonic_bookkeeping,test,False,0.50562265163496,unassigned
540179,data,124.83570765056163,125.91670111852694,1,3,3,146.83166389813528,3.329770563201687,30.70819111482666,0.7606056073988443,1.0,leptonic_bookkeeping,train,False,0.50562265163496,unassigned
734234,data,124.83570765056163,125.91670111852694,1,3,3,146.83166389813528,3.329770563201687,30.70819111482666,0.7606056073988443,1.0,leptonic_bookkeeping,train,False,0.50562265163496,unassigned
46604,data,124.83570765056163,125.91670111852694,1,3,3,146.83166389813528,3.329770563201687,30.70819111482666,0.7606056073988443,1.0,leptonic_bookkeeping,train,False,0.50562265163496,unassigned
319210,data,124.83570765056163,125.91670111852694,1,3,3,146.83166389813528,3.329770563201687,30.70819111482666,0.7606056073988443,1.0,leptonic_bookkeeping,test,False,0.50562265163496,unassigned
239274,data,124.83570765056163,125.91670111852694,1,3,3,146.83166389813528,3.329770563201687,30.70819111482666,0.7606056073988443,1.0,leptonic_bookkeeping,train,False,0.50562265163496,unassigned
320624,data,124.83570765056163,125.91670111852694,1,3,3,146.83166389813528,3.329770563201687,30.70819111482666,0.7606056073988443,1.0,leptonic_bookkeeping,train,False,0.50562265163496,unassigned
119020,data,124.83570765056163,125.91670111852694,1,3,3,146.83166389813528,3.329770563201687,30.70819111482666,0.7606056073988443,1.0,leptonic_bookkeeping,train,False,0.50562265163496,unassigned
214893,data,124.83570765056163,125.91670111852694,1,3,3,146.83166389813528,3.329770563201687,30.70819111482666,0.7606056073988443,1.0,leptonic_bookkeeping,test,False,0.50562265163496,unassigned
623748,data,124.83570765056163,125.91670111852694,1,3,3,146.83166389813528,3.329770563201687,30.70819111482666,0.7606056073988443,1.0,leptonic_bookkeeping,train,False,0.50562265163496,unassigned
372948,data,124.83570765056163,125.91670111852694,1,3,3,146.83166389813528,3.329770563201687,30.70819111482666,0.7606056073988443,1.0,leptonic_bookkeeping,train,False,0.50562265163496,unassigned
270379,data,124.83570765056163,125.91670111852694,1,3,3,146.83166389813528,3.329770563201687,30.70819111482666,0.7606056073988443,1.0,leptonic_bookkeeping,train,False,0.50562265163496,unassigned
988800,data,124.83570765056163,125.91670111852694,1,3,3,146.83166389813528,3.329770563201687,30.70819111482666,0.7606056073988443,1.0,leptonic_bookkeeping,test,False,0.50562265163496,unassigned
413539,data,124.83570765056163,125.91670111852694,1,3,3,146.83166389813528,3.329770563201687,30.70819111482666,0.7606056073988443,1.0,leptonic_bookkeeping,train,False,0.50562265163496,unassigned
171391,data,124.83570765056163,125.91670111852694,1,3,3,146.83166389813528,3.329770563201687,30.70819111482666,0.7606056073988443,1.0,leptonic_bookkeeping,validation,False,0.50562265163496,unassigned
403338,data,124.83570765056163,125.91670111852694,1,3,3,146.83166389813528,3.329770563201687,30.70819111482666,0.7606056073988443,1.0,leptonic_bookkeeping,train,False,0.50562265163496,unassigned
312105,data,124.83570765056163,125.91670111852694,1,3,3,146.83166389813528,3.329770563201687,30.70819111482666,0.7606056073988443,1.0,leptonic_bookkeeping,train,False,0.50562265163496,unassigned
613095,data,124.83570765056163,125.91670111852694,1,3,3,146.83166389813528,3.329770563201687,30.70819111482666,0.7606056073988443,1.0,leptonic_bookkeeping,train,False,0.50562265163496,unassigned
73107,data,124.83570765056163,125.91670111852694,1,3,3,146.83166389813528,3.329770563201687,30.70819111482666,0.7606056073988443,1.0,leptonic_bookkeeping,train,False,0.50562265163496,unassigned
960544,data,124.83570765056163,125.91670111852694,1,3,3,146.83166389813528,3.329770563201687,30.70819111482666,0.7606056073988443,1.0,leptonic_bookkeeping,train,False,0.50562265163496,unassigned
672154,data,124.83570765056163,125.91670111852694,1,3,3,146.83166389813528,3.329770563201687,30.70819111482666,0.7606056073988443,1.0,leptonic_bookkeeping,train,False,0.50562265163496,unassigned
117116,data,124.83570765056163,125.91670111852694,1,3,3,146.83166389813528,3.329770563201687,30.70819111482666,0.7606056073988443,1.0,leptonic_bookkeeping,train,False,0.50562265163496,unassigned
252439,data,124.83570765056163,125.91670111852694,1,3,3,146.83166389813528,3.329770563201687,30.70819111482666,0.7606056073988443,1.0,leptonic_bookkeeping,train,False,0.50562265163496,unassigned
456863,data,124.83570765056163,125.91670111852694,1,3,3,146.83166389813528,3.329770563201687,30.70819111482666,0.7606056073988443,1.0,leptonic_bookkeeping,train,False,0.50562265163496,unassigned
854793,data,124.83570765056163,125.91670111852694,1,3,3,146.83166389813528,3.329770563201687,30.70819111482666,0.7606056073988443,1.0,leptonic_bookkeeping,test,False,0.50562265163496,unassigned
835005,data,124.83570765056163,125.91670111852694,1,3,3,146.83166389813528,3.329770563201687,30.70819111482666,0.7606056073988443,1.0,leptonic_bookkeeping,test,False,0.50562265163496,unassigned
63615,data,124.83570765056163,125.91670111852694,1,3,3,146.83166389813528,3.329770563201687,30.70819111482666,0.7606056073988443,1.0,leptonic_bookkeeping,train,False,0.50562265163496,unassigned
978303,data,124.83570765056163,125.91670111852694,1,3,3,146.83166389813528,3.329770563201687,30.70819111482666,0.7606056073988443,1.0,leptonic_bookkeeping,test,False,0.50562265163496,unassigned
138584,data,124.83570765056163,125.91670111852694,1,3,3,146.83166389813528,3.329770563201687,30.70819111482666,0.7606056073988443,1.0,leptonic_bookkeeping,train,False,0.50562265163496,unassigned
533203,data,124.83570765056163,125.91670111852694,1,3,3,146.83166389813528,3.329770563201687,30.70819111482666,0.7606056073988443,1.0,leptonic_bookkeeping,validation,False,0.50562265163496,unassigned
471947,data,124.83570765056163,125.91670111852694,1,3,3,146.83166389813528,3.329770563201687,30.70819111482666,0.7606056073988443,1.0,leptonic_bookkeeping,validation,False,0.50562265163496,unassigned
723322,data,124.83570765056163,125.91670111852694,1,3,3,146.83166389813528,3.329770563201687,30.70819111482666,0.7606056073988443,1.0,leptonic_bookkeeping,train,False,0.50562265163496,unassigned
500106,data,124.83570765056163,125.91670111852694,1,3,3,146.83166389813528,3.329770563201687,30.70819111482666,0.7606056073988443,1.0,leptonic_bookkeeping,train,False,0.50562265163496,unassigned
749535,data,124.83570765056163,125.91670111852694,1,3,3,146.83166389813528,3.329770563201687,30.70819111482666,0.7606056073988443,1.0,leptonic_bookkeeping,validation,False,0.50562265163496,unassigned
961972,data,124.83570765056163,125.91670111852694,1,3,3,146.83166389813528,3.329770563201687,30.70819111482666,0.7606056073988443,1.0,leptonic_bookkeeping,train,False,0.50562265163496,unassigned
830355,data,124.83570765056163,125.91670111852694,1,3,3,146.83166389813528,3.329770563201687,30.70819111482666,0.7606056073988443,1.0,leptonic_bookkeeping,train,False,0.50562265163496,unassigned
290956,data,124.83570765056163,125.91670111852694,1,3,3,146.83166389813528,3.329770563201687,30.70819111482666,0.7606056073988443,1.0,leptonic_bookkeeping,train,False,0.50562265163496,unassigned
294193,data,124.83570765056163,125.91670111852694,1,3,3,146.83166389813528,3.329770563201687,30.70819111482666,0.7606056073988443,1.0,leptonic_bookkeeping,train,False,0.50562265163496,unassigned
322608,data,124.83570765056163,125.91670111852694,1,3,3,146.83166389813528,3.329770563201687,30.70819111482666,0.7606056073988443,1.0,leptonic_bookkeeping,train,False,0.50562265163496,unassigned
724494,data,124.83570765056163,125.91670111852694,1,3,3,146.83166389813528,3.329770563201687,30.70819111482666,0.7606056073988443,1.0,leptonic_bookkeeping,train,False,0.50562265163496,unassigned
104508,data,124.83570765056163,125.91670111852694,1,3,3,146.83166389813528,3.329770563201687,30.70819111482666,0.7606056073988443,1.0,leptonic_bookkeeping,train,False,0.50562265163496,unassigned
873203,data,124.83570765056163,125.91670111852694,1,3,3,146.83166389813528,3.329770563201687,30.70819111482666,0.7606056073988443,1.0,leptonic_bookkeeping,validation,False,0.50562265163496,unassigned
173972,data,124.83570765056163,125.91670111852694,1,3,3,146.83166389813528,3.329770563201687,30.70819111482666,0.7606056073988443,1.0,leptonic_bookkeeping,test,False,0.50562265163496,unassigned
392676,data,124.83570765056163,125.91670111852694,1,3,3,146.83166389813528,3.329770563201687,30.70819111482666,0.7606056073988443,1.0,leptonic_bookkeeping,train,False,0.50562265163496,unassigned
261882,data,124.83570765056163,125.91670111852694,1,3,3,146.83166389813528,3.329770563201687,30.70819111482666,0.7606056073988443,1.0,leptonic_bookkeeping,train,False,0.50562265163496,unassigned
446763,data,124.83570765056163,125.91670111852694,1,3,3,146.83166389813528,3.329770563201687,30.70819111482666,0.7606056073988443,1.0,leptonic_bookkeeping,train,False,0.50562265163496,unassigned
356305,data,124.83570765056163,125.91670111852694,1,3,3,146.83166389813528,3.329770563201687,30.70819111482666,0.7606056073988443,1.0,leptonic_bookkeeping,train,False,0.50562265163496,unassigned
760185,data,124.83570765056163,125.91670111852694,1,3,3,146.83166389813528,3.329770563201687,30.70819111482666,0.7606056073988443,1.0,leptonic_bookkeeping,validation,False,0.50562265163496,unassigned
753352,data,124.83570765056163,125.91670111852694,1,3,3,146.83166389813528,3.329770563201687,30.70819111482666,0.7606056073988443,1.0,leptonic_bookkeeping,train,False,0.50562265163496,unassigned
860780,data,124.83570765056163,125.91670111852694,1,3,3,146.83166389813528,3.329770563201687,30.70819111482666,0.7606056073988443,1.0,leptonic_bookkeeping,train,False,0.50562265163496,unassigned
350087,data,124.83570765056163,125.91670111852694,1,3,3,146.83166389813528,3.329770563201687,30.70819111482666,0.7606056073988443,1.0,leptonic_bookkeeping,test,False,0.50562265163496,unassigned
536897,data,124.83570765056163,125.91670111852694,1,3,3,146.83166389813528,3.329770563201687,30.70819111482666,0.7606056073988443,1.0,leptonic_bookkeeping,train,False,0.50562265163496,unassigned
946025,data,124.83570765056163,125.91670111852694,1,3,3,146.83166389813528,3.329770563201687,30.70819111482666,0.7606056073988443,1.0,leptonic_bookkeeping,validation,False,0.50562265163496,unassigned
607588,data,124.83570765056163,125.91670111852694,1,3,3,146.83166389813528,3.329770563201687,30.70819111482666,0.7606056073988443,1.0,leptonic_bookkeeping,test,False,0.50562265163496,unassigned
635513,data,124.83570765056163,125.91670111852694,1,3,3,146.83166389813528,3.329770563201687,30.70819111482666,0.7606056073988443,1.0,leptonic_bookkeeping,validation,False,0.50562265163496,unassigned
519582,data,124.83570765056163,125.91670111852694,1,3,3,146.83166389813528,3.329770563201687,30.70819111482666,0.7606056073988443,1.0,leptonic_bookkeeping,train,False,0.50562265163496,unassigned
996118,data,124.83570765056163,125.91670111852694,1,3,3,146.83166389813528,3.329770563201687,30.70819111482666,0.7606056073988443,1.0,leptonic_bookkeeping,validation,False,0.50562265163496,unassigned
958371,data,124.83570765056163,125.91670111852694,1,3,3,146.83166389813528,3.329770563201687,30.70819111482666,0.7606056073988443,1.0,leptonic_bookkeeping,test,False,0.50562265163496,unassigned
157303,data,124.83570765056163,125.91670111852694,1,3,3,146.83166389813528,3.329770563201687,30.70819111482666,0.7606056073988443,1.0,leptonic_bookkeeping,train,False,0.50562265163496,unassigned
813713,data,124.83570765056163,125.91670111852694,1,3,3,146.83166389813528,3.329770563201687,30.70819111482666,0.7606056073988443,1.0,leptonic_bookkeeping,test,False,0.50562265163496,unassigned
975899,data,124.83570765056163,125.91670111852694,1,3,3,146.83166389813528,3.329770563201687,30.70819111482666,0.7606056073988443,1.0,leptonic_bookkeeping,validation,False,0.50562265163496,unassigned
456992,data,124.83570765056163,125.91670111852694,1,3,3,146.83166389813528,3.329770563201687,30.70819111482666,0.7606056073988443,1.0,leptonic_bookkeeping,train,False,0.50562265163496,unassigned
352737,data,124.83570765056163,125.91670111852694,1,3,3,146.83166389813528,3.329770563201687,30.70819111482666,0.7606056073988443,1.0,leptonic_bookkeeping,train,False,0.50562265163496,unassigned
558152,data,124.83570765056163,125.91670111852694,1,3,3,146.83166389813528,3.329770563201687,30.70819111482666,0.7606056073988443,1.0,leptonic_bookkeeping,train,False,0.50562265163496,unassigned
606625,data,124.83570765056163,125.91670111852694,1,3,3,146.83166389813528,3.329770563201687,30.70819111482666,0.7606056073988443,1.0,leptonic_bookkeeping,test,False,0.50562265163496,unassigned
738126,data,124.83570765056163,125.91670111852694,1,3,3,146.83166389813528,3.329770563201687,30.70819111482666,0.7606056073988443,1.0,leptonic_bookkeeping,train,False,0.50562265163496,unassigned
150153,data,124.83570765056163,125.91670111852694,1,3,3,146.83166389813528,3.329770563201687,30.70819111482666,0.7606056073988443,1.0,leptonic_bookkeeping,train,False,0.50562265163496,unassigned
219637,data,124.83570765056163,125.91670111852694,1,3,3,146.83166389813528,3.329770563201687,30.70819111482666,0.7606056073988443,1.0,leptonic_bookkeeping,train,False,0.50562265163496,unassigned
449302,data,124.83570765056163,125.91670111852694,1,3,3,146.83166389813528,3.329770563201687,30.70819111482666,0.7606056073988443,1.0,leptonic_bookkeeping,train,False,0.50562265163496,unassigned
390214,data,124.83570765056163,125.91670111852694,1,3,3,146.83166389813528,3.329770563201687,30.70819111482666,0.7606056073988443,1.0,leptonic_bookkeeping,test,False,0.50562265163496,unassigned
750541,data,124.83570765056163,125.91670111852694,1,3,3,146.83166389813528,3.329770563201687,30.70819111482666,0.7606056073988443,1.0,leptonic_bookkeeping,test,False,0.50562265163496,unassigned
497502,data,124.83570765056163,125.91670111852694,1,3,3,146.83166389813528,3.329770563201687,30.70819111482666,0.7606056073988443,1.0,leptonic_bookkeeping,train,False,0.50562265163496,unassigned
900285,data,124.83570765056163,125.91670111852694,1,3,3,146.83166389813528,3.329770563201687,30.70819111482666,0.7606056073988443,1.0,leptonic_bookkeeping,train,False,0.50562265163496,unassigned
250212,data,124.83570765056163,125.91670111852694,1,3,3,146.83166389813528,3.329770563201687,30.70819111482666,0.7606056073988443,1.0,leptonic_bookkeeping,train,False,0.50562265163496,unassigned
86493,data,124.83570765056163,125.91670111852694,1,3,3,146.83166389813528,3.329770563201687,30.70819111482666,0.7606056073988443,1.0,leptonic_bookkeeping,train,False,0.50562265163496,unassigned
662629,data,124.83570765056163,125.91670111852694,1,3,3,146.83166389813528,3.329770563201687,30.70819111482666,0.7606056073988443,1.0,leptonic_bookkeeping,train,False,0.50562265163496,unassigned
302259,data,124.83570765056163,125.91670111852694,1,3,3,146.83166389813528,3.329770563201687,30.70819111482666,0.7606056073988443,1.0,leptonic_bookkeeping,train,False,0.50562265163496,unassigned
932880,data,124.83570765056163,125.91670111852694,1,3,3,146.83166389813528,3.329770563201687,30.70819111482666,0.7606056073988443,1.0,leptonic_bookkeeping,train,False,0.50562265163496,unassigned
920484,data,124.83570765056163,125.91670111852694,1,3,3,146.83166389813528,3.329770563201687,30.70819111482666,0.7606056073988443,1.0,leptonic_bookkeeping,train,False,0.50562265163496,unassigned
186935,data,124.83570765056163,125.91670111852694,1,3,3,146.83166389813528,3.329770563201687,30.70819111482666,0.7606056073988443,1.0,leptonic_bookkeeping,train,False,0.50562265163496,unassigned
716380,data,124.83570765056163,125.91670111852694,1,3,3,146.83166389813528,3.329770563201687,30.70819111482666,0.7606056073988443,1.0,leptonic_bookkeeping,train,False,0.50562265163496,unassigned
371303,data,124.83570765056163,125.91670111852694,1,3,3,146.83166389813528,3.329770563201687,30.70819111482666,0.7606056073988443,1.0,leptonic_bookkeeping,train,False,0.50562265163496,unassigned
679769,data,124.83570765056163,125.91670111852694,1,3,3,146.83166389813528,3.329770563201687,30.70819111482666,0.7606056073988443,1.0,leptonic_bookkeeping,test,False,0.50562265163496,unassigned
837281,data,124.83570765056163,125.91670111852694,1,3,3,146.83166389813528,3.329770563201687,30.70819111482666,0.7606056073988443,1.0,leptonic_bookkeeping,train,False,0.50562265163496,unassigned
121149,data,124.83570765056163,125.91670111852694,1,3,3,146.83166389813528,3.329770563201687,30.70819111482666,0.7606056073988443,1.0,leptonic_bookkeeping,validation,False,0.50562265163496,unassigned
496700,data,124.83570765056163,125.91670111852694,1,3,3,146.83166389813528,3.329770563201687,30.70819111482666,0.7606056073988443,1.0,leptonic_bookkeeping,train,False,0.50562265163496,unassigned
525171,data,124.83570765056163,125.91670111852694,1,3,3,146.83166389813528,3.329770563201687,30.70819111482666,0.7606056073988443,1.0,leptonic_bookkeeping,test,False,0.50562265163496,unassigned
272639,data,124.83570765056163,125.91670111852694,1,3,3,146.83166389813528,3.329770563201687,30.70819111482666,0.7606056073988443,1.0,leptonic_bookkeeping,train,False,0.50562265163496,unassigned
303346,data,124.83570765056163,125.91670111852694,1,3,3,146.83166389813528,3.329770563201687,30.70819111482666,0.7606056073988443,1.0,leptonic_bookkeeping,train,False,0.50562265163496,unassigned
421539,data,124.83570765056163,125.91670111852694,1,3,3,146.83166389813528,3.329770563201687,30.70819111482666,0.7606056073988443,1.0,leptonic_bookkeeping,test,False,0.50562265163496,unassigned
984926,data,124.83570765056163,125.91670111852694,1,3,3,146.83166389813528,3.329770563201687,30.70819111482666,0.7606056073988443,1.0,leptonic_bookkeeping,train,False,0.50562265163496,unassigned
181474,data,124.83570765056163,125.91670111852694,1,3,3,146.83166389813528,3.329770563201687,30.70819111482666,0.7606056073988443,1.0,leptonic_bookkeeping,validation,False,0.50562265163496,unassigned
276254,data,124.83570765056163,125.91670111852694,1,3,3,146.83166389813528,3.329770563201687,30.70819111482666,0.7606056073988443,1.0,leptonic_bookkeeping,validation,False,0.50562265163496,unassigned
922149,data,124.83570765056163,125.91670111852694,1,3,3,146.83166389813528,3.329770563201687,30.70819111482666,0.7606056073988443,1.0,leptonic_bookkeeping,train,False,0.50562265163496,unassigned
938242,data,124.83570765056163,125.91670111852694,1,3,3,146.83166389813528,3.329770563201687,30.70819111482666,0.7606056073988443,1.0,leptonic_bookkeeping,train,False,0.50562265163496,unassigned
835867,data,124.83570765056163,125.91670111852694,1,3,3,146.83166389813528,3.329770563201687,30.70819111482666,0.7606056073988443,1.0,leptonic_bookkeeping,train,False,0.50562265163496,unassigned
413753,data,124.83570765056163,125.91670111852694,1,3,3,146.83166389813528,3.329770563201687,30.70819111482666,0.7606056073988443,1.0,leptonic_bookkeeping,train,False,0.50562265163496,unassigned
683635,data,124.83570765056163,125.91670111852694,1,3,3,146.83166389813528,3.329770563201687,30.70819111482666,0.7606056073988443,1.0,leptonic_bookkeeping,train,False,0.50562265163496,unassigned
859880,data,124.83570765056163,125.91670111852694,1,3,3,146.83166389813528,3.329770563201687,30.70819111482666,0.7606056073988443,1.0,leptonic_bookkeeping,train,False,0.50562265163496,unassigned
214347,data,124.83570765056163,125.91670111852694,1,3,3,146.83166389813528,3.329770563201687,30.70819111482666,0.7606056073988443,1.0,leptonic_bookkeeping,validation,False,0.50562265163496,unassigned
523761,data,124.83570765056163,125.91670111852694,1,3,3,146.83166389813528,3.329770563201687,30.70819111482666,0.7606056073988443,1.0,leptonic_bookkeeping,test,False,0.50562265163496,unassigned
799345,data,124.83570765056163,125.91670111852694,1,3,3,146.83166389813528,3.329770563201687,30.70819111482666,0.7606056073988443,1.0,leptonic_bookkeeping,train,False,0.50562265163496,unassigned
970466,data,124.83570765056163,125.91670111852694,1,3,3,146.83166389813528,3.329770563201687,30.70819111482666,0.7606056073988443,1.0,leptonic_bookkeeping,train,False,0.50562265163496,unassigned
708958,data,124.83570765056163,125.91670111852694,1,3,3,146.83166389813528,3.329770563201687,30.70819111482666,0.7606056073988443,1.0,leptonic_bookkeeping,validation,False,0.50562265163496,unassigned
671437,data,124.83570765056163,125.91670111852694,1,3,3,146.83166389813528,3.329770563201687,30.70819111482666,0.7606056073988443,1.0,leptonic_bookkeeping,train,False,0.50562265163496,unassigned
450192,data,124.83570765056163,125.91670111852694,1,3,3,146.83166389813528,3.329770563201687,30.70819111482666,0.7606056073988443,1.0,leptonic_bookkeeping,validation,False,0.50562265163496,unassigned
697903,data,124.83570765056163,125.91670111852694,1,3,3,146.83166389813528,3.329770563201687,30.70819111482666,0.7606056073988443,1.0,leptonic_bookkeeping,validation,False,0.50562265163496,unassigned
312350,data,124.83570765056163,125.91670111852694,1,3,3,146.83166389813528,3.329770563201687,30.70819111482666,0.7606056073988443,1.0,leptonic_bookkeeping,train,False,0.50562265163496,unassigned
156160,data,124.83570765056163,125.91670111852694,1,3,3,146.83166389813528,3.329770563201687,30.70819111482666,0.7606056073988443,1.0,leptonic_bookkeeping,train,False,0.50562265163496,unassigned
698793,data,124.83570765056163,125.91670111852694,1,3,3,146.83166389813528,3.329770563201687,30.70819111482666,0.7606056073988443,1.0,leptonic_bookkeeping,validation,False,0.50562265163496,unassigned
909748,data,124.83570765056163,125.91670111852694,1,3,3,146.83166389813528,3.329770563201687,30.70819111482666,0.7606056073988443,1.0,leptonic_bookkeeping,train,False,0.50562265163496,unassigned
533746,data,124.83570765056163,125.91670111852694,1,3,3,146.83166389813528,3.329770563201687,30.70819111482666,0.7606056073988443,1.0,leptonic_bookkeeping,validation,False,0.50562265163496,unassigned
24699,data,124.83570765056163,125.91670111852694,1,3,3,146.83166389813528,3.329770563201687,30.70819111482666,0.7606056073988443,1.0,leptonic_bookkeeping,train,False,0.50562265163496,unassigned
598892,data,124.83570765056163,125.91670111852694,1,3,3,146.83166389813528,3.329770563201687,30.70819111482666,0.7606056073988443,1.0,leptonic_bookkeeping,train,False,0.50562265163496,unassigned
485337,data,124.83570765056163,125.91670111852694,1,3,3,146.83166389813528,3.329770563201687,30.70819111482666,0.7606056073988443,1.0,leptonic_bookkeeping,train,False,0.50562265163496,unassigned
290730,data,124.83570765056163,125.91670111852694,1,3,3,146.83166389813528,3.329770563201687,30.70819111482666,0.7606056073988443,1.0,leptonic_bookkeeping,train,False,0.50562265163496,unassigned
581196,data,124.83570765056163,125.91670111852694,1,3,3,146.83166389813528,3.329770563201687,30.70819111482666,0.7606056073988443,1.0,leptonic_bookkeeping,train,False,0.50562265163496,unassigned
992804,data,124.83570765056163,125.91670111852694,1,3,3,146.83166389813528,3.329770563201687,30.70819111482666,0.7606056073988443,1.0,leptonic_bookkeeping,train,False,0.50562265163496,unassigned
997547,data,124.83570765056163,125.91670111852694,1,3,3,146.83166389813528,3.329770563201687,30.70819111482666,0.7606056073988443,1.0,leptonic_bookkeeping,validation,False,0.50562265163496,unassigned
370147,data,124.83570765056163,125.91670111852694,1,3,3,146.83166389813528,3.329770563201687,30.70819111482666,0.7606056073988443,1.0,leptonic_bookkeeping,test,False,0.50562265163496,unassigned
580014,data,124.83570765056163,125.91670111852694,1,3,3,146.83166389813528,3.329770563201687,30.70819111482666,0.7606056073988443,1.0,leptonic_bookkeeping,train,False,0.50562265163496,unassigned
727358,data,124.83570765056163,125.91670111852694,1,3,3,146.83166389813528,3.329770563201687,30.70819111482666,0.7606056073988443,1.0,leptonic_bookkeeping,train,False,0.50562265163496,unassigned
946638,data,124.83570765056163,125.91670111852694,1,3,3,146.83166389813528,3.329770563201687,30.70819111482666,0.7606056073988443,1.0,leptonic_bookkeeping,test,False,0.50562265163496,unassigned
719373,data,124.83570765056163,125.91670111852694,1,3,3,146.83166389813528,3.329770563201687,30.70819111482666,0.7606056073988443,1.0,leptonic_bookkeeping,validation,False,0.50562265163496,unassigned
776543,data,124.83570765056163,125.91670111852694,1,3,3,146.83166389813528,3.329770563201687,30.70819111482666,0.7606056073988443,1.0,leptonic_bookkeeping,train,False,0.50562265163496,unassigned
744901,data,124.83570765056163,125.91670111852694,1,3,3,146.83166389813528,3.329770563201687,30.70819111482666,0.7606056073988443,1.0,leptonic_bookkeeping,train,False,0.50562265163496,unassigned
967627,data,124.83570765056163,125.91670111852694,1,3,3,146.83166389813528,3.329770563201687,30.70819111482666,0.7606056073988443,1.0,leptonic_bookkeeping,test,False,0.50562265163496,unassigned
496826,data,124.83570765056163,125.91670111852694,1,3,3,146.83166389813528,3.329770563201687,30.70819111482666,0.7606056073988443,1.0,leptonic_bookkeeping,train,False,0.50562265163496,unassigned
141934,data,124.83570765056163,125.91670111852694,1,3,3,146.83166389813528,3.329770563201687,30.70819111482666,0.7606056073988443,1.0,leptonic_bookkeeping,validation,False,0.50562265163496,unassigned
615061,data,124.83570765056163,125.91670111852694,1,3,3,146.83166389813528,3.329770563201687,30.70819111482666,0.7606056073988443,1.0,leptonic_bookkeeping,validation,False,0.50562265163496,unassigned
293005,data,124.83570765056163,125.91670111852694,1,3,3,146.83166389813528,3.329770563201687,30.70819111482666,0.7606056073988443,1.0,leptonic_bookkeeping,train,False,0.50562265163496,unassigned
465632,data,124.83570765056163,125.91670111852694,1,3,3,146.83166389813528,3.329770563201687,30.70819111482666,0.7606056073988443,1.0,leptonic_bookkeeping,train,False,0.50562265163496,unassigned
718129,data,124.83570765056163,125.91670111852694,1,3,3,146.83166389813528,3.329770563201687,30.70819111482666,0.7606056073988443,1.0,leptonic_bookkeeping,validation,False,0.50562265163496,unassigned
521736,data,124.83570765056163,125.91670111852694,1,3,3,146.83166389813528,3.329770563201687,30.70819111482666,0.7606056073988443,1.0,leptonic_bookkeeping,validation,False,0.50562265163496,unassigned
230060,data,124.83570765056163,125.91670111852694,1,3,3,146.83166389813528,3.329770563201687,30.70819111482666,0.7606056073988443,1.0,leptonic_bookkeeping,train,False,0.50562265163496,unassigned
424589,data,124.83570765056163,125.91670111852694,1,3,3,146.83166389813528,3.329770563201687,30.70819111482666,0.7606056073988443,1.0,leptonic_bookkeeping,train,False,0.50562265163496,unassigned
215000,data,124.83570765056163,125.91670111852694,1,3,3,146.83166389813528,3.329770563201687,30.70819111482666,0.7606056073988443,1.0,leptonic_bookkeeping,test,False,0.50562265163496,unassigned
492204,data,124.83570765056163,125.91670111852694,1,3,3,146.83166389813528,3.329770563201687,30.70819111482666,0.7606056073988443,1.0,leptonic_bookkeeping,validation,False,0.50562265163496,unassigned
842870,data,124.83570765056163,125.91670111852694,1,3,3,146.83166389813528,3.329770563201687,30.70819111482666,0.7606056073988443,1.0,leptonic_bookkeeping,validation,False,0.50562265163496,unassigned
299841,data,124.83570765056163,125.91670111852694,1,3,3,146.83166389813528,3.329770563201687,30.70819111482666,0.7606056073988443,1.0,leptonic_bookkeeping,train,False,0.50562265163496,unassigned
672903,data,124.83570765056163,125.91670111852694,1,3,3,146.83166389813528,3.329770563201687,30.70819111482666,0.7606056073988443,1.0,leptonic_bookkeeping,train,False,0.50562265163496,unassigned
707358,data,124.83570765056163,125.91670111852694,1,3,3,146.83166389813528,3.329770563201687,30.70819111482666,0.7606056073988443,1.0,leptonic_bookkeeping,validation,False,0.50562265163496,unassigned
151502,data,124.83570765056163,125.91670111852694,1,3,3,146.83166389813528,3.329770563201687,30.70819111482666,0.7606056073988443,1.0,leptonic_bookkeeping,validation,False,0.50562265163496,unassigned
102534,data,124.83570765056163,125.91670111852694,1,3,3,146.83166389813528,3.329770563201687,30.70819111482666,0.7606056073988443,1.0,leptonic_bookkeeping,test,False,0.50562265163496,unassigned
879880,data,124.83570765056163,125.91670111852694,1,3,3,146.83166389813528,3.329770563201687,30.70819111482666,0.7606056073988443,1.0,leptonic_bookkeeping,train,False,0.50562265163496,unassigned
472565,data,124.83570765056163,125.91670111852694,1,3,3,146.83166389813528,3.329770563201687,30.70819111482666,0.7606056073988443,1.0,leptonic_bookkeeping,test,False,0.50562265163496,unassigned
320447,data,124.83570765056163,125.91670111852694,1,3,3,146.83166389813528,3.329770563201687,30.70819111482666,0.7606056073988443,1.0,leptonic_bookkeeping,train,False,0.50562265163496,unassigned
701159,data,124.83570765056163,125.91670111852694,1,3,3,146.83166389813528,3.329770563201687,30.70819111482666,0.7606056073988443,1.0,leptonic_bookkeeping,train,False,0.50562265163496,unassigned
910540,data,124.83570765056163,125.91670111852694,1,3,3,146.83166389813528,3.329770563201687,30.70819111482666,0.7606056073988443,1.0,leptonic_bookkeeping,train,False,0.50562265163496,unassigned
17668,data,124.83570765056163,125.91670111852694,1,3,3,146.83166389813528,3.329770563201687,30.70819111482666,0.7606056073988443,1.0,leptonic_bookkeeping,validation,False,0.50562265163496,unassigned
715705,data,124.83570765056163,125.91670111852694,1,3,3,146.83166389813528,3.329770563201687,30.70819111482666,0.7606056073988443,1.0,leptonic_bookkeeping,train,False,0.50562265163496,unassigned
938892,data,124.83570765056163,125.91670111852694,1,3,3,146.83166389813528,3.329770563201687,30.70819111482666,0.7606056073988443,1.0,leptonic_bookkeeping,train,False,0.50562265163496,unassigned
163438,data,124.83570765056163,125.91670111852694,1,3,3,146.83166389813528,3.329770563201687,30.70819111482666,0.7606056073988443,1.0,leptonic_bookkeeping,test,False,0.50562265163496,unassigned
681231,data,124.83570765056163,125.91670111852694,1,3,3,146.83166389813528,3.329770563201687,30.70819111482666,0.7606056073988443,1.0,leptonic_bookkeeping,train,False,0.50562265163496,unassigned
23455,data,124.83570765056163,125.91670111852694,1,3,3,146.83166389813528,3.329770563201687,30.70819111482666,0.7606056073988443,1.0,leptonic_bookkeeping,train,False,0.50562265163496,unassigned
132346,data,124.83570765056163,125.91670111852694,1,3,3,146.83166389813528,3.329770563201687,30.70819111482666,0.7606056073988443,1.0,leptonic_bookkeeping,test,False,0.50562265163496,unassigned
242884,data,124.83570765056163,125.91670111852694,1,3,3,146.83166389813528,3.329770563201687,30.70819111482666,0.7606056073988443,1.0,leptonic_bookkeeping,train,False,0.50562265163496,unassigned
338359,data,124.83570765056163,125.91670111852694,1,3,3,146.83166389813528,3.329770563201687,30.70819111482666,0.7606056073988443,1.0,leptonic_bookkeeping,test,False,0.50562265163496,unassigned
417035,data,124.83570765056163,125.91670111852694,1,3,3,146.83166389813528,3.329770563201687,30.70819111482666,0.7606056073988443,1.0,leptonic_bookkeeping,train,False,0.50562265163496,unassigned
601272,data,124.83570765056163,125.91670111852694,1,3,3,146.83166389813528,3.329770563201687,30.70819111482666,0.7606056073988443,1.0,leptonic_bookkeeping,train,False,0.50562265163496,unassigned
900315,data,124.83570765056163,125.91670111852694,1,3,3,146.83166389813528,3.329770563201687,30.70819111482666,0.7606056073988443,1.0,leptonic_bookkeeping,train,False,0.50562265163496,unassigned
7505,data,124.83570765056163,125.91670111852694,1,3,3,146.83166389813528,3.329770563201687,30.70819111482666,0.7606056073988443,1.0,leptonic_bookkeeping,validation,False,0.50562265163496,unassigned
817086,data,124.83570765056163,125.91670111852694,1,3,3,146.83166389813528,3.329770563201687,30.70819111482666,0.7606056073988443,1.0,leptonic_bookkeeping,train,False,0.50562265163496,unassigned
354026,data,124.83570765056163,125.91670111852694,1,3,3,146.83166389813528,3.329770563201687,30.70819111482666,0.7606056073988443,1.0,leptonic_bookkeeping,train,False,0.50562265163496,unassigned
496261,data,124.83570765056163,125.91670111852694,1,3,3,146.83166389813528,3.329770563201687,30.70819111482666,0.7606056073988443,1.0,leptonic_bookkeeping,train,False,0.50562265163496,unassigned
804593,data,124.83570765056163,125.91670111852694,1,3,3,146.83166389813528,3.329770563201687,30.70819111482666,0.7606056073988443,1.0,leptonic_bookkeeping,train,False,0.50562265163496,unassigned
811401,data,124.83570765056163,125.91670111852694,1,3,3,146.83166389813528,3.329770563201687,30.70819111482666,0.7606056073988443,1.0,leptonic_bookkeeping,validation,False,0.50562265163496,unassigned
956020,data,124.83570765056163,125.91670111852694,1,3,3,146.83166389813528,3.329770563201687,30.70819111482666,0.7606056073988443,1.0,leptonic_bookkeeping,validation,False,0.50562265163496,unassigned
868562,data,124.83570765056163,125.91670111852694,1,3,3,146.83166389813528,3.329770563201687,30.70819111482666,0.7606056073988443,1.0,leptonic_bookkeeping,train,False,0.50562265163496,unassigned
112008,data,124.83570765056163,125.91670111852694,1,3,3,146.83166389813528,3.329770563201687,30.70819111482666,0.7606056073988443,1.0,leptonic_bookkeeping,test,False,0.50562265163496,unassigned
389734,data,124.83570765056163,125.91670111852694,1,3,3,146.83166389813528,3.329770563201687,30.70819111482666,0.7606056073988443,1.0,leptonic_bookkeeping,test,False,0.50562265163496,unassigned
164274,data,124.83570765056163,125.91670111852694,1,3,3,146.83166389813528,3.329770563201687,30.70819111482666,0.7606056073988443,1.0,leptonic_bookkeeping,test,False,0.50562265163496,unassigned
227879,data,124.83570765056163,125.91670111852694,1,3,3,146.83166389813528,3.329770563201687,30.70819111482666,0.7606056073988443,1.0,leptonic_bookkeeping,train,False,0.50562265163496,unassigned
78056,data,124.83570765056163,125.91670111852694,1,3,3,146.83166389813528,3.329770563201687,30.70819111482666,0.7606056073988443,1.0,leptonic_bookkeeping,train,False,0.50562265163496,unassigned
669632,data,124.83570765056163,125.91670111852694,1,3,3,146.83166389813528,3.329770563201687,30.70819111482666,0.7606056073988443,1.0,leptonic_bookkeeping,test,False,0.50562265163496,unassigned
972271,data,124.83570765056163,125.91670111852694,1,3,3,146.83166389813528,3.329770563201687,30.70819111482666,0.7606056073988443,1.0,leptonic_bookkeeping,train,False,0.50562265163496,unassigned
752400,data,124.83570765056163,125.91670111852694,1,3,3,146.83166389813528,3.329770563201687,30.70819111482666,0.7606056073988443,1.0,leptonic_bookkeeping,test,False,0.50562265163496,unassigned
7722,data,124.83570765056163,125.91670111852694,1,3,3,146.83166389813528,3.329770563201687,30.70819111482666,0.7606056073988443,1.0,leptonic_bookkeeping,validation,False,0.50562265163496,unassigned
274402,data,124.83570765056163,125.91670111852694,1,3,3,146.83166389813528,3.329770563201687,30.70819111482666,0.7606056073988443,1.0,leptonic_bookkeeping,validation,False,0.50562265163496,unassigned
295368,data,124.83570765056163,125.91670111852694,1,3,3,146.83166389813528,3.329770563201687,30.70819111482666,0.7606056073988443,1.0,leptonic_bookkeeping,validation,False,0.50562265163496,unassigned
949848,data,124.83570765056163,125.91670111852694,1,3,3,146.83166389813528,3.329770563201687,30.70819111482666,0.7606056073988443,1.0,leptonic_bookkeeping,train,False,0.50562265163496,unassigned
878659,data,124.83570765056163,125.91670111852694,1,3,3,146.83166389813528,3.329770563201687,30.70819111482666,0.7606056073988443,1.0,leptonic_bookkeeping,train,False,0.50562265163496,unassigned
528040,data,124.83570765056163,125.91670111852694,1,3,3,146.83166389813528,3.329770563201687,30.70819111482666,0.7606056073988443,1.0,leptonic_bookkeeping,train,False,0.50562265163496,unassigned
504578,data,124.83570765056163,125.91670111852694,1,3,3,146.83166389813528,3.329770563201687,30.70819111482666,0.7606056073988443,1.0,leptonic_bookkeeping,test,False,0.50562265163496,unassigned
106298,data,124.83570765056163,125.91670111852694,1,3,3,146.83166389813528,3.329770563201687,30.70819111482666,0.7606056073988443,1.0,leptonic_bookkeeping,train,False,0.50562265163496,unassigned
549106,data,124.83570765056163,125.91670111852694,1,3,3,146.83166389813528,3.329770563201687,30.70819111482666,0.7606056073988443,1.0,leptonic_bookkeeping,train,False,0.50562265163496,unassigned
163868,data,124.83570765056163,125.91670111852694,1,3,3,146.83166389813528,3.329770563201687,30.70819111482666,0.7606056073988443,1.0,leptonic_bookkeeping,test,False,0.50562265163496,unassigned
305171,data,124.83570765056163,125.91670111852694,1,3,3,146.83166389813528,3.329770563201687,30.70819111482666,0.7606056073988443,1.0,leptonic_bookkeeping,validation,False,0.50562265163496,unassigned
215316,data,124.83570765056163,125.91670111852694,1,3,3,146.83166389813528,3.329770563201687,30.70819111482666,0.7606056073988443,1.0,leptonic_bookkeeping,test,False,0.50562265163496,unassigned
693300,data,124.83570765056163,125.91670111852694,1,3,3,146.83166389813528,3.329770563201687,30.70819111482666,0.7606056073988443,1.0,leptonic_bookkeeping,train,False,0.50562265163496,unassigned
149526,data,124.83570765056163,125.91670111852694,1,3,3,146.83166389813528,3.329770563201687,30.70819111482666,0.7606056073988443,1.0,leptonic_bookkeeping,train,False,0.50562265163496,unassigned
370774,data,124.83570765056163,125.91670111852694,1,3,3,146.83166389813528,3.329770563201687,30.70819111482666,0.7606056073988443,1.0,leptonic_bookkeeping,test,False,0.50562265163496,unassigned
440033,data,124.83570765056163,125.91670111852694,1,3,3,146.83166389813528,3.329770563201687,30.70819111482666,0.7606056073988443,1.0,leptonic_bookkeeping,validation,False,0.50562265163496,unassigned
734771,data,124.83570765056163,125.91670111852694,1,3,3,146.83166389813528,3.329770563201687,30.70819111482666,0.7606056073988443,1.0,leptonic_bookkeeping,train,False,0.50562265163496,unassigned
257521,data,124.83570765056163,125.91670111852694,1,3,3,146.83166389813528,3.329770563201687,30.70819111482666,0.7606056073988443,1.0,leptonic_bookkeeping,test,False,0.50562265163496,unassigned
831670,data,124.83570765056163,125.91670111852694,1,3,3,146.83166389813528,3.329770563201687,30.70819111482666,0.7606056073988443,1.0,leptonic_bookkeeping,validation,False,0.50562265163496,unassigned
357837,data,124.83570765056163,125.91670111852694,1,3,3,146.83166389813528,3.329770563201687,30.70819111482666,0.7606056073988443,1.0,leptonic_bookkeeping,validation,False,0.50562265163496,unassigned
467389,data,124.83570765056163,125.91670111852694,1,3,3,146.83166389813528,3.329770563201687,30.70819111482666,0.7606056073988443,1.0,leptonic_bookkeeping,train,False,0.50562265163496,unassigned
419259,data,124.83570765056163,125.91670111852694,1,3,3,146.83166389813528,3.329770563201687,30.70819111482666,0.7606056073988443,1.0,leptonic_bookkeeping,validation,False,0.50562265163496,unassigned
469297,data,124.83570765056163,125.91670111852694,1,3,3,146.83166389813528,3.329770563201687,30.70819111482666,0.7606056073988443,1.0,leptonic_bookkeeping,train,False,0.50562265163496,unassigned
751013,data,124.83570765056163,125.91670111852694,1,3,3,146.83166389813528,3.329770563201687,30.70819111482666,0.7606056073988443,1.0,leptonic_bookkeeping,test,False,0.50562265163496,unassigned
172514,data,124.83570765056163,125.91670111852694,1,3,3,146.83166389813528,3.329770563201687,30.70819111482666,0.7606056073988443,1.0,leptonic_bookkeeping,validation,False,0.50562265163496,unassigned
618126,data,124.83570765056163,125.91670111852694,1,3,3,146.83166389813528,3.329770563201687,30.70819111482666,0.7606056073988443,1.0,leptonic_bookkeeping,test,False,0.50562265163496,unassigned
628611,data,124.83570765056163,125.91670111852694,1,3,3,146.83166389813528,3.329770563201687,30.70819111482666,0.7606056073988443,1.0,leptonic_bookkeeping,test,False,0.50562265163496,unassigned
462932,data,124.83570765056163,125.91670111852694,1,3,3,146.83166389813528,3.329770563201687,30.70819111482666,0.7606056073988443,1.0,leptonic_bookkeeping,test,False,0.50562265163496,unassigned
58721,data,124.83570765056163,125.91670111852694,1,3,3,146.83166389813528,3.329770563201687,30.70819111482666,0.7606056073988443,1.0,leptonic_bookkeeping,validation,False,0.50562265163496,unassigned
771273,data,124.83570765056163,125.91670111852694,1,3,3,146.83166389813528,3.329770563201687,30.70819111482666,0.7606056073988443,1.0,leptonic_bookkeeping,test,False,0.50562265163496,unassigned
944235,data,124.83570765056163,125.91670111852694,1,3,3,146.83166389813528,3.329770563201687,30.70819111482666,0.7606056073988443,1.0,leptonic_bookkeeping,train,False,0.50562265163496,unassigned
930992,data,124.83570765056163,125.91670111852694,1,3,3,146.83166389813528,3.329770563201687,30.70819111482666,0.7606056073988443,1.0,leptonic_bookkeeping,train,False,0.50562265163496,unassigned
874464,data,124.83570765056163,125.91670111852694,1,3,3,146.83166389813528,3.329770563201687,30.70819111482666,0.7606056073988443,1.0,leptonic_bookkeeping,test,False,0.50562265163496,unassigned
872006,data,124.83570765056163,125.91670111852694,1,3,3,146.83166389813528,3.329770563201687,30.70819111482666,0.7606056073988443,1.0,leptonic_bookkeeping,train,False,0.50562265163496,unassigned
274018,data,124.83570765056163,125.91670111852694,1,3,3,146.83166389813528,3.329770563201687,30.70819111482666,0.7606056073988443,1.0,leptonic_bookkeeping,train,False,0.50562265163496,unassigned
772786,data,124.83570765056163,125.91670111852694,1,3,3,146.83166389813528,3.329770563201687,30.70819111482666,0.7606056073988443,1.0,leptonic_bookkeeping,test,False,0.50562265163496,unassigned
34625,data,124.83570765056163,125.91670111852694,1,3,3,146.83166389813528,3.329770563201687,30.70819111482666,0.7606056073988443,1.0,leptonic_bookkeeping,train,False,0.50562265163496,unassigned
492217,data,124.83570765056163,125.91670111852694,1,3,3,146.83166389813528,3.329770563201687,30.70819111482666,0.7606056073988443,1.0,leptonic_bookkeeping,validation,False,0.50562265163496,unassigned
975940,data,124.83570765056163,125.91670111852694,1,3,3,146.83166389813528,3.329770563201687,30.70819111482666,0.7606056073988443,1.0,leptonic_bookkeeping,validation,False,0.50562265163496,unassigned
664240,data,124.83570765056163,125.91670111852694,1,3,3,146.83166389813528,3.329770563201687,30.70819111482666,0.7606056073988443,1.0,leptonic_bookkeeping,train,False,0.50562265163496,unassigned
12599,data,124.83570765056163,125.91670111852694,1,3,3,146.83166389813528,3.329770563201687,30.70819111482666,0.7606056073988443,1.0,leptonic_bookkeeping,train,False,0.50562265163496,unassigned
607306,data,124.83570765056163,125.91670111852694,1,3,3,146.83166389813528,3.329770563201687,30.70819111482666,0.7606056073988443,1.0,leptonic_bookkeeping,test,False,0.50562265163496,unassigned
910288,data,124.83570765056163,125.91670111852694,1,3,3,146.83166389813528,3.329770563201687,30.70819111482666,0.7606056073988443,1.0,leptonic_bookkeeping,train,False,0.50562265163496,unassigned
399679,data,124.83570765056163,125.91670111852694,1,3,3,146.83166389813528,3.329770563201687,30.70819111482666,0.7606056073988443,1.0,leptonic_bookkeeping,validation,False,0.50562265163496,unassigned
394551,data,124.83570765056163,125.91670111852694,1,3,3,146.83166389813528,3.329770563201687,30.70819111482666,0.7606056073988443,1.0,leptonic_bookkeeping,train,False,0.50562265163496,unassigned
85009,data,124.83570765056163,125.91670111852694,1,3,3,146.83166389813528,3.329770563201687,30.70819111482666,0.7606056073988443,1.0,leptonic_bookkeeping,train,False,0.50562265163496,unassigned
10858,data,124.83570765056163,125.91670111852694,1,3,3,146.83166389813528,3.329770563201687,30.70819111482666,0.7606056073988443,1.0,leptonic_bookkeeping,train,False,0.50562265163496,unassigned
179612,data,124.83570765056163,125.91670111852694,1,3,3,146.83166389813528,3.329770563201687,30.70819111482666,0.7606056073988443,1.0,leptonic_bookkeeping,train,False,0.50562265163496,unassigned
890497,data,124.83570765056163,125.91670111852694,1,3,3,146.83166389813528,3.329770563201687,30.70819111482666,0.7606056073988443,1.0,leptonic_bookkeeping,train,False,0.50562265163496,unassigned
64462,data,124.83570765056163,125.91670111852694,1,3,3,146.83166389813528,3.329770563201687,30.70819111482666,0.7606056073988443,1.0,leptonic_bookkeeping,train,False,0.50562265163496,unassigned
700336,data,124.83570765056163,125.91670111852694,1,3,3,146.83166389813528,3.329770563201687,30.70819111482666,0.7606056073988443,1.0,leptonic_bookkeeping,test,False,0.50562265163496,unassigned
730671,data,124.83570765056163,125.91670111852694,1,3,3,146.83166389813528,3.329770563201687,30.70819111482666,0.7606056073988443,1.0,leptonic_bookkeeping,test,False,0.50562265163496,unassigned
629518,data,124.83570765056163,125.91670111852694,1,3,3,146.83166389813528,3.329770563201687,30.70819111482666,0.7606056073988443,1.0,leptonic_bookkeeping,train,False,0.50562265163496,unassigned
254545,data,124.83570765056163,125.91670111852694,1,3,3,146.83166389813528,3.329770563201687,30.70819111482666,0.7606056073988443,1.0,leptonic_bookkeeping,validation,False,0.50562265163496,unassigned
525877,data,124.83570765056163,125.91670111852694,1,3,3,146.83166389813528,3.329770563201687,30.70819111482666,0.7606056073988443,1.0,leptonic_bookkeeping,train,False,0.50562265163496,unassigned
436616,data,124.83570765056163,125.91670111852694,1,3,3,146.83166389813528,3.329770563201687,30.70819111482666,0.7606056073988443,1.0,leptonic_bookkeeping,train,False,0.50562265163496,unassigned
810551,data,124.83570765056163,125.91670111852694,1,3,3,146.83166389813528,3.329770563201687,30.70819111482666,0.7606056073988443,1.0,leptonic_bookkeeping,validation,False,0.50562265163496,unassigned
564351,data,124.83570765056163,125.91670111852694,1,3,3,146.83166389813528,3.329770563201687,30.70819111482666,0.7606056073988443,1.0,leptonic_bookkeeping,validation,False,0.50562265163496,unassigned
90923,data,124.83570765056163,125.91670111852694,1,3,3,146.83166389813528,3.329770563201687,30.70819111482666,0.7606056073988443,1.0,leptonic_bookkeeping,test,False,0.50562265163496,unassigned
943065,data,124.83570765056163,125.91670111852694,1,3,3,146.83166389813528,3.329770563201687,30.70819111482666,0.7606056073988443,1.0,leptonic_bookkeeping,train,False,0.50562265163496,unassigned
938987,data,124.83570765056163,125.91670111852694,1,3,3,146.83166389813528,3.329770563201687,30.70819111482666,0.7606056073988443,1.0,leptonic_bookkeeping,train,False,0.50562265163496,unassigned
438535,data,124.83570765056163,125.91670111852694,1,3,3,146.83166389813528,3.329770563201687,30.70819111482666,0.7606056073988443,1.0,leptonic_bookkeeping,train,False,0.50562265163496,unassigned
302771,data,124.83570765056163,125.91670111852694,1,3,3,146.83166389813528,3.329770563201687,30.70819111482666,0.7606056073988443,1.0,leptonic_bookkeeping,train,False,0.50562265163496,unassigned
574899,data,124.83570765056163,125.91670111852694,1,3,3,146.83166389813528,3.329770563201687,30.70819111482666,0.7606056073988443,1.0,leptonic_bookkeeping,validation,False,0.50562265163496,unassigned
931059,data,124.83570765056163,125.91670111852694,1,3,3,146.83166389813528,3.329770563201687,30.70819111482666,0.7606056073988443,1.0,leptonic_bookkeeping,train,False,0.50562265163496,unassigned
562740,data,124.83570765056163,125.91670111852694,1,3,3,146.83166389813528,3.329770563201687,30.70819111482666,0.7606056073988443,1.0,leptonic_bookkeeping,train,False,0.50562265163496,unassigned
55200,data,124.83570765056163,125.91670111852694,1,3,3,146.83166389813528,3.329770563201687,30.70819111482666,0.7606056073988443,1.0,leptonic_bookkeeping,train,False,0.50562265163496,unassigned
893957,data,124.83570765056163,125.91670111852694,1,3,3,146.83166389813528,3.329770563201687,30.70819111482666,0.7606056073988443,1.0,leptonic_bookkeeping,validation,False,0.50562265163496,unassigned
197966,data,124.83570765056163,125.91670111852694,1,3,3,146.83166389813528,3.329770563201687,30.70819111482666,0.7606056073988443,1.0,leptonic_bookkeeping,train,False,0.50562265163496,unassigned
569982,data,124.83570765056163,125.91670111852694,1,3,3,146.83166389813528,3.329770563201687,30.70819111482666,0.7606056073988443,1.0,leptonic_bookkeeping,train,False,0.50562265163496,unassigned
300407,data,124.83570765056163,125.91670111852694,1,3,3,146.83166389813528,3.329770563201687,30.70819111482666,0.7606056073988443,1.0,leptonic_bookkeeping,train,False,0.50562265163496,unassigned
355439,data,124.83570765056163,125.91670111852694,1,3,3,146.83166389813528,3.329770563201687,30.70819111482666,0.7606056073988443,1.0,leptonic_bookkeeping,train,False,0.50562265163496,unassigned
489105,data,124.83570765056163,125.91670111852694,1,3,3,146.83166389813528,3.329770563201687,30.70819111482666,0.7606056073988443,1.0,leptonic_bookkeeping,train,False,0.50562265163496,unassigned
8278,data,124.83570765056163,125.91670111852694,1,3,3,146.83166389813528,3.329770563201687,30.70819111482666,0.7606056073988443,1.0,leptonic_bookkeeping,test,False,0.50562265163496,unassigned
325237,data,124.83570765056163,125.91670111852694,1,3,3,146.83166389813528,3.329770563201687,30.70819111482666,0.7606056073988443,1.0,leptonic_bookkeeping,train,False,0.50562265163496,unassigned
968269,data,124.83570765056163,125.91670111852694,1,3,3,146.83166389813528,3.329770563201687,30.70819111482666,0.7606056073988443,1.0,leptonic_bookkeeping,test,False,0.50562265163496,unassigned
292496,data,124.83570765056163,125.91670111852694,1,3,3,146.83166389813528,3.329770563201687,30.70819111482666,0.7606056073988443,1.0,leptonic_bookkeeping,train,False,0.50562265163496,unassigned
109134,data,124.83570765056163,125.91670111852694,1,3,3,146.83166389813528,3.329770563201687,30.70819111482666,0.7606056073988443,1.0,leptonic_bookkeeping,train,False,0.50562265163496,unassigned
789441,data,124.83570765056163,125.91670111852694,1,3,3,146.83166389813528,3.329770563201687,30.70819111482666,0.7606056073988443,1.0,leptonic_bookkeeping,train,False,0.50562265163496,unassigned
36331,data,124.83570765056163,125.91670111852694,1,3,3,146.83166389813528,3.329770563201687,30.70819111482666,0.7606056073988443,1.0,leptonic_bookkeeping,train,False,0.50562265163496,unassigned
260582,data,124.83570765056163,125.91670111852694,1,3,3,146.83166389813528,3.329770563201687,30.70819111482666,0.7606056073988443,1.0,leptonic_bookkeeping,train,False,0.50562265163496,unassigned
828869,data,124.83570765056163,125.91670111852694,1,3,3,146.83166389813528,3.329770563201687,30.70819111482666,0.7606056073988443,1.0,leptonic_bookkeeping,train,False,0.50562265163496,unassigned
847586,data,124.83570765056163,125.91670111852694,1,3,3,146.83166389813528,3.329770563201687,30.70819111482666,0.7606056073988443,1.0,leptonic_bookkeeping,train,False,0.50562265163496,unassigned
666192,data,124.83570765056163,125.91670111852694,1,3,3,146.83166389813528,3.329770563201687,30.70819111482666,0.7606056073988443,1.0,leptonic_bookkeeping,validation,False,0.50562265163496,unassigned
963225,data,124.83570765056163,125.91670111852694,1,3,3,146.83166389813528,3.329770563201687,30.70819111482666,0.7606056073988443,1.0,leptonic_bookkeeping,train,False,0.50562265163496,unassigned
179708,data,124.83570765056163,125.91670111852694,1,3,3,146.83166389813528,3.329770563201687,30.70819111482666,0.7606056073988443,1.0,leptonic_bookkeeping,train,False,0.50562265163496,unassigned
672509,data,124.83570765056163,125.91670111852694,1,3,3,146.83166389813528,3.329770563201687,30.70819111482666,0.7606056073988443,1.0,leptonic_bookkeeping,train,False,0.50562265163496,unassigned
217620,data,124.83570765056163,125.91670111852694,1,3,3,146.83166389813528,3.329770563201687,30.70819111482666,0.7606056073988443,1.0,leptonic_bookkeeping,train,False,0.50562265163496,unassigned
896087,data,124.83570765056163,125.91670111852694,1,3,3,146.83166389813528,3.329770563201687,30.70819111482666,0.7606056073988443,1.0,leptonic_bookkeeping,test,False,0.50562265163496,unassigned
642903,data,124.83570765056163,125.91670111852694,1,3,3,146.83166389813528,3.329770563201687,30.70819111482666,0.7606056073988443,1.0,leptonic_bookkeeping,train,False,0.50562265163496,unassigned
666471,data,124.83570765056163,125.91670111852694,1,3,3,146.83166389813528,3.329770563201687,30.70819111482666,0.7606056073988443,1.0,leptonic_bookkeeping,validation,False,0.50562265163496,unassigned
97716,data,124.83570765056163,125.91670111852694,1,3,3,146.83166389813528,3.329770563201687,30.70819111482666,0.7606056073988443,1.0,leptonic_bookkeeping,train,False,0.50562265163496,unassigned
438577,data,124.83570765056163,125.91670111852694,1,3,3,146.83166389813528,3.329770563201687,30.70819111482666,0.7606056073988443,1.0,leptonic_bookkeeping,train,False,0.50562265163496,unassigned
369015,data,124.83570765056163,125.91670111852694,1,3,3,146.83166389813528,3.329770563201687,30.70819111482666,0.7606056073988443,1.0,leptonic_bookkeeping,validation,False,0.50562265163496,unassigned
966675,data,124.83570765056163,125.91670111852694,1,3,3,146.83166389813528,3.329770563201687,30.70819111482666,0.7606056073988443,1.0,leptonic_bookkeeping,validation,False,0.50562265163496,unassigned
571538,data,124.83570765056163,125.91670111852694,1,3,3,146.83166389813528,3.329770563201687,30.70819111482666,0.7606056073988443,1.0,leptonic_bookkeeping,train,False,0.50562265163496,unassigned
603030,data,124.83570765056163,125.91670111852694,1,3,3,146.83166389813528,3.329770563201687,30.70819111482666,0.7606056073988443,1.0,leptonic_bookkeeping,train,False,0.50562265163496,unassigned
259360,data,124.83570765056163,125.91670111852694,1,3,3,146.83166389813528,3.329770563201687,30.70819111482666,0.7606056073988443,1.0,leptonic_bookkeeping,train,False,0.50562265163496,unassigned
