event_id,process,diphoton_pt,m_gammagamma,n_leptons,n_jets,n_bjets,jet_pt_sum,jet_eta_max,bjet_pt_max,bjet_eta_max,weight,channel,partition,is_signal,bdt_score
104313,ggH,158.5016353661498,124.89528917588326,0,6,1,131.91079641305774,3.7192860760724056,27.68390466916924,1.8393393509137426,1.0,hadronic,train,False,2.2126096926863702e-05
699184,ggH,124.83570765056163,123.94966038564371,1,3,3,146.83166389813528,3.329770563201687,30.70819111482666,0.7606056073988443,1.0,leptonic_bookkeeping,test,False,0.50562265163496
137372,ggH,124.83570765056163,123.94966038564371,1,3,3,146.83166389813528,3.329770563201687,30.70819111482666,0.7606056073988443,1.0,leptonic_bookkeeping,train,False,0.50562265163496
779868,ggH,124.83570765056163,123.94966038564371,1,3,3,146.83166389813528,3.329770563201687,30.70819111482666,0.7606056073988443,1.0,leptonic_bookkeeping,validation,False,0.50562265163496
773477,ggH,124.83570765056163,123.94966038564371,1,3,3,146.83166389813528,3.329770563201687,30.70819111482666,0.7606056073988443,1.0,leptonic_bookkeeping,train,False,0.50562265163496
30126,ggH,124.83570765056163,123.94966038564371,1,3,3,146.83166389813528,3.329770563201687,30.70819111482666,0.7606056073988443,1.0,leptonic_bookkeeping,test,False,0.50562265163496
628473,ggH,124.83570765056163,123.94966038564371,1,3,3,146.83166389813528,3.329770563201687,30.70819111482666,0.7606056073988443,1.0,leptonic_bookkeeping,test,False,0.50562265163496
916419,ggH,124.83570765056163,123.94966038564371,1,3,3,146.83166389813528,3.329770563201687,30.70819111482666,0.7606056073988443,1.0,leptonic_bookkeeping,test,False,0.50562265163496
956048,ggH,124.83570765056163,123.94966038564371,1,3,3,146.83166389813528,3.329770563201687,30.70819111482666,0.7606056073988443,1.0,leptonic_bookkeeping,validation,False,0.50562265163496
689732,ggH,124.83570765056163,123.94966038564371,1,3,3,146.83166389813528,3.329770563201687,30.70819111482666,0.7606056073988443,1.0,leptonic_bookkeeping,test,False,0.50562265163496
899703,ggH,124.83570765056163,123.94966038564371,1,3,3,146.83166389813528,3.329770563201687,30.70819111482666,0.7606056073988443,1.0,leptonic_bookkeeping,train,False,0.50562265163496
168657,ggH,124.83570765056163,123.94966038564371,1,3,3,146.83166389813528,3.329770563201687,30.70819111482666,0.7606056073988443,1.0,leptonic_bookkeeping,train,False,0.50562265163496
383983,ggH,124.83570765056163,123.94966038564371,1,3,3,146.83166389813528,3.329770563201687,30.70819111482666,0.7606056073988443,1.0,leptonic_bookkeeping,train,False,0.50562265163496
286213,ggH,124.83570765056163,123.94966038564371,1,3,3,146.83166389813528,3.329770563201687,30.70819111482666,0.7606056073988443,1.0,leptonic_bookkeeping,validation,False,0.50562265163496
252145,ggH,124.83570765056163,123.94966038564371,1,3,3,146.83166389813528,3.329770563201687,30.70819111482666,0.7606056073988443,1.0,leptonic_bookkeeping,train,False,0.50562265163496
622821,ggH,124.83570765056163,123.94966038564371,1,3,3,146.83166389813528,3.329770563201687,30.70819111482666,0.7606056073988443,1.0,leptonic_bookkeeping,train,False,0.50562265163496
548128,ggH,124.83570765056163,123.94966038564371,1,3,3,146.83166389813528,3.329770563201687,30.70819111482666,0.7606056073988443,1.0,leptonic_bookkeeping,train,False,0.50562265163496
718167,ggH,124.83570765056163,123.94966038564371,1,3,3,146.83166389813528,3.329770563201687,30.70819111482666,0.7606056073988443,1.0,leptonic_bookkeeping,validation,False,0.50562265163496
522143,ggH,124.83570765056163,123.94966038564371,1,3,3,146.83166389813528,3.329770563201687,30.70819111482666,0.7606056073988443,1.0,leptonic_bookkeeping,validation,False,0.50562265163496
758433,ggH,124.83570765056163,123.94966038564371,1,3,3,146.83166389813528,3.329770563201687,30.70819111482666,0.7606056073988443,1.0,leptonic_bookkeeping,train,False,0.50562265163496
999664,ggH,124.83570765056163,123.94966038564371,1,3,3,146.83166389813528,3.329770563201687,30.70819111482666,0.7606056073988443,1.0,leptonic_bookkeeping,test,False,0.50562265163496
439396,ggH,124.83570765056163,123.94966038564371,1,3,3,146.83166389813528,3.329770563201687,30.70819111482666,0.7606056073988443,1.0,leptonic_bookkeeping,validation,False,0.50562265163496
894669,ggH,124.83570765056163,123.94966038564371,1,3,3,146.83166389813528,3.329770563201687,30.70819111482666,0.7606056073988443,1.0,leptonic_bookkeeping,validation,False,0.50562265163496
167940,ggH,124.83570765056163,123.94966038564371,1,3,3,146.83166389813528,3.329770563201687,30.70819111482666,0.7606056073988443,1.0,leptonic_bookkeeping,train,False,0.50562265163496
430667,ggH,124.83570765056163,123.94966038564371,1,3,3,146.83166389813528,3.329770563201687,30.70819111482666,0.7606056073988443,1.0,leptonic_bookkeeping,validation,False,0.50562265163496
459006,ggH,124.83570765056163,123.94966038564371,1,3,3,146.83166389813528,3.329770563201687,30.70819111482666,0.7606056073988443,1.0,leptonic_bookkeeping,train,False,0.50562265163496
537074,ggH,124.83570765056163,123.94966038564371,1,3,3,146.83166389813528,3.329770563201687,30.70819111482666,0.7606056073988443,1.0,leptonic_bookkeeping,train,False,0.50562265163496
461121,ggH,124.83570765056163,123.94966038564371,1,3,3,146.83166389813528,3.329770563201687,30.70819111482666,0.7606056073988443,1.0,leptonic_bookkeeping,validation,False,0.50562265163496
550575,ggH,124.83570765056163,123.94966038564371,1,3,3,146.83166389813528,3.329770563201687,30.70819111482666,0.7606056073988443,1.0,leptonic_bookkeeping,train,False,0.50562265163496
252237,ggH,124.83570765056163,123.94966038564371,1,3,3,146.83166389813528,3.329770563201687,30.70819111482666,0.7606056073988443,1.0,leptonic_bookkeeping,train,False,0.50562265163496
864231,ggH,124.83570765056163,123.94966038564371,1,3,3,146.83166389813528,3.329770563201687,30.70819111482666,0.7606056073988443,1.0,leptonic_bookkeeping,test,False,0.50562265163496
788296,ggH,124.83570765056163,123.94966038564371,1,3,3,146.83166389813528,3.329770563201687,30.70819111482666,0.7606056073988443,1.0,leptonic_bookkeeping,train,False,0.50562265163496
56456,ggH,124.83570765056163,123.94966038564371,1,3,3,146.83166389813528,3.329770563201687,30.70819111482666,0.7606056073988443,1.0,leptonic_bookkeeping,train,False,0.50562265163496
428819,ggH,124.83570765056163,123.94966038564371,1,3,3,146.83166389813528,3.329770563201687,30.70819111482666,0.7606056073988443,1.0,leptonic_bookkeeping,train,False,0.50562265163496
220793,ggH,124.83570765056163,123.94966038564371,1,3,3,146.83166389813528,3.329770563201687,30.70819111482666,0.7606056073988443,1.0,leptonic_bookkeeping,train,False,0.50562265163496
926888,ggH,124.83570765056163,123.94966038564371,1,3,3,146.83166389813528,3.329770563201687,30.70819111482666,0.7606056073988443,1.0,leptonic_bookkeeping,test,False,0.50562265163496
822417,ggH,124.83570765056163,123.94966038564371,1,3,3,146.83166389813528,3.329770563201687,30.70819111482666,0.7606056073988443,1.0,leptonic_bookkeeping,validation,False,0.50562265163496
343315,ggH,124.83570765056163,123.94966038564371,1,3,3,146.83166389813528,3.329770563201687,30.70819111482666,0.7606056073988443,1.0,leptonic_bookkeeping,train,False,0.50562265163496
304256,ggH,124.83570765056163,123.94966038564371,1,3,3,146.83166389813528,3.329770563201687,30.70819111482666,0.7606056073988443,1.0,leptonic_bookkeeping,train,False,0.50562265163496
687911,ggH,124.83570765056163,123.94966038564371,1,3,3,146.83166389813528,3.329770563201687,30.70819111482666,0.7606056073988443,1.0,leptonic_bookkeeping,validation,False,0.50562265163496
65256,ggH,124.83570765056163,123.94966038564371,1,3,3,146.83166389813528,3.329770563201687,30.70819111482666,0.7606056073988443,1.0,leptonic_bookkeeping,train,False,0.50562265163496
692387,ggH,124.83570765056163,123.94966038564371,1,3,3,146.83166389813528,3.329770563201687,30.70819111482666,0.7606056073988443,1.0,leptonic_bookkeeping,train,False,0.50562265163496
132661,ggH,124.83570765056163,123.94966038564371,1,3,3,146.83166389813528,3.329770563201687,30.70819111482666,0.7606056073988443,1.0,leptonic_bookkeeping,test,False,0.50562265163496
328452,ggH,124.83570765056163,123.94966038564371,1,3,3,146.83166389813528,3.329770563201687,30.70819111482666,0.7606056073988443,1.0,leptonic_bookkeeping,test,False,0.50562265163496
235389,ggH,124.83570765056163,123.94966038564371,1,3,3,146.83166389813528,3.329770563201687,30.70819111482666,0.7606056073988443,1.0,leptonic_bookkeeping,test,False,0.50562265163496
468098,ggH,124.83570765056163,123.94966038564371,1,3,3,146.83166389813528,3.329770563201687,30.70819111482666,0.7606056073988443,1.0,leptonic_bookkeeping,train,False,0.50562265163496
324310,ggH,124.83570765056163,123.94966038564371,1,3,3,146.83166389813528,3.329770563201687,30.70819111482666,0.7606056073988443,1.0,leptonic_bookkeeping,train,False,0.50562265163496
192233,ggH,124.83570765056163,123.94966038564371,1,3,3,146.83166389813528,3.329770563201687,30.70819111482666,0.7606056073988443,1.0,leptonic_bookkeeping,validation,False,0.50562265163496
956858,ggH,124.83570765056163,123.94966038564371,1,3,3,146.83166389813528,3.329770563201687,30.70819111482666,0.7606056073988443,1.0,leptonic_bookkeeping,test,False,0.50562265163496
265280,ggH,124.83570765056163,123.94966038564371,1,3,3,146.83166389813528,3.329770563201687,30.70819111482666,0.7606056073988443,1.0,leptonic_bookkeeping,validation,False,0.50562265163496
799721,ggH,124.83570765056163,123.94966038564371,1,3,3,146.83166389813528,3.329770563201687,30.70819111482666,0.7606056073988443,1.0,leptonic_bookkeeping,train,False,0.50562265163496
545632,ggH,124.83570765056163,123.94966038564371,1,3,3,146.83166389813528,3.329770563201687,30.70819111482666,0.7606056073988443,1.0,leptonic_bookkeeping,test,False,0.50562265163496
615094,ggH,124.83570765056163,123.94966038564371,1,3,3,146.83166389813528,3.329770563201687,30.70819111482666,0.7606056073988443,1.0,leptonic_bookkeeping,validation,False,0.50562265163496
301536,ggH,124.83570765056163,123.94966038564371,1,3,3,146.83166389813528,3.329770563201687,30.70819111482666,0.7606056073988443,1.0,leptonic_bookkeeping,train,False,0.50562265163496
920830,ggH,124.83570765056163,123.94966038564371,1,3,3,146.83166389813528,3.329770563201687,30.70819111482666,0.7606056073988443,1.0,leptonic_bookkeeping,train,False,0.50562265163496
716012,ggH,124.83570765056163,123.94966038564371,1,3,3,146.83166389813528,3.329770563201687,30.70819111482666,0.7606056073988443,1.0,leptonic_bookkeeping,train,False,0.50562265163496
956622,ggH,124.83570765056163,123.94966038564371,1,3,3,146.83166389813528,3.329770563201687,30.70819111482666,0.7606056073988443,1.0,leptonic_bookkeeping,validation,False,0.50562265163496
359470,ggH,124.83570765056163,123.94966038564371,1,3,3,146.83166389813528,3.329770563201687,30.70819111482666,0.7606056073988443,1.0,leptonic_bookkeeping,test,False,0.50562265163496
340603,ggH,124.83570765056163,123.94966038564371,1,3,3,146.83166389813528,3.329770563201687,30.70819111482666,0.7606056073988443,1.0,leptonic_bookkeeping,train,False,0.50562265163496
357433,ggH,124.83570765056163,123.94966038564371,1,3,3,146.83166389813528,3.329770563201687,30.70819111482666,0.7606056073988443,1.0,leptonic_bookkeeping,validation,False,0.50562265163496
982450,ggH,124.83570765056163,123.94966038564371,1,3,3,146.83166389813528,3.329770563201687,30.70819111482666,0.7606056073988443,1.0,leptonic_bookkeeping,train,False,0.50562265163496
673685,ggH,124.83570765056163,123.94966038564371,1,3,3,146.83166389813528,3.329770563201687,30.70819111482666,0.7606056073988443,1.0,leptonic_bookkeeping,train,False,0.50562265163496
222219,ggH,124.83570765056163,123.94966038564371,1,3,3,146.83166389813528,3.329770563201687,30.70819111482666,0.7606056073988443,1.0,leptonic_bookkeeping,train,False,0.50562265163496
307104,ggH,124.83570765056163,123.94966038564371,1,3,3,146.83166389813528,3.329770563201687,30.70819111482666,0.7606056073988443,1.0,leptonic_bookkeeping,validation,False,0.50562265163496
2242,ggH,124.83570765056163,123.94966038564371,1,3,3,146.83166389813528,3.329770563201687,30.70819111482666,0.7606056073988443,1.0,leptonic_bookkeeping,train,False,0.50562265163496
794265,ggH,124.83570765056163,123.94966038564371,1,3,3,146.83166389813528,3.329770563201687,30.70819111482666,0.7606056073988443,1.0,leptonic_bookkeeping,train,False,0.50562265163496
903724,ggH,124.83570765056163,123.94966038564371,1,3,3,146.83166389813528,3.329770563201687,30.70819111482666,0.7606056073988443,1.0,leptonic_bookkeeping,validation,False,0.50562265163496
432500,ggH,124.83570765056163,123.94966038564371,1,3,3,146.83166389813528,3.329770563201687,30.70819111482666,0.7606056073988443,1.0,leptonic_bookkeeping,test,False,0.50562265163496
816284,ggH,124.83570765056163,123.94966038564371,1,3,3,146.83166389813528,3.329770563201687,30.70819111482666,0.7606056073988443,1.0,leptonic_bookkeeping,train,False,0.50562265163496
545449,ggH,124.83570765056163,123.94966038564371,1,3,3,146.83166389813528,3.329770563201687,30.70819111482666,0.7606056073988443,1.0,leptonic_bookkeeping,test,False,0.50562265163496
724071,ggH,124.83570765056163,123.94966038564371,1,3,3,146.83166389813528,3.329770563201687,30.70819111482666,0.7606056073988443,1.0,leptonic_bookkeeping,train,False,0.50562265163496
260988,ggH,124.83570765056163,123.94966038564371,1,3,3,146.83166389813528,3.329770563201687,30.70819111482666,0.7606056073988443,1.0,leptonic_bookkeeping,train,False,0.50562265163496
854455,ggH,124.83570765056163,123.94966038564371,1,3,3,146.83166389813528,3.329770563201687,30.70819111482666,0.7606056073988443,1.0,leptonic_bookkeeping,test,False,0.50562265163496
139441,ggH,124.83570765056163,123.94966038564371,1,3,3,146.83166389813528,3.329770563201687,30.70819111482666,0.7606056073988443,1.0,leptonic_bookkeeping,train,False,0.50562265163496
295157,ggH,124.83570765056163,123.94966038564371,1,3,3,146.83166389813528,3.329770563201687,30.70819111482666,0.7606056073988443,1.0,leptonic_bookkeeping,validation,False,0.50562265163496
611273,ggH,124.83570765056163,123.94966038564371,1,3,3,146.83166389813528,3.329770563201687,30.70819111482666,0.7606056073988443,1.0,leptonic_bookkeeping,train,False,0.50562265163496
732046,ggH,124.83570765056163,123.94966038564371,1,3,3,146.83166389813528,3.329770563201687,30.70819111482666,0.7606056073988443,1.0,leptonic_bookkeeping,train,False,0.50562265163496
561276,ggH,124.83570765056163,123.94966038564371,1,3,3,146.83166389813528,3.329770563201687,30.70819111482666,0.7606056073988443,1.0,leptonic_bookkeeping,train,False,0.50562265163496
745698,ggH,124.83570765056163,123.94966038564371,1,3,3,146.83166389813528,3.329770563201687,30.70819111482666,0.7606056073988443,1.0,leptonic_bookkeeping,train,False,0.50562265163496
354227,ggH,124.83570765056163,123.94966038564371,1,3,3,146.83166389813528,3.329770563201687,30.70819111482666,0.7606056073988443,1.0,leptonic_bookkeeping,train,False,0.50562265163496
294763,ggH,124.83570765056163,123.94966038564371,1,3,3,146.83166389813528,3.329770563201687,30.70819111482666,0.7606056073988443,1.0,leptonic_bookkeeping,train,False,0.50562265163496
809466,ggH,124.83570765056163,123.94966038564371,1,3,3,146.83166389813528,3.329770563201687,30.70819111482666,0.7606056073988443,1.0,leptonic_bookkeeping,train,False,0.50562265163496
363849,ggH,124.83570765056163,123.94966038564371,1,3,3,146.83166389813528,3.329770563201687,30.70819111482666,0.7606056073988443,1.0,leptonic_bookkeeping,train,False,0.50562265163496
78705,ggH,124.83570765056163,123.94966038564371,1,3,3,146.83166389813528,3.329770563201687,30.70819111482666,0.7606056073988443,1.0,leptonic_bookkeeping,validation,False,0.50562265163496
201908,ggH,124.83570765056163,123.94966038564371,1,3,3,146.83166389813528,3.329770563201687,30.70819111482666,0.7606056073988443,1.0,leptonic_bookkeeping,train,False,0.50562265163496
405639,ggH,124.83570765056163,123.94966038564371,1,3,3,146.83166389813528,3.329770563201687,30.70819111482666,0.7606056073988443,1.0,leptonic_bookkeeping,train,False,0.50562265163496
312344,ggH,124.83570765056163,123.94966038564371,1,3,3,146.83166389813528,3.329770563201687,30.70819111482666,0.7606056073988443,1.0,leptonic_bookkeeping,train,False,0.50562265163496
130829,ggH,124.83570765056163,123.94966038564371,1,3,3,146.83166389813528,3.329770563201687,30.70819111482666,0.7606056073988443,1.0,leptonic_bookkeeping,validation,False,0.50562265163496
741315,ggH,124.83570765056163,123.94966038564371,1,3,3,146.83166389813528,3.329770563201687,30.70819111482666,0.7606056073988443,1.0,leptonic_bookkeeping,test,False,0.50562265163496
126925,ggH,124.83570765056163,123.94966038564371,1,3,3,146.83166389813528,3.329770563201687,30.70819111482666,0.7606056073988443,1.0,leptonic_bookkeeping,train,False,0.50562265163496
625277,ggH,124.83570765056163,123.94966038564371,1,3,3,146.83166389813528,3.329770563201687,30.70819111482666,0.7606056073988443,1.0,leptonic_bookkeeping,validation,False,0.50562265163496
697261,ggH,124.83570765056163,123.94966038564371,1,3,3,146.83166389813528,3.329770563201687,30.70819111482666,0.7606056073988443,1.0,leptonic_bookkeeping,validation,False,0.50562265163496
921571,ggH,124.83570765056163,123.94966038564371,1,3,3,146.83166389813528,3.329770563201687,30.70819111482666,0.7606056073988443,1.0,leptonic_bookkeeping,train,False,0.50562265163496
701305,ggH,124.83570765056163,123.94966038564371,1,3,3,146.83166389813528,3.329770563201687,30.70819111482666,0.7606056073988443,1.0,leptonic_bookkeeping,train,False,0.50562265163496
89866,ggH,124.83570765056163,123.94966038564371,1,3,3,146.83166389813528,3.329770563201687,30.70819111482666,0.7606056073988443,1.0,leptonic_bookkeeping,validation,False,0.50562265163496
378524,ggH,124.83570765056163,123.94966038564371,1,3,3,146.83166389813528,3.329770563201687,30.70819111482666,0.7606056073988443,1.0,leptonic_bookkeeping,validation,False,0.50562265163496
527222,ggH,124.83570765056163,123.94966038564371,1,3,3,146.83166389813528,3.329770563201687,30.70819111482666,0.7606056073988443,1.0,leptonic_bookkeeping,train,False,0.50562265163496
225199,ggH,124.83570765056163,123.94966038564371,1,3,3,146.83166389813528,3.329770563201687,30.70819111482666,0.7606056073988443,1.0,leptonic_bookkeeping,test,False,0.50562265163496
500983,ggH,124.83570765056163,123.94966038564371,1,3,3,146.83166389813528,3.329770563201687,30.70819111482666,0.7606056073988443,1.0,leptonic_bookkeeping,train,False,0.50562265163496
925288,ggH,124.83570765056163,123.94966038564371,1,3,3,146.83166389813528,3.329770563201687,30.70819111482666,0.7606056073988443,1.0,leptonic_bookkeeping,validation,False,0.50562265163496
128319,ggH,124.83570765056163,123.94966038564371,1,3,3,146.83166389813528,3.329770563201687,30.70819111482666,0.7606056073988443,1.0,leptonic_bookkeeping,train,False,0.50562265163496
992425,ggH,124.83570765056163,123.94966038564371,1,3,3,146.83166389813528,3.329770563201687,30.70819111482666,0.7606056073988443,1.0,leptonic_bookkeeping,train,False,0.50562265163496
844556,ggH,124.83570765056163,123.94966038564371,1,3,3,146.83166389813528,3.329770563201687,30.70819111482666,0.7606056073988443,1.0,leptonic_bookkeeping,test,False,0.50562265163496
189629,ggH,124.83570765056163,123.94966038564371,1,3,3,146.83166389813528,3.329770563201687,30.70819111482666,0.7606056073988443,1.0,leptonic_bookkeeping,train,False,0.50562265163496
525690,ggH,124.83570765056163,123.94966038564371,1,3,3,146.83166389813528,3.329770563201687,30.70819111482666,0.7606056073988443,1.0,leptonic_bookkeeping,test,False,0.50562265163496
8103,ggH,124.83570765056163,123.94966038564371,1,3,3,146.83166389813528,3.329770563201687,30.70819111482666,0.7606056073988443,1.0,leptonic_bookkeeping,validation,False,0.50562265163496
713571,ggH,124.83570765056163,123.94966038564371,1,3,3,146.83166389813528,3.329770563201687,30.70819111482666,0.7606056073988443,1.0,leptonic_bookkeeping,train,False,0.50562265163496
700826,ggH,124.83570765056163,123.94966038564371,1,3,3,146.83166389813528,3.329770563201687,30.70819111482666,0.7606056073988443,1.0,leptonic_bookkeeping,test,False,0.50562265163496
444132,ggH,124.83570765056163,123.94966038564371,1,3,3,146.83166389813528,3.329770563201687,30.70819111482666,0.7606056073988443,1.0,leptonic_bookkeeping,train,False,0.50562265163496
180297,ggH,124.83570765056163,123.94966038564371,1,3,3,146.83166389813528,3.329770563201687,30.70819111482666,0.7606056073988443,1.0,leptonic_bookkeeping,train,False,0.50562265163496
783652,ggH,124.83570765056163,123.94966038564371,1,3,3,146.83166389813528,3.329770563201687,30.70819111482666,0.7606056073988443,1.0,leptonic_bookkeeping,train,False,0.50562265163496
166202,ggH,124.83570765056163,123.94966038564371,1,3,3,146.83166389813528,3.329770563201687,30.70819111482666,0.7606056073988443,1.0,leptonic_bookkeeping,train,False,0.50562265163496
263610,ggH,124.83570765056163,123.94966038564371,1,3,3,146.83166389813528,3.329770563201687,30.70819111482666,0.7606056073988443,1.0,leptonic_bookkeeping,train,False,0.50562265163496
292704,ggH,124.83570765056163,123.94966038564371,1,3,3,146.83166389813528,3.329770563201687,30.70819111482666,0.7606056073988443,1.0,leptonic_bookkeeping,train,False,0.50562265163496
722854,ggH,124.83570765056163,123.94966038564371,1,3,3,146.83166389813528,3.329770563201687,30.70819111482666,0.7606056073988443,1.0,leptonic_bookkeeping,train,False,0.50562265163496
741252,ggH,124.83570765056163,123.94966038564371,1,3,3,146.83166389813528,3.329770563201687,30.70819111482666,0.7606056073988443,1.0,leptonic_bookkeeping,test,False,0.50562265163496
695861,ggH,124.83570765056163,123.94966038564371,1,3,3,146.83166389813528,3.329770563201687,30.70819111482666,0.7606056073988443,1.0,leptonic_bookkeeping,train,False,0.50562265163496
260349,ggH,124.83570765056163,123.94966038564371,1,3,3,146.83166389813528,3.329770563201687,30.70819111482666,0.7606056073988443,1.0,leptonic_bookkeeping,train,False,0.50562265163496
292902,ggH,124.83570765056163,123.94966038564371,1,3,3,146.83166389813528,3.329770563201687,30.70819111482666,0.7606056073988443,1.0,leptonic_bookkeeping,train,False,0.50562265163496
877255,ggH,124.83570765056163,123.94966038564371,1,3,3,146.83166389813528,3.329770563201687,30.70819111482666,0.7606056073988443,1.0,leptonic_bookkeeping,train,False,0.50562265163496
611063,ggH,124.83570765056163,123.94966038564371,1,3,3,146.83166389813528,3.329770563201687,30.70819111482666,0.7606056073988443,1.0,leptonic_bookkeeping,train,False,0.50562265163496
280979,ggH,124.83570765056163,123.94966038564371,1,3,3,146.83166389813528,3.329770563201687,30.70819111482666,0.7606056073988443,1.0,leptonic_bookkeeping,train,False,0.50562265163496
427745,ggH,124.83570765056163,123.94966038564371,1,3,3,146.83166389813528,3.329770563201687,30.70819111482666,0.7606056073988443,1.0,leptonic_bookkeeping,train,False,0.50562265163496
149173,ggH,124.83570765056163,123.94966038564371,1,3,3,146.83166389813528,3.329770563201687,30.70819111482666,0.7606056073988443,1.0,leptonic_bookkeeping,train,False,0.50562265163496
320421,ggH,124.83570765056163,123.94966038564371,1,3,3,146.83166389813528,3.329770563201687,30.70819111482666,0.7606056073988443,1.0,leptonic_bookkeeping,train,False,0.50562265163496
363387,ggH,124.83570765056163,123.94966038564371,1,3,3,146.83166389813528,3.329770563201687,30.70819111482666,0.7606056073988443,1.0,leptonic_bookkeeping,train,False,0.50562265163496
146187,ggH,124.83570765056163,123.94966038564371,1,3,3,146.83166389813528,3.329770563201687,30.70819111482666,0.7606056073988443,1.0,leptonic_bookkeeping,train,False,0.50562265163496
222949,ggH,124.83570765056163,123.94966038564371,1,3,3,146.83166389813528,3.329770563201687,30.70819111482666,0.7606056073988443,1.0,leptonic_bookkeeping,validation,False,0.50562265163496
789030,ggH,124.83570765056163,123.94966038564371,1,3,3,146.83166389813528,3.329770563201687,30.70819111482666,0.7606056073988443,1.0,leptonic_bookkeeping,train,False,0.50562265163496
504904,ggH,124.83570765056163,123.94966038564371,1,3,3,146.83166389813528,3.329770563201687,30.70819111482666,0.7606056073988443,1.0,leptonic_bookkeeping,test,False,0.50562265163496
33717,ggH,124.83570765056163,123.94966038564371,1,3,3,146.83166389813528,3.329770563201687,30.70819111482666,0.7606056073988443,1.0,leptonic_bookkeeping,train,False,0.50562265163496
862627,ggH,124.83570765056163,123.94966038564371,1,3,3,146.83166389813528,3.329770563201687,30.70819111482666,0.7606056073988443,1.0,leptonic_bookkeeping,validation,False,0.50562265163496
330584,ggH,124.83570765056163,123.94966038564371,1,3,3,146.83166389813528,3.329770563201687,30.70819111482666,0.7606056073988443,1.0,leptonic_bookkeeping,train,False,0.50562265163496
408674,ggH,124.83570765056163,123.94966038564371,1,3,3,146.83166389813528,3.329770563201687,30.70819111482666,0.7606056073988443,1.0,leptonic_bookkeeping,validation,False,0.50562265163496
649210,ggH,124.83570765056163,123.94966038564371,1,3,3,146.83166389813528,3.329770563201687,30.70819111482666,0.7606056073988443,1.0,leptonic_bookkeeping,test,False,0.50562265163496
616793,ggH,124.83570765056163,123.94966038564371,1,3,3,146.83166389813528,3.329770563201687,30.70819111482666,0.7606056073988443,1.0,leptonic_bookkeeping,test,False,0.50562265163496
658835,ggH,124.83570765056163,123.94966038564371,1,3,3,146.83166389813528,3.329770563201687,30.70819111482666,0.7606056073988443,1.0,leptonic_bookkeeping,test,False,0.50562265163496
985105,ggH,124.83570765056163,123.94966038564371,1,3,3,146.83166389813528,3.329770563201687,30.70819111482666,0.7606056073988443,1.0,leptonic_bookkeeping,train,False,0.50562265163496
741276,ggH,124.83570765056163,123.94966038564371,1,3,3,146.83166389813528,3.329770563201687,30.70819111482666,0.7606056073988443,1.0,leptonic_bookkeeping,test,False,0.50562265163496
496584,ggH,124.83570765056163,123.94966038564371,1,3,3,146.83166389813528,3.329770563201687,30.70819111482666,0.7606056073988443,1.0,leptonic_bookkeeping,train,False,0.50562265163496
622948,ggH,124.83570765056163,123.94966038564371,1,3,3,146.83166389813528,3.329770563201687,30.70819111482666,0.7606056073988443,1.0,leptonic_bookkeeping,train,False,0.50562265163496
188775,ggH,124.83570765056163,123.94966038564371,1,3,3,146.83166389813528,3.329770563201687,30.70819111482666,0.7606056073988443,1.0,leptonic_bookkeeping,train,False,0.50562265163496
293439,ggH,124.83570765056163,123.94966038564371,1,3,3,146.83166389813528,3.329770563201687,30.70819111482666,0.7606056073988443,1.0,leptonic_bookkeeping,train,False,0.50562265163496
981556,ggH,124.83570765056163,123.94966038564371,1,3,3,146.83166389813528,3.329770563201687,30.70819111482666,0.7606056073988443,1.0,leptonic_bookkeeping,train,False,0.50562265163496
526102,ggH,124.83570765056163,123.94966038564371,1,3,3,146.83166389813528,3.329770563201687,30.70819111482666,0.7606056073988443,1.0,leptonic_bookkeeping,train,False,0.50562265163496
384806,ggH,124.83570765056163,123.94966038564371,1,3,3,146.83166389813528,3.329770563201687,30.70819111482666,0.7606056073988443,1.0,leptonic_bookkeeping,train,False,0.50562265163496
765566,ggH,124.83570765056163,123.94966038564371,1,3,3,146.83166389813528,3.329770563201687,30.70819111482666,0.7606056073988443,1.0,leptonic_bookkeeping,train,False,0.50562265163496
761641,ggH,124.83570765056163,123.94966038564371,1,3,3,146.83166389813528,3.329770563201687,30.70819111482666,0.7606056073988443,1.0,leptonic_bookkeeping,test,False,0.50562265163496
886961,ggH,124.83570765056163,123.94966038564371,1,3,3,146.83166389813528,3.329770563201687,30.70819111482666,0.7606056073988443,1.0,leptonic_bookkeeping,train,False,0.50562265163496
63684,ggH,124.83570765056163,123.94966038564371,1,3,3,146.83166389813528,3.329770563201687,30.70819111482666,0.7606056073988443,1.0,leptonic_bookkeeping,train,False,0.50562265163496
323472,ggH,124.83570765056163,123.94966038564371,1,3,3,146.83166389813528,3.329770563201687,30.70819111482666,0.7606056073988443,1.0,leptonic_bookkeeping,train,False,0.50562265163496
194691,ggH,124.83570765056163,123.94966038564371,1,3,3,146.83166389813528,3.329770563201687,30.70819111482666,0.7606056073988443,1.0,leptonic_bookkeeping,test,False,0.50562265163496
950421,ggH,124.83570765056163,123.94966038564371,1,3,3,146.83166389813528,3.329770563201687,30.70819111482666,0.7606056073988443,1.0,leptonic_bookkeeping,train,False,0.50562265163496
764731,ggH,124.83570765056163,123.94966038564371,1,3,3,146.83166389813528,3.329770563201687,30.70819111482666,0.7606056073988443,1.0,leptonic_bookkeeping,train,False,0.50562265163496
291710,ggH,124.83570765056163,123.94966038564371,1,3,3,146.83166389813528,3.329770563201687,30.70819111482666,0.7606056073988443,1.0,leptonic_bookkeeping,train,False,0.50562265163496
398774,ggH,124.83570765056163,123.94966038564371,1,3,3,146.83166389813528,3.329770563201687,30.70819111482666,0.7606056073988443,1.0,leptonic_bookkeeping,validation,False,0.50562265163496
384818,ggH,124.83570765056163,123.94966038564371,1,3,3,146.83166389813528,3.329770563201687,30.70819111482666,0.7606056073988443,1.0,leptonic_bookkeeping,train,False,0.50562265163496
112375,ggH,124.83570765056163,123.94966038564371,1,3,3,146.83166389813528,3.329770563201687,30.70819111482666,0.7606056073988443,1.0,leptonic_bookkeeping,test,False,0.50562265163496
54210,ggH,124.83570765056163,123.94966038564371,1,3,3,146.83166389813528,3.329770563201687,30.70819111482666,0.7606056073988443,1.0,leptonic_bookkeeping,train,False,0.50562265163496
483113,ggH,124.83570765056163,123.94966038564371,1,3,3,146.83166389813528,3.329770563201687,30.70819111482666,0.7606056073988443,1.0,leptonic_bookkeeping,test,False,0.50562265163496
817100,ggH,124.83570765056163,123.94966038564371,1,3,3,146.83166389813528,3.329770563201687,30.70819111482666,0.7606056073988443,1.0,leptonic_bookkeeping,train,False,0.50562265163496
576777,ggH,124.83570765056163,123.94966038564371,1,3,3,146.83166389813528,3.329770563201687,30.70819111482666,0.7606056073988443,1.0,leptonic_bookkeeping,test,False,0.50562265163496
618848,ggH,124.83570765056163,123.94966038564371,1,3,3,146.83166389813528,3.329770563201687,30.70819111482666,0.7606056073988443,1.0,leptonic_bookkeeping,train,False,0.50562265163496
522269,ggH,124.83570765056163,123.94966038564371,1,3,3,146.83166389813528,3.329770563201687,30.70819111482666,0.7606056073988443,1.0,leptonic_bookkeeping,validation,False,0.50562265163496
865314,ggH,124.83570765056163,123.94966038564371,1,3,3,146.83166389813528,3.329770563201687,30.70819111482666,0.7606056073988443,1.0,leptonic_bookkeeping,test,False,0.50562265163496
573015,ggH,124.83570765056163,123.94966038564371,1,3,3,146.83166389813528,3.329770563201687,30.70819111482666,0.7606056073988443,1.0,leptonic_bookkeeping,train,False,0.50562265163496
867488,ggH,124.83570765056163,123.94966038564371,1,3,3,146.83166389813528,3.329770563201687,30.70819111482666,0.7606056073988443,1.0,leptonic_bookkeeping,train,False,0.50562265163496
641101,ggH,124.83570765056163,123.94966038564371,1,3,3,146.83166389813528,3.329770563201687,30.70819111482666,0.7606056073988443,1.0,leptonic_bookkeeping,train,False,0.50562265163496
129627,ggH,124.83570765056163,123.94966038564371,1,3,3,146.83166389813528,3.329770563201687,30.70819111482666,0.7606056073988443,1.0,leptonic_bookkeeping,train,False,0.50562265163496
52328,ggH,124.83570765056163,123.94966038564371,1,3,3,146.83166389813528,3.329770563201687,30.70819111482666,0.7606056073988443,1.0,leptonic_bookkeeping,train,False,0.50562265163496
937622,ggH,124.83570765056163,123.94966038564371,1,3,3,146.83166389813528,3.329770563201687,30.70819111482666,0.7606056073988443,1.0,leptonic_bookkeeping,test,False,0.50562265163496
561935,ggH,124.83570765056163,123.94966038564371,1,3,3,146.83166389813528,3.329770563201687,30.70819111482666,0.7606056073988443,1.0,leptonic_bookkeeping,train,False,0.50562265163496
584952,ggH,124.83570765056163,123.94966038564371,1,3,3,146.83166389813528,3.329770563201687,30.70819111482666,0.7606056073988443,1.0,leptonic_bookkeeping,validation,False,0.50562265163496
376128,ggH,124.83570765056163,123.94966038564371,1,3,3,146.83166389813528,3.329770563201687,30.70819111482666,0.7606056073988443,1.0,leptonic_bookkeeping,train,False,0.50562265163496
76334,ggH,124.83570765056163,123.94966038564371,1,3,3,146.83166389813528,3.329770563201687,30.70819111482666,0.7606056073988443,1.0,leptonic_bookkeeping,train,False,0.50562265163496
199143,ggH,124.83570765056163,123.94966038564371,1,3,3,146.83166389813528,3.329770563201687,30.70819111482666,0.7606056073988443,1.0,leptonic_bookkeeping,train,False,0.50562265163496
124072,ggH,124.83570765056163,123.94966038564371,1,3,3,146.83166389813528,3.329770563201687,30.70819111482666,0.7606056073988443,1.0,leptonic_bookkeeping,train,False,0.50562265163496
752010,ggH,124.83570765056163,123.94966038564371,1,3,3,146.83166389813528,3.329770563201687,30.70819111482666,0.7606056073988443,1.0,leptonic_bookkeeping,test,False,0.50562265163496
871887,ggH,124.83570765056163,123.94966038564371,1,3,3,146.83166389813528,3.329770563201687,30.70819111482666,0.7606056073988443,1.0,leptonic_bookkeeping,train,False,0.50562265163496
863073,ggH,124.83570765056163,123.94966038564371,1,3,3,146.83166389813528,3.329770563201687,30.70819111482666,0.7606056073988443,1.0,leptonic_bookkeeping,validation,False,0.50562265163496
119096,ggH,124.83570765056163,123.94966038564371,1,3,3,146.83166389813528,3.329770563201687,30.70819111482666,0.7606056073988443,1.0,leptonic_bookkeeping,train,False,0.50562265163496
424422,ggH,124.83570765056163,123.94966038564371,1,3,3,146.83166389813528,3.329770563201687,30.70819111482666,0.7606056073988443,1.0,leptonic_bookkeeping,train,False,0.50562265163496
140929,ggH,124.83570765056163,123.94966038564371,1,3,3,146.83166389813528,3.329770563201687,30.70819111482666,0.7606056073988443,1.0,leptonic_bookkeeping,validation,False,0.50562265163496
994448,ggH,124.83570765056163,123.94966038564371,1,3,3,146.83166389813528,3.329770563201687,30.70819111482666,0.7606056073988443,1.0,leptonic_bookkeeping,train,False,0.50562265163496
270347,ggH,124.83570765056163,123.94966038564371,1,3,3,146.83166389813528,3.329770563201687,30.70819111482666,0.7606056073988443,1.0,leptonic_bookkeeping,train,False,0.50562265163496
690826,ggH,124.83570765056163,123.94966038564371,1,3,3,146.83166389813528,3.329770563201687,30.70819111482666,0.7606056073988443,1.0,leptonic_bookkeeping,train,False,0.50562265163496
818677,ggH,124.83570765056163,123.94966038564371,1,3,3,146.83166389813528,3.329770563201687,30.70819111482666,0.7606056073988443,1.0,leptonic_bookkeeping,train,False,0.50562265163496
715436,ggH,124.83570765056163,123.94966038564371,1,3,3,146.83166389813528,3.329770563201687,30.70819111482666,0.7606056073988443,1.0,leptonic_bookkeeping,train,False,0.50562265163496
469803,ggH,124.83570765056163,123.94966038564371,1,3,3,146.83166389813528,3.329770563201687,30.70819111482666,0.7606056073988443,1.0,leptonic_bookkeeping,train,False,0.50562265163496
921019,ggH,124.83570765056163,123.94966038564371,1,3,3,146.83166389813528,3.329770563201687,30.70819111482666,0.7606056073988443,1.0,leptonic_bookkeeping,train,False,0.50562265163496
666384,ggH,124.83570765056163,123.94966038564371,1,3,3,146.83166389813528,3.329770563201687,30.70819111482666,0.7606056073988443,1.0,leptonic_bookkeeping,validation,False,0.50562265163496
713396,ggH,124.83570765056163,123.94966038564371,1,3,3,146.83166389813528,3.329770563201687,30.70819111482666,0.7606056073988443,1.0,leptonic_bookkeeping,train,False,0.50562265163496
311782,ggH,124.83570765056163,123.94966038564371,1,3,3,146.83166389813528,3.329770563201687,30.70819111482666,0.7606056073988443,1.0,leptonic_bookkeeping,train,False,0.50562265163496
589651,ggH,124.83570765056163,123.94966038564371,1,3,3,146.83166389813528,3.329770563201687,30.70819111482666,0.7606056073988443,1.0,leptonic_bookkeeping,train,False,0.50562265163496
562536,ggH,124.83570765056163,123.94966038564371,1,3,3,146.83166389813528,3.329770563201687,30.70819111482666,0.7606056073988443,1.0,leptonic_bookkeeping,train,False,0.50562265163496
53456,ggH,124.83570765056163,123.94966038564371,1,3,3,146.83166389813528,3.329770563201687,30.70819111482666,0.7606056073988443,1.0,leptonic_bookkeeping,train,False,0.50562265163496
467648,ggH,124.83570765056163,123.94966038564371,1,3,3,146.83166389813528,3.329770563201687,30.70819111482666,0.7606056073988443,1.0,leptonic_bookkeeping,train,False,0.50562265163496
480456,ggH,124.83570765056163,123.94966038564371,1,3,3,146.83166389813528,3.329770563201687,30.70819111482666,0.7606056073988443,1.0,leptonic_bookkeeping,validation,False,0.50562265163496
689942,ggH,124.83570765056163,123.94966038564371,1,3,3,146.83166389813528,3.329770563201687,30.70819111482666,0.7606056073988443,1.0,leptonic_bookkeeping,test,False,0.50562265163496
387195,ggH,124.83570765056163,123.94966038564371,1,3,3,146.83166389813528,3.329770563201687,30.70819111482666,0.7606056073988443,1.0,leptonic_bookkeeping,train,False,0.50562265163496
780746,ggH,124.83570765056163,123.94966038564371,1,3,3,146.83166389813528,3.329770563201687,30.70819111482666,0.7606056073988443,1.0,leptonic_bookkeeping,validation,False,0.50562265163496
31837,ggH,124.83570765056163,123.94966038564371,1,3,3,146.83166389813528,3.329770563201687,30.70819111482666,0.7606056073988443,1.0,leptonic_bookkeeping,train,False,0.50562265163496
557035,ggH,124.83570765056163,123.94966038564371,1,3,3,146.83166389813528,3.329770563201687,30.70819111482666,0.7606056073988443,1.0,leptonic_bookkeeping,train,False,0.50562265163496
834450,ggH,124.83570765056163,123.94966038564371,1,3,3,146.83166389813528,3.329770563201687,30.70819111482666,0.7606056073988443,1.0,leptonic_bookkeeping,test,False,0.50562265163496
467142,ggH,124.83570765056163,123.94966038564371,1,3,3,146.83166389813528,3.329770563201687,30.70819111482666,0.7606056073988443,1.0,leptonic_bookkeeping,train,False,0.50562265163496
62542,ggH,124.83570765056163,123.94966038564371,1,3,3,146.83166389813528,3.329770563201687,30.70819111482666,0.7606056073988443,1.0,leptonic_bookkeeping,train,False,0.50562265163496
221313,ggH,124.83570765056163,123.94966038564371,1,3,3,146.83166389813528,3.329770563201687,30.70819111482666,0.7606056073988443,1.0,leptonic_bookkeeping,train,False,0.50562265163496
369205,ggH,124.83570765056163,123.94966038564371,1,3,3,146.83166389813528,3.329770563201687,30.70819111482666,0.7606056073988443,1.0,leptonic_bookkeeping,test,False,0.50562265163496
328408,ggH,124.83570765056163,123.94966038564371,1,3,3,146.83166389813528,3.329770563201687,30.70819111482666,0.7606056073988443,1.0,leptonic_bookkeeping,test,False,0.50562265163496
952143,ggH,124.83570765056163,123.94966038564371,1,3,3,146.83166389813528,3.329770563201687,30.70819111482666,0.7606056073988443,1.0,leptonic_bookkeeping,train,False,0.50562265163496
712924,ggH,124.83570765056163,123.94966038564371,1,3,3,146.83166389813528,3.329770563201687,30.70819111482666,0.7606056073988443,1.0,leptonic_bookkeeping,train,False,0.50562265163496
698031,ggH,124.83570765056163,123.94966038564371,1,3,3,146.83166389813528,3.329770563201687,30.70819111482666,0.7606056073988443,1.0,leptonic_bookkeeping,validation,False,0.50562265163496
91772,ggH,124.83570765056163,123.94966038564371,1,3,3,146.83166389813528,3.329770563201687,30.70819111482666,0.7606056073988443,1.0,leptonic_bookkeeping,test,False,0.50562265163496
569705,ggH,124.83570765056163,123.94966038564371,1,3,3,146.83166389813528,3.329770563201687,30.70819111482666,0.7606056073988443,1.0,leptonic_bookkeeping,train,False,0.50562265163496
832943,ggH,124.83570765056163,123.94966038564371,1,3,3,146.83166389813528,3.329770563201687,30.70819111482666,0.7606056073988443,1.0,leptonic_bookkeeping,validation,False,0.50562265163496
550078,ggH,124.83570765056163,123.94966038564371,1,3,3,146.83166389813528,3.329770563201687,30.70819111482666,0.7606056073988443,1.0,leptonic_bookkeeping,train,False,0.50562265163496
624246,ggH,124.83570765056163,123.94966038564371,1,3,3,146.83166389813528,3.329770563201687,30.70819111482666,0.7606056073988443,1.0,leptonic_bookkeeping,train,False,0.50562265163496
462182,ggH,124.83570765056163,123.94966038564371,1,3,3,146.83166389813528,3.329770563201687,30.70819111482666,0.7606056073988443,1.0,leptonic_bookkeeping,test,False,0.50562265163496
556391,ggH,124.83570765056163,123.94966038564371,1,3,3,146.83166389813528,3.329770563201687,30.70819111482666,0.7606056073988443,1.0,leptonic_bookkeeping,test,False,0.50562265163496
882652,ggH,124.83570765056163,123.94966038564371,1,3,3,146.83166389813528,3.329770563201687,30.70819111482666,0.7606056073988443,1.0,leptonic_bookkeeping,validation,False,0.50562265163496
886847,ggH,124.83570765056163,123.94966038564371,1,3,3,146.83166389813528,3.329770563201687,30.70819111482666,0.7606056073988443,1.0,leptonic_bookkeeping,train,False,0.50562265163496
10501,ggH,124.83570765056163,123.94966038564371,1,3,3,146.83166389813528,3.329770563201687,30.70819111482666,0.7606056073988443,1.0,leptonic_bookkeeping,train,False,0.50562265163496
979725,ggH,124.83570765056163,123.94966038564371,1,3,3,146.83166389813528,3.329770563201687,30.70819111482666,0.7606056073988443,1.0,leptonic_bookkeeping,train,False,0.50562265163496
421039,ggH,124.83570765056163,123.94966038564371,1,3,3,146.83166389813528,3.329770563201687,30.70819111482666,0.7606056073988443,1.0,leptonic_bookkeeping,test,False,0.50562265163496
357124,ggH,124.83570765056163,123.94966038564371,1,3,3,146.83166389813528,3.329770563201687,30.70819111482666,0.7606056073988443,1.0,leptonic_bookkeeping,validation,False,0.50562265163496
769923,ggH,124.83570765056163,123.94966038564371,1,3,3,146.83166389813528,3.329770563201687,30.70819111482666,0.7606056073988443,1.0,leptonic_bookkeeping,validation,False,0.50562265163496
123063,ggH,124.83570765056163,123.94966038564371,1,3,3,146.83166389813528,3.329770563201687,30.70819111482666,0.7606056073988443,1.0,leptonic_bookkeeping,test,False,0.50562265163496
591742,ggH,124.83570765056163,123.94966038564371,1,3,3,146.83166389813528,3.329770563201687,30.70819111482666,0.7606056073988443,1.0,leptonic_bookkeeping,train,False,0.50562265163496
44094,ggH,124.83570765056163,123.94966038564371,1,3,3,146.83166389813528,3.329770563201687,30.70819111482666,0.7606056073988443,1.0,leptonic_bookkeeping,train,False,0.50562265163496
31051,ggH,124.83570765056163,123.94966038564371,1,3,3,146.83166389813528,3.329770563201687,30.70819111482666,0.7606056073988443,1.0,leptonic_bookkeeping,train,False,0.50562265163496
170369,ggH,124.83570765056163,123.94966038564371,1,3,3,146.83166389813528,3.329770563201687,30.70819111482666,0.7606056073988443,1.0,leptonic_bookkeeping,train,False,0.50562265163496
838445,ggH,124.83570765056163,123.94966038564371,1,3,3,146.83166389813528,3.329770563201687,30.70819111482666,0.7606056073988443,1.0,leptonic_bookkeeping,train,False,0.50562265163496
66912,ggH,124.83570765056163,123.94966038564371,1,3,3,146.83166389813528,3.329770563201687,30.70819111482666,0.7606056073988443,1.0,leptonic_bookkeeping,train,False,0.50562265163496
667630,ggH,124.83570765056163,123.94966038564371,1,3,3,146.83166389813528,3.329770563201687,30.70819111482666,0.7606056073988443,1.0,leptonic_bookkeeping,validation,False,0.50562265163496
501050,ggH,124.83570765056163,123.94966038564371,1,3,3,146.83166389813528,3.329770563201687,30.70819111482666,0.7606056073988443,1.0,leptonic_bookkeeping,validation,False,0.50562265163496
669649,ggH,124.83570765056163,123.94966038564371,1,3,3,146.83166389813528,3.329770563201687,30.70819111482666,0.7606056073988443,1.0,leptonic_bookkeeping,test,False,0.50562265163496
485233,ggH,124.83570765056163,123.94966038564371,1,3,3,146.83166389813528,3.329770563201687,30.70819111482666,0.7606056073988443,1.0,leptonic_bookkeeping,train,False,0.50562265163496
13284,ggH,124.83570765056163,123.94966038564371,1,3,3,146.83166389813528,3.329770563201687,30.70819111482666,0.7606056073988443,1.0,leptonic_bookkeeping,train,False,0.50562265163496
836340,ggH,124.83570765056163,123.94966038564371,1,3,3,146.83166389813528,3.329770563201687,30.70819111482666,0.7606056073988443,1.0,leptonic_bookkeeping,train,False,0.50562265163496
352395,ggH,124.83570765056163,123.94966038564371,1,3,3,146.83166389813528,3.329770563201687,30.70819111482666,0.7606056073988443,1.0,leptonic_bookkeeping,train,False,0.50562265163496
634727,ggH,124.83570765056163,123.94966038564371,1,3,3,146.83166389813528,3.329770563201687,30.70819111482666,0.7606056073988443,1.0,leptonic_bookkeeping,train,False,0.50562265163496
785988,ggH,124.83570765056163,123.94966038564371,1,3,3,146.83166389813528,3.329770563201687,30.70819111482666,0.7606056073988443,1.0,leptonic_bookkeeping,train,False,0.50562265163496
950766,ggH,124.83570765056163,123.94966038564371,1,3,3,146.83166389813528,3.329770563201687,30.70819111482666,0.7606056073988443,1.0,leptonic_bookkeeping,train,False,0.50562265163496
581293,ggH,124.83570765056163,123.94966038564371,1,3,3,146.83166389813528,3.329770563201687,30.70819111482666,0.7606056073988443,1.0,leptonic_bookkeeping,train,False,0.50562265163496
443281,ggH,124.83570765056163,123.94966038564371,1,3,3,146.83166389813528,3.329770563201687,30.70819111482666,0.7606056073988443,1.0,leptonic_bookkeeping,test,False,0.50562265163496
715907,ggH,124.83570765056163,123.94966038564371,1,3,3,146.83166389813528,3.329770563201687,30.70819111482666,0.7606056073988443,1.0,leptonic_bookkeeping,train,False,0.50562265163496
565657,ggH,124.83570765056163,123.94966038564371,1,3,3,146.83166389813528,3.329770563201687,30.70819111482666,0.7606056073988443,1.0,leptonic_bookkeeping,test,False,0.50562265163496
20893,ggH,124.83570765056163,123.94966038564371,1,3,3,146.83166389813528,3.329770563201687,30.70819111482666,0.7606056073988443,1.0,leptonic_bookkeeping,train,False,0.50562265163496
382553,ggH,124.83570765056163,123.94966038564371,1,3,3,146.83166389813528,3.329770563201687,30.70819111482666,0.7606056073988443,1.0,leptonic_bookkeeping,train,False,0.50562265163496
411313,ggH,124.83570765056163,123.94966038564371,1,3,3,146.83166389813528,3.329770563201687,30.70819111482666,0.7606056073988443,1.0,leptonic_bookkeeping,test,False,0.50562265163496
220485,ggH,124.83570765056163,123.94966038564371,1,3,3,146.83166389813528,3.329770563201687,30.70819111482666,0.7606056073988443,1.0,leptonic_bookkeeping,train,False,0.50562265163496
545466,ggH,124.83570765056163,123.94966038564371,1,3,3,146.83166389813528,3.329770563201687,30.70819111482666,0.7606056073988443,1.0,leptonic_bookkeeping,test,False,0.50562265163496
10405,ggH,124.83570765056163,123.94966038564371,1,3,3,146.83166389813528,3.329770563201687,30.70819111482666,0.7606056073988443,1.0,leptonic_bookkeeping,train,False,0.50562265163496
291733,ggH,124.83570765056163,123.94966038564371,1,3,3,146.83166389813528,3.329770563201687,30.70819111482666,0.7606056073988443,1.0,leptonic_bookkeeping,train,False,0.50562265163496
690152,ggH,124.83570765056163,123.94966038564371,1,3,3,146.83166389813528,3.329770563201687,30.70819111482666,0.7606056073988443,1.0,leptonic_bookkeeping,test,False,0.50562265163496
709776,ggH,124.83570765056163,123.94966038564371,1,3,3,146.83166389813528,3.329770563201687,30.70819111482666,0.7606056073988443,1.0,leptonic_bookkeeping,test,False,0.50562265163496
637037,ggH,124.83570765056163,123.94966038564371,1,3,3,146.83166389813528,3.329770563201687,30.70819111482666,0.7606056073988443,1.0,leptonic_bookkeeping,validation,False,0.50562265163496
329863,ggH,124.83570765056163,123.94966038564371,1,3,3,146.83166389813528,3.329770563201687,30.70819111482666,0.7606056073988443,1.0,leptonic_bookkeeping,test,False,0.50562265163496
425184,ggH,124.83570765056163,123.94966038564371,1,3,3,146.83166389813528,3.329770563201687,30.70819111482666,0.7606056073988443,1.0,leptonic_bookkeeping,train,False,0.50562265163496
552783,ggH,124.83570765056163,123.94966038564371,1,3,3,146.83166389813528,3.329770563201687,30.70819111482666,0.7606056073988443,1.0,leptonic_bookkeeping,validation,False,0.50562265163496
954668,ggH,124.83570765056163,123.94966038564371,1,3,3,146.83166389813528,3.329770563201687,30.70819111482666,0.7606056073988443,1.0,leptonic_bookkeeping,validation,False,0.50562265163496
315425,ggH,124.83570765056163,123.94966038564371,1,3,3,146.83166389813528,3.329770563201687,30.70819111482666,0.7606056073988443,1.0,leptonic_bookkeeping,train,False,0.50562265163496
490422,ggH,124.83570765056163,123.94966038564371,1,3,3,146.83166389813528,3.329770563201687,30.70819111482666,0.7606056073988443,1.0,leptonic_bookkeeping,train,False,0.50562265163496
382160,ggH,124.83570765056163,123.94966038564371,1,3,3,146.83166389813528,3.329770563201687,30.70819111482666,0.7606056073988443,1.0,leptonic_bookkeeping,train,False,0.50562265163496
434393,ggH,124.83570765056163,123.94966038564371,1,3,3,146.83166389813528,3.329770563201687,30.70819111482666,0.7606056073988443,1.0,leptonic_bookkeeping,train,False,0.50562265163496
53384,ggH,124.83570765056163,123.94966038564371,1,3,3,146.83166389813528,3.329770563201687,30.70819111482666,0.7606056073988443,1.0,leptonic_bookkeeping,train,False,0.50562265163496
18052,ggH,124.83570765056163,123.94966038564371,1,3,3,146.83166389813528,3.329770563201687,30.70819111482666,0.7606056073988443,1.0,leptonic_bookkeeping,validation,False,0.50562265163496
846802,ggH,124.83570765056163,123.94966038564371,1,3,3,146.83166389813528,3.329770563201687,30.70819111482666,0.7606056073988443,1.0,leptonic_bookkeeping,train,False,0.50562265163496
393765,ggH,124.83570765056163,123.94966038564371,1,3,3,146.83166389813528,3.329770563201687,30.70819111482666,0.7606056073988443,1.0,leptonic_bookkeeping,train,False,0.50562265163496
865108,ggH,124.83570765056163,123.94966038564371,1,3,3,146.83166389813528,3.329770563201687,30.70819111482666,0.7606056073988443,1.0,leptonic_bookkeeping,test,False,0.50562265163496
92413,ggH,124.83570765056163,123.94966038564371,1,3,3,146.83166389813528,3.329770563201687,30.70819111482666,0.7606056073988443,1.0,leptonic_bookkeeping,test,False,0.50562265163496
399848,ggH,124.83570765056163,123.94966038564371,1,3,3,146.83166389813528,3.329770563201687,30.70819111482666,0.7606056073988443,1.0,leptonic_bookkeeping,validation,False,0.50562265163496
127288,ggH,124.83570765056163,123.94966038564371,1,3,3,146.83166389813528,3.329770563201687,30.70819111482666,0.7606056073988443,1.0,leptonic_bookkeeping,train,False,0.50562265163496
183091,ggH,124.83570765056163,123.94966038564371,1,3,3,146.83166389813528,3.329770563201687,30.70819111482666,0.7606056073988443,1.0,leptonic_bookkeeping,validation,False,0.50562265163496
968006,ggH,124.83570765056163,123.94966038564371,1,3,3,146.83166389813528,3.329770563201687,30.70819111482666,0.7606056073988443,1.0,leptonic_bookkeeping,test,False,0.50562265163496
664698,ggH,124.83570765056163,123.94966038564371,1,3,3,146.83166389813528,3.329770563201687,30.70819111482666,0.7606056073988443,1.0,leptonic_bookkeeping,train,False,0.50562265163496
260000,ggH,124.83570765056163,123.94966038564371,1,3,3,146.83166389813528,3.329770563201687,30.70819111482666,0.7606056073988443,1.0,leptonic_bookkeeping,train,False,0.50562265163496
735252,ggH,124.83570765056163,123.94966038564371,1,3,3,146.83166389813528,3.329770563201687,30.70819111482666,0.7606056073988443,1.0,leptonic_bookkeeping,train,False,0.50562265163496
911960,ggH,124.83570765056163,123.94966038564371,1,3,3,146.83166389813528,3.329770563201687,30.70819111482666,0.7606056073988443,1.0,leptonic_bookkeeping,train,False,0.50562265163496
754120,ggH,124.83570765056163,123.94966038564371,1,3,3,146.83166389813528,3.329770563201687,30.70819111482666,0.7606056073988443,1.0,leptonic_bookkeeping,train,False,0.50562265163496
620560,ggH,124.83570765056163,123.94966038564371,1,3,3,146.83166389813528,3.329770563201687,30.70819111482666,0.7606056073988443,1.0,leptonic_bookkeeping,train,False,0.50562265163496
909831,ggH,124.83570765056163,123.94966038564371,1,3,3,146.83166389813528,3.329770563201687,30.70819111482666,0.7606056073988443,1.0,leptonic_bookkeeping,train,False,0.50562265163496
365667,ggH,124.83570765056163,123.94966038564371,1,3,3,146.83166389813528,3.329770563201687,30.70819111482666,0.7606056073988443,1.0,leptonic_bookkeeping,train,False,0.50562265163496
36107,ggH,124.83570765056163,123.94966038564371,1,3,3,146.83166389813528,3.329770563201687,30.70819111482666,0.7606056073988443,1.0,leptonic_bookkeeping,train,False,0.50562265163496
30746,ggH,124.83570765056163,123.94966038564371,1,3,3,146.83166389813528,3.329770563201687,30.70819111482666,0.7606056073988443,1.0,leptonic_bookkeeping,test,False,0.50562265163496
172814,ggH,124.83570765056163,123.94966038564371,1,3,3,146.83166389813528,3.329770563201687,30.70819111482666,0.7606056073988443,1.0,leptonic_bookkeeping,validation,False,0.50562265163496
142052,ggH,124.83570765056163,123.94966038564371,1,3,3,146.83166389813528,3.329770563201687,30.70819111482666,0.7606056073988443,1.0,leptonic_bookkeeping,validation,False,0.50562265163496
945053,ggH,124.83570765056163,123.94966038564371,1,3,3,146.83166389813528,3.329770563201687,30.70819111482666,0.7606056073988443,1.0,leptonic_bookkeeping,validation,False,0.50562265163496
157942,ggH,124.83570765056163,123.94966038564371,1,3,3,146.83166389813528,3.329770563201687,30.70819111482666,0.7606056073988443,1.0,leptonic_bookkeeping,train,False,0.50562265163496
560108,ggH,124.83570765056163,123.94966038564371,1,3,3,146.83166389813528,3.329770563201687,30.70819111482666,0.7606056073988443,1.0,leptonic_bookkeeping,train,False,0.50562265163496
650034,ggH,124.83570765056163,123.94966038564371,1,3,3,146.83166389813528,3.329770563201687,30.70819111482666,0.7606056073988443,1.0,leptonic_bookkeeping,train,False,0.50562265163496
172416,ggH,124.83570765056163,123.94966038564371,1,3,3,146.83166389813528,3.329770563201687,30.70819111482666,0.7606056073988443,1.0,leptonic_bookkeeping,validation,False,0.50562265163496
514810,ggH,124.83570765056163,123.94966038564371,1,3,3,146.83166389813528,3.329770563201687,30.70819111482666,0.7606056073988443,1.0,leptonic_bookkeeping,test,False,0.50562265163496
116219,ggH,124.83570765056163,123.94966038564371,1,3,3,146.83166389813528,3.329770563201687,30.70819111482666,0.7606056073988443,1.0,leptonic_bookkeeping,train,False,0.50562265163496
672544,ggH,124.83570765056163,123.94966038564371,1,3,3,146.83166389813528,3.329770563201687,30.70819111482666,0.7606056073988443,1.0,leptonic_bookkeeping,train,False,0.50562265163496
861262,ggH,124.83570765056163,123.94966038564371,1,3,3,146.83166389813528,3.329770563201687,30.70819111482666,0.7606056073988443,1.0,leptonic_bookkeeping,train,False,0.50562265163496
967837,ggH,124.83570765056163,123.94966038564371,1,3,3,146.83166389813528,3.329770563201687,30.70819111482666,0.7606056073988443,1.0,leptonic_bookkeeping,test,False,0.50562265163496
210807,ggH,124.83570765056163,123.94966038564371,1,3,3,146.83166389813528,3.329770563201687,30.70819111482666,0.7606056073988443,1.0,leptonic_bookkeeping,train,False,0.50562265163496
954550,ggH,124.83570765056163,123.94966038564371,1,3,3,146.83166389813528,3.329770563201687,30.70819111482666,0.7606056073988443,1.0,leptonic_bookkeeping,train,False,0.50562265163496
87462,ggH,124.83570765056163,123.94966038564371,1,3,3,146.83166389813528,3.329770563201687,30.70819111482666,0.7606056073988443,1.0,leptonic_bookkeeping,train,False,0.50562265163496
93422,ggH,124.83570765056163,123.94966038564371,1,3,3,146.83166389813528,3.329770563201687,30.70819111482666,0.7606056073988443,1.0,leptonic_bookkeeping,train,False,0.50562265163496
795248,ggH,124.83570765056163,123.94966038564371,1,3,3,146.83166389813528,3.329770563201687,30.70819111482666,0.7606056073988443,1.0,leptonic_bookkeeping,train,False,0.50562265163496
639321,ggH,124.83570765056163,123.94966038564371,1,3,3,146.83166389813528,3.329770563201687,30.70819111482666,0.7606056073988443,1.0,leptonic_bookkeeping,train,False,0.50562265163496
646348,ggH,124.83570765056163,123.94966038564371,1,3,3,146.83166389813528,3.329770563201687,30.70819111482666,0.7606056073988443,1.0,leptonic_bookkeeping,validation,False,0.50562265163496
77293,ggH,124.83570765056163,123.94966038564371,1,3,3,146.83166389813528,3.329770563201687,30.70819111482666,0.7606056073988443,1.0,leptonic_bookkeeping,train,False,0.50562265163496
808394,ggH,124.83570765056163,123.94966038564371,1,3,3,146.83166389813528,3.329770563201687,30.70819111482666,0.7606056073988443,1.0,leptonic_bookkeeping,train,False,0.50562265163496
474493,ggH,124.83570765056163,123.94966038564371,1,3,3,146.83166389813528,3.329770563201687,30.70819111482666,0.7606056073988443,1.0,leptonic_bookkeeping,train,False,0.50562265163496
65455,ggH,124.83570765056163,123.94966038564371,1,3,3,146.83166389813528,3.329770563201687,30.70819111482666,0.7606056073988443,1.0,leptonic_bookkeeping,train,False,0.50562265163496
606252,ggH,124.83570765056163,123.94966038564371,1,3,3,146.83166389813528,3.329770563201687,30.70819111482666,0.7606056073988443,1.0,leptonic_bookkeeping,test,False,0.50562265163496
949210,ggH,124.83570765056163,123.94966038564371,1,3,3,146.83166389813528,3.329770563201687,30.70819111482666,0.7606056073988443,1.0,leptonic_bookkeeping,train,False,0.50562265163496
884528,ggH,124.83570765056163,123.94966038564371,1,3,3,146.83166389813528,3.329770563201687,30.70819111482666,0.7606056073988443,1.0,leptonic_bookkeeping,validation,False,0.50562265163496
451326,ggH,124.83570765056163,123.94966038564371,1,3,3,146.83166389813528,3.329770563201687,30.70819111482666,0.7606056073988443,1.0,leptonic_bookkeeping,validation,False,0.50562265163496
221469,ggH,124.83570765056163,123.94966038564371,1,3,3,146.83166389813528,3.329770563201687,30.70819111482666,0.7606056073988443,1.0,leptonic_bookkeeping,train,False,0.50562265163496
706664,ggH,124.83570765056163,123.94966038564371,1,3,3,146.83166389813528,3.329770563201687,30.70819111482666,0.7606056073988443,1.0,leptonic_bookkeeping,train,False,0.50562265163496
840929,ggH,124.83570765056163,123.94966038564371,1,3,3,146.83166389813528,3.329770563201687,30.70819111482666,0.7606056073988443,1.0,leptonic_bookkeeping,train,False,0.50562265163496
721986,ggH,124.83570765056163,123.94966038564371,1,3,3,146.83166389813528,3.329770563201687,30.70819111482666,0.7606056073988443,1.0,leptonic_bookkeeping,train,False,0.50562265163496
921991,ggH,124.83570765056163,123.94966038564371,1,3,3,146.83166389813528,3.329770563201687,30.70819111482666,0.7606056073988443,1.0,leptonic_bookkeeping,train,False,0.50562265163496
230563,ggH,124.83570765056163,123.94966038564371,1,3,3,146.83166389813528,3.329770563201687,30.70819111482666,0.7606056073988443,1.0,leptonic_bookkeeping,train,False,0.50562265163496
145242,ggH,124.83570765056163,123.94966038564371,1,3,3,146.83166389813528,3.329770563201687,30.70819111482666,0.7606056073988443,1.0,leptonic_bookkeeping,train,False,0.50562265163496
543874,ggH,124.83570765056163,123.94966038564371,1,3,3,146.83166389813528,3.329770563201687,30.70819111482666,0.7606056073988443,1.0,leptonic_bookkeeping,validation,False,0.50562265163496
893501,ggH,124.83570765056163,123.94966038564371,1,3,3,146.83166389813528,3.329770563201687,30.70819111482666,0.7606056073988443,1.0,leptonic_bookkeeping,validation,False,0.50562265163496
721863,ggH,124.83570765056163,123.94966038564371,1,3,3,146.83166389813528,3.329770563201687,30.70819111482666,0.7606056073988443,1.0,leptonic_bookkeeping,train,False,0.50562265163496
739875,ggH,124.83570765056163,123.94966038564371,1,3,3,146.83166389813528,3.329770563201687,30.70819111482666,0.7606056073988443,1.0,leptonic_bookkeeping,validation,False,0.50562265163496
664576,ggH,124.83570765056163,123.94966038564371,1,3,3,146.83166389813528,3.329770563201687,30.70819111482666,0.7606056073988443,1.0,leptonic_bookkeeping,train,False,0.50562265163496
630550,ggH,124.83570765056163,123.94966038564371,1,3,3,146.83166389813528,3.329770563201687,30.70819111482666,0.7606056073988443,1.0,leptonic_bookkeeping,train,False,0.50562265163496
606353,ggH,124.83570765056163,123.94966038564371,1,3,3,146.83166389813528,3.329770563201687,30.70819111482666,0.7606056073988443,1.0,leptonic_bookkeeping,test,False,0.50562265163496
272634,ggH,124.83570765056163,123.94966038564371,1,3,3,146.83166389813528,3.329770563201687,30.70819111482666,0.7606056073988443,1.0,leptonic_bookkeeping,train,False,0.50562265163496
176623,ggH,124.83570765056163,123.94966038564371,1,3,3,146.83166389813528,3.329770563201687,30.70819111482666,0.7606056073988443,1.0,leptonic_bookkeeping,train,False,0.50562265163496
286394,ggH,124.83570765056163,123.94966038564371,1,3,3,146.83166389813528,3.329770563201687,30.70819111482666,0.7606056073988443,1.0,leptonic_bookkeeping,validation,False,0.50562265163496
198643,ggH,124.83570765056163,123.94966038564371,1,3,3,146.83166389813528,3.329770563201687,30.70819111482666,0.7606056073988443,1.0,leptonic_bookkeeping,train,False,0.50562265163496
819146,ggH,124.83570765056163,123.94966038564371,1,3,3,146.83166389813528,3.329770563201687,30.70819111482666,0.7606056073988443,1.0,leptonic_bookkeeping,train,False,0.50562265163496
363057,ggH,124.83570765056163,123.94966038564371,1,3,3,146.83166389813528,3.329770563201687,30.70819111482666,0.7606056073988443,1.0,leptonic_bookkeeping,train,False,0.50562265163496
869163,ggH,124.83570765056163,123.94966038564371,1,3,3,146.83166389813528,3.329770563201687,30.70819111482666,0.7606056073988443,1.0,leptonic_bookkeeping,train,False,0.50562265163496
395147,ggH,124.83570765056163,123.94966038564371,1,3,3,146.83166389813528,3.329770563201687,30.70819111482666,0.7606056073988443,1.0,leptonic_bookkeeping,train,False,0.50562265163496
868366,ggH,124.83570765056163,123.94966038564371,1,3,3,146.83166389813528,3.329770563201687,30.70819111482666,0.7606056073988443,1.0,leptonic_bookkeeping,train,False,0.50562265163496
113243,ggH,124.83570765056163,123.94966038564371,1,3,3,146.83166389813528,3.329770563201687,30.70819111482666,0.7606056073988443,1.0,leptonic_bookkeeping,test,False,0.50562265163496
115471,ggH,124.83570765056163,123.94966038564371,1,3,3,146.83166389813528,3.329770563201687,30.70819111482666,0.7606056073988443,1.0,leptonic_bookkeeping,train,False,0.50562265163496
301277,ggH,124.83570765056163,123.94966038564371,1,3,3,146.83166389813528,3.329770563201687,30.70819111482666,0.7606056073988443,1.0,leptonic_bookkeeping,train,False,0.50562265163496
380048,ggH,124.83570765056163,123.94966038564371,1,3,3,146.83166389813528,3.329770563201687,30.70819111482666,0.7606056073988443,1.0,leptonic_bookkeeping,test,False,0.50562265163496
464481,ggH,124.83570765056163,123.94966038564371,1,3,3,146.83166389813528,3.329770563201687,30.70819111482666,0.7606056073988443,1.0,leptonic_bookkeeping,train,False,0.50562265163496
606647,ggH,124.83570765056163,123.94966038564371,1,3,3,146.83166389813528,3.329770563201687,30.70819111482666,0.7606056073988443,1.0,leptonic_bookkeeping,test,False,0.50562265163496
868089,ggH,124.83570765056163,123.94966038564371,1,3,3,146.83166389813528,3.329770563201687,30.70819111482666,0.7606056073988443,1.0,leptonic_bookkeeping,train,False,0.50562265163496
738112,ggH,124.83570765056163,123.94966038564371,1,3,3,146.83166389813528,3.329770563201687,30.70819111482666,0.7606056073988443,1.0,leptonic_bookkeeping,train,False,0.50562265163496
776636,ggH,124.83570765056163,123.94966038564371,1,3,3,146.83166389813528,3.329770563201687,30.70819111482666,0.7606056073988443,1.0,leptonic_bookkeeping,train,False,0.50562265163496
571441,ggH,124.83570765056163,123.94966038564371,1,3,3,146.83166389813528,3.329770563201687,30.70819111482666,0.7606056073988443,1.0,leptonic_bookkeeping,train,False,0.50562265163496
199308,ggH,124.83570765056163,123.94966038564371,1,3,3,146.83166389813528,3.329770563201687,30.70819111482666,0.7606056073988443,1.0,leptonic_bookkeeping,train,False,0.50562265163496
760776,ggH,124.83570765056163,123.94966038564371,1,3,3,146.83166389813528,3.329770563201687,30.70819111482666,0.7606056073988443,1.0,leptonic_bookkeeping,validation,False,0.50562265163496
575006,ggH,124.83570765056163,123.94966038564371,1,3,3,146.83166389813528,3.329770563201687,30.70819111482666,0.7606056073988443,1.0,leptonic_bookkeeping,validation,False,0.50562265163496
606692,ggH,124.83570765056163,123.94966038564371,1,3,3,146.83166389813528,3.329770563201687,30.70819111482666,0.7606056073988443,1.0,leptonic_bookkeeping,test,False,0.50562265163496
340037,ggH,124.83570765056163,123.94966038564371,1,3,3,146.83166389813528,3.329770563201687,30.70819111482666,0.7606056073988443,1.0,leptonic_bookkeeping,test,False,0.50562265163496
328407,ggH,124.83570765056163,123.94966038564371,1,3,3,146.83166389813528,3.329770563201687,30.70819111482666,0.7606056073988443,1.0,leptonic_bookkeeping,test,False,0.50562265163496
389316,ggH,124.83570765056163,123.94966038564371,1,3,3,146.83166389813528,3.329770563201687,30.70819111482666,0.7606056073988443,1.0,leptonic_bookkeeping,validation,False,0.50562265163496
912743,ggH,124.83570765056163,123.94966038564371,1,3,3,146.83166389813528,3.329770563201687,30.70819111482666,0.7606056073988443,1.0,leptonic_bookkeeping,train,False,0.50562265163496
781822,ggH,124.83570765056163,123.94966038564371,1,3,3,146.83166389813528,3.329770563201687,30.70819111482666,0.7606056073988443,1.0,leptonic_bookkeeping,test,False,0.50562265163496
82382,ggH,124.83570765056163,123.94966038564371,1,3,3,146.83166389813528,3.329770563201687,30.70819111482666,0.7606056073988443,1.0,leptonic_bookkeeping,test,False,0.50562265163496
732160,ggH,124.83570765056163,123.94966038564371,1,3,3,146.83166389813528,3.329770563201687,30.70819111482666,0.7606056073988443,1.0,leptonic_bookkeeping,train,False,0.50562265163496
526014,ggH,124.83570765056163,123.94966038564371,1,3,3,146.83166389813528,3.329770563201687,30.70819111482666,0.7606056073988443,1.0,leptonic_bookkeeping,train,False,0.50562265163496
947083,ggH,124.83570765056163,123.94966038564371,1,3,3,146.83166389813528,3.329770563201687,30.70819111482666,0.7606056073988443,1.0,leptonic_bookkeeping,test,False,0.50562265163496
760895,ggH,124.83570765056163,123.94966038564371,1,3,3,146.83166389813528,3.329770563201687,30.70819111482666,0.7606056073988443,1.0,leptonic_bookkeeping,test,False,0.50562265163496
740541,ggH,124.83570765056163,123.94966038564371,1,3,3,146.83166389813528,3.329770563201687,30.70819111482666,0.7606056073988443,1.0,leptonic_bookkeeping,test,False,0.50562265163496
228832,ggH,124.83570765056163,123.94966038564371,1,3,3,146.83166389813528,3.329770563201687,30.70819111482666,0.7606056073988443,1.0,leptonic_bookkeeping,train,False,0.50562265163496
460938,ggH,124.83570765056163,123.94966038564371,1,3,3,146.83166389813528,3.329770563201687,30.70819111482666,0.7606056073988443,1.0,leptonic_bookkeeping,validation,False,0.50562265163496
31931,ggH,124.83570765056163,123.94966038564371,1,3,3,146.83166389813528,3.329770563201687,30.70819111482666,0.7606056073988443,1.0,leptonic_bookkeeping,train,False,0.50562265163496
945333,ggH,124.83570765056163,123.94966038564371,1,3,3,146.83166389813528,3.329770563201687,30.70819111482666,0.7606056073988443,1.0,leptonic_bookkeeping,validation,False,0.50562265163496
808276,ggH,124.83570765056163,123.94966038564371,1,3,3,146.83166389813528,3.329770563201687,30.70819111482666,0.7606056073988443,1.0,leptonic_bookkeeping,train,False,0.50562265163496
144077,ggH,124.83570765056163,123.94966038564371,1,3,3,146.83166389813528,3.329770563201687,30.70819111482666,0.7606056073988443,1.0,leptonic_bookkeeping,test,False,0.50562265163496
51737,ggH,124.83570765056163,123.94966038564371,1,3,3,146.83166389813528,3.329770563201687,30.70819111482666,0.7606056073988443,1.0,leptonic_bookkeeping,train,False,0.50562265163496
9794,ggH,124.83570765056163,123.94966038564371,1,3,3,146.83166389813528,3.329770563201687,30.70819111482666,0.7606056073988443,1.0,leptonic_bookkeeping,test,False,0.50562265163496
526421,ggH,124.83570765056163,123.94966038564371,1,3,3,146.83166389813528,3.329770563201687,30.70819111482666,0.7606056073988443,1.0,leptonic_bookkeeping,train,False,0.50562265163496
302941,ggH,124.83570765056163,123.94966038564371,1,3,3,146.83166389813528,3.329770563201687,30.70819111482666,0.7606056073988443,1.0,leptonic_bookkeeping,train,False,0.50562265163496
429472,ggH,124.83570765056163,123.94966038564371,1,3,3,146.83166389813528,3.329770563201687,30.70819111482666,0.7606056073988443,1.0,leptonic_bookkeeping,validation,False,0.50562265163496
383849,ggH,124.83570765056163,123.94966038564371,1,3,3,146.83166389813528,3.329770563201687,30.70819111482666,0.7606056073988443,1.0,leptonic_bookkeeping,train,False,0.50562265163496
253996,ggH,124.83570765056163,123.94966038564371,1,3,3,146.83166389813528,3.329770563201687,30.70819111482666,0.7606056073988443,1.0,leptonic_bookkeeping,validation,False,0.50562265163496
22226,ggH,124.83570765056163,123.94966038564371,1,3,3,146.83166389813528,3.329770563201687,30.70819111482666,0.7606056073988443,1.0,leptonic_bookkeeping,train,False,0.50562265163496
984487,ggH,124.83570765056163,123.94966038564371,1,3,3,146.83166389813528,3.329770563201687,30.70819111482666,0.7606056073988443,1.0,leptonic_bookkeeping,train,False,0.50562265163496
161438,ggH,124.83570765056163,123.94966038564371,1,3,3,146.83166389813528,3.329770563201687,30.70819111482666,0.7606056073988443,1.0,leptonic_bookkeeping,validation,False,0.50562265163496
294536,ggH,124.83570765056163,123.94966038564371,1,3,3,146.83166389813528,3.329770563201687,30.70819111482666,0.7606056073988443,1.0,leptonic_bookkeeping,train,False,0.50562265163496
791421,ggH,124.83570765056163,123.94966038564371,1,3,3,146.83166389813528,3.329770563201687,30.70819111482666,0.7606056073988443,1.0,leptonic_bookkeeping,validation,False,0.50562265163496
908644,ggH,124.83570765056163,123.94966038564371,1,3,3,146.83166389813528,3.329770563201687,30.70819111482666,0.7606056073988443,1.0,leptonic_bookkeeping,train,False,0.50562265163496
433985,ggH,124.83570765056163,123.94966038564371,1,3,3,146.83166389813528,3.329770563201687,30.70819111482666,0.7606056073988443,1.0,leptonic_bookkeeping,train,False,0.50562265163496
238535,ggH,124.83570765056163,123.94966038564371,1,3,3,146.83166389813528,3.329770563201687,30.70819111482666,0.7606056073988443,1.0,leptonic_bookkeeping,train,False,0.50562265163496
935347,ggH,124.83570765056163,123.94966038564371,1,3,3,146.83166389813528,3.329770563201687,30.70819111482666,0.7606056073988443,1.0,leptonic_bookkeeping,validation,False,0.50562265163496
500035,ggH,124.83570765056163,123.94966038564371,1,3,3,146.83166389813528,3.329770563201687,30.70819111482666,0.7606056073988443,1.0,leptonic_bookkeeping,train,False,0.50562265163496
735288,ggH,124.83570765056163,123.94966038564371,1,3,3,146.83166389813528,3.329770563201687,30.70819111482666,0.7606056073988443,1.0,leptonic_bookkeeping,train,False,0.50562265163496
502134,ggH,124.83570765056163,123.94966038564371,1,3,3,146.83166389813528,3.329770563201687,30.70819111482666,0.7606056073988443,1.0,leptonic_bookkeeping,validation,False,0.50562265163496
685781,ggH,124.83570765056163,123.94966038564371,1,3,3,146.83166389813528,3.329770563201687,30.70819111482666,0.7606056073988443,1.0,leptonic_bookkeeping,train,False,0.50562265163496
34420,ggH,124.83570765056163,123.94966038564371,1,3,3,146.83166389813528,3.329770563201687,30.70819111482666,0.7606056073988443,1.0,leptonic_bookkeeping,train,False,0.50562265163496
148379,ggH,124.83570765056163,123.94966038564371,1,3,3,146.83166389813528,3.329770563201687,30.70819111482666,0.7606056073988443,1.0,leptonic_bookkeeping,train,False,0.50562265163496
848832,ggH,124.83570765056163,123.94966038564371,1,3,3,146.83166389813528,3.329770563201687,30.70819111482666,0.7606056073988443,1.0,leptonic_bookkeeping,train,False,0.50562265163496
416097,ggH,124.83570765056163,123.94966038564371,1,3,3,146.83166389813528,3.329770563201687,30.70819111482666,0.7606056073988443,1.0,leptonic_bookkeeping,train,False,0.50562265163496
326197,ggH,124.83570765056163,123.94966038564371,1,3,3,146.83166389813528,3.329770563201687,30.70819111482666,0.7606056073988443,1.0,leptonic_bookkeeping,validation,False,0.50562265163496
975650,ggH,124.83570765056163,123.94966038564371,1,3,3,146.83166389813528,3.329770563201687,30.70819111482666,0.7606056073988443,1.0,leptonic_bookkeeping,validation,False,0.50562265163496
864196,ggH,124.83570765056163,123.94966038564371,1,3,3,146.83166389813528,3.329770563201687,30.70819111482666,0.7606056073988443,1.0,leptonic_bookkeeping,test,False,0.50562265163496
969541,ggH,124.83570765056163,123.94966038564371,1,3,3,146.83166389813528,3.329770563201687,30.70819111482666,0.7606056073988443,1.0,leptonic_bookkeeping,train,False,0.50562265163496
838551,ggH,124.83570765056163,123.94966038564371,1,3,3,146.83166389813528,3.329770563201687,30.70819111482666,0.7606056073988443,1.0,leptonic_bookkeeping,train,False,0.50562265163496
219845,ggH,124.83570765056163,123.94966038564371,1,3,3,146.83166389813528,3.329770563201687,30.70819111482666,0.7606056073988443,1.0,leptonic_bookkeeping,train,False,0.50562265163496
939675,ggH,124.83570765056163,123.94966038564371,1,3,3,146.83166389813528,3.329770563201687,30.70819111482666,0.7606056073988443,1.0,leptonic_bookkeeping,train,False,0.50562265163496
374570,ggH,124.83570765056163,123.94966038564371,1,3,3,146.83166389813528,3.329770563201687,30.70819111482666,0.7606056073988443,1.0,leptonic_bookkeeping,train,False,0.50562265163496
235363,ggH,124.83570765056163,123.94966038564371,1,3,3,146.83166389813528,3.329770563201687,30.70819111482666,0.7606056073988443,1.0,leptonic_bookkeeping,test,False,0.50562265163496
240728,ggH,124.83570765056163,123.94966038564371,1,3,3,146.83166389813528,3.329770563201687,30.70819111482666,0.7606056073988443,1.0,leptonic_bookkeeping,train,False,0.50562265163496
595882,ggH,124.83570765056163,123.94966038564371,1,3,3,146.83166389813528,3.329770563201687,30.70819111482666,0.7606056073988443,1.0,leptonic_bookkeeping,test,False,0.50562265163496
855106,ggH,124.83570765056163,123.94966038564371,1,3,3,146.83166389813528,3.329770563201687,30.70819111482666,0.7606056073988443,1.0,leptonic_bookkeeping,test,False,0.50562265163496
162952,ggH,124.83570765056163,123.94966038564371,1,3,3,146.83166389813528,3.329770563201687,30.70819111482666,0.7606056073988443,1.0,leptonic_bookkeeping,test,False,0.50562265163496
674344,ggH,124.83570765056163,123.94966038564371,1,3,3,146.83166389813528,3.329770563201687,30.70819111482666,0.7606056073988443,1.0,leptonic_bookkeeping,train,False,0.50562265163496
819602,ggH,124.83570765056163,123.94966038564371,1,3,3,146.83166389813528,3.329770563201687,30.70819111482666,0.7606056073988443,1.0,leptonic_bookkeeping,train,False,0.50562265163496
514326,ggH,124.83570765056163,123.94966038564371,1,3,3,146.83166389813528,3.329770563201687,30.70819111482666,0.7606056073988443,1.0,leptonic_bookkeeping,test,False,0.50562265163496
164365,ggH,124.83570765056163,123.94966038564371,1,3,3,146.83166389813528,3.329770563201687,30.70819111482666,0.7606056073988443,1.0,leptonic_bookkeeping,test,False,0.50562265163496
477049,ggH,124.83570765056163,123.94966038564371,1,3,3,146.83166389813528,3.329770563201687,30.70819111482666,0.7606056073988443,1.0,leptonic_bookkeeping,train,False,0.50562265163496
13452,ggH,124.83570765056163,123.94966038564371,1,3,3,146.83166389813528,3.329770563201687,30.70819111482666,0.7606056073988443,1.0,leptonic_bookkeeping,train,False,0.50562265163496
157267,ggH,124.83570765056163,123.94966038564371,1,3,3,146.83166389813528,3.329770563201687,30.70819111482666,0.7606056073988443,1.0,leptonic_bookkeeping,train,False,0.50562265163496
695486,ggH,124.83570765056163,123.94966038564371,1,3,3,146.83166389813528,3.329770563201687,30.70819111482666,0.7606056073988443,1.0,leptonic_bookkeeping,train,False,0.50562265163496
21963,ggH,124.83570765056163,123.94966038564371,1,3,3,146.83166389813528,3.329770563201687,30.70819111482666,0.7606056073988443,1.0,leptonic_bookkeeping,train,False,0.50562265163496
769376,ggH,124.83570765056163,123.94966038564371,1,3,3,146.83166389813528,3.329770563201687,30.70819111482666,0.7606056073988443,1.0,leptonic_bookkeeping,validation,False,0.50562265163496
692452,ggH,124.83570765056163,123.94966038564371,1,3,3,146.83166389813528,3.329770563201687,30.70819111482666,0.7606056073988443,1.0,leptonic_bookkeeping,train,False,0.50562265163496
575765,ggH,124.83570765056163,123.94966038564371,1,3,3,146.83166389813528,3.329770563201687,30.70819111482666,0.7606056073988443,1.0,leptonic_bookkeeping,test,False,0.50562265163496
750754,ggH,124.83570765056163,123.94966038564371,1,3,3,146.83166389813528,3.329770563201687,30.70819111482666,0.7606056073988443,1.0,leptonic_bookkeeping,test,False,0.50562265163496
651571,ggH,124.83570765056163,123.94966038564371,1,3,3,146.83166389813528,3.329770563201687,30.70819111482666,0.7606056073988443,1.0,leptonic_bookkeeping,train,False,0.50562265163496
584353,ggH,124.83570765056163,123.94966038564371,1,3,3,146.83166389813528,3.329770563201687,30.70819111482666,0.7606056073988443,1.0,leptonic_bookkeeping,validation,False,0.50562265163496
295300,ggH,124.83570765056163,123.94966038564371,1,3,3,146.83166389813528,3.329770563201687,30.70819111482666,0.7606056073988443,1.0,leptonic_bookkeeping,validation,False,0.50562265163496
526470,ggH,124.83570765056163,123.94966038564371,1,3,3,146.83166389813528,3.329770563201687,30.70819111482666,0.7606056073988443,1.0,leptonic_bookkeeping,train,False,0.50562265163496
425993,ggH,124.83570765056163,123.94966038564371,1,3,3,146.83166389813528,3.329770563201687,30.70819111482666,0.7606056073988443,1.0,leptonic_bookkeeping,train,False,0.50562265163496
139677,ggH,124.83570765056163,123.94966038564371,1,3,3,146.83166389813528,3.329770563201687,30.70819111482666,0.7606056073988443,1.0,leptonic_bookkeeping,train,False,0.50562265163496
388606,ggH,124.83570765056163,123.94966038564371,1,3,3,146.83166389813528,3.329770563201687,30.70819111482666,0.7606056073988443,1.0,leptonic_bookkeeping,validation,False,0.50562265163496
45574,ggH,124.83570765056163,123.94966038564371,1,3,3,146.83166389813528,3.329770563201687,30.70819111482666,0.7606056073988443,1.0,leptonic_bookkeeping,train,False,0.50562265163496
836067,ggH,124.83570765056163,123.94966038564371,1,3,3,146.83166389813528,3.329770563201687,30.70819111482666,0.7606056073988443,1.0,leptonic_bookkeeping,train,False,0.50562265163496
308334,ggH,124.83570765056163,123.94966038564371,1,3,3,146.83166389813528,3.329770563201687,30.70819111482666,0.7606056073988443,1.0,leptonic_bookkeeping,test,False,0.50562265163496
505696,ggH,124.83570765056163,123.94966038564371,1,3,3,146.83166389813528,3.329770563201687,30.70819111482666,0.7606056073988443,1.0,leptonic_bookkeeping,train,False,0.50562265163496
709708,ggH,124.83570765056163,123.94966038564371,1,3,3,146.83166389813528,3.329770563201687,30.70819111482666,0.7606056073988443,1.0,leptonic_bookkeeping,test,False,0.50562265163496
96347,ggH,124.83570765056163,123.94966038564371,1,3,3,146.83166389813528,3.329770563201687,30.70819111482666,0.7606056073988443,1.0,leptonic_bookkeeping,train,False,0.50562265163496
189497,ggH,124.83570765056163,123.94966038564371,1,3,3,146.83166389813528,3.329770563201687,30.70819111482666,0.7606056073988443,1.0,leptonic_bookkeeping,train,False,0.50562265163496
819469,ggH,124.83570765056163,123.94966038564371,1,3,3,146.83166389813528,3.329770563201687,30.70819111482666,0.7606056073988443,1.0,leptonic_bookkeeping,train,False,0.50562265163496
78188,ggH,124.83570765056163,123.94966038564371,1,3,3,146.83166389813528,3.329770563201687,30.70819111482666,0.7606056073988443,1.0,leptonic_bookkeeping,train,False,0.50562265163496
123676,ggH,124.83570765056163,123.94966038564371,1,3,3,146.83166389813528,3.329770563201687,30.70819111482666,0.7606056073988443,1.0,leptonic_bookkeeping,test,False,0.50562265163496
235345,ggH,124.83570765056163,123.94966038564371,1,3,3,146.83166389813528,3.329770563201687,30.70819111482666,0.7606056073988443,1.0,leptonic_bookkeeping,test,False,0.50562265163496
641007,ggH,124.83570765056163,123.94966038564371,1,3,3,146.83166389813528,3.329770563201687,30.70819111482666,0.7606056073988443,1.0,leptonic_bookkeeping,train,False,0.50562265163496
327589,ggH,124.83570765056163,123.94966038564371,1,3,3,146.83166389813528,3.329770563201687,30.70819111482666,0.7606056073988443,1.0,leptonic_bookkeeping,validation,False,0.50562265163496
741232,ggH,124.83570765056163,123.94966038564371,1,3,3,146.83166389813528,3.329770563201687,30.70819111482666,0.7606056073988443,1.0,leptonic_bookkeeping,test,False,0.50562265163496
124098,ggH,124.83570765056163,123.94966038564371,1,3,3,146.83166389813528,3.329770563201687,30.70819111482666,0.7606056073988443,1.0,leptonic_bookkeeping,train,False,0.50562265163496
85202,ggH,124.83570765056163,123.94966038564371,1,3,3,146.83166389813528,3.329770563201687,30.70819111482666,0.7606056073988443,1.0,leptonic_bookkeeping,train,False,0.50562265163496
137721,ggH,124.83570765056163,123.94966038564371,1,3,3,146.83166389813528,3.329770563201687,30.70819111482666,0.7606056073988443,1.0,leptonic_bookkeeping,train,False,0.50562265163496
657213,ggH,124.83570765056163,123.94966038564371,1,3,3,146.83166389813528,3.329770563201687,30.70819111482666,0.7606056073988443,1.0,leptonic_bookkeeping,validation,False,0.50562265163496
457053,ggH,124.83570765056163,123.94966038564371,1,3,3,146.83166389813528,3.329770563201687,30.70819111482666,0.7606056073988443,1.0,leptonic_bookkeeping,train,False,0.50562265163496
217665,ggH,124.83570765056163,123.94966038564371,1,3,3,146.83166389813528,3.329770563201687,30.70819111482666,0.7606056073988443,1.0,leptonic_bookkeeping,train,False,0.50562265163496
573486,ggH,124.83570765056163,123.94966038564371,1,3,3,146.83166389813528,3.329770563201687,30.70819111482666,0.7606056073988443,1.0,leptonic_bookkeeping,validation,False,0.50562265163496
294627,ggH,124.83570765056163,123.94966038564371,1,3,3,146.83166389813528,3.329770563201687,30.70819111482666,0.7606056073988443,1.0,leptonic_bookkeeping,train,False,0.50562265163496
872714,ggH,124.83570765056163,123.94966038564371,1,3,3,146.83166389813528,3.329770563201687,30.70819111482666,0.7606056073988443,1.0,leptonic_bookkeeping,validation,False,0.50562265163496
658196,ggH,124.83570765056163,123.94966038564371,1,3,3,146.83166389813528,3.329770563201687,30.70819111482666,0.7606056073988443,1.0,leptonic_bookkeeping,test,False,0.50562265163496
391611,ggH,124.83570765056163,123.94966038564371,1,3,3,146.83166389813528,3.329770563201687,30.70819111482666,0.7606056073988443,1.0,leptonic_bookkeeping,test,False,0.50562265163496
448903,ggH,124.83570765056163,123.94966038564371,1,3,3,146.83166389813528,3.329770563201687,30.70819111482666,0.7606056073988443,1.0,leptonic_bookkeeping,train,False,0.50562265163496
494049,ggH,124.83570765056163,123.94966038564371,1,3,3,146.83166389813528,3.329770563201687,30.70819111482666,0.7606056073988443,1.0,leptonic_bookkeeping,test,False,0.50562265163496
981247,ggH,124.83570765056163,123.94966038564371,1,3,3,146.83166389813528,3.329770563201687,30.70819111482666,0.7606056073988443,1.0,leptonic_bookkeeping,train,False,0.50562265163496
926858,ggH,124.83570765056163,123.94966038564371,1,3,3,146.83166389813528,3.329770563201687,30.70819111482666,0.7606056073988443,1.0,leptonic_bookkeeping,test,False,0.50562265163496
18901,ggH,124.83570765056163,123.94966038564371,1,3,3,146.83166389813528,3.329770563201687,30.70819111482666,0.7606056073988443,1.0,leptonic_bookkeeping,test,False,0.50562265163496
976943,ggH,124.83570765056163,123.94966038564371,1,3,3,146.83166389813528,3.329770563201687,30.70819111482666,0.7606056073988443,1.0,leptonic_bookkeeping,validation,False,0.50562265163496
269630,ggH,124.83570765056163,123.94966038564371,1,3,3,146.83166389813528,3.329770563201687,30.70819111482666,0.7606056073988443,1.0,leptonic_bookkeeping,train,False,0.50562265163496
131737,ggH,124.83570765056163,123.94966038564371,1,3,3,146.83166389813528,3.329770563201687,30.70819111482666,0.7606056073988443,1.0,leptonic_bookkeeping,validation,False,0.50562265163496
821055,ggH,124.83570765056163,123.94966038564371,1,3,3,146.83166389813528,3.329770563201687,30.70819111482666,0.7606056073988443,1.0,leptonic_bookkeeping,validation,False,0.50562265163496
155664,ggH,124.83570765056163,123.94966038564371,1,3,3,146.83166389813528,3.329770563201687,30.70819111482666,0.7606056073988443,1.0,leptonic_bookkeeping,train,False,0.50562265163496
275763,ggH,124.83570765056163,123.94966038564371,1,3,3,146.83166389813528,3.329770563201687,30.70819111482666,0.7606056073988443,1.0,leptonic_bookkeeping,validation,False,0.50562265163496
615122,ggH,124.83570765056163,123.94966038564371,1,3,3,146.83166389813528,3.329770563201687,30.70819111482666,0.7606056073988443,1.0,leptonic_bookkeeping,validation,False,0.50562265163496
674404,ggH,124.83570765056163,123.94966038564371,1,3,3,146.83166389813528,3.329770563201687,30.70819111482666,0.7606056073988443,1.0,leptonic_bookkeeping,train,False,0.50562265163496
930406,ggH,124.83570765056163,123.94966038564371,1,3,3,146.83166389813528,3.329770563201687,30.70819111482666,0.7606056073988443,1.0,leptonic_bookkeeping,train,False,0.50562265163496
157956,ggH,124.83570765056163,123.94966038564371,1,3,3,146.83166389813528,3.329770563201687,30.70819111482666,0.7606056073988443,1.0,leptonic_bookkeeping,train,False,0.50562265163496
638682,ggH,124.83570765056163,123.94966038564371,1,3,3,146.83166389813528,3.329770563201687,30.70819111482666,0.7606056073988443,1.0,leptonic_bookkeeping,test,False,0.50562265163496
965190,ggH,124.83570765056163,123.94966038564371,1,3,3,146.83166389813528,3.329770563201687,30.70819111482666,0.7606056073988443,1.0,leptonic_bookkeeping,validation,False,0.50562265163496
713047,ggH,124.83570765056163,123.94966038564371,1,3,3,146.83166389813528,3.329770563201687,30.70819111482666,0.7606056073988443,1.0,leptonic_bookkeeping,train,False,0.50562265163496
252511,ggH,124.83570765056163,123.94966038564371,1,3,3,146.83166389813528,3.329770563201687,30.70819111482666,0.7606056073988443,1.0,leptonic_bookkeeping,train,False,0.50562265163496
904578,ggH,124.83570765056163,123.94966038564371,1,3,3,146.83166389813528,3.329770563201687,30.70819111482666,0.7606056073988443,1.0,leptonic_bookkeeping,validation,False,0.50562265163496
514550,ggH,124.83570765056163,123.94966038564371,1,3,3,146.83166389813528,3.329770563201687,30.70819111482666,0.7606056073988443,1.0,leptonic_bookkeeping,test,False,0.50562265163496
270854,ggH,124.83570765056163,123.94966038564371,1,3,3,146.83166389813528,3.329770563201687,30.70819111482666,0.7606056073988443,1.0,leptonic_bookkeeping,train,False,0.50562265163496
738091,ggH,124.83570765056163,123.94966038564371,1,3,3,146.83166389813528,3.329770563201687,30.70819111482666,0.7606056073988443,1.0,leptonic_bookkeeping,train,False,0.50562265163496
51172,ggH,124.83570765056163,123.94966038564371,1,3,3,146.83166389813528,3.329770563201687,30.70819111482666,0.7606056073988443,1.0,leptonic_bookkeeping,test,False,0.50562265163496
230516,ggH,124.83570765056163,123.94966038564371,1,3,3,146.83166389813528,3.329770563201687,30.70819111482666,0.7606056073988443,1.0,leptonic_bookkeeping,train,False,0.50562265163496
549525,ggH,124.83570765056163,123.94966038564371,1,3,3,146.83166389813528,3.329770563201687,30.70819111482666,0.7606056073988443,1.0,leptonic_bookkeeping,train,False,0.50562265163496
887682,ggH,124.83570765056163,123.94966038564371,1,3,3,146.83166389813528,3.329770563201687,30.70819111482666,0.7606056073988443,1.0,leptonic_bookkeeping,train,False,0.50562265163496
840531,ggH,124.83570765056163,123.94966038564371,1,3,3,146.83166389813528,3.329770563201687,30.70819111482666,0.7606056073988443,1.0,leptonic_bookkeeping,train,False,0.50562265163496
411045,ggH,124.83570765056163,123.94966038564371,1,3,3,146.83166389813528,3.329770563201687,30.70819111482666,0.7606056073988443,1.0,leptonic_bookkeeping,test,False,0.50562265163496
861635,ggH,124.83570765056163,123.94966038564371,1,3,3,146.83166389813528,3.329770563201687,30.70819111482666,0.7606056073988443,1.0,leptonic_bookkeeping,train,False,0.50562265163496
898035,ggH,124.83570765056163,123.94966038564371,1,3,3,146.83166389813528,3.329770563201687,30.70819111482666,0.7606056073988443,1.0,leptonic_bookkeeping,train,False,0.50562265163496
193424,ggH,124.83570765056163,123.94966038564371,1,3,3,146.83166389813528,3.329770563201687,30.70819111482666,0.7606056073988443,1.0,leptonic_bookkeeping,validation,False,0.50562265163496
647891,ggH,124.83570765056163,123.94966038564371,1,3,3,146.83166389813528,3.329770563201687,30.70819111482666,0.7606056073988443,1.0,leptonic_bookkeeping,test,False,0.50562265163496
757909,ggH,124.83570765056163,123.94966038564371,1,3,3,146.83166389813528,3.329770563201687,30.70819111482666,0.7606056073988443,1.0,leptonic_bookkeeping,train,False,0.50562265163496
476167,ggH,124.83570765056163,123.94966038564371,1,3,3,146.83166389813528,3.329770563201687,30.70819111482666,0.7606056073988443,1.0,leptonic_bookkeeping,train,False,0.50562265163496
378369,ggH,124.83570765056163,123.94966038564371,1,3,3,146.83166389813528,3.329770563201687,30.70819111482666,0.7606056073988443,1.0,leptonic_bookkeeping,validation,False,0.50562265163496
215693,ggH,124.83570765056163,123.94966038564371,1,3,3,146.83166389813528,3.329770563201687,30.70819111482666,0.7606056073988443,1.0,leptonic_bookkeeping,test,False,0.50562265163496
452574,ggH,124.83570765056163,123.94966038564371,1,3,3,146.83166389813528,3.329770563201687,30.70819111482666,0.7606056073988443,1.0,leptonic_bookkeeping,test,False,0.50562265163496
599208,ggH,124.83570765056163,123.94966038564371,1,3,3,146.83166389813528,3.329770563201687,30.70819111482666,0.7606056073988443,1.0,leptonic_bookkeeping,train,False,0.50562265163496
354821,ggH,124.83570765056163,123.94966038564371,1,3,3,146.83166389813528,3.329770563201687,30.70819111482666,0.7606056073988443,1.0,leptonic_bookkeeping,train,False,0.50562265163496
432284,ggH,124.83570765056163,123.94966038564371,1,3,3,146.83166389813528,3.329770563201687,30.70819111482666,0.7606056073988443,1.0,leptonic_bookkeeping,test,False,0.50562265163496
271662,ggH,124.83570765056163,123.94966038564371,1,3,3,146.83166389813528,3.329770563201687,30.70819111482666,0.7606056073988443,1.0,leptonic_bookkeeping,train,False,0.50562265163496
762029,ggH,124.83570765056163,123.94966038564371,1,3,3,146.83166389813528,3.329770563201687,30.70819111482666,0.7606056073988443,1.0,leptonic_bookkeeping,test,False,0.50562265163496
530667,ggH,124.83570765056163,123.94966038564371,1,3,3,146.83166389813528,3.329770563201687,30.70819111482666,0.7606056073988443,1.0,leptonic_bookkeeping,train,False,0.50562265163496
643028,ggH,124.83570765056163,123.94966038564371,1,3,3,146.83166389813528,3.329770563201687,30.70819111482666,0.7606056073988443,1.0,leptonic_bookkeeping,train,False,0.50562265163496
429642,ggH,124.83570765056163,123.94966038564371,1,3,3,146.83166389813528,3.329770563201687,30.70819111482666,0.7606056073988443,1.0,leptonic_bookkeeping,validation,False,0.50562265163496
754216,ggH,124.83570765056163,123.94966038564371,1,3,3,146.83166389813528,3.329770563201687,30.70819111482666,0.7606056073988443,1.0,leptonic_bookkeeping,train,False,0.50562265163496
199093,ggH,124.83570765056163,123.94966038564371,1,3,3,146.83166389813528,3.329770563201687,30.70819111482666,0.7606056073988443,1.0,leptonic_bookkeeping,train,False,0.50562265163496
26015,ggH,124.83570765056163,123.94966038564371,1,3,3,146.83166389813528,3.329770563201687,30.70819111482666,0.7606056073988443,1.0,leptonic_bookkeeping,train,False,0.50562265163496
949035,ggH,124.83570765056163,123.94966038564371,1,3,3,146.83166389813528,3.329770563201687,30.70819111482666,0.7606056073988443,1.0,leptonic_bookkeeping,train,False,0.50562265163496
582137,ggH,124.83570765056163,123.94966038564371,1,3,3,146.83166389813528,3.329770563201687,30.70819111482666,0.7606056073988443,1.0,leptonic_bookkeeping,train,False,0.50562265163496
651743,ggH,124.83570765056163,123.94966038564371,1,3,3,146.83166389813528,3.329770563201687,30.70819111482666,0.7606056073988443,1.0,leptonic_bookkeeping,train,False,0.50562265163496
360349,ggH,124.83570765056163,123.94966038564371,1,3,3,146.83166389813528,3.329770563201687,30.70819111482666,0.7606056073988443,1.0,leptonic_bookkeeping,test,False,0.50562265163496
303980,ggH,124.83570765056163,123.94966038564371,1,3,3,146.83166389813528,3.329770563201687,30.70819111482666,0.7606056073988443,1.0,leptonic_bookkeeping,train,False,0.50562265163496
280531,ggH,124.83570765056163,123.94966038564371,1,3,3,146.83166389813528,3.329770563201687,30.70819111482666,0.7606056073988443,1.0,leptonic_bookkeeping,train,False,0.50562265163496
747451,ggH,124.83570765056163,123.94966038564371,1,3,3,146.83166389813528,3.329770563201687,30.70819111482666,0.7606056073988443,1.0,leptonic_bookkeeping,train,False,0.50562265163496
882,ggH,124.83570765056163,123.94966038564371,1,3,3,146.83166389813528,3.329770563201687,30.70819111482666,0.7606056073988443,1.0,leptonic_bookkeeping,train,False,0.50562265163496
197125,ggH,124.83570765056163,123.94966038564371,1,3,3,146.83166389813528,3.329770563201687,30.70819111482666,0.7606056073988443,1.0,leptonic_bookkeeping,train,False,0.50562265163496
863008,ggH,124.83570765056163,123.94966038564371,1,3,3,146.83166389813528,3.329770563201687,30.70819111482666,0.7606056073988443,1.0,leptonic_bookkeeping,validation,False,0.50562265163496
687185,ggH,124.83570765056163,123.94966038564371,1,3,3,146.83166389813528,3.329770563201687,30.70819111482666,0.7606056073988443,1.0,leptonic_bookkeeping,validation,False,0.50562265163496
375570,ggH,124.83570765056163,123.94966038564371,1,3,3,146.83166389813528,3.329770563201687,30.70819111482666,0.7606056073988443,1.0,leptonic_bookkeeping,train,False,0.50562265163496
594880,ggH,124.83570765056163,123.94966038564371,1,3,3,146.83166389813528,3.329770563201687,30.70819111482666,0.7606056073988443,1.0,leptonic_bookkeeping,validation,False,0.50562265163496
850589,ggH,124.83570765056163,123.94966038564371,1,3,3,146.83166389813528,3.329770563201687,30.70819111482666,0.7606056073988443,1.0,leptonic_bookkeeping,train,False,0.50562265163496
748232,ggH,124.83570765056163,123.94966038564371,1,3,3,146.83166389813528,3.329770563201687,30.70819111482666,0.7606056073988443,1.0,leptonic_bookkeeping,train,False,0.50562265163496
577714,ggH,124.83570765056163,123.94966038564371,1,3,3,146.83166389813528,3.329770563201687,30.70819111482666,0.7606056073988443,1.0,leptonic_bookkeeping,train,False,0.50562265163496
768718,ggH,124.83570765056163,123.94966038564371,1,3,3,146.83166389813528,3.329770563201687,30.70819111482666,0.7606056073988443,1.0,leptonic_bookkeeping,train,False,0.50562265163496
802896,ggH,124.83570765056163,123.94966038564371,1,3,3,146.83166389813528,3.329770563201687,30.70819111482666,0.7606056073988443,1.0,leptonic_bookkeeping,test,False,0.50562265163496
770962,ggH,124.83570765056163,123.94966038564371,1,3,3,146.83166389813528,3.329770563201687,30.70819111482666,0.7606056073988443,1.0,leptonic_bookkeeping,validation,False,0.50562265163496
761622,ggH,124.83570765056163,123.94966038564371,1,3,3,146.83166389813528,3.329770563201687,30.70819111482666,0.7606056073988443,1.0,leptonic_bookkeeping,test,False,0.50562265163496
826586,ggH,124.83570765056163,123.94966038564371,1,3,3,146.83166389813528,3.329770563201687,30.70819111482666,0.7606056073988443,1.0,leptonic_bookkeeping,train,False,0.50562265163496
779654,ggH,124.83570765056163,123.94966038564371,1,3,3,146.83166389813528,3.329770563201687,30.70819111482666,0.7606056073988443,1.0,leptonic_bookkeeping,validation,False,0.50562265163496
352464,ggH,124.83570765056163,123.94966038564371,1,3,3,146.83166389813528,3.329770563201687,30.70819111482666,0.7606056073988443,1.0,leptonic_bookkeeping,train,False,0.50562265163496
439178,ggH,124.83570765056163,123.94966038564371,1,3,3,146.83166389813528,3.329770563201687,30.70819111482666,0.7606056073988443,1.0,leptonic_bookkeeping,validation,False,0.50562265163496
792192,ggH,124.83570765056163,123.94966038564371,1,3,3,146.83166389813528,3.329770563201687,30.70819111482666,0.7606056073988443,1.0,leptonic_bookkeeping,test,False,0.50562265163496
927295,ggH,124.83570765056163,123.94966038564371,1,3,3,146.83166389813528,3.329770563201687,30.70819111482666,0.7606056073988443,1.0,leptonic_bookkeeping,test,False,0.50562265163496
686825,ggH,124.83570765056163,123.94966038564371,1,3,3,146.83166389813528,3.329770563201687,30.70819111482666,0.7606056073988443,1.0,leptonic_bookkeeping,validation,False,0.50562265163496
825977,ggH,124.83570765056163,123.94966038564371,1,3,3,146.83166389813528,3.329770563201687,30.70819111482666,0.7606056073988443,1.0,leptonic_bookkeeping,train,False,0.50562265163496
841263,ggH,124.83570765056163,123.94966038564371,1,3,3,146.83166389813528,3.329770563201687,30.70819111482666,0.7606056073988443,1.0,leptonic_bookkeeping,validation,False,0.50562265163496
246750,ggH,124.83570765056163,123.94966038564371,1,3,3,146.83166389813528,3.329770563201687,30.70819111482666,0.7606056073988443,1.0,leptonic_bookkeeping,test,False,0.50562265163496
493713,ggH,124.83570765056163,123.94966038564371,1,3,3,146.83166389813528,3.329770563201687,30.70819111482666,0.7606056073988443,1.0,leptonic_bookkeeping,test,False,0.50562265163496
157906,ggH,124.83570765056163,123.94966038564371,1,3,3,146.83166389813528,3.329770563201687,30.70819111482666,0.7606056073988443,1.0,leptonic_bookkeeping,train,False,0.50562265163496
906821,ggH,124.83570765056163,123.94966038564371,1,3,3,146.83166389813528,3.329770563201687,30.70819111482666,0.7606056073988443,1.0,leptonic_bookkeeping,test,False,0.50562265163496
172831,ggH,124.83570765056163,123.94966038564371,1,3,3,146.83166389813528,3.329770563201687,30.70819111482666,0.7606056073988443,1.0,leptonic_bookkeeping,validation,False,0.50562265163496
35817,ggH,124.83570765056163,123.94966038564371,1,3,3,146.83166389813528,3.329770563201687,30.70819111482666,0.7606056073988443,1.0,leptonic_bookkeeping,train,False,0.50562265163496
850275,ggH,124.83570765056163,123.94966038564371,1,3,3,146.83166389813528,3.329770563201687,30.70819111482666,0.7606056073988443,1.0,leptonic_bookkeeping,train,False,0.50562265163496
226944,ggH,124.83570765056163,123.94966038564371,1,3,3,146.83166389813528,3.329770563201687,30.70819111482666,0.7606056073988443,1.0,leptonic_bookkeeping,train,False,0.50562265163496
755662,ggH,124.83570765056163,123.94966038564371,1,3,3,146.83166389813528,3.329770563201687,30.70819111482666,0.7606056073988443,1.0,leptonic_bookkeeping,train,False,0.50562265163496
307549,ggH,124.83570765056163,123.94966038564371,1,3,3,146.83166389813528,3.329770563201687,30.70819111482666,0.7606056073988443,1.0,leptonic_bookkeeping,test,False,0.50562265163496
23293,ggH,124.83570765056163,123.94966038564371,1,3,3,146.83166389813528,3.329770563201687,30.70819111482666,0.7606056073988443,1.0,leptonic_bookkeeping,train,False,0.50562265163496
840798,ggH,124.83570765056163,123.94966038564371,1,3,3,146.83166389813528,3.329770563201687,30.70819111482666,0.7606056073988443,1.0,leptonic_bookkeeping,train,False,0.50562265163496
192249,ggH,124.83570765056163,123.94966038564371,1,3,3,146.83166389813528,3.329770563201687,30.70819111482666,0.7606056073988443,1.0,leptonic_bookkeeping,validation,False,0.50562265163496
394662,ggH,124.83570765056163,123.94966038564371,1,3,3,146.83166389813528,3.329770563201687,30.70819111482666,0.7606056073988443,1.0,leptonic_bookkeeping,train,False,0.50562265163496
18038,ggH,124.83570765056163,123.94966038564371,1,3,3,146.83166389813528,3.329770563201687,30.70819111482666,0.7606056073988443,1.0,leptonic_bookkeeping,validation,False,0.50562265163496
747586,ggH,124.83570765056163,123.94966038564371,1,3,3,146.83166389813528,3.329770563201687,30.70819111482666,0.7606056073988443,1.0,leptonic_bookkeeping,train,False,0.50562265163496
993921,ggH,124.83570765056163,123.94966038564371,1,3,3,146.83166389813528,3.329770563201687,30.70819111482666,0.7606056073988443,1.0,leptonic_bookkeeping,train,False,0.50562265163496
746169,ggH,124.83570765056163,123.94966038564371,1,3,3,146.83166389813528,3.329770563201687,30.70819111482666,0.7606056073988443,1.0,leptonic_bookkeeping,train,False,0.50562265163496
644651,ggH,124.83570765056163,123.94966038564371,1,3,3,146.83166389813528,3.329770563201687,30.70819111482666,0.7606056073988443,1.0,leptonic_bookkeeping,train,False,0.50562265163496
845406,ggH,124.83570765056163,123.94966038564371,1,3,3,146.83166389813528,3.329770563201687,30.70819111482666,0.7606056073988443,1.0,leptonic_bookkeeping,train,False,0.50562265163496
988797,ggH,124.83570765056163,123.94966038564371,1,3,3,146.83166389813528,3.329770563201687,30.70819111482666,0.7606056073988443,1.0,leptonic_bookkeeping,test,False,0.50562265163496
43654,ggH,124.83570765056163,123.94966038564371,1,3,3,146.83166389813528,3.329770563201687,30.70819111482666,0.7606056073988443,1.0,leptonic_bookkeeping,train,False,0.50562265163496
121341,ggH,124.83570765056163,123.94966038564371,1,3,3,146.83166389813528,3.329770563201687,30.70819111482666,0.7606056073988443,1.0,leptonic_bookkeeping,validation,False,0.50562265163496
888349,ggH,124.83570765056163,123.94966038564371,1,3,3,146.83166389813528,3.329770563201687,30.70819111482666,0.7606056073988443,1.0,leptonic_bookkeeping,train,False,0.50562265163496
92795,ggH,124.83570765056163,123.94966038564371,1,3,3,146.83166389813528,3.329770563201687,30.70819111482666,0.7606056073988443,1.0,leptonic_bookkeeping,train,False,0.50562265163496
449120,ggH,124.83570765056163,123.94966038564371,1,3,3,146.83166389813528,3.329770563201687,30.70819111482666,0.7606056073988443,1.0,leptonic_bookkeeping,train,False,0.50562265163496
937343,ggH,124.83570765056163,123.94966038564371,1,3,3,146.83166389813528,3.329770563201687,30.70819111482666,0.7606056073988443,1.0,leptonic_bookkeeping,test,False,0.50562265163496
248790,ggH,124.83570765056163,123.94966038564371,1,3,3,146.83166389813528,3.329770563201687,30.70819111482666,0.7606056073988443,1.0,leptonic_bookkeeping,train,False,0.50562265163496
629932,ggH,124.83570765056163,123.94966038564371,1,3,3,146.83166389813528,3.329770563201687,30.70819111482666,0.7606056073988443,1.0,leptonic_bookkeeping,train,False,0.50562265163496
722118,ggH,124.83570765056163,123.94966038564371,1,3,3,146.83166389813528,3.329770563201687,30.70819111482666,0.7606056073988443,1.0,leptonic_bookkeeping,train,False,0.50562265163496
375534,ggH,124.83570765056163,123.94966038564371,1,3,3,146.83166389813528,3.329770563201687,30.70819111482666,0.7606056073988443,1.0,leptonic_bookkeeping,train,False,0.50562265163496
510497,ggH,124.83570765056163,123.94966038564371,1,3,3,146.83166389813528,3.329770563201687,30.70819111482666,0.7606056073988443,1.0,leptonic_bookkeeping,train,False,0.50562265163496
952239,ggH,124.83570765056163,123.94966038564371,1,3,3,146.83166389813528,3.329770563201687,30.70819111482666,0.7606056073988443,1.0,leptonic_bookkeeping,train,False,0.50562265163496
592737,ggH,124.83570765056163,123.94966038564371,1,3,3,146.83166389813528,3.329770563201687,30.70819111482666,0.7606056073988443,1.0,leptonic_bookkeeping,train,False,0.50562265163496
325883,ggH,124.83570765056163,123.94966038564371,1,3,3,146.83166389813528,3.329770563201687,30.70819111482666,0.7606056073988443,1.0,leptonic_bookkeeping,validation,False,0.50562265163496
581771,ggH,124.83570765056163,123.94966038564371,1,3,3,146.83166389813528,3.329770563201687,30.70819111482666,0.7606056073988443,1.0,leptonic_bookkeeping,train,False,0.50562265163496
136301,ggH,124.83570765056163,123.94966038564371,1,3,3,146.83166389813528,3.329770563201687,30.70819111482666,0.7606056073988443,1.0,leptonic_bookkeeping,train,False,0.50562265163496
995684,ggH,124.83570765056163,123.94966038564371,1,3,3,146.83166389813528,3.329770563201687,30.70819111482666,0.7606056073988443,1.0,leptonic_bookkeeping,train,False,0.50562265163496
87139,ggH,124.83570765056163,123.94966038564371,1,3,3,146.83166389813528,3.329770563201687,30.70819111482666,0.7606056073988443,1.0,leptonic_bookkeeping,train,False,0.50562265163496
330710,ggH,124.83570765056163,123.94966038564371,1,3,3,146.83166389813528,3.329770563201687,30.70819111482666,0.7606056073988443,1.0,leptonic_bookkeeping,train,False,0.50562265163496
369828,ggH,124.83570765056163,123.94966038564371,1,3,3,146.83166389813528,3.329770563201687,30.70819111482666,0.7606056073988443,1.0,leptonic_bookkeeping,test,False,0.50562265163496
859400,ggH,124.83570765056163,123.94966038564371,1,3,3,146.83166389813528,3.329770563201687,30.70819111482666,0.7606056073988443,1.0,leptonic_bookkeeping,train,False,0.50562265163496
317290,ggH,124.83570765056163,123.94966038564371,1,3,3,146.83166389813528,3.329770563201687,30.70819111482666,0.7606056073988443,1.0,leptonic_bookkeeping,validation,False,0.50562265163496
852982,ggH,124.83570765056163,123.94966038564371,1,3,3,146.83166389813528,3.329770563201687,30.70819111482666,0.7606056073988443,1.0,leptonic_bookkeeping,validation,False,0.50562265163496
540365,ggH,124.83570765056163,123.94966038564371,1,3,3,146.83166389813528,3.329770563201687,30.70819111482666,0.7606056073988443,1.0,leptonic_bookkeeping,train,False,0.50562265163496
442468,ggH,124.83570765056163,123.94966038564371,1,3,3,146.83166389813528,3.329770563201687,30.70819111482666,0.7606056073988443,1.0,leptonic_bookkeeping,test,False,0.50562265163496
965900,ggH,124.83570765056163,123.94966038564371,1,3,3,146.83166389813528,3.329770563201687,30.70819111482666,0.7606056073988443,1.0,leptonic_bookkeeping,validation,False,0.50562265163496
24487,ggH,124.83570765056163,123.94966038564371,1,3,3,146.83166389813528,3.329770563201687,30.70819111482666,0.7606056073988443,1.0,leptonic_bookkeeping,train,False,0.50562265163496
963157,ggH,124.83570765056163,123.94966038564371,1,3,3,146.83166389813528,3.329770563201687,30.70819111482666,0.7606056073988443,1.0,leptonic_bookkeeping,train,False,0.50562265163496
763008,ggH,124.83570765056163,123.94966038564371,1,3,3,146.83166389813528,3.329770563201687,30.70819111482666,0.7606056073988443,1.0,leptonic_bookkeeping,train,False,0.50562265163496
674207,ggH,124.83570765056163,123.94966038564371,1,3,3,146.83166389813528,3.329770563201687,30.70819111482666,0.7606056073988443,1.0,leptonic_bookkeeping,train,False,0.50562265163496
539577,ggH,124.83570765056163,123.94966038564371,1,3,3,146.83166389813528,3.329770563201687,30.70819111482666,0.7606056073988443,1.0,leptonic_bookkeeping,train,False,0.50562265163496
694424,ggH,124.83570765056163,123.94966038564371,1,3,3,146.83166389813528,3.329770563201687,30.70819111482666,0.7606056073988443,1.0,leptonic_bookkeeping,train,False,0.50562265163496
271307,ggH,124.83570765056163,123.94966038564371,1,3,3,146.83166389813528,3.329770563201687,30.70819111482666,0.7606056073988443,1.0,leptonic_bookkeeping,train,False,0.50562265163496
105116,ggH,124.83570765056163,123.94966038564371,1,3,3,146.83166389813528,3.329770563201687,30.70819111482666,0.7606056073988443,1.0,leptonic_bookkeeping,train,False,0.50562265163496
165857,ggH,124.83570765056163,123.94966038564371,1,3,3,146.83166389813528,3.329770563201687,30.70819111482666,0.7606056073988443,1.0,leptonic_bookkeeping,train,False,0.50562265163496
520397,ggH,124.83570765056163,123.94966038564371,1,3,3,146.83166389813528,3.329770563201687,30.70819111482666,0.7606056073988443,1.0,leptonic_bookkeeping,train,False,0.50562265163496
251873,ggH,124.83570765056163,123.94966038564371,1,3,3,146.83166389813528,3.329770563201687,30.70819111482666,0.7606056073988443,1.0,leptonic_bookkeeping,train,False,0.50562265163496
646647,ggH,124.83570765056163,123.94966038564371,1,3,3,146.83166389813528,3.329770563201687,30.70819111482666,0.7606056073988443,1.0,leptonic_bookkeeping,validation,False,0.50562265163496
929516,ggH,124.83570765056163,123.94966038564371,1,3,3,146.83166389813528,3.329770563201687,30.70819111482666,0.7606056073988443,1.0,leptonic_bookkeeping,train,False,0.50562265163496
999676,ggH,124.83570765056163,123.94966038564371,1,3,3,146.83166389813528,3.329770563201687,30.70819111482666,0.7606056073988443,1.0,leptonic_bookkeeping,test,False,0.50562265163496
83167,ggH,124.83570765056163,123.94966038564371,1,3,3,146.83166389813528,3.329770563201687,30.70819111482666,0.7606056073988443,1.0,leptonic_bookkeeping,train,False,0.50562265163496
728838,ggH,124.83570765056163,123.94966038564371,1,3,3,146.83166389813528,3.329770563201687,30.70819111482666,0.7606056073988443,1.0,leptonic_bookkeeping,validation,False,0.50562265163496
123480,ggH,124.83570765056163,123.94966038564371,1,3,3,146.83166389813528,3.329770563201687,30.70819111482666,0.7606056073988443,1.0,leptonic_bookkeeping,test,False,0.50562265163496
400745,ggH,124.83570765056163,123.94966038564371,1,3,3,146.83166389813528,3.329770563201687,30.70819111482666,0.7606056073988443,1.0,leptonic_bookkeeping,test,False,0.50562265163496
656569,ggH,124.83570765056163,123.94966038564371,1,3,3,146.83166389813528,3.329770563201687,30.70819111482666,0.7606056073988443,1.0,leptonic_bookkeeping,validation,False,0.50562265163496
849555,ggH,124.83570765056163,123.94966038564371,1,3,3,146.83166389813528,3.329770563201687,30.70819111482666,0.7606056073988443,1.0,leptonic_bookkeeping,train,False,0.50562265163496
669763,ggH,124.83570765056163,123.94966038564371,1,3,3,146.83166389813528,3.329770563201687,30.70819111482666,0.7606056073988443,1.0,leptonic_bookkeeping,test,False,0.50562265163496
856074,ggH,124.83570765056163,123.94966038564371,1,3,3,146.83166389813528,3.329770563201687,30.70819111482666,0.7606056073988443,1.0,leptonic_bookkeeping,train,False,0.50562265163496
806812,ggH,124.83570765056163,123.94966038564371,1,3,3,146.83166389813528,3.329770563201687,30.70819111482666,0.7606056073988443,1.0,leptonic_bookkeeping,train,False,0.50562265163496
531518,ggH,124.83570765056163,123.94966038564371,1,3,3,146.83166389813528,3.329770563201687,30.70819111482666,0.7606056073988443,1.0,leptonic_bookkeeping,train,False,0.50562265163496
104460,ggH,124.83570765056163,123.94966038564371,1,3,3,146.83166389813528,3.329770563201687,30.70819111482666,0.7606056073988443,1.0,leptonic_bookkeeping,train,False,0.50562265163496
585558,ggH,124.83570765056163,123.94966038564371,1,3,3,146.83166389813528,3.329770563201687,30.70819111482666,0.7606056073988443,1.0,leptonic_bookkeeping,validation,False,0.50562265163496
30388,ggH,124.83570765056163,123.94966038564371,1,3,3,146.83166389813528,3.329770563201687,30.70819111482666,0.7606056073988443,1.0,leptonic_bookkeeping,test,False,0.50562265163496
740593,ggH,124.83570765056163,123.94966038564371,1,3,3,146.83166389813528,3.329770563201687,30.70819111482666,0.7606056073988443,1.0,leptonic_bookkeeping,test,False,0.50562265163496
225827,ggH,124.83570765056163,123.94966038564371,1,3,3,146.83166389813528,3.329770563201687,30.70819111482666,0.7606056073988443,1.0,leptonic_bookkeeping,test,False,0.50562265163496
560778,ggH,124.83570765056163,123.94966038564371,1,3,3,146.83166389813528,3.329770563201687,30.70819111482666,0.7606056073988443,1.0,leptonic_bookkeeping,train,False,0.50562265163496
305323,ggH,124.83570765056163,123.94966038564371,1,3,3,146.83166389813528,3.329770563201687,30.70819111482666,0.7606056073988443,1.0,leptonic_bookkeeping,validation,False,0.50562265163496
813135,ggH,124.83570765056163,123.94966038564371,1,3,3,146.83166389813528,3.329770563201687,30.70819111482666,0.7606056073988443,1.0,leptonic_bookkeeping,test,False,0.50562265163496
618699,ggH,124.83570765056163,123.94966038564371,1,3,3,146.83166389813528,3.329770563201687,30.70819111482666,0.7606056073988443,1.0,leptonic_bookkeeping,train,False,0.50562265163496
354153,ggH,124.83570765056163,123.94966038564371,1,3,3,146.83166389813528,3.329770563201687,30.70819111482666,0.7606056073988443,1.0,leptonic_bookkeeping,train,False,0.50562265163496
801203,ggH,124.83570765056163,123.94966038564371,1,3,3,146.83166389813528,3.329770563201687,30.70819111482666,0.7606056073988443,1.0,leptonic_bookkeeping,validation,False,0.50562265163496
850846,ggH,124.83570765056163,123.94966038564371,1,3,3,146.83166389813528,3.329770563201687,30.70819111482666,0.7606056073988443,1.0,leptonic_bookkeeping,train,False,0.50562265163496
738100,ggH,124.83570765056163,123.94966038564371,1,3,3,146.83166389813528,3.329770563201687,30.70819111482666,0.7606056073988443,1.0,leptonic_bookkeeping,train,False,0.50562265163496
827962,ggH,124.83570765056163,123.94966038564371,1,3,3,146.83166389813528,3.329770563201687,30.70819111482666,0.7606056073988443,1.0,leptonic_bookkeeping,train,False,0.50562265163496
757946,ggH,124.83570765056163,123.94966038564371,1,3,3,146.83166389813528,3.329770563201687,30.70819111482666,0.7606056073988443,1.0,leptonic_bookkeeping,train,False,0.50562265163496
906878,ggH,124.83570765056163,123.94966038564371,1,3,3,146.83166389813528,3.329770563201687,30.70819111482666,0.7606056073988443,1.0,leptonic_bookkeeping,test,False,0.50562265163496
273788,ggH,124.83570765056163,123.94966038564371,1,3,3,146.83166389813528,3.329770563201687,30.70819111482666,0.7606056073988443,1.0,leptonic_bookkeeping,train,False,0.50562265163496
750725,ggH,124.83570765056163,123.94966038564371,1,3,3,146.83166389813528,3.329770563201687,30.70819111482666,0.7606056073988443,1.0,leptonic_bookkeeping,test,False,0.50562265163496
878217,ggH,124.83570765056163,123.94966038564371,1,3,3,146.83166389813528,3.329770563201687,30.70819111482666,0.7606056073988443,1.0,leptonic_bookkeeping,train,False,0.50562265163496
503506,ggH,124.83570765056163,123.94966038564371,1,3,3,146.83166389813528,3.329770563201687,30.70819111482666,0.7606056073988443,1.0,leptonic_bookkeeping,test,False,0.50562265163496
533178,ggH,124.83570765056163,123.94966038564371,1,3,3,146.83166389813528,3.329770563201687,30.70819111482666,0.7606056073988443,1.0,leptonic_bookkeeping,validation,False,0.50562265163496
39068,ggH,124.83570765056163,123.94966038564371,1,3,3,146.83166389813528,3.329770563201687,30.70819111482666,0.7606056073988443,1.0,leptonic_bookkeeping,validation,False,0.50562265163496
370675,ggH,124.83570765056163,123.94966038564371,1,3,3,146.83166389813528,3.329770563201687,30.70819111482666,0.7606056073988443,1.0,leptonic_bookkeeping,test,False,0.50562265163496
942603,ggH,124.83570765056163,123.94966038564371,1,3,3,146.83166389813528,3.329770563201687,30.70819111482666,0.7606056073988443,1.0,leptonic_bookkeeping,train,False,0.50562265163496
841063,ggH,124.83570765056163,123.94966038564371,1,3,3,146.83166389813528,3.329770563201687,30.70819111482666,0.7606056073988443,1.0,leptonic_bookkeeping,train,False,0.50562265163496
67362,ggH,124.83570765056163,123.94966038564371,1,3,3,146.83166389813528,3.329770563201687,30.70819111482666,0.7606056073988443,1.0,leptonic_bookkeeping,train,False,0.50562265163496
767135,ggH,124.83570765056163,123.94966038564371,1,3,3,146.83166389813528,3.329770563201687,30.70819111482666,0.7606056073988443,1.0,leptonic_bookkeeping,train,False,0.50562265163496
315154,ggH,124.83570765056163,123.94966038564371,1,3,3,146.83166389813528,3.329770563201687,30.70819111482666,0.7606056073988443,1.0,leptonic_bookkeeping,train,False,0.50562265163496
379814,ggH,124.83570765056163,123.94966038564371,1,3,3,146.83166389813528,3.329770563201687,30.70819111482666,0.7606056073988443,1.0,leptonic_bookkeeping,test,False,0.50562265163496
23032,ggH,124.83570765056163,123.94966038564371,1,3,3,146.83166389813528,3.329770563201687,30.70819111482666,0.7606056073988443,1.0,leptonic_bookkeeping,train,False,0.50562265163496
831417,ggH,124.83570765056163,123.94966038564371,1,3,3,146.83166389813528,3.329770563201687,30.70819111482666,0.7606056073988443,1.0,leptonic_bookkeeping,validation,False,0.50562265163496
219740,ggH,124.83570765056163,123.94966038564371,1,3,3,146.83166389813528,3.329770563201687,30.70819111482666,0.7606056073988443,1.0,leptonic_bookkeeping,train,False,0.50562265163496
106273,ggH,124.83570765056163,123.94966038564371,1,3,3,146.83166389813528,3.329770563201687,30.70819111482666,0.7606056073988443,1.0,leptonic_bookkeeping,train,False,0.50562265163496
634716,ggH,124.83570765056163,123.94966038564371,1,3,3,146.83166389813528,3.329770563201687,30.70819111482666,0.7606056073988443,1.0,leptonic_bookkeeping,train,False,0.50562265163496
533812,ggH,124.83570765056163,123.94966038564371,1,3,3,146.83166389813528,3.329770563201687,30.70819111482666,0.7606056073988443,1.0,leptonic_bookkeeping,validation,False,0.50562265163496
450152,ggH,124.83570765056163,123.94966038564371,1,3,3,146.83166389813528,3.329770563201687,30.70819111482666,0.7606056073988443,1.0,leptonic_bookkeeping,validation,False,0.50562265163496
370529,ggH,124.83570765056163,123.94966038564371,1,3,3,146.83166389813528,3.329770563201687,30.70819111482666,0.7606056073988443,1.0,leptonic_bookkeeping,test,False,0.50562265163496
218244,ggH,124.83570765056163,123.94966038564371,1,3,3,146.83166389813528,3.329770563201687,30.70819111482666,0.7606056073988443,1.0,leptonic_bookkeeping,train,False,0.50562265163496
811487,ggH,124.83570765056163,123.94966038564371,1,3,3,146.83166389813528,3.329770563201687,30.70819111482666,0.7606056073988443,1.0,leptonic_bookkeeping,validation,False,0.50562265163496
196320,ggH,124.83570765056163,123.94966038564371,1,3,3,146.83166389813528,3.329770563201687,30.70819111482666,0.7606056073988443,1.0,leptonic_bookkeeping,train,False,0.50562265163496
363495,ggH,124.83570765056163,123.94966038564371,1,3,3,146.83166389813528,3.329770563201687,30.70819111482666,0.7606056073988443,1.0,leptonic_bookkeeping,train,False,0.50562265163496
93879,ggH,124.83570765056163,123.94966038564371,1,3,3,146.83166389813528,3.329770563201687,30.70819111482666,0.7606056073988443,1.0,leptonic_bookkeeping,train,False,0.50562265163496
505061,ggH,124.83570765056163,123.94966038564371,1,3,3,146.83166389813528,3.329770563201687,30.70819111482666,0.7606056073988443,1.0,leptonic_bookkeeping,test,False,0.50562265163496
658706,ggH,124.83570765056163,123.94966038564371,1,3,3,146.83166389813528,3.329770563201687,30.70819111482666,0.7606056073988443,1.0,leptonic_bookkeeping,test,False,0.50562265163496
825601,ggH,124.83570765056163,123.94966038564371,1,3,3,146.83166389813528,3.329770563201687,30.70819111482666,0.7606056073988443,1.0,leptonic_bookkeeping,train,False,0.50562265163496
297537,ggH,124.83570765056163,123.94966038564371,1,3,3,146.83166389813528,3.329770563201687,30.70819111482666,0.7606056073988443,1.0,leptonic_bookkeeping,test,False,0.50562265163496
772229,ggH,124.83570765056163,123.94966038564371,1,3,3,146.83166389813528,3.329770563201687,30.70819111482666,0.7606056073988443,1.0,leptonic_bookkeeping,test,False,0.50562265163496
711039,ggH,124.83570765056163,123.94966038564371,1,3,3,146.83166389813528,3.329770563201687,30.70819111482666,0.7606056073988443,1.0,leptonic_bookkeeping,test,False,0.50562265163496
360968,ggH,124.83570765056163,123.94966038564371,1,3,3,146.83166389813528,3.329770563201687,30.70819111482666,0.7606056073988443,1.0,leptonic_bookkeeping,train,False,0.50562265163496
566973,ggH,124.83570765056163,123.94966038564371,1,3,3,146.83166389813528,3.329770563201687,30.70819111482666,0.7606056073988443,1.0,leptonic_bookkeeping,test,False,0.50562265163496
621623,ggH,124.83570765056163,123.94966038564371,1,3,3,146.83166389813528,3.329770563201687,30.70819111482666,0.7606056073988443,1.0,leptonic_bookkeeping,train,False,0.50562265163496
348664,ggH,124.83570765056163,123.94966038564371,1,3,3,146.83166389813528,3.329770563201687,30.70819111482666,0.7606056073988443,1.0,leptonic_bookkeeping,test,False,0.50562265163496
314256,ggH,124.83570765056163,123.94966038564371,1,3,3,146.83166389813528,3.329770563201687,30.70819111482666,0.7606056073988443,1.0,leptonic_bookkeeping,train,False,0.50562265163496
143510,ggH,124.83570765056163,123.94966038564371,1,3,3,146.83166389813528,3.329770563201687,30.70819111482666,0.7606056073988443,1.0,leptonic_bookkeeping,test,False,0.50562265163496
85990,ggH,124.83570765056163,123.94966038564371,1,3,3,146.83166389813528,3.329770563201687,30.70819111482666,0.7606056073988443,1.0,leptonic_bookkeeping,train,False,0.50562265163496
522308,ggH,124.83570765056163,123.94966038564371,1,3,3,146.83166389813528,3.329770563201687,30.70819111482666,0.7606056073988443,1.0,leptonic_bookkeeping,validation,False,0.50562265163496
790060,ggH,124.83570765056163,123.94966038564371,1,3,3,146.83166389813528,3.329770563201687,30.70819111482666,0.7606056073988443,1.0,leptonic_bookkeeping,validation,False,0.50562265163496
693464,ggH,124.83570765056163,123.94966038564371,1,3,3,146.83166389813528,3.329770563201687,30.70819111482666,0.7606056073988443,1.0,leptonic_bookkeeping,train,False,0.50562265163496
88337,ggH,124.83570765056163,123.94966038564371,1,3,3,146.83166389813528,3.329770563201687,30.70819111482666,0.7606056073988443,1.0,leptonic_bookkeeping,train,False,0.50562265163496
551264,ggH,124.83570765056163,123.94966038564371,1,3,3,146.83166389813528,3.329770563201687,30.70819111482666,0.7606056073988443,1.0,leptonic_bookkeeping,train,False,0.50562265163496
739818,ggH,124.83570765056163,123.94966038564371,1,3,3,146.83166389813528,3.329770563201687,30.70819111482666,0.7606056073988443,1.0,leptonic_bookkeeping,validation,False,0.50562265163496
824653,ggH,124.83570765056163,123.94966038564371,1,3,3,146.83166389813528,3.329770563201687,30.70819111482666,0.7606056073988443,1.0,leptonic_bookkeeping,test,False,0.50562265163496
350920,ggH,124.83570765056163,123.94966038564371,1,3,3,146.83166389813528,3.329770563201687,30.70819111482666,0.7606056073988443,1.0,leptonic_bookkeeping,train,False,0.50562265163496
353151,ggH,124.83570765056163,123.94966038564371,1,3,3,146.83166389813528,3.329770563201687,30.70819111482666,0.7606056073988443,1.0,leptonic_bookkeeping,train,False,0.50562265163496
924104,ggH,124.83570765056163,123.94966038564371,1,3,3,146.83166389813528,3.329770563201687,30.70819111482666,0.7606056073988443,1.0,leptonic_bookkeeping,validation,False,0.50562265163496
46191,ggH,124.83570765056163,123.94966038564371,1,3,3,146.83166389813528,3.329770563201687,30.70819111482666,0.7606056073988443,1.0,leptonic_bookkeeping,train,False,0.50562265163496
539654,ggH,124.83570765056163,123.94966038564371,1,3,3,146.83166389813528,3.329770563201687,30.70819111482666,0.7606056073988443,1.0,leptonic_bookkeeping,train,False,0.50562265163496
503172,ggH,124.83570765056163,123.94966038564371,1,3,3,146.83166389813528,3.329770563201687,30.70819111482666,0.7606056073988443,1.0,leptonic_bookkeeping,test,False,0.50562265163496
940368,ggH,124.83570765056163,123.94966038564371,1,3,3,146.83166389813528,3.329770563201687,30.70819111482666,0.7606056073988443,1.0,leptonic_bookkeeping,train,False,0.50562265163496
921680,ggH,124.83570765056163,123.94966038564371,1,3,3,146.83166389813528,3.329770563201687,30.70819111482666,0.7606056073988443,1.0,leptonic_bookkeeping,train,False,0.50562265163496
495364,ggH,124.83570765056163,123.94966038564371,1,3,3,146.83166389813528,3.329770563201687,30.70819111482666,0.7606056073988443,1.0,leptonic_bookkeeping,train,False,0.50562265163496
887886,ggH,124.83570765056163,123.94966038564371,1,3,3,146.83166389813528,3.329770563201687,30.70819111482666,0.7606056073988443,1.0,leptonic_bookkeeping,train,False,0.50562265163496
249007,ggH,124.83570765056163,123.94966038564371,1,3,3,146.83166389813528,3.329770563201687,30.70819111482666,0.7606056073988443,1.0,leptonic_bookkeeping,train,False,0.50562265163496
983253,ggH,124.83570765056163,123.94966038564371,1,3,3,146.83166389813528,3.329770563201687,30.70819111482666,0.7606056073988443,1.0,leptonic_bookkeeping,train,False,0.50562265163496
659277,ggH,124.83570765056163,123.94966038564371,1,3,3,146.83166389813528,3.329770563201687,30.70819111482666,0.7606056073988443,1.0,leptonic_bookkeeping,test,False,0.50562265163496
361876,ggH,124.83570765056163,123.94966038564371,1,3,3,146.83166389813528,3.329770563201687,30.70819111482666,0.7606056073988443,1.0,leptonic_bookkeeping,train,False,0.50562265163496
726056,ggH,124.83570765056163,123.94966038564371,1,3,3,146.83166389813528,3.329770563201687,30.70819111482666,0.7606056073988443,1.0,leptonic_bookkeeping,train,False,0.50562265163496
467444,ggH,124.83570765056163,123.94966038564371,1,3,3,146.83166389813528,3.329770563201687,30.70819111482666,0.7606056073988443,1.0,leptonic_bookkeeping,train,False,0.50562265163496
579551,ggH,124.83570765056163,123.94966038564371,1,3,3,146.83166389813528,3.329770563201687,30.70819111482666,0.7606056073988443,1.0,leptonic_bookkeeping,train,False,0.50562265163496
246660,ggH,124.83570765056163,123.94966038564371,1,3,3,146.83166389813528,3.329770563201687,30.70819111482666,0.7606056073988443,1.0,leptonic_bookkeeping,test,False,0.50562265163496
733902,ggH,124.83570765056163,123.94966038564371,1,3,3,146.83166389813528,3.329770563201687,30.70819111482666,0.7606056073988443,1.0,leptonic_bookkeeping,train,False,0.50562265163496
547492,ggH,124.83570765056163,123.94966038564371,1,3,3,146.83166389813528,3.329770563201687,30.70819111482666,0.7606056073988443,1.0,leptonic_bookkeeping,train,False,0.50562265163496
699159,ggH,124.83570765056163,123.94966038564371,1,3,3,146.83166389813528,3.329770563201687,30.70819111482666,0.7606056073988443,1.0,leptonic_bookkeeping,test,False,0.50562265163496
288244,ggH,124.83570765056163,123.94966038564371,1,3,3,146.83166389813528,3.329770563201687,30.70819111482666,0.7606056073988443,1.0,leptonic_bookkeeping,test,False,0.50562265163496
337904,ggH,124.83570765056163,123.94966038564371,1,3,3,146.83166389813528,3.329770563201687,30.70819111482666,0.7606056073988443,1.0,leptonic_bookkeeping,validation,False,0.50562265163496
515181,ggH,124.83570765056163,123.94966038564371,1,3,3,146.83166389813528,3.329770563201687,30.70819111482666,0.7606056073988443,1.0,leptonic_bookkeeping,test,False,0.50562265163496
694751,ggH,124.83570765056163,123.94966038564371,1,3,3,146.83166389813528,3.329770563201687,30.70819111482666,0.7606056073988443,1.0,leptonic_bookkeeping,train,False,0.50562265163496
407357,ggH,124.83570765056163,123.94966038564371,1,3,3,146.83166389813528,3.329770563201687,30.70819111482666,0.7606056073988443,1.0,leptonic_bookkeeping,train,False,0.50562265163496
583303,ggH,124.83570765056163,123.94966038564371,1,3,3,146.83166389813528,3.329770563201687,30.70819111482666,0.7606056073988443,1.0,leptonic_bookkeeping,train,False,0.50562265163496
446730,ggH,124.83570765056163,123.94966038564371,1,3,3,146.83166389813528,3.329770563201687,30.70819111482666,0.7606056073988443,1.0,leptonic_bookkeeping,train,False,0.50562265163496
792578,ggH,124.83570765056163,123.94966038564371,1,3,3,146.83166389813528,3.329770563201687,30.70819111482666,0.7606056073988443,1.0,leptonic_bookkeeping,test,False,0.50562265163496
761030,ggH,124.83570765056163,123.94966038564371,1,3,3,146.83166389813528,3.329770563201687,30.70819111482666,0.7606056073988443,1.0,leptonic_bookkeeping,test,False,0.50562265163496
771121,ggH,124.83570765056163,123.94966038564371,1,3,3,146.83166389813528,3.329770563201687,30.70819111482666,0.7606056073988443,1.0,leptonic_bookkeeping,validation,False,0.50562265163496
786331,ggH,124.83570765056163,123.94966038564371,1,3,3,146.83166389813528,3.329770563201687,30.70819111482666,0.7606056073988443,1.0,leptonic_bookkeeping,train,False,0.50562265163496
265783,ggH,124.83570765056163,123.94966038564371,1,3,3,146.83166389813528,3.329770563201687,30.70819111482666,0.7606056073988443,1.0,leptonic_bookkeeping,validation,False,0.50562265163496
556887,ggH,124.83570765056163,123.94966038564371,1,3,3,146.83166389813528,3.329770563201687,30.70819111482666,0.7606056073988443,1.0,leptonic_bookkeeping,train,False,0.50562265163496
627678,ggH,124.83570765056163,123.94966038564371,1,3,3,146.83166389813528,3.329770563201687,30.70819111482666,0.7606056073988443,1.0,leptonic_bookkeeping,test,False,0.50562265163496
972691,ggH,124.83570765056163,123.94966038564371,1,3,3,146.83166389813528,3.329770563201687,30.70819111482666,0.7606056073988443,1.0,leptonic_bookkeeping,train,False,0.50562265163496
877784,ggH,124.83570765056163,123.94966038564371,1,3,3,146.83166389813528,3.329770563201687,30.70819111482666,0.7606056073988443,1.0,leptonic_bookkeeping,train,False,0.50562265163496
578614,ggH,124.83570765056163,123.94966038564371,1,3,3,146.83166389813528,3.329770563201687,30.70819111482666,0.7606056073988443,1.0,leptonic_bookkeeping,train,False,0.50562265163496
208237,ggH,124.83570765056163,123.94966038564371,1,3,3,146.83166389813528,3.329770563201687,30.70819111482666,0.7606056073988443,1.0,leptonic_bookkeeping,train,False,0.50562265163496
797824,ggH,124.83570765056163,123.94966038564371,1,3,3,146.83166389813528,3.329770563201687,30.70819111482666,0.7606056073988443,1.0,leptonic_bookkeeping,train,False,0.50562265163496
484846,ggH,124.83570765056163,123.94966038564371,1,3,3,146.83166389813528,3.329770563201687,30.70819111482666,0.7606056073988443,1.0,leptonic_bookkeeping,train,False,0.50562265163496
461728,ggH,124.83570765056163,123.94966038564371,1,3,3,146.83166389813528,3.329770563201687,30.70819111482666,0.7606056073988443,1.0,leptonic_bookkeeping,validation,False,0.50562265163496
258363,ggH,124.83570765056163,123.94966038564371,1,3,3,146.83166389813528,3.329770563201687,30.70819111482666,0.7606056073988443,1.0,leptonic_bookkeeping,train,False,0.50562265163496
536494,ggH,124.83570765056163,123.94966038564371,1,3,3,146.83166389813528,3.329770563201687,30.70819111482666,0.7606056073988443,1.0,leptonic_bookkeeping,train,False,0.50562265163496
936195,ggH,124.83570765056163,123.94966038564371,1,3,3,146.83166389813528,3.329770563201687,30.70819111482666,0.7606056073988443,1.0,leptonic_bookkeeping,test,False,0.50562265163496
836860,ggH,124.83570765056163,123.94966038564371,1,3,3,146.83166389813528,3.329770563201687,30.70819111482666,0.7606056073988443,1.0,leptonic_bookkeeping,train,False,0.50562265163496
997842,ggH,124.83570765056163,123.94966038564371,1,3,3,146.83166389813528,3.329770563201687,30.70819111482666,0.7606056073988443,1.0,leptonic_bookkeeping,validation,False,0.50562265163496
720580,ggH,124.83570765056163,123.94966038564371,1,3,3,146.83166389813528,3.329770563201687,30.70819111482666,0.7606056073988443,1.0,leptonic_bookkeeping,test,False,0.50562265163496
401709,ggH,124.83570765056163,123.94966038564371,1,3,3,146.83166389813528,3.329770563201687,30.70819111482666,0.7606056073988443,1.0,leptonic_bookkeeping,test,False,0.50562265163496
590374,ggH,124.83570765056163,123.94966038564371,1,3,3,146.83166389813528,3.329770563201687,30.70819111482666,0.7606056073988443,1.0,leptonic_bookkeeping,train,False,0.50562265163496
244294,ggH,124.83570765056163,123.94966038564371,1,3,3,146.83166389813528,3.329770563201687,30.70819111482666,0.7606056073988443,1.0,leptonic_bookkeeping,validation,False,0.50562265163496
626425,ggH,124.83570765056163,123.94966038564371,1,3,3,146.83166389813528,3.329770563201687,30.70819111482666,0.7606056073988443,1.0,leptonic_bookkeeping,validation,False,0.50562265163496
101441,ggH,124.83570765056163,123.94966038564371,1,3,3,146.83166389813528,3.329770563201687,30.70819111482666,0.7606056073988443,1.0,leptonic_bookkeeping,test,False,0.50562265163496
935525,ggH,124.83570765056163,123.94966038564371,1,3,3,146.83166389813528,3.329770563201687,30.70819111482666,0.7606056073988443,1.0,leptonic_bookkeeping,validation,False,0.50562265163496
77776,ggH,124.83570765056163,123.94966038564371,1,3,3,146.83166389813528,3.329770563201687,30.70819111482666,0.7606056073988443,1.0,leptonic_bookkeeping,train,False,0.50562265163496
179369,ggH,124.83570765056163,123.94966038564371,1,3,3,146.83166389813528,3.329770563201687,30.70819111482666,0.7606056073988443,1.0,leptonic_bookkeeping,train,False,0.50562265163496
540648,ggH,124.83570765056163,123.94966038564371,1,3,3,146.83166389813528,3.329770563201687,30.70819111482666,0.7606056073988443,1.0,leptonic_bookkeeping,train,False,0.50562265163496
638687,ggH,124.83570765056163,123.94966038564371,1,3,3,146.83166389813528,3.329770563201687,30.70819111482666,0.7606056073988443,1.0,leptonic_bookkeeping,test,False,0.50562265163496
588814,ggH,124.83570765056163,123.94966038564371,1,3,3,146.83166389813528,3.329770563201687,30.70819111482666,0.7606056073988443,1.0,leptonic_bookkeeping,train,False,0.50562265163496
618516,ggH,124.83570765056163,123.94966038564371,1,3,3,146.83166389813528,3.329770563201687,30.70819111482666,0.7606056073988443,1.0,leptonic_bookkeeping,test,False,0.50562265163496
747539,ggH,124.83570765056163,123.94966038564371,1,3,3,146.83166389813528,3.329770563201687,30.70819111482666,0.7606056073988443,1.0,leptonic_bookkeeping,train,False,0.50562265163496
935037,ggH,124.83570765056163,123.94966038564371,1,3,3,146.83166389813528,3.329770563201687,30.70819111482666,0.7606056073988443,1.0,leptonic_bookkeeping,validation,False,0.50562265163496
666361,ggH,124.83570765056163,123.94966038564371,1,3,3,146.83166389813528,3.329770563201687,30.70819111482666,0.7606056073988443,1.0,leptonic_bookkeeping,validation,False,0.50562265163496
707442,ggH,124.83570765056163,123.94966038564371,1,3,3,146.83166389813528,3.329770563201687,30.70819111482666,0.7606056073988443,1.0,leptonic_bookkeeping,validation,False,0.50562265163496
733311,ggH,124.83570765056163,123.94966038564371,1,3,3,146.83166389813528,3.329770563201687,30.70819111482666,0.7606056073988443,1.0,leptonic_bookkeeping,train,False,0.50562265163496
642734,ggH,124.83570765056163,123.94966038564371,1,3,3,146.83166389813528,3.329770563201687,30.70819111482666,0.7606056073988443,1.0,leptonic_bookkeeping,train,False,0.50562265163496
518046,ggH,124.83570765056163,123.94966038564371,1,3,3,146.83166389813528,3.329770563201687,30.70819111482666,0.7606056073988443,1.0,leptonic_bookkeeping,train,False,0.50562265163496
783191,ggH,124.83570765056163,123.94966038564371,1,3,3,146.83166389813528,3.329770563201687,30.70819111482666,0.7606056073988443,1.0,leptonic_bookkeeping,test,False,0.50562265163496
766173,ggH,124.83570765056163,123.94966038564371,1,3,3,146.83166389813528,3.329770563201687,30.70819111482666,0.7606056073988443,1.0,leptonic_bookkeeping,train,False,0.50562265163496
134163,ggH,124.83570765056163,123.94966038564371,1,3,3,146.83166389813528,3.329770563201687,30.70819111482666,0.7606056073988443,1.0,leptonic_bookkeeping,train,False,0.50562265163496
424584,ggH,124.83570765056163,123.94966038564371,1,3,3,146.83166389813528,3.329770563201687,30.70819111482666,0.7606056073988443,1.0,leptonic_bookkeeping,train,False,0.50562265163496
481014,ggH,124.83570765056163,123.94966038564371,1,3,3,146.83166389813528,3.329770563201687,30.70819111482666,0.7606056073988443,1.0,leptonic_bookkeeping,validation,False,0.50562265163496
496481,ggH,124.83570765056163,123.94966038564371,1,3,3,146.83166389813528,3.329770563201687,30.70819111482666,0.7606056073988443,1.0,leptonic_bookkeeping,train,False,0.50562265163496
741956,ggH,124.83570765056163,123.94966038564371,1,3,3,146.83166389813528,3.329770563201687,30.70819111482666,0.7606056073988443,1.0,leptonic_bookkeeping,test,False,0.50562265163496
970201,ggH,124.83570765056163,123.94966038564371,1,3,3,146.83166389813528,3.329770563201687,30.70819111482666,0.7606056073988443,1.0,leptonic_bookkeeping,train,False,0.50562265163496
398856,ggH,124.83570765056163,123.94966038564371,1,3,3,146.83166389813528,3.329770563201687,30.70819111482666,0.7606056073988443,1.0,leptonic_bookkeeping,validation,False,0.50562265163496
405308,ggH,124.83570765056163,123.94966038564371,1,3,3,146.83166389813528,3.329770563201687,30.70819111482666,0.7606056073988443,1.0,leptonic_bookkeeping,train,False,0.50562265163496
356943,ggH,124.83570765056163,123.94966038564371,1,3,3,146.83166389813528,3.329770563201687,30.70819111482666,0.7606056073988443,1.0,leptonic_bookkeeping,validation,False,0.50562265163496
595634,ggH,124.83570765056163,123.94966038564371,1,3,3,146.83166389813528,3.329770563201687,30.70819111482666,0.7606056073988443,1.0,leptonic_bookkeeping,validation,False,0.50562265163496
454890,ggH,124.83570765056163,123.94966038564371,1,3,3,146.83166389813528,3.329770563201687,30.70819111482666,0.7606056073988443,1.0,leptonic_bookkeeping,train,False,0.50562265163496
671298,ggH,124.83570765056163,123.94966038564371,1,3,3,146.83166389813528,3.329770563201687,30.70819111482666,0.7606056073988443,1.0,leptonic_bookkeeping,train,False,0.50562265163496
514789,ggH,124.83570765056163,123.94966038564371,1,3,3,146.83166389813528,3.329770563201687,30.70819111482666,0.7606056073988443,1.0,leptonic_bookkeeping,test,False,0.50562265163496
764081,ggH,124.83570765056163,123.94966038564371,1,3,3,146.83166389813528,3.329770563201687,30.70819111482666,0.7606056073988443,1.0,leptonic_bookkeeping,train,False,0.50562265163496
9176,ggH,124.83570765056163,123.94966038564371,1,3,3,146.83166389813528,3.329770563201687,30.70819111482666,0.7606056073988443,1.0,leptonic_bookkeeping,test,False,0.50562265163496
285960,ggH,124.83570765056163,123.94966038564371,1,3,3,146.83166389813528,3.329770563201687,30.70819111482666,0.7606056073988443,1.0,leptonic_bookkeeping,validation,False,0.50562265163496
112004,ggH,124.83570765056163,123.94966038564371,1,3,3,146.83166389813528,3.329770563201687,30.70819111482666,0.7606056073988443,1.0,leptonic_bookkeeping,test,False,0.50562265163496
60748,ggH,124.83570765056163,123.94966038564371,1,3,3,146.83166389813528,3.329770563201687,30.70819111482666,0.7606056073988443,1.0,leptonic_bookkeeping,test,False,0.50562265163496
310465,ggH,124.83570765056163,123.94966038564371,1,3,3,146.83166389813528,3.329770563201687,30.70819111482666,0.7606056073988443,1.0,leptonic_bookkeeping,train,False,0.50562265163496
525822,ggH,124.83570765056163,123.94966038564371,1,3,3,146.83166389813528,3.329770563201687,30.70819111482666,0.7606056073988443,1.0,leptonic_bookkeeping,train,False,0.50562265163496
347427,ggH,124.83570765056163,123.94966038564371,1,3,3,146.83166389813528,3.329770563201687,30.70819111482666,0.7606056073988443,1.0,leptonic_bookkeeping,validation,False,0.50562265163496
791539,ggH,124.83570765056163,123.94966038564371,1,3,3,146.83166389813528,3.329770563201687,30.70819111482666,0.7606056073988443,1.0,leptonic_bookkeeping,validation,False,0.50562265163496
151413,ggH,124.83570765056163,123.94966038564371,1,3,3,146.83166389813528,3.329770563201687,30.70819111482666,0.7606056073988443,1.0,leptonic_bookkeeping,validation,False,0.50562265163496
877293,ggH,124.83570765056163,123.94966038564371,1,3,3,146.83166389813528,3.329770563201687,30.70819111482666,0.7606056073988443,1.0,leptonic_bookkeeping,train,False,0.50562265163496
486590,ggH,124.83570765056163,123.94966038564371,1,3,3,146.83166389813528,3.329770563201687,30.70819111482666,0.7606056073988443,1.0,leptonic_bookkeeping,train,False,0.50562265163496
236250,ggH,124.83570765056163,123.94966038564371,1,3,3,146.83166389813528,3.329770563201687,30.70819111482666,0.7606056073988443,1.0,leptonic_bookkeeping,test,False,0.50562265163496
791388,ggH,124.83570765056163,123.94966038564371,1,3,3,146.83166389813528,3.329770563201687,30.70819111482666,0.7606056073988443,1.0,leptonic_bookkeeping,validation,False,0.50562265163496
594221,ggH,124.83570765056163,123.94966038564371,1,3,3,146.83166389813528,3.329770563201687,30.70819111482666,0.7606056073988443,1.0,leptonic_bookkeeping,validation,False,0.50562265163496
563265,ggH,124.83570765056163,123.94966038564371,1,3,3,146.83166389813528,3.329770563201687,30.70819111482666,0.7606056073988443,1.0,leptonic_bookkeeping,validation,False,0.50562265163496
340263,ggH,124.83570765056163,123.94966038564371,1,3,3,146.83166389813528,3.329770563201687,30.70819111482666,0.7606056073988443,1.0,leptonic_bookkeeping,train,False,0.50562265163496
94958,ggH,124.83570765056163,123.94966038564371,1,3,3,146.83166389813528,3.329770563201687,30.70819111482666,0.7606056073988443,1.0,leptonic_bookkeeping,train,False,0.50562265163496
432641,ggH,124.83570765056163,123.94966038564371,1,3,3,146.83166389813528,3.329770563201687,30.70819111482666,0.7606056073988443,1.0,leptonic_bookkeeping,test,False,0.50562265163496
163993,ggH,124.83570765056163,123.94966038564371,1,3,3,146.83166389813528,3.329770563201687,30.70819111482666,0.7606056073988443,1.0,leptonic_bookkeeping,test,False,0.50562265163496
559694,ggH,124.83570765056163,123.94966038564371,1,3,3,146.83166389813528,3.329770563201687,30.70819111482666,0.7606056073988443,1.0,leptonic_bookkeeping,train,False,0.50562265163496
158747,ggH,124.83570765056163,123.94966038564371,1,3,3,146.83166389813528,3.329770563201687,30.70819111482666,0.7606056073988443,1.0,leptonic_bookkeeping,train,False,0.50562265163496
766902,ggH,124.83570765056163,123.94966038564371,1,3,3,146.83166389813528,3.329770563201687,30.70819111482666,0.7606056073988443,1.0,leptonic_bookkeeping,train,False,0.50562265163496
926156,ggH,124.83570765056163,123.94966038564371,1,3,3,146.83166389813528,3.329770563201687,30.70819111482666,0.7606056073988443,1.0,leptonic_bookkeeping,test,False,0.50562265163496
13379,ggH,124.83570765056163,123.94966038564371,1,3,3,146.83166389813528,3.329770563201687,30.70819111482666,0.7606056073988443,1.0,leptonic_bookkeeping,train,False,0.50562265163496
571849,ggH,124.83570765056163,123.94966038564371,1,3,3,146.83166389813528,3.329770563201687,30.70819111482666,0.7606056073988443,1.0,leptonic_bookkeeping,train,False,0.50562265163496
278542,ggH,124.83570765056163,123.94966038564371,1,3,3,146.83166389813528,3.329770563201687,30.70819111482666,0.7606056073988443,1.0,leptonic_bookkeeping,train,False,0.50562265163496
222175,ggH,124.83570765056163,123.94966038564371,1,3,3,146.83166389813528,3.329770563201687,30.70819111482666,0.7606056073988443,1.0,leptonic_bookkeeping,train,False,0.50562265163496
466313,ggH,124.83570765056163,123.94966038564371,1,3,3,146.83166389813528,3.329770563201687,30.70819111482666,0.7606056073988443,1.0,leptonic_bookkeeping,train,False,0.50562265163496
787901,ggH,124.83570765056163,123.94966038564371,1,3,3,146.83166389813528,3.329770563201687,30.70819111482666,0.7606056073988443,1.0,leptonic_bookkeeping,train,False,0.50562265163496
452466,ggH,124.83570765056163,123.94966038564371,1,3,3,146.83166389813528,3.329770563201687,30.70819111482666,0.7606056073988443,1.0,leptonic_bookkeeping,test,False,0.50562265163496
658814,ggH,124.83570765056163,123.94966038564371,1,3,3,146.83166389813528,3.329770563201687,30.70819111482666,0.7606056073988443,1.0,leptonic_bookkeeping,test,False,0.50562265163496
656800,ggH,124.83570765056163,123.94966038564371,1,3,3,146.83166389813528,3.329770563201687,30.70819111482666,0.7606056073988443,1.0,leptonic_bookkeeping,validation,False,0.50562265163496
201581,ggH,124.83570765056163,123.94966038564371,1,3,3,146.83166389813528,3.329770563201687,30.70819111482666,0.7606056073988443,1.0,leptonic_bookkeeping,train,False,0.50562265163496
582536,ggH,124.83570765056163,123.94966038564371,1,3,3,146.83166389813528,3.329770563201687,30.70819111482666,0.7606056073988443,1.0,leptonic_bookkeeping,train,False,0.50562265163496
482147,ggH,124.83570765056163,123.94966038564371,1,3,3,146.83166389813528,3.329770563201687,30.70819111482666,0.7606056073988443,1.0,leptonic_bookkeeping,validation,False,0.50562265163496
367575,ggH,124.83570765056163,123.94966038564371,1,3,3,146.83166389813528,3.329770563201687,30.70819111482666,0.7606056073988443,1.0,leptonic_bookkeeping,validation,False,0.50562265163496
371937,ggH,124.83570765056163,123.94966038564371,1,3,3,146.83166389813528,3.329770563201687,30.70819111482666,0.7606056073988443,1.0,leptonic_bookkeeping,train,False,0.50562265163496
435615,ggH,124.83570765056163,123.94966038564371,1,3,3,146.83166389813528,3.329770563201687,30.70819111482666,0.7606056073988443,1.0,leptonic_bookkeeping,train,False,0.50562265163496
833016,ggH,124.83570765056163,123.94966038564371,1,3,3,146.83166389813528,3.329770563201687,30.70819111482666,0.7606056073988443,1.0,leptonic_bookkeeping,test,False,0.50562265163496
440630,ggH,124.83570765056163,123.94966038564371,1,3,3,146.83166389813528,3.329770563201687,30.70819111482666,0.7606056073988443,1.0,leptonic_bookkeeping,validation,False,0.50562265163496
313857,ggH,124.83570765056163,123.94966038564371,1,3,3,146.83166389813528,3.329770563201687,30.70819111482666,0.7606056073988443,1.0,leptonic_bookkeeping,train,False,0.50562265163496
735432,ggH,124.83570765056163,123.94966038564371,1,3,3,146.83166389813528,3.329770563201687,30.70819111482666,0.7606056073988443,1.0,leptonic_bookkeeping,train,False,0.50562265163496
211225,ggH,124.83570765056163,123.94966038564371,1,3,3,146.83166389813528,3.329770563201687,30.70819111482666,0.7606056073988443,1.0,leptonic_bookkeeping,train,False,0.50562265163496
895360,ggH,124.83570765056163,123.94966038564371,1,3,3,146.83166389813528,3.329770563201687,30.70819111482666,0.7606056073988443,1.0,leptonic_bookkeeping,test,False,0.50562265163496
22179,ggH,124.83570765056163,123.94966038564371,1,3,3,146.83166389813528,3.329770563201687,30.70819111482666,0.7606056073988443,1.0,leptonic_bookkeeping,train,False,0.50562265163496
639746,ggH,124.83570765056163,123.94966038564371,1,3,3,146.83166389813528,3.329770563201687,30.70819111482666,0.7606056073988443,1.0,leptonic_bookkeeping,train,False,0.50562265163496
129574,ggH,124.83570765056163,123.94966038564371,1,3,3,146.83166389813528,3.329770563201687,30.70819111482666,0.7606056073988443,1.0,leptonic_bookkeeping,train,False,0.50562265163496
109080,ggH,124.83570765056163,123.94966038564371,1,3,3,146.83166389813528,3.329770563201687,30.70819111482666,0.7606056073988443,1.0,leptonic_bookkeeping,train,False,0.50562265163496
808033,ggH,124.83570765056163,123.94966038564371,1,3,3,146.83166389813528,3.329770563201687,30.70819111482666,0.7606056073988443,1.0,leptonic_bookkeeping,train,False,0.50562265163496
349638,ggH,124.83570765056163,123.94966038564371,1,3,3,146.83166389813528,3.329770563201687,30.70819111482666,0.7606056073988443,1.0,leptonic_bookkeeping,test,False,0.50562265163496
658315,ggH,124.83570765056163,123.94966038564371,1,3,3,146.83166389813528,3.329770563201687,30.70819111482666,0.7606056073988443,1.0,leptonic_bookkeeping,test,False,0.50562265163496
791297,ggH,124.83570765056163,123.94966038564371,1,3,3,146.83166389813528,3.329770563201687,30.70819111482666,0.7606056073988443,1.0,leptonic_bookkeeping,validation,False,0.50562265163496
129306,ggH,124.83570765056163,123.94966038564371,1,3,3,146.83166389813528,3.329770563201687,30.70819111482666,0.7606056073988443,1.0,leptonic_bookkeeping,train,False,0.50562265163496
109486,ggH,124.83570765056163,123.94966038564371,1,3,3,146.83166389813528,3.329770563201687,30.70819111482666,0.7606056073988443,1.0,leptonic_bookkeeping,validation,False,0.50562265163496
233594,ggH,124.83570765056163,123.94966038564371,1,3,3,146.83166389813528,3.329770563201687,30.70819111482666,0.7606056073988443,1.0,leptonic_bookkeeping,validation,False,0.50562265163496
974863,ggH,124.83570765056163,123.94966038564371,1,3,3,146.83166389813528,3.329770563201687,30.70819111482666,0.7606056073988443,1.0,leptonic_bookkeeping,train,False,0.50562265163496
343084,ggH,124.83570765056163,123.94966038564371,1,3,3,146.83166389813528,3.329770563201687,30.70819111482666,0.7606056073988443,1.0,leptonic_bookkeeping,train,False,0.50562265163496
532137,ggH,124.83570765056163,123.94966038564371,1,3,3,146.83166389813528,3.329770563201687,30.70819111482666,0.7606056073988443,1.0,leptonic_bookkeeping,validation,False,0.50562265163496
179560,ggH,124.83570765056163,123.94966038564371,1,3,3,146.83166389813528,3.329770563201687,30.70819111482666,0.7606056073988443,1.0,leptonic_bookkeeping,train,False,0.50562265163496
789506,ggH,124.83570765056163,123.94966038564371,1,3,3,146.83166389813528,3.329770563201687,30.70819111482666,0.7606056073988443,1.0,leptonic_bookkeeping,train,False,0.50562265163496
761662,ggH,124.83570765056163,123.94966038564371,1,3,3,146.83166389813528,3.329770563201687,30.70819111482666,0.7606056073988443,1.0,leptonic_bookkeeping,test,False,0.50562265163496
350991,ggH,124.83570765056163,123.94966038564371,1,3,3,146.83166389813528,3.329770563201687,30.70819111482666,0.7606056073988443,1.0,leptonic_bookkeeping,train,False,0.50562265163496
120173,ggH,124.83570765056163,123.94966038564371,1,3,3,146.83166389813528,3.329770563201687,30.70819111482666,0.7606056073988443,1.0,leptonic_bookkeeping,validation,False,0.50562265163496
26266,ggH,124.83570765056163,123.94966038564371,1,3,3,146.83166389813528,3.329770563201687,30.70819111482666,0.7606056073988443,1.0,leptonic_bookkeeping,train,False,0.50562265163496
534213,ggH,124.83570765056163,123.94966038564371,1,3,3,146.83166389813528,3.329770563201687,30.70819111482666,0.7606056073988443,1.0,leptonic_bookkeeping,test,False,0.50562265163496
621216,ggH,124.83570765056163,123.94966038564371,1,3,3,146.83166389813528,3.329770563201687,30.70819111482666,0.7606056073988443,1.0,leptonic_bookkeeping,train,False,0.50562265163496
955826,ggH,124.83570765056163,123.94966038564371,1,3,3,146.83166389813528,3.329770563201687,30.70819111482666,0.7606056073988443,1.0,leptonic_bookkeeping,validation,False,0.50562265163496
550956,ggH,124.83570765056163,123.94966038564371,1,3,3,146.83166389813528,3.329770563201687,30.70819111482666,0.7606056073988443,1.0,leptonic_bookkeeping,train,False,0.50562265163496
90823,ggH,124.83570765056163,123.94966038564371,1,3,3,146.83166389813528,3.329770563201687,30.70819111482666,0.7606056073988443,1.0,leptonic_bookkeeping,test,False,0.50562265163496
173561,ggH,124.83570765056163,123.94966038564371,1,3,3,146.83166389813528,3.329770563201687,30.70819111482666,0.7606056073988443,1.0,leptonic_bookkeeping,test,False,0.50562265163496
585406,ggH,124.83570765056163,123.94966038564371,1,3,3,146.83166389813528,3.329770563201687,30.70819111482666,0.7606056073988443,1.0,leptonic_bookkeeping,validation,False,0.50562265163496
434416,ggH,124.83570765056163,123.94966038564371,1,3,3,146.83166389813528,3.329770563201687,30.70819111482666,0.7606056073988443,1.0,leptonic_bookkeeping,train,False,0.50562265163496
974360,ggH,124.83570765056163,123.94966038564371,1,3,3,146.83166389813528,3.329770563201687,30.70819111482666,0.7606056073988443,1.0,leptonic_bookkeeping,train,False,0.50562265163496
41763,ggH,124.83570765056163,123.94966038564371,1,3,3,146.83166389813528,3.329770563201687,30.70819111482666,0.7606056073988443,1.0,leptonic_bookkeeping,train,False,0.50562265163496
617094,ggH,124.83570765056163,123.94966038564371,1,3,3,146.83166389813528,3.329770563201687,30.70819111482666,0.7606056073988443,1.0,leptonic_bookkeeping,test,False,0.50562265163496
732972,ggH,124.83570765056163,123.94966038564371,1,3,3,146.83166389813528,3.329770563201687,30.70819111482666,0.7606056073988443,1.0,leptonic_bookkeeping,train,False,0.50562265163496
24098,ggH,124.83570765056163,123.94966038564371,1,3,3,146.83166389813528,3.329770563201687,30.70819111482666,0.7606056073988443,1.0,leptonic_bookkeeping,train,False,0.50562265163496
896291,ggH,124.83570765056163,123.94966038564371,1,3,3,146.83166389813528,3.329770563201687,30.70819111482666,0.7606056073988443,1.0,leptonic_bookkeeping,test,False,0.50562265163496
821119,ggH,124.83570765056163,123.94966038564371,1,3,3,146.83166389813528,3.329770563201687,30.70819111482666,0.7606056073988443,1.0,leptonic_bookkeeping,validation,False,0.50562265163496
214860,ggH,124.83570765056163,123.94966038564371,1,3,3,146.83166389813528,3.329770563201687,30.70819111482666,0.7606056073988443,1.0,leptonic_bookkeeping,test,False,0.50562265163496
174261,ggH,124.83570765056163,123.94966038564371,1,3,3,146.83166389813528,3.329770563201687,30.70819111482666,0.7606056073988443,1.0,leptonic_bookkeeping,test,False,0.50562265163496
904914,ggH,124.83570765056163,123.94966038564371,1,3,3,146.83166389813528,3.329770563201687,30.70819111482666,0.7606056073988443,1.0,leptonic_bookkeeping,validation,False,0.50562265163496
774316,ggH,124.83570765056163,123.94966038564371,1,3,3,146.83166389813528,3.329770563201687,30.70819111482666,0.7606056073988443,1.0,leptonic_bookkeeping,train,False,0.50562265163496
359509,ggH,124.83570765056163,123.94966038564371,1,3,3,146.83166389813528,3.329770563201687,30.70819111482666,0.7606056073988443,1.0,leptonic_bookkeeping,test,False,0.50562265163496
577175,ggH,124.83570765056163,123.94966038564371,1,3,3,146.83166389813528,3.329770563201687,30.70819111482666,0.7606056073988443,1.0,leptonic_bookkeeping,test,False,0.50562265163496
849800,ggH,124.83570765056163,123.94966038564371,1,3,3,146.83166389813528,3.329770563201687,30.70819111482666,0.7606056073988443,1.0,leptonic_bookkeeping,train,False,0.50562265163496
578774,ggH,124.83570765056163,123.94966038564371,1,3,3,146.83166389813528,3.329770563201687,30.70819111482666,0.7606056073988443,1.0,leptonic_bookkeeping,train,False,0.50562265163496
181951,ggH,124.83570765056163,123.94966038564371,1,3,3,146.83166389813528,3.329770563201687,30.70819111482666,0.7606056073988443,1.0,leptonic_bookkeeping,validation,False,0.50562265163496
923432,ggH,124.83570765056163,123.94966038564371,1,3,3,146.83166389813528,3.329770563201687,30.70819111482666,0.7606056073988443,1.0,leptonic_bookkeeping,train,False,0.50562265163496
842021,ggH,124.83570765056163,123.94966038564371,1,3,3,146.83166389813528,3.329770563201687,30.70819111482666,0.7606056073988443,1.0,leptonic_bookkeeping,validation,False,0.50562265163496
213755,ggH,124.83570765056163,123.94966038564371,1,3,3,146.83166389813528,3.329770563201687,30.70819111482666,0.7606056073988443,1.0,leptonic_bookkeeping,validation,False,0.50562265163496
56457,ggH,124.83570765056163,123.94966038564371,1,3,3,146.83166389813528,3.329770563201687,30.70819111482666,0.7606056073988443,1.0,leptonic_bookkeeping,train,False,0.50562265163496
620614,ggH,124.83570765056163,123.94966038564371,1,3,3,146.83166389813528,3.329770563201687,30.70819111482666,0.7606056073988443,1.0,leptonic_bookkeeping,train,False,0.50562265163496
906386,ggH,124.83570765056163,123.94966038564371,1,3,3,146.83166389813528,3.329770563201687,30.70819111482666,0.7606056073988443,1.0,leptonic_bookkeeping,test,False,0.50562265163496
233518,ggH,124.83570765056163,123.94966038564371,1,3,3,146.83166389813528,3.329770563201687,30.70819111482666,0.7606056073988443,1.0,leptonic_bookkeeping,validation,False,0.50562265163496
235097,ggH,124.83570765056163,123.94966038564371,1,3,3,146.83166389813528,3.329770563201687,30.70819111482666,0.7606056073988443,1.0,leptonic_bookkeeping,test,False,0.50562265163496
411017,ggH,124.83570765056163,123.94966038564371,1,3,3,146.83166389813528,3.329770563201687,30.70819111482666,0.7606056073988443,1.0,leptonic_bookkeeping,test,False,0.50562265163496
614197,ggH,124.83570765056163,123.94966038564371,1,3,3,146.83166389813528,3.329770563201687,30.70819111482666,0.7606056073988443,1.0,leptonic_bookkeeping,train,False,0.50562265163496
846044,ggH,124.83570765056163,123.94966038564371,1,3,3,146.83166389813528,3.329770563201687,30.70819111482666,0.7606056073988443,1.0,leptonic_bookkeeping,train,False,0.50562265163496
432765,ggH,124.83570765056163,123.94966038564371,1,3,3,146.83166389813528,3.329770563201687,30.70819111482666,0.7606056073988443,1.0,leptonic_bookkeeping,test,False,0.50562265163496
737550,ggH,124.83570765056163,123.94966038564371,1,3,3,146.83166389813528,3.329770563201687,30.70819111482666,0.7606056073988443,1.0,leptonic_bookkeeping,train,False,0.50562265163496
650375,ggH,124.83570765056163,123.94966038564371,1,3,3,146.83166389813528,3.329770563201687,30.70819111482666,0.7606056073988443,1.0,leptonic_bookkeeping,train,False,0.50562265163496
871985,ggH,124.83570765056163,123.94966038564371,1,3,3,146.83166389813528,3.329770563201687,30.70819111482666,0.7606056073988443,1.0,leptonic_bookkeeping,train,False,0.50562265163496
260441,ggH,124.83570765056163,123.94966038564371,1,3,3,146.83166389813528,3.329770563201687,30.70819111482666,0.7606056073988443,1.0,leptonic_bookkeeping,train,False,0.50562265163496
223518,ggH,124.83570765056163,123.94966038564371,1,3,3,146.83166389813528,3.329770563201687,30.70819111482666,0.7606056073988443,1.0,leptonic_bookkeeping,validation,False,0.50562265163496
922343,ggH,124.83570765056163,123.94966038564371,1,3,3,146.83166389813528,3.329770563201687,30.70819111482666,0.7606056073988443,1.0,leptonic_bookkeeping,train,False,0.50562265163496
912815,ggH,124.83570765056163,123.94966038564371,1,3,3,146.83166389813528,3.329770563201687,30.70819111482666,0.7606056073988443,1.0,leptonic_bookkeeping,train,False,0.50562265163496
597652,ggH,124.83570765056163,123.94966038564371,1,3,3,146.83166389813528,3.329770563201687,30.70819111482666,0.7606056073988443,1.0,leptonic_bookkeeping,test,False,0.50562265163496
623287,ggH,124.83570765056163,123.94966038564371,1,3,3,146.83166389813528,3.329770563201687,30.70819111482666,0.7606056073988443,1.0,leptonic_bookkeeping,train,False,0.50562265163496
862392,ggH,124.83570765056163,123.94966038564371,1,3,3,146.83166389813528,3.329770563201687,30.70819111482666,0.7606056073988443,1.0,leptonic_bookkeeping,validation,False,0.50562265163496
868484,ggH,124.83570765056163,123.94966038564371,1,3,3,146.83166389813528,3.329770563201687,30.70819111482666,0.7606056073988443,1.0,leptonic_bookkeeping,train,False,0.50562265163496
488676,ggH,124.83570765056163,123.94966038564371,1,3,3,146.83166389813528,3.329770563201687,30.70819111482666,0.7606056073988443,1.0,leptonic_bookkeeping,train,False,0.50562265163496
929049,ggH,124.83570765056163,123.94966038564371,1,3,3,146.83166389813528,3.329770563201687,30.70819111482666,0.7606056073988443,1.0,leptonic_bookkeeping,train,False,0.50562265163496
240863,ggH,124.83570765056163,123.94966038564371,1,3,3,146.83166389813528,3.329770563201687,30.70819111482666,0.7606056073988443,1.0,leptonic_bookkeeping,train,False,0.50562265163496
219660,ggH,124.83570765056163,123.94966038564371,1,3,3,146.83166389813528,3.329770563201687,30.70819111482666,0.7606056073988443,1.0,leptonic_bookkeeping,train,False,0.50562265163496
959140,ggH,124.83570765056163,123.94966038564371,1,3,3,146.83166389813528,3.329770563201687,30.70819111482666,0.7606056073988443,1.0,leptonic_bookkeeping,train,False,0.50562265163496
331779,ggH,124.83570765056163,123.94966038564371,1,3,3,146.83166389813528,3.329770563201687,30.70819111482666,0.7606056073988443,1.0,leptonic_bookkeeping,train,False,0.50562265163496
4872,ggH,124.83570765056163,123.94966038564371,1,3,3,146.83166389813528,3.329770563201687,30.70819111482666,0.7606056073988443,1.0,leptonic_bookkeeping,train,False,0.50562265163496
325417,ggH,124.83570765056163,123.94966038564371,1,3,3,146.83166389813528,3.329770563201687,30.70819111482666,0.7606056073988443,1.0,leptonic_bookkeeping,train,False,0.50562265163496
360154,ggH,124.83570765056163,123.94966038564371,1,3,3,146.83166389813528,3.329770563201687,30.70819111482666,0.7606056073988443,1.0,leptonic_bookkeeping,test,False,0.50562265163496
965030,ggH,124.83570765056163,123.94966038564371,1,3,3,146.83166389813528,3.329770563201687,30.70819111482666,0.7606056073988443,1.0,leptonic_bookkeeping,validation,False,0.50562265163496
263032,ggH,124.83570765056163,123.94966038564371,1,3,3,146.83166389813528,3.329770563201687,30.70819111482666,0.7606056073988443,1.0,leptonic_bookkeeping,train,False,0.50562265163496
363332,ggH,124.83570765056163,123.94966038564371,1,3,3,146.83166389813528,3.329770563201687,30.70819111482666,0.7606056073988443,1.0,leptonic_bookkeeping,train,False,0.50562265163496
63134,ggH,124.83570765056163,123.94966038564371,1,3,3,146.83166389813528,3.329770563201687,30.70819111482666,0.7606056073988443,1.0,leptonic_bookkeeping,train,False,0.50562265163496
146794,ggH,124.83570765056163,123.94966038564371,1,3,3,146.83166389813528,3.329770563201687,30.70819111482666,0.7606056073988443,1.0,leptonic_bookkeeping,train,False,0.50562265163496
8769,ggH,124.83570765056163,123.94966038564371,1,3,3,146.83166389813528,3.329770563201687,30.70819111482666,0.7606056073988443,1.0,leptonic_bookkeeping,test,False,0.50562265163496
2807,ggH,124.83570765056163,123.94966038564371,1,3,3,146.83166389813528,3.329770563201687,30.70819111482666,0.7606056073988443,1.0,leptonic_bookkeeping,train,False,0.50562265163496
156023,ggH,124.83570765056163,123.94966038564371,1,3,3,146.83166389813528,3.329770563201687,30.70819111482666,0.7606056073988443,1.0,leptonic_bookkeeping,train,False,0.50562265163496
790117,ggH,124.83570765056163,123.94966038564371,1,3,3,146.83166389813528,3.329770563201687,30.70819111482666,0.7606056073988443,1.0,leptonic_bookkeeping,validation,False,0.50562265163496
512233,ggH,124.83570765056163,123.94966038564371,1,3,3,146.83166389813528,3.329770563201687,30.70819111482666,0.7606056073988443,1.0,leptonic_bookkeeping,validation,False,0.50562265163496
149481,ggH,124.83570765056163,123.94966038564371,1,3,3,146.83166389813528,3.329770563201687,30.70819111482666,0.7606056073988443,1.0,leptonic_bookkeeping,train,False,0.50562265163496
592485,ggH,124.83570765056163,123.94966038564371,1,3,3,146.83166389813528,3.329770563201687,30.70819111482666,0.7606056073988443,1.0,leptonic_bookkeeping,train,False,0.50562265163496
124708,ggH,124.83570765056163,123.94966038564371,1,3,3,146.83166389813528,3.329770563201687,30.70819111482666,0.7606056073988443,1.0,leptonic_bookkeeping,train,False,0.50562265163496
868422,ggH,124.83570765056163,123.94966038564371,1,3,3,146.83166389813528,3.329770563201687,30.70819111482666,0.7606056073988443,1.0,leptonic_bookkeeping,train,False,0.50562265163496
862149,ggH,124.83570765056163,123.94966038564371,1,3,3,146.83166389813528,3.329770563201687,30.70819111482666,0.7606056073988443,1.0,leptonic_bookkeeping,validation,False,0.50562265163496
284960,ggH,124.83570765056163,123.94966038564371,1,3,3,146.83166389813528,3.329770563201687,30.70819111482666,0.7606056073988443,1.0,leptonic_bookkeeping,validation,False,0.50562265163496
671885,ggH,124.83570765056163,123.94966038564371,1,3,3,146.83166389813528,3.329770563201687,30.70819111482666,0.7606056073988443,1.0,leptonic_bookkeeping,train,False,0.50562265163496
857662,ggH,124.83570765056163,123.94966038564371,1,3,3,146.83166389813528,3.329770563201687,30.70819111482666,0.7606056073988443,1.0,leptonic_bookkeeping,train,False,0.50562265163496
363159,ggH,124.83570765056163,123.94966038564371,1,3,3,146.83166389813528,3.329770563201687,30.70819111482666,0.7606056073988443,1.0,leptonic_bookkeeping,train,False,0.50562265163496
907547,ggH,124.83570765056163,123.94966038564371,1,3,3,146.83166389813528,3.329770563201687,30.70819111482666,0.7606056073988443,1.0,leptonic_bookkeeping,train,False,0.50562265163496
766637,ggH,124.83570765056163,123.94966038564371,1,3,3,146.83166389813528,3.329770563201687,30.70819111482666,0.7606056073988443,1.0,leptonic_bookkeeping,train,False,0.50562265163496
816206,ggH,124.83570765056163,123.94966038564371,1,3,3,146.83166389813528,3.329770563201687,30.70819111482666,0.7606056073988443,1.0,leptonic_bookkeeping,train,False,0.50562265163496
258990,ggH,124.83570765056163,123.94966038564371,1,3,3,146.83166389813528,3.329770563201687,30.70819111482666,0.7606056073988443,1.0,leptonic_bookkeeping,train,False,0.50562265163496
795775,ggH,124.83570765056163,123.94966038564371,1,3,3,146.83166389813528,3.329770563201687,30.70819111482666,0.7606056073988443,1.0,leptonic_bookkeeping,train,False,0.50562265163496
729170,ggH,124.83570765056163,123.94966038564371,1,3,3,146.83166389813528,3.329770563201687,30.70819111482666,0.7606056073988443,1.0,leptonic_bookkeeping,validation,False,0.50562265163496
128140,ggH,124.83570765056163,123.94966038564371,1,3,3,146.83166389813528,3.329770563201687,30.70819111482666,0.7606056073988443,1.0,leptonic_bookkeeping,train,False,0.50562265163496
533634,ggH,124.83570765056163,123.94966038564371,1,3,3,146.83166389813528,3.329770563201687,30.70819111482666,0.7606056073988443,1.0,leptonic_bookkeeping,validation,False,0.50562265163496
60955,ggH,124.83570765056163,123.94966038564371,1,3,3,146.83166389813528,3.329770563201687,30.70819111482666,0.7606056073988443,1.0,leptonic_bookkeeping,test,False,0.50562265163496
840289,ggH,124.83570765056163,123.94966038564371,1,3,3,146.83166389813528,3.329770563201687,30.70819111482666,0.7606056073988443,1.0,leptonic_bookkeeping,train,False,0.50562265163496
881718,ggH,124.83570765056163,123.94966038564371,1,3,3,146.83166389813528,3.329770563201687,30.70819111482666,0.7606056073988443,1.0,leptonic_bookkeeping,train,False,0.50562265163496
236387,ggH,124.83570765056163,123.94966038564371,1,3,3,146.83166389813528,3.329770563201687,30.70819111482666,0.7606056073988443,1.0,leptonic_bookkeeping,test,False,0.50562265163496
45785,ggH,124.83570765056163,123.94966038564371,1,3,3,146.83166389813528,3.329770563201687,30.70819111482666,0.7606056073988443,1.0,leptonic_bookkeeping,train,False,0.50562265163496
801033,ggH,124.83570765056163,123.94966038564371,1,3,3,146.83166389813528,3.329770563201687,30.70819111482666,0.7606056073988443,1.0,leptonic_bookkeeping,validation,False,0.50562265163496
18617,ggH,124.83570765056163,123.94966038564371,1,3,3,146.83166389813528,3.329770563201687,30.70819111482666,0.7606056073988443,1.0,leptonic_bookkeeping,test,False,0.50562265163496
801739,ggH,124.83570765056163,123.94966038564371,1,3,3,146.83166389813528,3.329770563201687,30.70819111482666,0.7606056073988443,1.0,leptonic_bookkeeping,validation,False,0.50562265163496
262739,ggH,124.83570765056163,123.94966038564371,1,3,3,146.83166389813528,3.329770563201687,30.70819111482666,0.7606056073988443,1.0,leptonic_bookkeeping,train,False,0.50562265163496
556545,ggH,124.83570765056163,123.94966038564371,1,3,3,146.83166389813528,3.329770563201687,30.70819111482666,0.7606056073988443,1.0,leptonic_bookkeeping,test,False,0.50562265163496
317591,ggH,124.83570765056163,123.94966038564371,1,3,3,146.83166389813528,3.329770563201687,30.70819111482666,0.7606056073988443,1.0,leptonic_bookkeeping,test,False,0.50562265163496
752175,ggH,124.83570765056163,123.94966038564371,1,3,3,146.83166389813528,3.329770563201687,30.70819111482666,0.7606056073988443,1.0,leptonic_bookkeeping,test,False,0.50562265163496
369193,ggH,124.83570765056163,123.94966038564371,1,3,3,146.83166389813528,3.329770563201687,30.70819111482666,0.7606056073988443,1.0,leptonic_bookkeeping,test,False,0.50562265163496
997372,ggH,124.83570765056163,123.94966038564371,1,3,3,146.83166389813528,3.329770563201687,30.70819111482666,0.7606056073988443,1.0,leptonic_bookkeeping,validation,False,0.50562265163496
670465,ggH,124.83570765056163,123.94966038564371,1,3,3,146.83166389813528,3.329770563201687,30.70819111482666,0.7606056073988443,1.0,leptonic_bookkeeping,train,False,0.50562265163496
480680,ggH,124.83570765056163,123.94966038564371,1,3,3,146.83166389813528,3.329770563201687,30.70819111482666,0.7606056073988443,1.0,leptonic_bookkeeping,validation,False,0.50562265163496
153803,ggH,124.83570765056163,123.94966038564371,1,3,3,146.83166389813528,3.329770563201687,30.70819111482666,0.7606056073988443,1.0,leptonic_bookkeeping,test,False,0.50562265163496
629237,ggH,124.83570765056163,123.94966038564371,1,3,3,146.83166389813528,3.329770563201687,30.70819111482666,0.7606056073988443,1.0,leptonic_bookkeeping,train,False,0.50562265163496
79022,ggH,124.83570765056163,123.94966038564371,1,3,3,146.83166389813528,3.329770563201687,30.70819111482666,0.7606056073988443,1.0,leptonic_bookkeeping,validation,False,0.50562265163496
640441,ggH,124.83570765056163,123.94966038564371,1,3,3,146.83166389813528,3.329770563201687,30.70819111482666,0.7606056073988443,1.0,leptonic_bookkeeping,train,False,0.50562265163496
612467,ggH,124.83570765056163,123.94966038564371,1,3,3,146.83166389813528,3.329770563201687,30.70819111482666,0.7606056073988443,1.0,leptonic_bookkeeping,train,False,0.50562265163496
410413,ggH,124.83570765056163,123.94966038564371,1,3,3,146.83166389813528,3.329770563201687,30.70819111482666,0.7606056073988443,1.0,leptonic_bookkeeping,test,False,0.50562265163496
628829,ggH,124.83570765056163,123.94966038564371,1,3,3,146.83166389813528,3.329770563201687,30.70819111482666,0.7606056073988443,1.0,leptonic_bookkeeping,test,False,0.50562265163496
877089,ggH,124.83570765056163,123.94966038564371,1,3,3,146.83166389813528,3.329770563201687,30.70819111482666,0.7606056073988443,1.0,leptonic_bookkeeping,train,False,0.50562265163496
44688,ggH,124.83570765056163,123.94966038564371,1,3,3,146.83166389813528,3.329770563201687,30.70819111482666,0.7606056073988443,1.0,leptonic_bookkeeping,train,False,0.50562265163496
477684,ggH,124.83570765056163,123.94966038564371,1,3,3,146.83166389813528,3.329770563201687,30.70819111482666,0.7606056073988443,1.0,leptonic_bookkeeping,train,False,0.50562265163496
243915,ggH,124.83570765056163,123.94966038564371,1,3,3,146.83166389813528,3.329770563201687,30.70819111482666,0.7606056073988443,1.0,leptonic_bookkeeping,validation,False,0.50562265163496
724288,ggH,124.83570765056163,123.94966038564371,1,3,3,146.83166389813528,3.329770563201687,30.70819111482666,0.7606056073988443,1.0,leptonic_bookkeeping,train,False,0.50562265163496
15507,ggH,124.83570765056163,123.94966038564371,1,3,3,146.83166389813528,3.329770563201687,30.70819111482666,0.7606056073988443,1.0,leptonic_bookkeeping,train,False,0.50562265163496
663113,ggH,124.83570765056163,123.94966038564371,1,3,3,146.83166389813528,3.329770563201687,30.70819111482666,0.7606056073988443,1.0,leptonic_bookkeeping,train,False,0.50562265163496
95371,ggH,124.83570765056163,123.94966038564371,1,3,3,146.83166389813528,3.329770563201687,30.70819111482666,0.7606056073988443,1.0,leptonic_bookkeeping,train,False,0.50562265163496
71548,ggH,124.83570765056163,123.94966038564371,1,3,3,146.83166389813528,3.329770563201687,30.70819111482666,0.7606056073988443,1.0,leptonic_bookkeeping,test,False,0.50562265163496
187916,ggH,124.83570765056163,123.94966038564371,1,3,3,146.83166389813528,3.329770563201687,30.70819111482666,0.7606056073988443,1.0,leptonic_bookkeeping,train,False,0.50562265163496
410749,ggH,124.83570765056163,123.94966038564371,1,3,3,146.83166389813528,3.329770563201687,30.70819111482666,0.7606056073988443,1.0,leptonic_bookkeeping,test,False,0.50562265163496
623877,ggH,124.83570765056163,123.94966038564371,1,3,3,146.83166389813528,3.329770563201687,30.70819111482666,0.7606056073988443,1.0,leptonic_bookkeeping,train,False,0.50562265163496
551316,ggH,124.83570765056163,123.94966038564371,1,3,3,146.83166389813528,3.329770563201687,30.70819111482666,0.7606056073988443,1.0,leptonic_bookkeeping,train,False,0.50562265163496
164941,ggH,124.83570765056163,123.94966038564371,1,3,3,146.83166389813528,3.329770563201687,30.70819111482666,0.7606056073988443,1.0,leptonic_bookkeeping,test,False,0.50562265163496
302970,ggH,124.83570765056163,123.94966038564371,1,3,3,146.83166389813528,3.329770563201687,30.70819111482666,0.7606056073988443,1.0,leptonic_bookkeeping,train,False,0.50562265163496
829118,ggH,124.83570765056163,123.94966038564371,1,3,3,146.83166389813528,3.329770563201687,30.70819111482666,0.7606056073988443,1.0,leptonic_bookkeeping,train,False,0.50562265163496
764780,ggH,124.83570765056163,123.94966038564371,1,3,3,146.83166389813528,3.329770563201687,30.70819111482666,0.7606056073988443,1.0,leptonic_bookkeeping,train,False,0.50562265163496
468220,ggH,124.83570765056163,123.94966038564371,1,3,3,146.83166389813528,3.329770563201687,30.70819111482666,0.7606056073988443,1.0,leptonic_bookkeeping,train,False,0.50562265163496
374736,ggH,124.83570765056163,123.94966038564371,1,3,3,146.83166389813528,3.329770563201687,30.70819111482666,0.7606056073988443,1.0,leptonic_bookkeeping,train,False,0.50562265163496
72760,ggH,124.83570765056163,123.94966038564371,1,3,3,146.83166389813528,3.329770563201687,30.70819111482666,0.7606056073988443,1.0,leptonic_bookkeeping,train,False,0.50562265163496
885210,ggH,124.83570765056163,123.94966038564371,1,3,3,146.83166389813528,3.329770563201687,30.70819111482666,0.7606056073988443,1.0,leptonic_bookkeeping,test,False,0.50562265163496
391391,ggH,124.83570765056163,123.94966038564371,1,3,3,146.83166389813528,3.329770563201687,30.70819111482666,0.7606056073988443,1.0,leptonic_bookkeeping,test,False,0.50562265163496
37253,ggH,124.83570765056163,123.94966038564371,1,3,3,146.83166389813528,3.329770563201687,30.70819111482666,0.7606056073988443,1.0,leptonic_bookkeeping,validation,False,0.50562265163496
519037,ggH,124.83570765056163,123.94966038564371,1,3,3,146.83166389813528,3.329770563201687,30.70819111482666,0.7606056073988443,1.0,leptonic_bookkeeping,train,False,0.50562265163496
507467,ggH,124.83570765056163,123.94966038564371,1,3,3,146.83166389813528,3.329770563201687,30.70819111482666,0.7606056073988443,1.0,leptonic_bookkeeping,train,False,0.50562265163496
571321,ggH,124.83570765056163,123.94966038564371,1,3,3,146.83166389813528,3.329770563201687,30.70819111482666,0.7606056073988443,1.0,leptonic_bookkeeping,train,False,0.50562265163496
796375,ggH,124.83570765056163,123.94966038564371,1,3,3,146.83166389813528,3.329770563201687,30.70819111482666,0.7606056073988443,1.0,leptonic_bookkeeping,train,False,0.50562265163496
527724,ggH,124.83570765056163,123.94966038564371,1,3,3,146.83166389813528,3.329770563201687,30.70819111482666,0.7606056073988443,1.0,leptonic_bookkeeping,train,False,0.50562265163496
270494,ggH,124.83570765056163,123.94966038564371,1,3,3,146.83166389813528,3.329770563201687,30.70819111482666,0.7606056073988443,1.0,leptonic_bookkeeping,train,False,0.50562265163496
803709,ggH,124.83570765056163,123.94966038564371,1,3,3,146.83166389813528,3.329770563201687,30.70819111482666,0.7606056073988443,1.0,leptonic_bookkeeping,test,False,0.50562265163496
542600,ggH,124.83570765056163,123.94966038564371,1,3,3,146.83166389813528,3.329770563201687,30.70819111482666,0.7606056073988443,1.0,leptonic_bookkeeping,validation,False,0.50562265163496
210903,ggH,124.83570765056163,123.94966038564371,1,3,3,146.83166389813528,3.329770563201687,30.70819111482666,0.7606056073988443,1.0,leptonic_bookkeeping,train,False,0.50562265163496
314832,ggH,124.83570765056163,123.94966038564371,1,3,3,146.83166389813528,3.329770563201687,30.70819111482666,0.7606056073988443,1.0,leptonic_bookkeeping,train,False,0.50562265163496
914362,ggH,124.83570765056163,123.94966038564371,1,3,3,146.83166389813528,3.329770563201687,30.70819111482666,0.7606056073988443,1.0,leptonic_bookkeeping,validation,False,0.50562265163496
490380,ggH,124.83570765056163,123.94966038564371,1,3,3,146.83166389813528,3.329770563201687,30.70819111482666,0.7606056073988443,1.0,leptonic_bookkeeping,train,False,0.50562265163496
217810,ggH,124.83570765056163,123.94966038564371,1,3,3,146.83166389813528,3.329770563201687,30.70819111482666,0.7606056073988443,1.0,leptonic_bookkeeping,train,False,0.50562265163496
865333,ggH,124.83570765056163,123.94966038564371,1,3,3,146.83166389813528,3.329770563201687,30.70819111482666,0.7606056073988443,1.0,leptonic_bookkeeping,test,False,0.50562265163496
440013,ggH,124.83570765056163,123.94966038564371,1,3,3,146.83166389813528,3.329770563201687,30.70819111482666,0.7606056073988443,1.0,leptonic_bookkeeping,validation,False,0.50562265163496
795398,ggH,124.83570765056163,123.94966038564371,1,3,3,146.83166389813528,3.329770563201687,30.70819111482666,0.7606056073988443,1.0,leptonic_bookkeeping,train,False,0.50562265163496
391319,ggH,124.83570765056163,123.94966038564371,1,3,3,146.83166389813528,3.329770563201687,30.70819111482666,0.7606056073988443,1.0,leptonic_bookkeeping,test,False,0.50562265163496
254134,ggH,124.83570765056163,123.94966038564371,1,3,3,146.83166389813528,3.329770563201687,30.70819111482666,0.7606056073988443,1.0,leptonic_bookkeeping,validation,False,0.50562265163496
106217,ggH,124.83570765056163,123.94966038564371,1,3,3,146.83166389813528,3.329770563201687,30.70819111482666,0.7606056073988443,1.0,leptonic_bookkeeping,train,False,0.50562265163496
150512,ggH,124.83570765056163,123.94966038564371,1,3,3,146.83166389813528,3.329770563201687,30.70819111482666,0.7606056073988443,1.0,leptonic_bookkeeping,train,False,0.50562265163496
87435,ggH,124.83570765056163,123.94966038564371,1,3,3,146.83166389813528,3.329770563201687,30.70819111482666,0.7606056073988443,1.0,leptonic_bookkeeping,train,False,0.50562265163496
965590,ggH,124.83570765056163,123.94966038564371,1,3,3,146.83166389813528,3.329770563201687,30.70819111482666,0.7606056073988443,1.0,leptonic_bookkeeping,validation,False,0.50562265163496
858608,ggH,124.83570765056163,123.94966038564371,1,3,3,146.83166389813528,3.329770563201687,30.70819111482666,0.7606056073988443,1.0,leptonic_bookkeeping,train,False,0.50562265163496
593231,ggH,124.83570765056163,123.94966038564371,1,3,3,146.83166389813528,3.329770563201687,30.70819111482666,0.7606056073988443,1.0,leptonic_bookkeeping,train,False,0.50562265163496
879988,ggH,124.83570765056163,123.94966038564371,1,3,3,146.83166389813528,3.329770563201687,30.70819111482666,0.7606056073988443,1.0,leptonic_bookkeeping,train,False,0.50562265163496
836893,ggH,124.83570765056163,123.94966038564371,1,3,3,146.83166389813528,3.329770563201687,30.70819111482666,0.7606056073988443,1.0,leptonic_bookkeeping,train,False,0.50562265163496
779779,ggH,124.83570765056163,123.94966038564371,1,3,3,146.83166389813528,3.329770563201687,30.70819111482666,0.7606056073988443,1.0,leptonic_bookkeeping,validation,False,0.50562265163496
156958,ggH,124.83570765056163,123.94966038564371,1,3,3,146.83166389813528,3.329770563201687,30.70819111482666,0.7606056073988443,1.0,leptonic_bookkeeping,train,False,0.50562265163496
537289,ggH,124.83570765056163,123.94966038564371,1,3,3,146.83166389813528,3.329770563201687,30.70819111482666,0.7606056073988443,1.0,leptonic_bookkeeping,train,False,0.50562265163496
757366,ggH,124.83570765056163,123.94966038564371,1,3,3,146.83166389813528,3.329770563201687,30.70819111482666,0.7606056073988443,1.0,leptonic_bookkeeping,train,False,0.50562265163496
870156,ggH,124.83570765056163,123.94966038564371,1,3,3,146.83166389813528,3.329770563201687,30.70819111482666,0.7606056073988443,1.0,leptonic_bookkeeping,train,False,0.50562265163496
876028,ggH,124.83570765056163,123.94966038564371,1,3,3,146.83166389813528,3.329770563201687,30.70819111482666,0.7606056073988443,1.0,leptonic_bookkeeping,test,False,0.50562265163496
937036,ggH,124.83570765056163,123.94966038564371,1,3,3,146.83166389813528,3.329770563201687,30.70819111482666,0.7606056073988443,1.0,leptonic_bookkeeping,test,False,0.50562265163496
583556,ggH,124.83570765056163,123.94966038564371,1,3,3,146.83166389813528,3.329770563201687,30.70819111482666,0.7606056073988443,1.0,leptonic_bookkeeping,validation,False,0.50562265163496
22639,ggH,124.83570765056163,123.94966038564371,1,3,3,146.83166389813528,3.329770563201687,30.70819111482666,0.7606056073988443,1.0,leptonic_bookkeeping,train,False,0.50562265163496
214514,ggH,124.83570765056163,123.94966038564371,1,3,3,146.83166389813528,3.329770563201687,30.70819111482666,0.7606056073988443,1.0,leptonic_bookkeeping,test,False,0.50562265163496
194426,ggH,124.83570765056163,123.94966038564371,1,3,3,146.83166389813528,3.329770563201687,30.70819111482666,0.7606056073988443,1.0,leptonic_bookkeeping,test,False,0.50562265163496
707033,ggH,124.83570765056163,123.94966038564371,1,3,3,146.83166389813528,3.329770563201687,30.70819111482666,0.7606056073988443,1.0,leptonic_bookkeeping,train,False,0.50562265163496
976990,ggH,124.83570765056163,123.94966038564371,1,3,3,146.83166389813528,3.329770563201687,30.70819111482666,0.7606056073988443,1.0,leptonic_bookkeeping,validation,False,0.50562265163496
32540,ggH,124.83570765056163,123.94966038564371,1,3,3,146.83166389813528,3.329770563201687,30.70819111482666,0.7606056073988443,1.0,leptonic_bookkeeping,train,False,0.50562265163496
17561,ggH,124.83570765056163,123.94966038564371,1,3,3,146.83166389813528,3.329770563201687,30.70819111482666,0.7606056073988443,1.0,leptonic_bookkeeping,validation,False,0.50562265163496
498711,ggH,124.83570765056163,123.94966038564371,1,3,3,146.83166389813528,3.329770563201687,30.70819111482666,0.7606056073988443,1.0,leptonic_bookkeeping,train,False,0.50562265163496
791114,ggH,124.83570765056163,123.94966038564371,1,3,3,146.83166389813528,3.329770563201687,30.70819111482666,0.7606056073988443,1.0,leptonic_bookkeeping,validation,False,0.50562265163496
632419,ggH,124.83570765056163,123.94966038564371,1,3,3,146.83166389813528,3.329770563201687,30.70819111482666,0.7606056073988443,1.0,leptonic_bookkeeping,train,False,0.50562265163496
903628,ggH,124.83570765056163,123.94966038564371,1,3,3,146.83166389813528,3.329770563201687,30.70819111482666,0.7606056073988443,1.0,leptonic_bookkeeping,validation,False,0.50562265163496
973076,ggH,124.83570765056163,123.94966038564371,1,3,3,146.83166389813528,3.329770563201687,30.70819111482666,0.7606056073988443,1.0,leptonic_bookkeeping,train,False,0.50562265163496
878745,ggH,124.83570765056163,123.94966038564371,1,3,3,146.83166389813528,3.329770563201687,30.70819111482666,0.7606056073988443,1.0,leptonic_bookkeeping,train,False,0.50562265163496
852567,ggH,124.83570765056163,123.94966038564371,1,3,3,146.83166389813528,3.329770563201687,30.70819111482666,0.7606056073988443,1.0,leptonic_bookkeeping,validation,False,0.50562265163496
200654,ggH,124.83570765056163,123.94966038564371,1,3,3,146.83166389813528,3.329770563201687,30.70819111482666,0.7606056073988443,1.0,leptonic_bookkeeping,train,False,0.50562265163496
158916,ggH,124.83570765056163,123.94966038564371,1,3,3,146.83166389813528,3.329770563201687,30.70819111482666,0.7606056073988443,1.0,leptonic_bookkeeping,train,False,0.50562265163496
352523,ggH,124.83570765056163,123.94966038564371,1,3,3,146.83166389813528,3.329770563201687,30.70819111482666,0.7606056073988443,1.0,leptonic_bookkeeping,train,False,0.50562265163496
17755,ggH,124.83570765056163,123.94966038564371,1,3,3,146.83166389813528,3.329770563201687,30.70819111482666,0.7606056073988443,1.0,leptonic_bookkeeping,validation,False,0.50562265163496
980835,ggH,124.83570765056163,123.94966038564371,1,3,3,146.83166389813528,3.329770563201687,30.70819111482666,0.7606056073988443,1.0,leptonic_bookkeeping,train,False,0.50562265163496
105800,ggH,124.83570765056163,123.94966038564371,1,3,3,146.83166389813528,3.329770563201687,30.70819111482666,0.7606056073988443,1.0,leptonic_bookkeeping,train,False,0.50562265163496
342182,ggH,124.83570765056163,123.94966038564371,1,3,3,146.83166389813528,3.329770563201687,30.70819111482666,0.7606056073988443,1.0,leptonic_bookkeeping,train,False,0.50562265163496
566449,ggH,124.83570765056163,123.94966038564371,1,3,3,146.83166389813528,3.329770563201687,30.70819111482666,0.7606056073988443,1.0,leptonic_bookkeeping,test,False,0.50562265163496
58766,ggH,124.83570765056163,123.94966038564371,1,3,3,146.83166389813528,3.329770563201687,30.70819111482666,0.7606056073988443,1.0,leptonic_bookkeeping,validation,False,0.50562265163496
665417,ggH,124.83570765056163,123.94966038564371,1,3,3,146.83166389813528,3.329770563201687,30.70819111482666,0.7606056073988443,1.0,leptonic_bookkeeping,train,False,0.50562265163496
861578,ggH,124.83570765056163,123.94966038564371,1,3,3,146.83166389813528,3.329770563201687,30.70819111482666,0.7606056073988443,1.0,leptonic_bookkeeping,train,False,0.50562265163496
661778,ggH,124.83570765056163,123.94966038564371,1,3,3,146.83166389813528,3.329770563201687,30.70819111482666,0.7606056073988443,1.0,leptonic_bookkeeping,train,False,0.50562265163496
702824,ggH,124.83570765056163,123.94966038564371,1,3,3,146.83166389813528,3.329770563201687,30.70819111482666,0.7606056073988443,1.0,leptonic_bookkeeping,train,False,0.50562265163496
60145,ggH,124.83570765056163,123.94966038564371,1,3,3,146.83166389813528,3.329770563201687,30.70819111482666,0.7606056073988443,1.0,leptonic_bookkeeping,test,False,0.50562265163496
555555,ggH,124.83570765056163,123.94966038564371,1,3,3,146.83166389813528,3.329770563201687,30.70819111482666,0.7606056073988443,1.0,leptonic_bookkeeping,test,False,0.50562265163496
492368,ggH,124.83570765056163,123.94966038564371,1,3,3,146.83166389813528,3.329770563201687,30.70819111482666,0.7606056073988443,1.0,leptonic_bookkeeping,validation,False,0.50562265163496
48592,ggH,124.83570765056163,123.94966038564371,1,3,3,146.83166389813528,3.329770563201687,30.70819111482666,0.7606056073988443,1.0,leptonic_bookkeeping,validation,False,0.50562265163496
242668,ttH,124.83570765056163,123.94966038564371,1,3,3,146.83166389813528,3.329770563201687,30.70819111482666,0.7606056073988443,1.0,leptonic_bookkeeping,train,True,0.50562265163496
278887,ttH,124.83570765056163,123.94966038564371,1,3,3,146.83166389813528,3.329770563201687,30.70819111482666,0.7606056073988443,1.0,leptonic_bookkeeping,train,True,0.50562265163496
983853,ttH,124.83570765056163,123.94966038564371,1,3,3,146.83166389813528,3.329770563201687,30.70819111482666,0.7606056073988443,1.0,leptonic_bookkeeping,train,True,0.50562265163496
62343,ttH,124.83570765056163,123.94966038564371,1,3,3,146.83166389813528,3.329770563201687,30.70819111482666,0.7606056073988443,1.0,leptonic_bookkeeping,train,True,0.50562265163496
465694,ttH,124.83570765056163,123.94966038564371,1,3,3,146.83166389813528,3.329770563201687,30.70819111482666,0.7606056073988443,1.0,leptonic_bookkeeping,train,True,0.50562265163496
915820,ttH,124.83570765056163,123.94966038564371,1,3,3,146.83166389813528,3.329770563201687,30.70819111482666,0.7606056073988443,1.0,leptonic_bookkeeping,test,True,0.50562265163496
332445,ttH,124.83570765056163,123.94966038564371,1,3,3,146.83166389813528,3.329770563201687,30.70819111482666,0.7606056073988443,1.0,leptonic_bookkeeping,train,True,0.50562265163496
743117,ttH,124.83570765056163,123.94966038564371,1,3,3,146.83166389813528,3.329770563201687,30.70819111482666,0.7606056073988443,1.0,leptonic_bookkeeping,train,True,0.50562265163496
760724,ttH,124.83570765056163,123.94966038564371,1,3,3,146.83166389813528,3.329770563201687,30.70819111482666,0.7606056073988443,1.0,leptonic_bookkeeping,validation,True,0.50562265163496
614048,ttH,124.83570765056163,123.94966038564371,1,3,3,146.83166389813528,3.329770563201687,30.70819111482666,0.7606056073988443,1.0,leptonic_bookkeeping,train,True,0.50562265163496
796888,ttH,124.83570765056163,123.94966038564371,1,3,3,146.83166389813528,3.329770563201687,30.70819111482666,0.7606056073988443,1.0,leptonic_bookkeeping,train,True,0.50562265163496
610676,ttH,124.83570765056163,123.94966038564371,1,3,3,146.83166389813528,3.329770563201687,30.70819111482666,0.7606056073988443,1.0,leptonic_bookkeeping,train,True,0.50562265163496
471802,ttH,124.83570765056163,123.94966038564371,1,3,3,146.83166389813528,3.329770563201687,30.70819111482666,0.7606056073988443,1.0,leptonic_bookkeeping,validation,True,0.50562265163496
597491,ttH,124.83570765056163,123.94966038564371,1,3,3,146.83166389813528,3.329770563201687,30.70819111482666,0.7606056073988443,1.0,leptonic_bookkeeping,test,True,0.50562265163496
252207,ttH,124.83570765056163,123.94966038564371,1,3,3,146.83166389813528,3.329770563201687,30.70819111482666,0.7606056073988443,1.0,leptonic_bookkeeping,train,True,0.50562265163496
3208,ttH,124.83570765056163,123.94966038564371,1,3,3,146.83166389813528,3.329770563201687,30.70819111482666,0.7606056073988443,1.0,leptonic_bookkeeping,train,True,0.50562265163496
436586,ttH,124.83570765056163,123.94966038564371,1,3,3,146.83166389813528,3.329770563201687,30.70819111482666,0.7606056073988443,1.0,leptonic_bookkeeping,train,True,0.50562265163496
168978,ttH,124.83570765056163,123.94966038564371,1,3,3,146.83166389813528,3.329770563201687,30.70819111482666,0.7606056073988443,1.0,leptonic_bookkeeping,train,True,0.50562265163496
742874,ttH,124.83570765056163,123.94966038564371,1,3,3,146.83166389813528,3.329770563201687,30.70819111482666,0.7606056073988443,1.0,leptonic_bookkeeping,train,True,0.50562265163496
345024,ttH,124.83570765056163,123.94966038564371,1,3,3,146.83166389813528,3.329770563201687,30.70819111482666,0.7606056073988443,1.0,leptonic_bookkeeping,train,True,0.50562265163496
460377,ttH,124.83570765056163,123.94966038564371,1,3,3,146.83166389813528,3.329770563201687,30.70819111482666,0.7606056073988443,1.0,leptonic_bookkeeping,validation,True,0.50562265163496
447890,ttH,124.83570765056163,123.94966038564371,1,3,3,146.83166389813528,3.329770563201687,30.70819111482666,0.7606056073988443,1.0,leptonic_bookkeeping,train,True,0.50562265163496
622819,ttH,124.83570765056163,123.94966038564371,1,3,3,146.83166389813528,3.329770563201687,30.70819111482666,0.7606056073988443,1.0,leptonic_bookkeeping,train,True,0.50562265163496
615489,ttH,124.83570765056163,123.94966038564371,1,3,3,146.83166389813528,3.329770563201687,30.70819111482666,0.7606056073988443,1.0,leptonic_bookkeeping,validation,True,0.50562265163496
425568,ttH,124.83570765056163,123.94966038564371,1,3,3,146.83166389813528,3.329770563201687,30.70819111482666,0.7606056073988443,1.0,leptonic_bookkeeping,train,True,0.50562265163496
70902,ttH,124.83570765056163,123.94966038564371,1,3,3,146.83166389813528,3.329770563201687,30.70819111482666,0.7606056073988443,1.0,leptonic_bookkeeping,test,True,0.50562265163496
58847,ttH,124.83570765056163,123.94966038564371,1,3,3,146.83166389813528,3.329770563201687,30.70819111482666,0.7606056073988443,1.0,leptonic_bookkeeping,validation,True,0.50562265163496
749419,ttH,124.83570765056163,123.94966038564371,1,3,3,146.83166389813528,3.329770563201687,30.70819111482666,0.7606056073988443,1.0,leptonic_bookkeeping,validation,True,0.50562265163496
560536,ttH,124.83570765056163,123.94966038564371,1,3,3,146.83166389813528,3.329770563201687,30.70819111482666,0.7606056073988443,1.0,leptonic_bookkeeping,train,True,0.50562265163496
489653,ttH,124.83570765056163,123.94966038564371,1,3,3,146.83166389813528,3.329770563201687,30.70819111482666,0.7606056073988443,1.0,leptonic_bookkeeping,train,True,0.50562265163496
685262,ttH,124.83570765056163,123.94966038564371,1,3,3,146.83166389813528,3.329770563201687,30.70819111482666,0.7606056073988443,1.0,leptonic_bookkeeping,train,True,0.50562265163496
388520,ttH,124.83570765056163,123.94966038564371,1,3,3,146.83166389813528,3.329770563201687,30.70819111482666,0.7606056073988443,1.0,leptonic_bookkeeping,validation,True,0.50562265163496
194222,ttH,124.83570765056163,123.94966038564371,1,3,3,146.83166389813528,3.329770563201687,30.70819111482666,0.7606056073988443,1.0,leptonic_bookkeeping,test,True,0.50562265163496
444149,ttH,124.83570765056163,123.94966038564371,1,3,3,146.83166389813528,3.329770563201687,30.70819111482666,0.7606056073988443,1.0,leptonic_bookkeeping,train,True,0.50562265163496
871255,ttH,124.83570765056163,123.94966038564371,1,3,3,146.83166389813528,3.329770563201687,30.70819111482666,0.7606056073988443,1.0,leptonic_bookkeeping,train,True,0.50562265163496
84039,ttH,124.83570765056163,123.94966038564371,1,3,3,146.83166389813528,3.329770563201687,30.70819111482666,0.7606056073988443,1.0,leptonic_bookkeeping,train,True,0.50562265163496
772274,ttH,124.83570765056163,123.94966038564371,1,3,3,146.83166389813528,3.329770563201687,30.70819111482666,0.7606056073988443,1.0,leptonic_bookkeeping,test,True,0.50562265163496
267701,ttH,124.83570765056163,123.94966038564371,1,3,3,146.83166389813528,3.329770563201687,30.70819111482666,0.7606056073988443,1.0,leptonic_bookkeeping,test,True,0.50562265163496
589693,ttH,124.83570765056163,123.94966038564371,1,3,3,146.83166389813528,3.329770563201687,30.70819111482666,0.7606056073988443,1.0,leptonic_bookkeeping,train,True,0.50562265163496
294331,ttH,124.83570765056163,123.94966038564371,1,3,3,146.83166389813528,3.329770563201687,30.70819111482666,0.7606056073988443,1.0,leptonic_bookkeeping,train,True,0.50562265163496
566161,ttH,124.83570765056163,123.94966038564371,1,3,3,146.83166389813528,3.329770563201687,30.70819111482666,0.7606056073988443,1.0,leptonic_bookkeeping,test,True,0.50562265163496
377919,ttH,124.83570765056163,123.94966038564371,1,3,3,146.83166389813528,3.329770563201687,30.70819111482666,0.7606056073988443,1.0,leptonic_bookkeeping,validation,True,0.50562265163496
917106,ttH,124.83570765056163,123.94966038564371,1,3,3,146.83166389813528,3.329770563201687,30.70819111482666,0.7606056073988443,1.0,leptonic_bookkeeping,test,True,0.50562265163496
663314,ttH,124.83570765056163,123.94966038564371,1,3,3,146.83166389813528,3.329770563201687,30.70819111482666,0.7606056073988443,1.0,leptonic_bookkeeping,train,True,0.50562265163496
501139,ttH,124.83570765056163,123.94966038564371,1,3,3,146.83166389813528,3.329770563201687,30.70819111482666,0.7606056073988443,1.0,leptonic_bookkeeping,validation,True,0.50562265163496
389393,ttH,124.83570765056163,123.94966038564371,1,3,3,146.83166389813528,3.329770563201687,30.70819111482666,0.7606056073988443,1.0,leptonic_bookkeeping,validation,True,0.50562265163496
57932,ttH,124.83570765056163,123.94966038564371,1,3,3,146.83166389813528,3.329770563201687,30.70819111482666,0.7606056073988443,1.0,leptonic_bookkeeping,validation,True,0.50562265163496
712060,ttH,124.83570765056163,123.94966038564371,1,3,3,146.83166389813528,3.329770563201687,30.70819111482666,0.7606056073988443,1.0,leptonic_bookkeeping,train,True,0.50562265163496
848806,ttH,124.83570765056163,123.94966038564371,1,3,3,146.83166389813528,3.329770563201687,30.70819111482666,0.7606056073988443,1.0,leptonic_bookkeeping,train,True,0.50562265163496
309959,ttH,124.83570765056163,123.94966038564371,1,3,3,146.83166389813528,3.329770563201687,30.70819111482666,0.7606056073988443,1.0,leptonic_bookkeeping,train,True,0.50562265163496
299093,ttH,124.83570765056163,123.94966038564371,1,3,3,146.83166389813528,3.329770563201687,30.70819111482666,0.7606056073988443,1.0,leptonic_bookkeeping,train,True,0.50562265163496
605162,ttH,124.83570765056163,123.94966038564371,1,3,3,146.83166389813528,3.329770563201687,30.70819111482666,0.7606056073988443,1.0,leptonic_bookkeeping,validation,True,0.50562265163496
531119,ttH,124.83570765056163,123.94966038564371,1,3,3,146.83166389813528,3.329770563201687,30.70819111482666,0.7606056073988443,1.0,leptonic_bookkeeping,train,True,0.50562265163496
355263,ttH,124.83570765056163,123.94966038564371,1,3,3,146.83166389813528,3.329770563201687,30.70819111482666,0.7606056073988443,1.0,leptonic_bookkeeping,train,True,0.50562265163496
175376,ttH,124.83570765056163,123.94966038564371,1,3,3,146.83166389813528,3.329770563201687,30.70819111482666,0.7606056073988443,1.0,leptonic_bookkeeping,train,True,0.50562265163496
272595,ttH,124.83570765056163,123.94966038564371,1,3,3,146.83166389813528,3.329770563201687,30.70819111482666,0.7606056073988443,1.0,leptonic_bookkeeping,train,True,0.50562265163496
828761,ttH,124.83570765056163,123.94966038564371,1,3,3,146.83166389813528,3.329770563201687,30.70819111482666,0.7606056073988443,1.0,leptonic_bookkeeping,train,True,0.50562265163496
230777,ttH,124.83570765056163,123.94966038564371,1,3,3,146.83166389813528,3.329770563201687,30.70819111482666,0.7606056073988443,1.0,leptonic_bookkeeping,train,True,0.50562265163496
508382,ttH,124.83570765056163,123.94966038564371,1,3,3,146.83166389813528,3.329770563201687,30.70819111482666,0.7606056073988443,1.0,leptonic_bookkeeping,train,True,0.50562265163496
388939,ttH,124.83570765056163,123.94966038564371,1,3,3,146.83166389813528,3.329770563201687,30.70819111482666,0.7606056073988443,1.0,leptonic_bookkeeping,validation,True,0.50562265163496
730216,ttH,124.83570765056163,123.94966038564371,1,3,3,146.83166389813528,3.329770563201687,30.70819111482666,0.7606056073988443,1.0,leptonic_bookkeeping,test,True,0.50562265163496
152495,ttH,124.83570765056163,123.94966038564371,1,3,3,146.83166389813528,3.329770563201687,30.70819111482666,0.7606056073988443,1.0,leptonic_bookkeeping,validation,True,0.50562265163496
712945,ttH,124.83570765056163,123.94966038564371,1,3,3,146.83166389813528,3.329770563201687,30.70819111482666,0.7606056073988443,1.0,leptonic_bookkeeping,train,True,0.50562265163496
856469,ttH,124.83570765056163,123.94966038564371,1,3,3,146.83166389813528,3.329770563201687,30.70819111482666,0.7606056073988443,1.0,leptonic_bookkeeping,train,True,0.50562265163496
508499,ttH,124.83570765056163,123.94966038564371,1,3,3,146.83166389813528,3.329770563201687,30.70819111482666,0.7606056073988443,1.0,leptonic_bookkeeping,train,True,0.50562265163496
324745,ttH,124.83570765056163,123.94966038564371,1,3,3,146.83166389813528,3.329770563201687,30.70819111482666,0.7606056073988443,1.0,leptonic_bookkeeping,train,True,0.50562265163496
840531,ttH,124.83570765056163,123.94966038564371,1,3,3,146.83166389813528,3.329770563201687,30.70819111482666,0.7606056073988443,1.0,leptonic_bookkeeping,train,True,0.50562265163496
293451,ttH,124.83570765056163,123.94966038564371,1,3,3,146.83166389813528,3.329770563201687,30.70819111482666,0.7606056073988443,1.0,leptonic_bookkeeping,train,True,0.50562265163496
992725,ttH,124.83570765056163,123.94966038564371,1,3,3,146.83166389813528,3.329770563201687,30.70819111482666,0.7606056073988443,1.0,leptonic_bookkeeping,train,True,0.50562265163496
450913,ttH,124.83570765056163,123.94966038564371,1,3,3,146.83166389813528,3.329770563201687,30.70819111482666,0.7606056073988443,1.0,leptonic_bookkeeping,validation,True,0.50562265163496
960331,ttH,124.83570765056163,123.94966038564371,1,3,3,146.83166389813528,3.329770563201687,30.70819111482666,0.7606056073988443,1.0,leptonic_bookkeeping,train,True,0.50562265163496
41072,ttH,124.83570765056163,123.94966038564371,1,3,3,146.83166389813528,3.329770563201687,30.70819111482666,0.7606056073988443,1.0,leptonic_bookkeeping,test,True,0.50562265163496
897737,ttH,124.83570765056163,123.94966038564371,1,3,3,146.83166389813528,3.329770563201687,30.70819111482666,0.7606056073988443,1.0,leptonic_bookkeeping,train,True,0.50562265163496
845458,ttH,124.83570765056163,123.94966038564371,1,3,3,146.83166389813528,3.329770563201687,30.70819111482666,0.7606056073988443,1.0,leptonic_bookkeeping,train,True,0.50562265163496
137576,ttH,124.83570765056163,123.94966038564371,1,3,3,146.83166389813528,3.329770563201687,30.70819111482666,0.7606056073988443,1.0,leptonic_bookkeeping,train,True,0.50562265163496
597260,ttH,124.83570765056163,123.94966038564371,1,3,3,146.83166389813528,3.329770563201687,30.70819111482666,0.7606056073988443,1.0,leptonic_bookkeeping,test,True,0.50562265163496
984978,ttH,124.83570765056163,123.94966038564371,1,3,3,146.83166389813528,3.329770563201687,30.70819111482666,0.7606056073988443,1.0,leptonic_bookkeeping,train,True,0.50562265163496
538473,ttH,124.83570765056163,123.94966038564371,1,3,3,146.83166389813528,3.329770563201687,30.70819111482666,0.7606056073988443,1.0,leptonic_bookkeeping,train,True,0.50562265163496
70639,ttH,124.83570765056163,123.94966038564371,1,3,3,146.83166389813528,3.329770563201687,30.70819111482666,0.7606056073988443,1.0,leptonic_bookkeeping,test,True,0.50562265163496
479328,ttH,124.83570765056163,123.94966038564371,1,3,3,146.83166389813528,3.329770563201687,30.70819111482666,0.7606056073988443,1.0,leptonic_bookkeeping,train,True,0.50562265163496
664726,ttH,124.83570765056163,123.94966038564371,1,3,3,146.83166389813528,3.329770563201687,30.70819111482666,0.7606056073988443,1.0,leptonic_bookkeeping,train,True,0.50562265163496
661471,ttH,124.83570765056163,123.94966038564371,1,3,3,146.83166389813528,3.329770563201687,30.70819111482666,0.7606056073988443,1.0,leptonic_bookkeeping,train,True,0.50562265163496
191571,ttH,124.83570765056163,123.94966038564371,1,3,3,146.83166389813528,3.329770563201687,30.70819111482666,0.7606056073988443,1.0,leptonic_bookkeeping,train,True,0.50562265163496
225818,ttH,124.83570765056163,123.94966038564371,1,3,3,146.83166389813528,3.329770563201687,30.70819111482666,0.7606056073988443,1.0,leptonic_bookkeeping,test,True,0.50562265163496
902712,ttH,124.83570765056163,123.94966038564371,1,3,3,146.83166389813528,3.329770563201687,30.70819111482666,0.7606056073988443,1.0,leptonic_bookkeeping,train,True,0.50562265163496
440107,ttH,124.83570765056163,123.94966038564371,1,3,3,146.83166389813528,3.329770563201687,30.70819111482666,0.7606056073988443,1.0,leptonic_bookkeeping,validation,True,0.50562265163496
459011,ttH,124.83570765056163,123.94966038564371,1,3,3,146.83166389813528,3.329770563201687,30.70819111482666,0.7606056073988443,1.0,leptonic_bookkeeping,train,True,0.50562265163496
81133,ttH,124.83570765056163,123.94966038564371,1,3,3,146.83166389813528,3.329770563201687,30.70819111482666,0.7606056073988443,1.0,leptonic_bookkeeping,test,True,0.50562265163496
272829,ttH,124.83570765056163,123.94966038564371,1,3,3,146.83166389813528,3.329770563201687,30.70819111482666,0.7606056073988443,1.0,leptonic_bookkeeping,train,True,0.50562265163496
742149,ttH,124.83570765056163,123.94966038564371,1,3,3,146.83166389813528,3.329770563201687,30.70819111482666,0.7606056073988443,1.0,leptonic_bookkeeping,test,True,0.50562265163496
216966,ttH,124.83570765056163,123.94966038564371,1,3,3,146.83166389813528,3.329770563201687,30.70819111482666,0.7606056073988443,1.0,leptonic_bookkeeping,train,True,0.50562265163496
124270,ttH,124.83570765056163,123.94966038564371,1,3,3,146.83166389813528,3.329770563201687,30.70819111482666,0.7606056073988443,1.0,leptonic_bookkeeping,train,True,0.50562265163496
844236,ttH,124.83570765056163,123.94966038564371,1,3,3,146.83166389813528,3.329770563201687,30.70819111482666,0.7606056073988443,1.0,leptonic_bookkeeping,test,True,0.50562265163496
544435,ttH,124.83570765056163,123.94966038564371,1,3,3,146.83166389813528,3.329770563201687,30.70819111482666,0.7606056073988443,1.0,leptonic_bookkeeping,test,True,0.50562265163496
949529,ttH,124.83570765056163,123.94966038564371,1,3,3,146.83166389813528,3.329770563201687,30.70819111482666,0.7606056073988443,1.0,leptonic_bookkeeping,train,True,0.50562265163496
848646,ttH,124.83570765056163,123.94966038564371,1,3,3,146.83166389813528,3.329770563201687,30.70819111482666,0.7606056073988443,1.0,leptonic_bookkeeping,train,True,0.50562265163496
374738,ttH,124.83570765056163,123.94966038564371,1,3,3,146.83166389813528,3.329770563201687,30.70819111482666,0.7606056073988443,1.0,leptonic_bookkeeping,train,True,0.50562265163496
489984,ttH,124.83570765056163,123.94966038564371,1,3,3,146.83166389813528,3.329770563201687,30.70819111482666,0.7606056073988443,1.0,leptonic_bookkeeping,train,True,0.50562265163496
3163,ttH,124.83570765056163,123.94966038564371,1,3,3,146.83166389813528,3.329770563201687,30.70819111482666,0.7606056073988443,1.0,leptonic_bookkeeping,train,True,0.50562265163496
980319,ttH,124.83570765056163,123.94966038564371,1,3,3,146.83166389813528,3.329770563201687,30.70819111482666,0.7606056073988443,1.0,leptonic_bookkeeping,train,True,0.50562265163496
7642,ttH,124.83570765056163,123.94966038564371,1,3,3,146.83166389813528,3.329770563201687,30.70819111482666,0.7606056073988443,1.0,leptonic_bookkeeping,validation,True,0.50562265163496
994614,ttH,124.83570765056163,123.94966038564371,1,3,3,146.83166389813528,3.329770563201687,30.70819111482666,0.7606056073988443,1.0,leptonic_bookkeeping,train,True,0.50562265163496
99901,ttH,124.83570765056163,123.94966038564371,1,3,3,146.83166389813528,3.329770563201687,30.70819111482666,0.7606056073988443,1.0,leptonic_bookkeeping,validation,True,0.50562265163496
874439,ttH,124.83570765056163,123.94966038564371,1,3,3,146.83166389813528,3.329770563201687,30.70819111482666,0.7606056073988443,1.0,leptonic_bookkeeping,test,True,0.50562265163496
651141,ttH,124.83570765056163,123.94966038564371,1,3,3,146.83166389813528,3.329770563201687,30.70819111482666,0.7606056073988443,1.0,leptonic_bookkeeping,train,True,0.50562265163496
82120,ttH,124.83570765056163,123.94966038564371,1,3,3,146.83166389813528,3.329770563201687,30.70819111482666,0.7606056073988443,1.0,leptonic_bookkeeping,test,True,0.50562265163496
749846,ttH,124.83570765056163,123.94966038564371,1,3,3,146.83166389813528,3.329770563201687,30.70819111482666,0.7606056073988443,1.0,leptonic_bookkeeping,validation,True,0.50562265163496
18830,ttH,124.83570765056163,123.94966038564371,1,3,3,146.83166389813528,3.329770563201687,30.70819111482666,0.7606056073988443,1.0,leptonic_bookkeeping,test,True,0.50562265163496
505943,ttH,124.83570765056163,123.94966038564371,1,3,3,146.83166389813528,3.329770563201687,30.70819111482666,0.7606056073988443,1.0,leptonic_bookkeeping,train,True,0.50562265163496
323117,ttH,124.83570765056163,123.94966038564371,1,3,3,146.83166389813528,3.329770563201687,30.70819111482666,0.7606056073988443,1.0,leptonic_bookkeeping,train,True,0.50562265163496
725545,ttH,124.83570765056163,123.94966038564371,1,3,3,146.83166389813528,3.329770563201687,30.70819111482666,0.7606056073988443,1.0,leptonic_bookkeeping,train,True,0.50562265163496
305829,ttH,124.83570765056163,123.94966038564371,1,3,3,146.83166389813528,3.329770563201687,30.70819111482666,0.7606056073988443,1.0,leptonic_bookkeeping,validation,True,0.50562265163496
290597,ttH,124.83570765056163,123.94966038564371,1,3,3,146.83166389813528,3.329770563201687,30.70819111482666,0.7606056073988443,1.0,leptonic_bookkeeping,train,True,0.50562265163496
160818,ttH,124.83570765056163,123.94966038564371,1,3,3,146.83166389813528,3.329770563201687,30.70819111482666,0.7606056073988443,1.0,leptonic_bookkeeping,train,True,0.50562265163496
277590,ttH,124.83570765056163,123.94966038564371,1,3,3,146.83166389813528,3.329770563201687,30.70819111482666,0.7606056073988443,1.0,leptonic_bookkeeping,test,True,0.50562265163496
324561,ttH,124.83570765056163,123.94966038564371,1,3,3,146.83166389813528,3.329770563201687,30.70819111482666,0.7606056073988443,1.0,leptonic_bookkeeping,train,True,0.50562265163496
599692,ttH,124.83570765056163,123.94966038564371,1,3,3,146.83166389813528,3.329770563201687,30.70819111482666,0.7606056073988443,1.0,leptonic_bookkeeping,train,True,0.50562265163496
733887,ttH,124.83570765056163,123.94966038564371,1,3,3,146.83166389813528,3.329770563201687,30.70819111482666,0.7606056073988443,1.0,leptonic_bookkeeping,train,True,0.50562265163496
550420,ttH,124.83570765056163,123.94966038564371,1,3,3,146.83166389813528,3.329770563201687,30.70819111482666,0.7606056073988443,1.0,leptonic_bookkeeping,train,True,0.50562265163496
988992,ttH,124.83570765056163,123.94966038564371,1,3,3,146.83166389813528,3.329770563201687,30.70819111482666,0.7606056073988443,1.0,leptonic_bookkeeping,test,True,0.50562265163496
206386,ttH,124.83570765056163,123.94966038564371,1,3,3,146.83166389813528,3.329770563201687,30.70819111482666,0.7606056073988443,1.0,leptonic_bookkeeping,train,True,0.50562265163496
770378,ttH,124.83570765056163,123.94966038564371,1,3,3,146.83166389813528,3.329770563201687,30.70819111482666,0.7606056073988443,1.0,leptonic_bookkeeping,validation,True,0.50562265163496
747525,ttH,124.83570765056163,123.94966038564371,1,3,3,146.83166389813528,3.329770563201687,30.70819111482666,0.7606056073988443,1.0,leptonic_bookkeeping,train,True,0.50562265163496
901009,ttH,124.83570765056163,123.94966038564371,1,3,3,146.83166389813528,3.329770563201687,30.70819111482666,0.7606056073988443,1.0,leptonic_bookkeeping,train,True,0.50562265163496
350914,ttH,124.83570765056163,123.94966038564371,1,3,3,146.83166389813528,3.329770563201687,30.70819111482666,0.7606056073988443,1.0,leptonic_bookkeeping,train,True,0.50562265163496
926892,ttH,124.83570765056163,123.94966038564371,1,3,3,146.83166389813528,3.329770563201687,30.70819111482666,0.7606056073988443,1.0,leptonic_bookkeeping,test,True,0.50562265163496
930928,ttH,124.83570765056163,123.94966038564371,1,3,3,146.83166389813528,3.329770563201687,30.70819111482666,0.7606056073988443,1.0,leptonic_bookkeeping,train,True,0.50562265163496
971880,ttH,124.83570765056163,123.94966038564371,1,3,3,146.83166389813528,3.329770563201687,30.70819111482666,0.7606056073988443,1.0,leptonic_bookkeeping,train,True,0.50562265163496
305220,ttH,124.83570765056163,123.94966038564371,1,3,3,146.83166389813528,3.329770563201687,30.70819111482666,0.7606056073988443,1.0,leptonic_bookkeeping,validation,True,0.50562265163496
605481,ttH,124.83570765056163,123.94966038564371,1,3,3,146.83166389813528,3.329770563201687,30.70819111482666,0.7606056073988443,1.0,leptonic_bookkeeping,validation,True,0.50562265163496
157689,ttH,124.83570765056163,123.94966038564371,1,3,3,146.83166389813528,3.329770563201687,30.70819111482666,0.7606056073988443,1.0,leptonic_bookkeeping,train,True,0.50562265163496
788653,ttH,124.83570765056163,123.94966038564371,1,3,3,146.83166389813528,3.329770563201687,30.70819111482666,0.7606056073988443,1.0,leptonic_bookkeeping,train,True,0.50562265163496
640047,ttH,124.83570765056163,123.94966038564371,1,3,3,146.83166389813528,3.329770563201687,30.70819111482666,0.7606056073988443,1.0,leptonic_bookkeeping,train,True,0.50562265163496
768822,ttH,124.83570765056163,123.94966038564371,1,3,3,146.83166389813528,3.329770563201687,30.70819111482666,0.7606056073988443,1.0,leptonic_bookkeeping,train,True,0.50562265163496
525504,ttH,124.83570765056163,123.94966038564371,1,3,3,146.83166389813528,3.329770563201687,30.70819111482666,0.7606056073988443,1.0,leptonic_bookkeeping,test,True,0.50562265163496
71803,ttH,124.83570765056163,123.94966038564371,1,3,3,146.83166389813528,3.329770563201687,30.70819111482666,0.7606056073988443,1.0,leptonic_bookkeeping,test,True,0.50562265163496
903102,ttH,124.83570765056163,123.94966038564371,1,3,3,146.83166389813528,3.329770563201687,30.70819111482666,0.7606056073988443,1.0,leptonic_bookkeeping,validation,True,0.50562265163496
999965,ttH,124.83570765056163,123.94966038564371,1,3,3,146.83166389813528,3.329770563201687,30.70819111482666,0.7606056073988443,1.0,leptonic_bookkeeping,test,True,0.50562265163496
380576,ttH,124.83570765056163,123.94966038564371,1,3,3,146.83166389813528,3.329770563201687,30.70819111482666,0.7606056073988443,1.0,leptonic_bookkeeping,test,True,0.50562265163496
245322,ttH,124.83570765056163,123.94966038564371,1,3,3,146.83166389813528,3.329770563201687,30.70819111482666,0.7606056073988443,1.0,leptonic_bookkeeping,validation,True,0.50562265163496
330772,ttH,124.83570765056163,123.94966038564371,1,3,3,146.83166389813528,3.329770563201687,30.70819111482666,0.7606056073988443,1.0,leptonic_bookkeeping,train,True,0.50562265163496
475833,ttH,124.83570765056163,123.94966038564371,1,3,3,146.83166389813528,3.329770563201687,30.70819111482666,0.7606056073988443,1.0,leptonic_bookkeeping,train,True,0.50562265163496
682144,ttH,124.83570765056163,123.94966038564371,1,3,3,146.83166389813528,3.329770563201687,30.70819111482666,0.7606056073988443,1.0,leptonic_bookkeeping,train,True,0.50562265163496
417708,ttH,124.83570765056163,123.94966038564371,1,3,3,146.83166389813528,3.329770563201687,30.70819111482666,0.7606056073988443,1.0,leptonic_bookkeeping,train,True,0.50562265163496
456268,ttH,124.83570765056163,123.94966038564371,1,3,3,146.83166389813528,3.329770563201687,30.70819111482666,0.7606056073988443,1.0,leptonic_bookkeeping,train,True,0.50562265163496
304691,ttH,124.83570765056163,123.94966038564371,1,3,3,146.83166389813528,3.329770563201687,30.70819111482666,0.7606056073988443,1.0,leptonic_bookkeeping,train,True,0.50562265163496
851243,ttH,124.83570765056163,123.94966038564371,1,3,3,146.83166389813528,3.329770563201687,30.70819111482666,0.7606056073988443,1.0,leptonic_bookkeeping,train,True,0.50562265163496
884254,ttH,124.83570765056163,123.94966038564371,1,3,3,146.83166389813528,3.329770563201687,30.70819111482666,0.7606056073988443,1.0,leptonic_bookkeeping,validation,True,0.50562265163496
320352,ttH,124.83570765056163,123.94966038564371,1,3,3,146.83166389813528,3.329770563201687,30.70819111482666,0.7606056073988443,1.0,leptonic_bookkeeping,train,True,0.50562265163496
53290,ttH,124.83570765056163,123.94966038564371,1,3,3,146.83166389813528,3.329770563201687,30.70819111482666,0.7606056073988443,1.0,leptonic_bookkeeping,train,True,0.50562265163496
907240,ttH,124.83570765056163,123.94966038564371,1,3,3,146.83166389813528,3.329770563201687,30.70819111482666,0.7606056073988443,1.0,leptonic_bookkeeping,train,True,0.50562265163496
298226,ttH,124.83570765056163,123.94966038564371,1,3,3,146.83166389813528,3.329770563201687,30.70819111482666,0.7606056073988443,1.0,leptonic_bookkeeping,test,True,0.50562265163496
945542,ttH,124.83570765056163,123.94966038564371,1,3,3,146.83166389813528,3.329770563201687,30.70819111482666,0.7606056073988443,1.0,leptonic_bookkeeping,validation,True,0.50562265163496
533634,ttH,124.83570765056163,123.94966038564371,1,3,3,146.83166389813528,3.329770563201687,30.70819111482666,0.7606056073988443,1.0,leptonic_bookkeeping,validation,True,0.50562265163496
596827,ttH,124.83570765056163,123.94966038564371,1,3,3,146.83166389813528,3.329770563201687,30.70819111482666,0.7606056073988443,1.0,leptonic_bookkeeping,test,True,0.50562265163496
69020,ttH,124.83570765056163,123.94966038564371,1,3,3,146.83166389813528,3.329770563201687,30.70819111482666,0.7606056073988443,1.0,leptonic_bookkeeping,validation,True,0.50562265163496
631648,ttH,124.83570765056163,123.94966038564371,1,3,3,146.83166389813528,3.329770563201687,30.70819111482666,0.7606056073988443,1.0,leptonic_bookkeeping,train,True,0.50562265163496
956093,ttH,124.83570765056163,123.94966038564371,1,3,3,146.83166389813528,3.329770563201687,30.70819111482666,0.7606056073988443,1.0,leptonic_bookkeeping,validation,True,0.50562265163496
866125,ttH,124.83570765056163,123.94966038564371,1,3,3,146.83166389813528,3.329770563201687,30.70819111482666,0.7606056073988443,1.0,leptonic_bookkeeping,train,True,0.50562265163496
323647,ttH,124.83570765056163,123.94966038564371,1,3,3,146.83166389813528,3.329770563201687,30.70819111482666,0.7606056073988443,1.0,leptonic_bookkeeping,train,True,0.50562265163496
896311,ttH,124.83570765056163,123.94966038564371,1,3,3,146.83166389813528,3.329770563201687,30.70819111482666,0.7606056073988443,1.0,leptonic_bookkeeping,test,True,0.50562265163496
930790,ttH,124.83570765056163,123.94966038564371,1,3,3,146.83166389813528,3.329770563201687,30.70819111482666,0.7606056073988443,1.0,leptonic_bookkeeping,train,True,0.50562265163496
272106,ttH,124.83570765056163,123.94966038564371,1,3,3,146.83166389813528,3.329770563201687,30.70819111482666,0.7606056073988443,1.0,leptonic_bookkeeping,train,True,0.50562265163496
405143,ttH,124.83570765056163,123.94966038564371,1,3,3,146.83166389813528,3.329770563201687,30.70819111482666,0.7606056073988443,1.0,leptonic_bookkeeping,train,True,0.50562265163496
307769,ttH,124.83570765056163,123.94966038564371,1,3,3,146.83166389813528,3.329770563201687,30.70819111482666,0.7606056073988443,1.0,leptonic_bookkeeping,test,True,0.50562265163496
260379,ttH,124.83570765056163,123.94966038564371,1,3,3,146.83166389813528,3.329770563201687,30.70819111482666,0.7606056073988443,1.0,leptonic_bookkeeping,train,True,0.50562265163496
464013,ttH,124.83570765056163,123.94966038564371,1,3,3,146.83166389813528,3.329770563201687,30.70819111482666,0.7606056073988443,1.0,leptonic_bookkeeping,train,True,0.50562265163496
61745,ttH,124.83570765056163,123.94966038564371,1,3,3,146.83166389813528,3.329770563201687,30.70819111482666,0.7606056073988443,1.0,leptonic_bookkeeping,test,True,0.50562265163496
414246,ttH,124.83570765056163,123.94966038564371,1,3,3,146.83166389813528,3.329770563201687,30.70819111482666,0.7606056073988443,1.0,leptonic_bookkeeping,train,True,0.50562265163496
412337,ttH,124.83570765056163,123.94966038564371,1,3,3,146.83166389813528,3.329770563201687,30.70819111482666,0.7606056073988443,1.0,leptonic_bookkeeping,test,True,0.50562265163496
710599,ttH,124.83570765056163,123.94966038564371,1,3,3,146.83166389813528,3.329770563201687,30.70819111482666,0.7606056073988443,1.0,leptonic_bookkeeping,test,True,0.50562265163496
12742,ttH,124.83570765056163,123.94966038564371,1,3,3,146.83166389813528,3.329770563201687,30.70819111482666,0.7606056073988443,1.0,leptonic_bookkeeping,train,True,0.50562265163496
750824,ttH,124.83570765056163,123.94966038564371,1,3,3,146.83166389813528,3.329770563201687,30.70819111482666,0.7606056073988443,1.0,leptonic_bookkeeping,test,True,0.50562265163496
703378,ttH,124.83570765056163,123.94966038564371,1,3,3,146.83166389813528,3.329770563201687,30.70819111482666,0.7606056073988443,1.0,leptonic_bookkeeping,train,True,0.50562265163496
728457,ttH,124.83570765056163,123.94966038564371,1,3,3,146.83166389813528,3.329770563201687,30.70819111482666,0.7606056073988443,1.0,leptonic_bookkeeping,validation,True,0.50562265163496
651664,ttH,124.83570765056163,123.94966038564371,1,3,3,146.83166389813528,3.329770563201687,30.70819111482666,0.7606056073988443,1.0,leptonic_bookkeeping,train,True,0.50562265163496
768579,ttH,124.83570765056163,123.94966038564371,1,3,3,146.83166389813528,3.329770563201687,30.70819111482666,0.7606056073988443,1.0,leptonic_bookkeeping,train,True,0.50562265163496
386361,ttH,124.83570765056163,123.94966038564371,1,3,3,146.83166389813528,3.329770563201687,30.70819111482666,0.7606056073988443,1.0,leptonic_bookkeeping,train,True,0.50562265163496
565220,ttH,124.83570765056163,123.94966038564371,1,3,3,146.83166389813528,3.329770563201687,30.70819111482666,0.7606056073988443,1.0,leptonic_bookkeeping,test,True,0.50562265163496
248406,ttH,124.83570765056163,123.94966038564371,1,3,3,146.83166389813528,3.329770563201687,30.70819111482666,0.7606056073988443,1.0,leptonic_bookkeeping,train,True,0.50562265163496
513347,ttH,124.83570765056163,123.94966038564371,1,3,3,146.83166389813528,3.329770563201687,30.70819111482666,0.7606056073988443,1.0,leptonic_bookkeeping,validation,True,0.50562265163496
735156,ttH,124.83570765056163,123.94966038564371,1,3,3,146.83166389813528,3.329770563201687,30.70819111482666,0.7606056073988443,1.0,leptonic_bookkeeping,train,True,0.50562265163496
767798,ttH,124.83570765056163,123.94966038564371,1,3,3,146.83166389813528,3.329770563201687,30.70819111482666,0.7606056073988443,1.0,leptonic_bookkeeping,train,True,0.50562265163496
499632,ttH,124.83570765056163,123.94966038564371,1,3,3,146.83166389813528,3.329770563201687,30.70819111482666,0.7606056073988443,1.0,leptonic_bookkeeping,train,True,0.50562265163496
260737,ttH,124.83570765056163,123.94966038564371,1,3,3,146.83166389813528,3.329770563201687,30.70819111482666,0.7606056073988443,1.0,leptonic_bookkeeping,train,True,0.50562265163496
847770,ttH,124.83570765056163,123.94966038564371,1,3,3,146.83166389813528,3.329770563201687,30.70819111482666,0.7606056073988443,1.0,leptonic_bookkeeping,train,True,0.50562265163496
486105,ttH,124.83570765056163,123.94966038564371,1,3,3,146.83166389813528,3.329770563201687,30.70819111482666,0.7606056073988443,1.0,leptonic_bookkeeping,train,True,0.50562265163496
624510,ttH,124.83570765056163,123.94966038564371,1,3,3,146.83166389813528,3.329770563201687,30.70819111482666,0.7606056073988443,1.0,leptonic_bookkeeping,train,True,0.50562265163496
545650,ttH,124.83570765056163,123.94966038564371,1,3,3,146.83166389813528,3.329770563201687,30.70819111482666,0.7606056073988443,1.0,leptonic_bookkeeping,test,True,0.50562265163496
78260,ttH,124.83570765056163,123.94966038564371,1,3,3,146.83166389813528,3.329770563201687,30.70819111482666,0.7606056073988443,1.0,leptonic_bookkeeping,train,True,0.50562265163496
369783,ttH,124.83570765056163,123.94966038564371,1,3,3,146.83166389813528,3.329770563201687,30.70819111482666,0.7606056073988443,1.0,leptonic_bookkeeping,test,True,0.50562265163496
143882,ttH,124.83570765056163,123.94966038564371,1,3,3,146.83166389813528,3.329770563201687,30.70819111482666,0.7606056073988443,1.0,leptonic_bookkeeping,test,True,0.50562265163496
841559,ttH,124.83570765056163,123.94966038564371,1,3,3,146.83166389813528,3.329770563201687,30.70819111482666,0.7606056073988443,1.0,leptonic_bookkeeping,validation,True,0.50562265163496
268967,ttH,124.83570765056163,123.94966038564371,1,3,3,146.83166389813528,3.329770563201687,30.70819111482666,0.7606056073988443,1.0,leptonic_bookkeeping,train,True,0.50562265163496
511999,ttH,124.83570765056163,123.94966038564371,1,3,3,146.83166389813528,3.329770563201687,30.70819111482666,0.7606056073988443,1.0,leptonic_bookkeeping,validation,True,0.50562265163496
250333,ttH,124.83570765056163,123.94966038564371,1,3,3,146.83166389813528,3.329770563201687,30.70819111482666,0.7606056073988443,1.0,leptonic_bookkeeping,train,True,0.50562265163496
995049,ttH,124.83570765056163,123.94966038564371,1,3,3,146.83166389813528,3.329770563201687,30.70819111482666,0.7606056073988443,1.0,leptonic_bookkeeping,train,True,0.50562265163496
787782,ttH,124.83570765056163,123.94966038564371,1,3,3,146.83166389813528,3.329770563201687,30.70819111482666,0.7606056073988443,1.0,leptonic_bookkeeping,train,True,0.50562265163496
341478,ttH,124.83570765056163,123.94966038564371,1,3,3,146.83166389813528,3.329770563201687,30.70819111482666,0.7606056073988443,1.0,leptonic_bookkeeping,train,True,0.50562265163496
366965,ttH,124.83570765056163,123.94966038564371,1,3,3,146.83166389813528,3.329770563201687,30.70819111482666,0.7606056073988443,1.0,leptonic_bookkeeping,train,True,0.50562265163496
991299,ttH,124.83570765056163,123.94966038564371,1,3,3,146.83166389813528,3.329770563201687,30.70819111482666,0.7606056073988443,1.0,leptonic_bookkeeping,train,True,0.50562265163496
179457,ttH,124.83570765056163,123.94966038564371,1,3,3,146.83166389813528,3.329770563201687,30.70819111482666,0.7606056073988443,1.0,leptonic_bookkeeping,train,True,0.50562265163496
97393,ttH,124.83570765056163,123.94966038564371,1,3,3,146.83166389813528,3.329770563201687,30.70819111482666,0.7606056073988443,1.0,leptonic_bookkeeping,train,True,0.50562265163496
557461,ttH,124.83570765056163,123.94966038564371,1,3,3,146.83166389813528,3.329770563201687,30.70819111482666,0.7606056073988443,1.0,leptonic_bookkeeping,train,True,0.50562265163496
495987,ttH,124.83570765056163,123.94966038564371,1,3,3,146.83166389813528,3.329770563201687,30.70819111482666,0.7606056073988443,1.0,leptonic_bookkeeping,train,True,0.50562265163496
337277,ttH,124.83570765056163,123.94966038564371,1,3,3,146.83166389813528,3.329770563201687,30.70819111482666,0.7606056073988443,1.0,leptonic_bookkeeping,validation,True,0.50562265163496
849142,ttH,124.83570765056163,123.94966038564371,1,3,3,146.83166389813528,3.329770563201687,30.70819111482666,0.7606056073988443,1.0,leptonic_bookkeeping,train,True,0.50562265163496
711925,ttH,124.83570765056163,123.94966038564371,1,3,3,146.83166389813528,3.329770563201687,30.70819111482666,0.7606056073988443,1.0,leptonic_bookkeeping,train,True,0.50562265163496
449138,ttH,124.83570765056163,123.94966038564371,1,3,3,146.83166389813528,3.329770563201687,30.70819111482666,0.7606056073988443,1.0,leptonic_bookkeeping,train,True,0.50562265163496
464698,ttH,124.83570765056163,123.94966038564371,1,3,3,146.83166389813528,3.329770563201687,30.70819111482666,0.7606056073988443,1.0,leptonic_bookkeeping,train,True,0.50562265163496
30860,ttH,124.83570765056163,123.94966038564371,1,3,3,146.83166389813528,3.329770563201687,30.70819111482666,0.7606056073988443,1.0,leptonic_bookkeeping,test,True,0.50562265163496
718776,ttH,124.83570765056163,123.94966038564371,1,3,3,146.83166389813528,3.329770563201687,30.70819111482666,0.7606056073988443,1.0,leptonic_bookkeeping,validation,True,0.50562265163496
883951,ttH,124.83570765056163,123.94966038564371,1,3,3,146.83166389813528,3.329770563201687,30.70819111482666,0.7606056073988443,1.0,leptonic_bookkeeping,validation,True,0.50562265163496
784403,ttH,124.83570765056163,123.94966038564371,1,3,3,146.83166389813528,3.329770563201687,30.70819111482666,0.7606056073988443,1.0,leptonic_bookkeeping,train,True,0.50562265163496
939361,ttH,124.83570765056163,123.94966038564371,1,3,3,146.83166389813528,3.329770563201687,30.70819111482666,0.7606056073988443,1.0,leptonic_bookkeeping,train,True,0.50562265163496
632382,ttH,124.83570765056163,123.94966038564371,1,3,3,146.83166389813528,3.329770563201687,30.70819111482666,0.7606056073988443,1.0,leptonic_bookkeeping,train,True,0.50562265163496
716919,ttH,124.83570765056163,123.94966038564371,1,3,3,146.83166389813528,3.329770563201687,30.70819111482666,0.7606056073988443,1.0,leptonic_bookkeeping,train,True,0.50562265163496
807640,ttH,124.83570765056163,123.94966038564371,1,3,3,146.83166389813528,3.329770563201687,30.70819111482666,0.7606056073988443,1.0,leptonic_bookkeeping,train,True,0.50562265163496
589997,ttH,124.83570765056163,123.94966038564371,1,3,3,146.83166389813528,3.329770563201687,30.70819111482666,0.7606056073988443,1.0,leptonic_bookkeeping,train,True,0.50562265163496
692219,ttH,124.83570765056163,123.94966038564371,1,3,3,146.83166389813528,3.329770563201687,30.70819111482666,0.7606056073988443,1.0,leptonic_bookkeeping,train,True,0.50562265163496
222888,ttH,124.83570765056163,123.94966038564371,1,3,3,146.83166389813528,3.329770563201687,30.70819111482666,0.7606056073988443,1.0,leptonic_bookkeeping,validation,True,0.50562265163496
72178,ttH,124.83570765056163,123.94966038564371,1,3,3,146.83166389813528,3.329770563201687,30.70819111482666,0.7606056073988443,1.0,leptonic_bookkeeping,train,True,0.50562265163496
428277,ttH,124.83570765056163,123.94966038564371,1,3,3,146.83166389813528,3.329770563201687,30.70819111482666,0.7606056073988443,1.0,leptonic_bookkeeping,train,True,0.50562265163496
11880,ttH,124.83570765056163,123.94966038564371,1,3,3,146.83166389813528,3.329770563201687,30.70819111482666,0.7606056073988443,1.0,leptonic_bookkeeping,train,True,0.50562265163496
70611,ttH,124.83570765056163,123.94966038564371,1,3,3,146.83166389813528,3.329770563201687,30.70819111482666,0.7606056073988443,1.0,leptonic_bookkeeping,test,True,0.50562265163496
467704,ttH,124.83570765056163,123.94966038564371,1,3,3,146.83166389813528,3.329770563201687,30.70819111482666,0.7606056073988443,1.0,leptonic_bookkeeping,train,True,0.50562265163496
380198,ttH,124.83570765056163,123.94966038564371,1,3,3,146.83166389813528,3.329770563201687,30.70819111482666,0.7606056073988443,1.0,leptonic_bookkeeping,test,True,0.50562265163496
401083,ttH,124.83570765056163,123.94966038564371,1,3,3,146.83166389813528,3.329770563201687,30.70819111482666,0.7606056073988443,1.0,leptonic_bookkeeping,test,True,0.50562265163496
738103,ttH,124.83570765056163,123.94966038564371,1,3,3,146.83166389813528,3.329770563201687,30.70819111482666,0.7606056073988443,1.0,leptonic_bookkeeping,train,True,0.50562265163496
276389,ttH,124.83570765056163,123.94966038564371,1,3,3,146.83166389813528,3.329770563201687,30.70819111482666,0.7606056073988443,1.0,leptonic_bookkeeping,test,True,0.50562265163496
518580,ttH,124.83570765056163,123.94966038564371,1,3,3,146.83166389813528,3.329770563201687,30.70819111482666,0.7606056073988443,1.0,leptonic_bookkeeping,train,True,0.50562265163496
26044,ttH,124.83570765056163,123.94966038564371,1,3,3,146.83166389813528,3.329770563201687,30.70819111482666,0.7606056073988443,1.0,leptonic_bookkeeping,train,True,0.50562265163496
444893,ttH,124.83570765056163,123.94966038564371,1,3,3,146.83166389813528,3.329770563201687,30.70819111482666,0.7606056073988443,1.0,leptonic_bookkeeping,train,True,0.50562265163496
963012,ttH,124.83570765056163,123.94966038564371,1,3,3,146.83166389813528,3.329770563201687,30.70819111482666,0.7606056073988443,1.0,leptonic_bookkeeping,train,True,0.50562265163496
85998,ttH,124.83570765056163,123.94966038564371,1,3,3,146.83166389813528,3.329770563201687,30.70819111482666,0.7606056073988443,1.0,leptonic_bookkeeping,train,True,0.50562265163496
251087,ttH,124.83570765056163,123.94966038564371,1,3,3,146.83166389813528,3.329770563201687,30.70819111482666,0.7606056073988443,1.0,leptonic_bookkeeping,train,True,0.50562265163496
385482,ttH,124.83570765056163,123.94966038564371,1,3,3,146.83166389813528,3.329770563201687,30.70819111482666,0.7606056073988443,1.0,leptonic_bookkeeping,train,True,0.50562265163496
132955,ttH,124.83570765056163,123.94966038564371,1,3,3,146.83166389813528,3.329770563201687,30.70819111482666,0.7606056073988443,1.0,leptonic_bookkeeping,test,True,0.50562265163496
170287,ttH,124.83570765056163,123.94966038564371,1,3,3,146.83166389813528,3.329770563201687,30.70819111482666,0.7606056073988443,1.0,leptonic_bookkeeping,train,True,0.50562265163496
436800,ttH,124.83570765056163,123.94966038564371,1,3,3,146.83166389813528,3.329770563201687,30.70819111482666,0.7606056073988443,1.0,leptonic_bookkeeping,train,True,0.50562265163496
73023,ttH,124.83570765056163,123.94966038564371,1,3,3,146.83166389813528,3.329770563201687,30.70819111482666,0.7606056073988443,1.0,leptonic_bookkeeping,train,True,0.50562265163496
579473,ttH,124.83570765056163,123.94966038564371,1,3,3,146.83166389813528,3.329770563201687,30.70819111482666,0.7606056073988443,1.0,leptonic_bookkeeping,train,True,0.50562265163496
226820,ttH,124.83570765056163,123.94966038564371,1,3,3,146.83166389813528,3.329770563201687,30.70819111482666,0.7606056073988443,1.0,leptonic_bookkeeping,train,True,0.50562265163496
171747,ttH,124.83570765056163,123.94966038564371,1,3,3,146.83166389813528,3.329770563201687,30.70819111482666,0.7606056073988443,1.0,leptonic_bookkeeping,validation,True,0.50562265163496
470137,ttH,124.83570765056163,123.94966038564371,1,3,3,146.83166389813528,3.329770563201687,30.70819111482666,0.7606056073988443,1.0,leptonic_bookkeeping,validation,True,0.50562265163496
950577,ttH,124.83570765056163,123.94966038564371,1,3,3,146.83166389813528,3.329770563201687,30.70819111482666,0.7606056073988443,1.0,leptonic_bookkeeping,train,True,0.50562265163496
101065,ttH,124.83570765056163,123.94966038564371,1,3,3,146.83166389813528,3.329770563201687,30.70819111482666,0.7606056073988443,1.0,leptonic_bookkeeping,test,True,0.50562265163496
799816,ttH,124.83570765056163,123.94966038564371,1,3,3,146.83166389813528,3.329770563201687,30.70819111482666,0.7606056073988443,1.0,leptonic_bookkeeping,train,True,0.50562265163496
811100,ttH,124.83570765056163,123.94966038564371,1,3,3,146.83166389813528,3.329770563201687,30.70819111482666,0.7606056073988443,1.0,leptonic_bookkeeping,validation,True,0.50562265163496
375052,ttH,124.83570765056163,123.94966038564371,1,3,3,146.83166389813528,3.329770563201687,30.70819111482666,0.7606056073988443,1.0,leptonic_bookkeeping,train,True,0.50562265163496
329960,ttH,124.83570765056163,123.94966038564371,1,3,3,146.83166389813528,3.329770563201687,30.70819111482666,0.7606056073988443,1.0,leptonic_bookkeeping,train,True,0.50562265163496
85787,ttH,124.83570765056163,123.94966038564371,1,3,3,146.83166389813528,3.329770563201687,30.70819111482666,0.7606056073988443,1.0,leptonic_bookkeeping,train,True,0.50562265163496
406705,ttH,124.83570765056163,123.94966038564371,1,3,3,146.83166389813528,3.329770563201687,30.70819111482666,0.7606056073988443,1.0,leptonic_bookkeeping,train,True,0.50562265163496
111164,ttH,124.83570765056163,123.94966038564371,1,3,3,146.83166389813528,3.329770563201687,30.70819111482666,0.7606056073988443,1.0,leptonic_bookkeeping,validation,True,0.50562265163496
732467,ttH,124.83570765056163,123.94966038564371,1,3,3,146.83166389813528,3.329770563201687,30.70819111482666,0.7606056073988443,1.0,leptonic_bookkeeping,train,True,0.50562265163496
316788,ttH,124.83570765056163,123.94966038564371,1,3,3,146.83166389813528,3.329770563201687,30.70819111482666,0.7606056073988443,1.0,leptonic_bookkeeping,validation,True,0.50562265163496
43504,ttH,124.83570765056163,123.94966038564371,1,3,3,146.83166389813528,3.329770563201687,30.70819111482666,0.7606056073988443,1.0,leptonic_bookkeeping,train,True,0.50562265163496
218476,ttH,124.83570765056163,123.94966038564371,1,3,3,146.83166389813528,3.329770563201687,30.70819111482666,0.7606056073988443,1.0,leptonic_bookkeeping,train,True,0.50562265163496
426158,ttH,124.83570765056163,123.94966038564371,1,3,3,146.83166389813528,3.329770563201687,30.70819111482666,0.7606056073988443,1.0,leptonic_bookkeeping,train,True,0.50562265163496
834080,ttH,124.83570765056163,123.94966038564371,1,3,3,146.83166389813528,3.329770563201687,30.70819111482666,0.7606056073988443,1.0,leptonic_bookkeeping,test,True,0.50562265163496
312207,ttH,124.83570765056163,123.94966038564371,1,3,3,146.83166389813528,3.329770563201687,30.70819111482666,0.7606056073988443,1.0,leptonic_bookkeeping,train,True,0.50562265163496
522868,ttH,124.83570765056163,123.94966038564371,1,3,3,146.83166389813528,3.329770563201687,30.70819111482666,0.7606056073988443,1.0,leptonic_bookkeeping,validation,True,0.50562265163496
547040,ttH,124.83570765056163,123.94966038564371,1,3,3,146.83166389813528,3.329770563201687,30.70819111482666,0.7606056073988443,1.0,leptonic_bookkeeping,train,True,0.50562265163496
784277,ttH,124.83570765056163,123.94966038564371,1,3,3,146.83166389813528,3.329770563201687,30.70819111482666,0.7606056073988443,1.0,leptonic_bookkeeping,train,True,0.50562265163496
734804,ttH,124.83570765056163,123.94966038564371,1,3,3,146.83166389813528,3.329770563201687,30.70819111482666,0.7606056073988443,1.0,leptonic_bookkeeping,train,True,0.50562265163496
162557,ttH,124.83570765056163,123.94966038564371,1,3,3,146.83166389813528,3.329770563201687,30.70819111482666,0.7606056073988443,1.0,leptonic_bookkeeping,validation,True,0.50562265163496
374548,ttH,124.83570765056163,123.94966038564371,1,3,3,146.83166389813528,3.329770563201687,30.70819111482666,0.7606056073988443,1.0,leptonic_bookkeeping,train,True,0.50562265163496
91343,ttH,124.83570765056163,123.94966038564371,1,3,3,146.83166389813528,3.329770563201687,30.70819111482666,0.7606056073988443,1.0,leptonic_bookkeeping,test,True,0.50562265163496
393306,ttH,124.83570765056163,123.94966038564371,1,3,3,146.83166389813528,3.329770563201687,30.70819111482666,0.7606056073988443,1.0,leptonic_bookkeeping,train,True,0.50562265163496
695326,ttH,124.83570765056163,123.94966038564371,1,3,3,146.83166389813528,3.329770563201687,30.70819111482666,0.7606056073988443,1.0,leptonic_bookkeeping,train,True,0.50562265163496
344104,ttH,124.83570765056163,123.94966038564371,1,3,3,146.83166389813528,3.329770563201687,30.70819111482666,0.7606056073988443,1.0,leptonic_bookkeeping,train,True,0.50562265163496
860763,ttH,124.83570765056163,123.94966038564371,1,3,3,146.83166389813528,3.329770563201687,30.70819111482666,0.7606056073988443,1.0,leptonic_bookkeeping,train,True,0.50562265163496
583648,ttH,124.83570765056163,123.94966038564371,1,3,3,146.83166389813528,3.329770563201687,30.70819111482666,0.7606056073988443,1.0,leptonic_bookkeeping,validation,True,0.50562265163496
468293,ttH,124.83570765056163,123.94966038564371,1,3,3,146.83166389813528,3.329770563201687,30.70819111482666,0.7606056073988443,1.0,leptonic_bookkeeping,train,True,0.50562265163496
787749,ttH,124.83570765056163,123.94966038564371,1,3,3,146.83166389813528,3.329770563201687,30.70819111482666,0.7606056073988443,1.0,leptonic_bookkeeping,train,True,0.50562265163496
324965,ttH,124.83570765056163,123.94966038564371,1,3,3,146.83166389813528,3.329770563201687,30.70819111482666,0.7606056073988443,1.0,leptonic_bookkeeping,train,True,0.50562265163496
355986,ttH,124.83570765056163,123.94966038564371,1,3,3,146.83166389813528,3.329770563201687,30.70819111482666,0.7606056073988443,1.0,leptonic_bookkeeping,train,True,0.50562265163496
497049,ttH,124.83570765056163,123.94966038564371,1,3,3,146.83166389813528,3.329770563201687,30.70819111482666,0.7606056073988443,1.0,leptonic_bookkeeping,train,True,0.50562265163496
397464,ttH,124.83570765056163,123.94966038564371,1,3,3,146.83166389813528,3.329770563201687,30.70819111482666,0.7606056073988443,1.0,leptonic_bookkeeping,train,True,0.50562265163496
784715,ttH,124.83570765056163,123.94966038564371,1,3,3,146.83166389813528,3.329770563201687,30.70819111482666,0.7606056073988443,1.0,leptonic_bookkeeping,train,True,0.50562265163496
643332,ttH,124.83570765056163,123.94966038564371,1,3,3,146.83166389813528,3.329770563201687,30.70819111482666,0.7606056073988443,1.0,leptonic_bookkeeping,train,True,0.50562265163496
357704,ttH,124.83570765056163,123.94966038564371,1,3,3,146.83166389813528,3.329770563201687,30.70819111482666,0.7606056073988443,1.0,leptonic_bookkeeping,validation,True,0.50562265163496
62250,ttH,124.83570765056163,123.94966038564371,1,3,3,146.83166389813528,3.329770563201687,30.70819111482666,0.7606056073988443,1.0,leptonic_bookkeeping,train,True,0.50562265163496
570474,ttH,124.83570765056163,123.94966038564371,1,3,3,146.83166389813528,3.329770563201687,30.70819111482666,0.7606056073988443,1.0,leptonic_bookkeeping,train,True,0.50562265163496
114632,ttH,124.83570765056163,123.94966038564371,1,3,3,146.83166389813528,3.329770563201687,30.70819111482666,0.7606056073988443,1.0,leptonic_bookkeeping,train,True,0.50562265163496
874123,ttH,124.83570765056163,123.94966038564371,1,3,3,146.83166389813528,3.329770563201687,30.70819111482666,0.7606056073988443,1.0,leptonic_bookkeeping,validation,True,0.50562265163496
861178,ttH,124.83570765056163,123.94966038564371,1,3,3,146.83166389813528,3.329770563201687,30.70819111482666,0.7606056073988443,1.0,leptonic_bookkeeping,train,True,0.50562265163496
268552,ttH,124.83570765056163,123.94966038564371,1,3,3,146.83166389813528,3.329770563201687,30.70819111482666,0.7606056073988443,1.0,leptonic_bookkeeping,train,True,0.50562265163496
773528,ttH,124.83570765056163,123.94966038564371,1,3,3,146.83166389813528,3.329770563201687,30.70819111482666,0.7606056073988443,1.0,leptonic_bookkeeping,train,True,0.50562265163496
662072,ttH,124.83570765056163,123.94966038564371,1,3,3,146.83166389813528,3.329770563201687,30.70819111482666,0.7606056073988443,1.0,leptonic_bookkeeping,train,True,0.50562265163496
1741,ttH,124.83570765056163,123.94966038564371,1,3,3,146.83166389813528,3.329770563201687,30.70819111482666,0.7606056073988443,1.0,leptonic_bookkeeping,train,True,0.50562265163496
784600,ttH,124.83570765056163,123.94966038564371,1,3,3,146.83166389813528,3.329770563201687,30.70819111482666,0.7606056073988443,1.0,leptonic_bookkeeping,train,True,0.50562265163496
489410,ttH,124.83570765056163,123.94966038564371,1,3,3,146.83166389813528,3.329770563201687,30.70819111482666,0.7606056073988443,1.0,leptonic_bookkeeping,train,True,0.50562265163496
937055,ttH,124.83570765056163,123.94966038564371,1,3,3,146.83166389813528,3.329770563201687,30.70819111482666,0.7606056073988443,1.0,leptonic_bookkeeping,test,True,0.50562265163496
398103,ttH,124.83570765056163,123.94966038564371,1,3,3,146.83166389813528,3.329770563201687,30.70819111482666,0.7606056073988443,1.0,leptonic_bookkeeping,validation,True,0.50562265163496
234775,ttH,124.83570765056163,123.94966038564371,1,3,3,146.83166389813528,3.329770563201687,30.70819111482666,0.7606056073988443,1.0,leptonic_bookkeeping,validation,True,0.50562265163496
44775,ttH,124.83570765056163,123.94966038564371,1,3,3,146.83166389813528,3.329770563201687,30.70819111482666,0.7606056073988443,1.0,leptonic_bookkeeping,train,True,0.50562265163496
268911,ttH,124.83570765056163,123.94966038564371,1,3,3,146.83166389813528,3.329770563201687,30.70819111482666,0.7606056073988443,1.0,leptonic_bookkeeping,train,True,0.50562265163496
278512,ttH,124.83570765056163,123.94966038564371,1,3,3,146.83166389813528,3.329770563201687,30.70819111482666,0.7606056073988443,1.0,leptonic_bookkeeping,train,True,0.50562265163496
651776,ttH,124.83570765056163,123.94966038564371,1,3,3,146.83166389813528,3.329770563201687,30.70819111482666,0.7606056073988443,1.0,leptonic_bookkeeping,train,True,0.50562265163496
449956,ttH,124.83570765056163,123.94966038564371,1,3,3,146.83166389813528,3.329770563201687,30.70819111482666,0.7606056073988443,1.0,leptonic_bookkeeping,validation,True,0.50562265163496
720560,ttH,124.83570765056163,123.94966038564371,1,3,3,146.83166389813528,3.329770563201687,30.70819111482666,0.7606056073988443,1.0,leptonic_bookkeeping,test,True,0.50562265163496
242561,ttH,124.83570765056163,123.94966038564371,1,3,3,146.83166389813528,3.329770563201687,30.70819111482666,0.7606056073988443,1.0,leptonic_bookkeeping,train,True,0.50562265163496
856701,ttH,124.83570765056163,123.94966038564371,1,3,3,146.83166389813528,3.329770563201687,30.70819111482666,0.7606056073988443,1.0,leptonic_bookkeeping,train,True,0.50562265163496
474473,ttH,124.83570765056163,123.94966038564371,1,3,3,146.83166389813528,3.329770563201687,30.70819111482666,0.7606056073988443,1.0,leptonic_bookkeeping,train,True,0.50562265163496
93000,ttH,124.83570765056163,123.94966038564371,1,3,3,146.83166389813528,3.329770563201687,30.70819111482666,0.7606056073988443,1.0,leptonic_bookkeeping,train,True,0.50562265163496
397250,ttH,124.83570765056163,123.94966038564371,1,3,3,146.83166389813528,3.329770563201687,30.70819111482666,0.7606056073988443,1.0,leptonic_bookkeeping,train,True,0.50562265163496
577164,ttH,124.83570765056163,123.94966038564371,1,3,3,146.83166389813528,3.329770563201687,30.70819111482666,0.7606056073988443,1.0,leptonic_bookkeeping,test,True,0.50562265163496
621827,ttH,124.83570765056163,123.94966038564371,1,3,3,146.83166389813528,3.329770563201687,30.70819111482666,0.7606056073988443,1.0,leptonic_bookkeeping,train,True,0.50562265163496
766688,ttH,124.83570765056163,123.94966038564371,1,3,3,146.83166389813528,3.329770563201687,30.70819111482666,0.7606056073988443,1.0,leptonic_bookkeeping,train,True,0.50562265163496
66328,ttH,124.83570765056163,123.94966038564371,1,3,3,146.83166389813528,3.329770563201687,30.70819111482666,0.7606056073988443,1.0,leptonic_bookkeeping,train,True,0.50562265163496
56995,ttH,124.83570765056163,123.94966038564371,1,3,3,146.83166389813528,3.329770563201687,30.70819111482666,0.7606056073988443,1.0,leptonic_bookkeeping,train,True,0.50562265163496
490397,ttH,124.83570765056163,123.94966038564371,1,3,3,146.83166389813528,3.329770563201687,30.70819111482666,0.7606056073988443,1.0,leptonic_bookkeeping,train,True,0.50562265163496
935794,ttH,124.83570765056163,123.94966038564371,1,3,3,146.83166389813528,3.329770563201687,30.70819111482666,0.7606056073988443,1.0,leptonic_bookkeeping,validation,True,0.50562265163496
723017,ttH,124.83570765056163,123.94966038564371,1,3,3,146.83166389813528,3.329770563201687,30.70819111482666,0.7606056073988443,1.0,leptonic_bookkeeping,train,True,0.50562265163496
523032,ttH,124.83570765056163,123.94966038564371,1,3,3,146.83166389813528,3.329770563201687,30.70819111482666,0.7606056073988443,1.0,leptonic_bookkeeping,validation,True,0.50562265163496
5367,ttH,124.83570765056163,123.94966038564371,1,3,3,146.83166389813528,3.329770563201687,30.70819111482666,0.7606056073988443,1.0,leptonic_bookkeeping,train,True,0.50562265163496
448893,ttH,124.83570765056163,123.94966038564371,1,3,3,146.83166389813528,3.329770563201687,30.70819111482666,0.7606056073988443,1.0,leptonic_bookkeeping,train,True,0.50562265163496
92039,ttH,124.83570765056163,123.94966038564371,1,3,3,146.83166389813528,3.329770563201687,30.70819111482666,0.7606056073988443,1.0,leptonic_bookkeeping,test,True,0.50562265163496
321209,ttH,124.83570765056163,123.94966038564371,1,3,3,146.83166389813528,3.329770563201687,30.70819111482666,0.7606056073988443,1.0,leptonic_bookkeeping,train,True,0.50562265163496
3233,ttH,124.83570765056163,123.94966038564371,1,3,3,146.83166389813528,3.329770563201687,30.70819111482666,0.7606056073988443,1.0,leptonic_bookkeeping,train,True,0.50562265163496
972741,ttH,124.83570765056163,123.94966038564371,1,3,3,146.83166389813528,3.329770563201687,30.70819111482666,0.7606056073988443,1.0,leptonic_bookkeeping,train,True,0.50562265163496
759386,ttH,124.83570765056163,123.94966038564371,1,3,3,146.83166389813528,3.329770563201687,30.70819111482666,0.7606056073988443,1.0,leptonic_bookkeeping,validation,True,0.50562265163496
677191,ttH,124.83570765056163,123.94966038564371,1,3,3,146.83166389813528,3.329770563201687,30.70819111482666,0.7606056073988443,1.0,leptonic_bookkeeping,validation,True,0.50562265163496
408491,ttH,124.83570765056163,123.94966038564371,1,3,3,146.83166389813528,3.329770563201687,30.70819111482666,0.7606056073988443,1.0,leptonic_bookkeeping,validation,True,0.50562265163496
791185,ttH,124.83570765056163,123.94966038564371,1,3,3,146.83166389813528,3.329770563201687,30.70819111482666,0.7606056073988443,1.0,leptonic_bookkeeping,validation,True,0.50562265163496
418725,ttH,124.83570765056163,123.94966038564371,1,3,3,146.83166389813528,3.329770563201687,30.70819111482666,0.7606056073988443,1.0,leptonic_bookkeeping,validation,True,0.50562265163496
723278,ttH,124.83570765056163,123.94966038564371,1,3,3,146.83166389813528,3.329770563201687,30.70819111482666,0.7606056073988443,1.0,leptonic_bookkeeping,train,True,0.50562265163496
604105,ttH,124.83570765056163,123.94966038564371,1,3,3,146.83166389813528,3.329770563201687,30.70819111482666,0.7606056073988443,1.0,leptonic_bookkeeping,train,True,0.50562265163496
151327,ttH,124.83570765056163,123.94966038564371,1,3,3,146.83166389813528,3.329770563201687,30.70819111482666,0.7606056073988443,1.0,leptonic_bookkeeping,validation,True,0.50562265163496
727836,ttH,124.83570765056163,123.94966038564371,1,3,3,146.83166389813528,3.329770563201687,30.70819111482666,0.7606056073988443,1.0,leptonic_bookkeeping,validation,True,0.50562265163496
832691,ttH,124.83570765056163,123.94966038564371,1,3,3,146.83166389813528,3.329770563201687,30.70819111482666,0.7606056073988443,1.0,leptonic_bookkeeping,validation,True,0.50562265163496
590969,ttH,124.83570765056163,123.94966038564371,1,3,3,146.83166389813528,3.329770563201687,30.70819111482666,0.7606056073988443,1.0,leptonic_bookkeeping,train,True,0.50562265163496
100832,ttH,124.83570765056163,123.94966038564371,1,3,3,146.83166389813528,3.329770563201687,30.70819111482666,0.7606056073988443,1.0,leptonic_bookkeeping,validation,True,0.50562265163496
979904,ttH,124.83570765056163,123.94966038564371,1,3,3,146.83166389813528,3.329770563201687,30.70819111482666,0.7606056073988443,1.0,leptonic_bookkeeping,train,True,0.50562265163496
409662,ttH,124.83570765056163,123.94966038564371,1,3,3,146.83166389813528,3.329770563201687,30.70819111482666,0.7606056073988443,1.0,leptonic_bookkeeping,validation,True,0.50562265163496
695551,ttH,124.83570765056163,123.94966038564371,1,3,3,146.83166389813528,3.329770563201687,30.70819111482666,0.7606056073988443,1.0,leptonic_bookkeeping,train,True,0.50562265163496
649190,ttH,124.83570765056163,123.94966038564371,1,3,3,146.83166389813528,3.329770563201687,30.70819111482666,0.7606056073988443,1.0,leptonic_bookkeeping,test,True,0.50562265163496
28849,ttH,124.83570765056163,123.94966038564371,1,3,3,146.83166389813528,3.329770563201687,30.70819111482666,0.7606056073988443,1.0,leptonic_bookkeeping,validation,True,0.50562265163496
121570,ttH,124.83570765056163,123.94966038564371,1,3,3,146.83166389813528,3.329770563201687,30.70819111482666,0.7606056073988443,1.0,leptonic_bookkeeping,validation,True,0.50562265163496
727132,ttH,124.83570765056163,123.94966038564371,1,3,3,146.83166389813528,3.329770563201687,30.70819111482666,0.7606056073988443,1.0,leptonic_bookkeeping,train,True,0.50562265163496
278358,ttH,124.83570765056163,123.94966038564371,1,3,3,146.83166389813528,3.329770563201687,30.70819111482666,0.7606056073988443,1.0,leptonic_bookkeeping,train,True,0.50562265163496
282527,ttH,124.83570765056163,123.94966038564371,1,3,3,146.83166389813528,3.329770563201687,30.70819111482666,0.7606056073988443,1.0,leptonic_bookkeeping,train,True,0.50562265163496
568062,ttH,124.83570765056163,123.94966038564371,1,3,3,146.83166389813528,3.329770563201687,30.70819111482666,0.7606056073988443,1.0,leptonic_bookkeeping,train,True,0.50562265163496
901350,ttH,124.83570765056163,123.94966038564371,1,3,3,146.83166389813528,3.329770563201687,30.70819111482666,0.7606056073988443,1.0,leptonic_bookkeeping,train,True,0.50562265163496
33969,ttH,124.83570765056163,123.94966038564371,1,3,3,146.83166389813528,3.329770563201687,30.70819111482666,0.7606056073988443,1.0,leptonic_bookkeeping,train,True,0.50562265163496
583304,ttH,124.83570765056163,123.94966038564371,1,3,3,146.83166389813528,3.329770563201687,30.70819111482666,0.7606056073988443,1.0,leptonic_bookkeeping,train,True,0.50562265163496
591576,ttH,124.83570765056163,123.94966038564371,1,3,3,146.83166389813528,3.329770563201687,30.70819111482666,0.7606056073988443,1.0,leptonic_bookkeeping,train,True,0.50562265163496
219101,ttH,124.83570765056163,123.94966038564371,1,3,3,146.83166389813528,3.329770563201687,30.70819111482666,0.7606056073988443,1.0,leptonic_bookkeeping,train,True,0.50562265163496
921814,ttH,124.83570765056163,123.94966038564371,1,3,3,146.83166389813528,3.329770563201687,30.70819111482666,0.7606056073988443,1.0,leptonic_bookkeeping,train,True,0.50562265163496
498766,ttH,124.83570765056163,123.94966038564371,1,3,3,146.83166389813528,3.329770563201687,30.70819111482666,0.7606056073988443,1.0,leptonic_bookkeeping,train,True,0.50562265163496
189465,ttH,124.83570765056163,123.94966038564371,1,3,3,146.83166389813528,3.329770563201687,30.70819111482666,0.7606056073988443,1.0,leptonic_bookkeeping,train,True,0.50562265163496
105754,ttH,124.83570765056163,123.94966038564371,1,3,3,146.83166389813528,3.329770563201687,30.70819111482666,0.7606056073988443,1.0,leptonic_bookkeeping,train,True,0.50562265163496
908352,ttH,124.83570765056163,123.94966038564371,1,3,3,146.83166389813528,3.329770563201687,30.70819111482666,0.7606056073988443,1.0,leptonic_bookkeeping,train,True,0.50562265163496
538158,ttH,124.83570765056163,123.94966038564371,1,3,3,146.83166389813528,3.329770563201687,30.70819111482666,0.7606056073988443,1.0,leptonic_bookkeeping,train,True,0.50562265163496
527543,ttH,124.83570765056163,123.94966038564371,1,3,3,146.83166389813528,3.329770563201687,30.70819111482666,0.7606056073988443,1.0,leptonic_bookkeeping,train,True,0.50562265163496
655251,ttH,124.83570765056163,123.94966038564371,1,3,3,146.83166389813528,3.329770563201687,30.70819111482666,0.7606056073988443,1.0,leptonic_bookkeeping,train,True,0.50562265163496
726370,ttH,124.83570765056163,123.94966038564371,1,3,3,146.83166389813528,3.329770563201687,30.70819111482666,0.7606056073988443,1.0,leptonic_bookkeeping,train,True,0.50562265163496
223875,ttH,124.83570765056163,123.94966038564371,1,3,3,146.83166389813528,3.329770563201687,30.70819111482666,0.7606056073988443,1.0,leptonic_bookkeeping,validation,True,0.50562265163496
412896,ttH,124.83570765056163,123.94966038564371,1,3,3,146.83166389813528,3.329770563201687,30.70819111482666,0.7606056073988443,1.0,leptonic_bookkeeping,train,True,0.50562265163496
370572,ttH,124.83570765056163,123.94966038564371,1,3,3,146.83166389813528,3.329770563201687,30.70819111482666,0.7606056073988443,1.0,leptonic_bookkeeping,test,True,0.50562265163496
514911,ttH,124.83570765056163,123.94966038564371,1,3,3,146.83166389813528,3.329770563201687,30.70819111482666,0.7606056073988443,1.0,leptonic_bookkeeping,test,True,0.50562265163496
457849,ttH,124.83570765056163,123.94966038564371,1,3,3,146.83166389813528,3.329770563201687,30.70819111482666,0.7606056073988443,1.0,leptonic_bookkeeping,train,True,0.50562265163496
758760,ttH,124.83570765056163,123.94966038564371,1,3,3,146.83166389813528,3.329770563201687,30.70819111482666,0.7606056073988443,1.0,leptonic_bookkeeping,train,True,0.50562265163496
712307,ttH,124.83570765056163,123.94966038564371,1,3,3,146.83166389813528,3.329770563201687,30.70819111482666,0.7606056073988443,1.0,leptonic_bookkeeping,train,True,0.50562265163496
758921,ttH,124.83570765056163,123.94966038564371,1,3,3,146.83166389813528,3.329770563201687,30.70819111482666,0.7606056073988443,1.0,leptonic_bookkeeping,validation,True,0.50562265163496
156953,ttH,124.83570765056163,123.94966038564371,1,3,3,146.83166389813528,3.329770563201687,30.70819111482666,0.7606056073988443,1.0,leptonic_bookkeeping,train,True,0.50562265163496
322684,ttH,124.83570765056163,123.94966038564371,1,3,3,146.83166389813528,3.329770563201687,30.70819111482666,0.7606056073988443,1.0,leptonic_bookkeeping,train,True,0.50562265163496
812235,ttH,124.83570765056163,123.94966038564371,1,3,3,146.83166389813528,3.329770563201687,30.70819111482666,0.7606056073988443,1.0,leptonic_bookkeeping,validation,True,0.50562265163496
672,ttH,124.83570765056163,123.94966038564371,1,3,3,146.83166389813528,3.329770563201687,30.70819111482666,0.7606056073988443,1.0,leptonic_bookkeeping,train,True,0.50562265163496
73625,ttH,124.83570765056163,123.94966038564371,1,3,3,146.83166389813528,3.329770563201687,30.70819111482666,0.7606056073988443,1.0,leptonic_bookkeeping,train,True,0.50562265163496
609763,ttH,124.83570765056163,123.94966038564371,1,3,3,146.83166389813528,3.329770563201687,30.70819111482666,0.7606056073988443,1.0,leptonic_bookkeeping,train,True,0.50562265163496
578341,ttH,124.83570765056163,123.94966038564371,1,3,3,146.83166389813528,3.329770563201687,30.70819111482666,0.7606056073988443,1.0,leptonic_bookkeeping,train,True,0.50562265163496
583620,ttH,124.83570765056163,123.94966038564371,1,3,3,146.83166389813528,3.329770563201687,30.70819111482666,0.7606056073988443,1.0,leptonic_bookkeeping,validation,True,0.50562265163496
13100,ttH,124.83570765056163,123.94966038564371,1,3,3,146.83166389813528,3.329770563201687,30.70819111482666,0.7606056073988443,1.0,leptonic_bookkeeping,train,True,0.50562265163496
303983,ttH,124.83570765056163,123.94966038564371,1,3,3,146.83166389813528,3.329770563201687,30.70819111482666,0.7606056073988443,1.0,leptonic_bookkeeping,train,True,0.50562265163496
533561,ttH,124.83570765056163,123.94966038564371,1,3,3,146.83166389813528,3.329770563201687,30.70819111482666,0.7606056073988443,1.0,leptonic_bookkeeping,validation,True,0.50562265163496
890677,ttH,124.83570765056163,123.94966038564371,1,3,3,146.83166389813528,3.329770563201687,30.70819111482666,0.7606056073988443,1.0,leptonic_bookkeeping,train,True,0.50562265163496
851373,ttH,124.83570765056163,123.94966038564371,1,3,3,146.83166389813528,3.329770563201687,30.70819111482666,0.7606056073988443,1.0,leptonic_bookkeeping,train,True,0.50562265163496
630306,ttH,124.83570765056163,123.94966038564371,1,3,3,146.83166389813528,3.329770563201687,30.70819111482666,0.7606056073988443,1.0,leptonic_bookkeeping,train,True,0.50562265163496
330432,ttH,124.83570765056163,123.94966038564371,1,3,3,146.83166389813528,3.329770563201687,30.70819111482666,0.7606056073988443,1.0,leptonic_bookkeeping,train,True,0.50562265163496
776292,ttH,124.83570765056163,123.94966038564371,1,3,3,146.83166389813528,3.329770563201687,30.70819111482666,0.7606056073988443,1.0,leptonic_bookkeeping,train,True,0.50562265163496
637044,ttH,124.83570765056163,123.94966038564371,1,3,3,146.83166389813528,3.329770563201687,30.70819111482666,0.7606056073988443,1.0,leptonic_bookkeeping,validation,True,0.50562265163496
151619,ttH,124.83570765056163,123.94966038564371,1,3,3,146.83166389813528,3.329770563201687,30.70819111482666,0.7606056073988443,1.0,leptonic_bookkeeping,validation,True,0.50562265163496
187263,ttH,124.83570765056163,123.94966038564371,1,3,3,146.83166389813528,3.329770563201687,30.70819111482666,0.7606056073988443,1.0,leptonic_bookkeeping,train,True,0.50562265163496
724504,ttH,124.83570765056163,123.94966038564371,1,3,3,146.83166389813528,3.329770563201687,30.70819111482666,0.7606056073988443,1.0,leptonic_bookkeeping,train,True,0.50562265163496
762435,ttH,124.83570765056163,123.94966038564371,1,3,3,146.83166389813528,3.329770563201687,30.70819111482666,0.7606056073988443,1.0,leptonic_bookkeeping,test,True,0.50562265163496
568263,ttH,124.83570765056163,123.94966038564371,1,3,3,146.83166389813528,3.329770563201687,30.70819111482666,0.7606056073988443,1.0,leptonic_bookkeeping,train,True,0.50562265163496
743103,ttH,124.83570765056163,123.94966038564371,1,3,3,146.83166389813528,3.329770563201687,30.70819111482666,0.7606056073988443,1.0,leptonic_bookkeeping,train,True,0.50562265163496
899566,ttH,124.83570765056163,123.94966038564371,1,3,3,146.83166389813528,3.329770563201687,30.70819111482666,0.7606056073988443,1.0,leptonic_bookkeeping,train,True,0.50562265163496
530268,ttH,124.83570765056163,123.94966038564371,1,3,3,146.83166389813528,3.329770563201687,30.70819111482666,0.7606056073988443,1.0,leptonic_bookkeeping,train,True,0.50562265163496
395707,ttH,124.83570765056163,123.94966038564371,1,3,3,146.83166389813528,3.329770563201687,30.70819111482666,0.7606056073988443,1.0,leptonic_bookkeeping,train,True,0.50562265163496
106028,ttH,124.83570765056163,123.94966038564371,1,3,3,146.83166389813528,3.329770563201687,30.70819111482666,0.7606056073988443,1.0,leptonic_bookkeeping,train,True,0.50562265163496
373729,ttH,124.83570765056163,123.94966038564371,1,3,3,146.83166389813528,3.329770563201687,30.70819111482666,0.7606056073988443,1.0,leptonic_bookkeeping,train,True,0.50562265163496
416749,ttH,124.83570765056163,123.94966038564371,1,3,3,146.83166389813528,3.329770563201687,30.70819111482666,0.7606056073988443,1.0,leptonic_bookkeeping,train,True,0.50562265163496
995141,ttH,124.83570765056163,123.94966038564371,1,3,3,146.83166389813528,3.329770563201687,30.70819111482666,0.7606056073988443,1.0,leptonic_bookkeeping,train,True,0.50562265163496
510177,ttH,124.83570765056163,123.94966038564371,1,3,3,146.83166389813528,3.329770563201687,30.70819111482666,0.7606056073988443,1.0,leptonic_bookkeeping,train,True,0.50562265163496
790296,ttH,124.83570765056163,123.94966038564371,1,3,3,146.83166389813528,3.329770563201687,30.70819111482666,0.7606056073988443,1.0,leptonic_bookkeeping,validation,True,0.50562265163496
391641,ttH,124.83570765056163,123.94966038564371,1,3,3,146.83166389813528,3.329770563201687,30.70819111482666,0.7606056073988443,1.0,leptonic_bookkeeping,test,True,0.50562265163496
275144,ttH,124.83570765056163,123.94966038564371,1,3,3,146.83166389813528,3.329770563201687,30.70819111482666,0.7606056073988443,1.0,leptonic_bookkeeping,validation,True,0.50562265163496
601288,ttH,124.83570765056163,123.94966038564371,1,3,3,146.83166389813528,3.329770563201687,30.70819111482666,0.7606056073988443,1.0,leptonic_bookkeeping,train,True,0.50562265163496
753058,ttH,124.83570765056163,123.94966038564371,1,3,3,146.83166389813528,3.329770563201687,30.70819111482666,0.7606056073988443,1.0,leptonic_bookkeeping,train,True,0.50562265163496
89676,ttH,124.83570765056163,123.94966038564371,1,3,3,146.83166389813528,3.329770563201687,30.70819111482666,0.7606056073988443,1.0,leptonic_bookkeeping,validation,True,0.50562265163496
324791,ttH,124.83570765056163,123.94966038564371,1,3,3,146.83166389813528,3.329770563201687,30.70819111482666,0.7606056073988443,1.0,leptonic_bookkeeping,train,True,0.50562265163496
404181,ttH,124.83570765056163,123.94966038564371,1,3,3,146.83166389813528,3.329770563201687,30.70819111482666,0.7606056073988443,1.0,leptonic_bookkeeping,train,True,0.50562265163496
556958,ttH,124.83570765056163,123.94966038564371,1,3,3,146.83166389813528,3.329770563201687,30.70819111482666,0.7606056073988443,1.0,leptonic_bookkeeping,train,True,0.50562265163496
252773,ttH,124.83570765056163,123.94966038564371,1,3,3,146.83166389813528,3.329770563201687,30.70819111482666,0.7606056073988443,1.0,leptonic_bookkeeping,train,True,0.50562265163496
659622,ttH,124.83570765056163,123.94966038564371,1,3,3,146.83166389813528,3.329770563201687,30.70819111482666,0.7606056073988443,1.0,leptonic_bookkeeping,test,True,0.50562265163496
749572,ttH,124.83570765056163,123.94966038564371,1,3,3,146.83166389813528,3.329770563201687,30.70819111482666,0.7606056073988443,1.0,leptonic_bookkeeping,validation,True,0.50562265163496
609153,ttH,124.83570765056163,123.94966038564371,1,3,3,146.83166389813528,3.329770563201687,30.70819111482666,0.7606056073988443,1.0,leptonic_bookkeeping,train,True,0.50562265163496
953417,ttH,124.83570765056163,123.94966038564371,1,3,3,146.83166389813528,3.329770563201687,30.70819111482666,0.7606056073988443,1.0,leptonic_bookkeeping,train,True,0.50562265163496
180996,ttH,124.83570765056163,123.94966038564371,1,3,3,146.83166389813528,3.329770563201687,30.70819111482666,0.7606056073988443,1.0,leptonic_bookkeeping,train,True,0.50562265163496
788706,ttH,124.83570765056163,123.94966038564371,1,3,3,146.83166389813528,3.329770563201687,30.70819111482666,0.7606056073988443,1.0,leptonic_bookkeeping,train,True,0.50562265163496
626197,ttH,124.83570765056163,123.94966038564371,1,3,3,146.83166389813528,3.329770563201687,30.70819111482666,0.7606056073988443,1.0,leptonic_bookkeeping,validation,True,0.50562265163496
539016,ttH,124.83570765056163,123.94966038564371,1,3,3,146.83166389813528,3.329770563201687,30.70819111482666,0.7606056073988443,1.0,leptonic_bookkeeping,train,True,0.50562265163496
603975,ttH,124.83570765056163,123.94966038564371,1,3,3,146.83166389813528,3.329770563201687,30.70819111482666,0.7606056073988443,1.0,leptonic_bookkeeping,train,True,0.50562265163496
922358,ttH,124.83570765056163,123.94966038564371,1,3,3,146.83166389813528,3.329770563201687,30.70819111482666,0.7606056073988443,1.0,leptonic_bookkeeping,train,True,0.50562265163496
288718,ttH,124.83570765056163,123.94966038564371,1,3,3,146.83166389813528,3.329770563201687,30.70819111482666,0.7606056073988443,1.0,leptonic_bookkeeping,train,True,0.50562265163496
356778,ttH,124.83570765056163,123.94966038564371,1,3,3,146.83166389813528,3.329770563201687,30.70819111482666,0.7606056073988443,1.0,leptonic_bookkeeping,validation,True,0.50562265163496
780347,ttH,124.83570765056163,123.94966038564371,1,3,3,146.83166389813528,3.329770563201687,30.70819111482666,0.7606056073988443,1.0,leptonic_bookkeeping,validation,True,0.50562265163496
860335,ttH,124.83570765056163,123.94966038564371,1,3,3,146.83166389813528,3.329770563201687,30.70819111482666,0.7606056073988443,1.0,leptonic_bookkeeping,train,True,0.50562265163496
961817,ttH,124.83570765056163,123.94966038564371,1,3,3,146.83166389813528,3.329770563201687,30.70819111482666,0.7606056073988443,1.0,leptonic_bookkeeping,train,True,0.50562265163496
820295,ttH,124.83570765056163,123.94966038564371,1,3,3,146.83166389813528,3.329770563201687,30.70819111482666,0.7606056073988443,1.0,leptonic_bookkeeping,train,True,0.50562265163496
468062,ttH,124.83570765056163,123.94966038564371,1,3,3,146.83166389813528,3.329770563201687,30.70819111482666,0.7606056073988443,1.0,leptonic_bookkeeping,train,True,0.50562265163496
880530,ttH,124.83570765056163,123.94966038564371,1,3,3,146.83166389813528,3.329770563201687,30.70819111482666,0.7606056073988443,1.0,leptonic_bookkeeping,train,True,0.50562265163496
322429,ttH,124.83570765056163,123.94966038564371,1,3,3,146.83166389813528,3.329770563201687,30.70819111482666,0.7606056073988443,1.0,leptonic_bookkeeping,train,True,0.50562265163496
155942,ttH,124.83570765056163,123.94966038564371,1,3,3,146.83166389813528,3.329770563201687,30.70819111482666,0.7606056073988443,1.0,leptonic_bookkeeping,train,True,0.50562265163496
565999,ttH,124.83570765056163,123.94966038564371,1,3,3,146.83166389813528,3.329770563201687,30.70819111482666,0.7606056073988443,1.0,leptonic_bookkeeping,test,True,0.50562265163496
453736,ttH,124.83570765056163,123.94966038564371,1,3,3,146.83166389813528,3.329770563201687,30.70819111482666,0.7606056073988443,1.0,leptonic_bookkeeping,train,True,0.50562265163496
893933,ttH,124.83570765056163,123.94966038564371,1,3,3,146.83166389813528,3.329770563201687,30.70819111482666,0.7606056073988443,1.0,leptonic_bookkeeping,validation,True,0.50562265163496
265591,ttH,124.83570765056163,123.94966038564371,1,3,3,146.83166389813528,3.329770563201687,30.70819111482666,0.7606056073988443,1.0,leptonic_bookkeeping,validation,True,0.50562265163496
482224,ttH,124.83570765056163,123.94966038564371,1,3,3,146.83166389813528,3.329770563201687,30.70819111482666,0.7606056073988443,1.0,leptonic_bookkeeping,validation,True,0.50562265163496
374034,ttH,124.83570765056163,123.94966038564371,1,3,3,146.83166389813528,3.329770563201687,30.70819111482666,0.7606056073988443,1.0,leptonic_bookkeeping,train,True,0.50562265163496
879088,ttH,124.83570765056163,123.94966038564371,1,3,3,146.83166389813528,3.329770563201687,30.70819111482666,0.7606056073988443,1.0,leptonic_bookkeeping,train,True,0.50562265163496
244268,ttH,124.83570765056163,123.94966038564371,1,3,3,146.83166389813528,3.329770563201687,30.70819111482666,0.7606056073988443,1.0,leptonic_bookkeeping,validation,True,0.50562265163496
211358,ttH,124.83570765056163,123.94966038564371,1,3,3,146.83166389813528,3.329770563201687,30.70819111482666,0.7606056073988443,1.0,leptonic_bookkeeping,train,True,0.50562265163496
800805,ttH,124.83570765056163,123.94966038564371,1,3,3,146.83166389813528,3.329770563201687,30.70819111482666,0.7606056073988443,1.0,leptonic_bookkeeping,validation,True,0.50562265163496
11672,ttH,124.83570765056163,123.94966038564371,1,3,3,146.83166389813528,3.329770563201687,30.70819111482666,0.7606056073988443,1.0,leptonic_bookkeeping,train,True,0.50562265163496
393859,ttH,124.83570765056163,123.94966038564371,1,3,3,146.83166389813528,3.329770563201687,30.70819111482666,0.7606056073988443,1.0,leptonic_bookkeeping,train,True,0.50562265163496
373966,ttH,124.83570765056163,123.94966038564371,1,3,3,146.83166389813528,3.329770563201687,30.70819111482666,0.7606056073988443,1.0,leptonic_bookkeeping,train,True,0.50562265163496
278959,ttH,124.83570765056163,123.94966038564371,1,3,3,146.83166389813528,3.329770563201687,30.70819111482666,0.7606056073988443,1.0,leptonic_bookkeeping,train,True,0.50562265163496
365179,ttH,124.83570765056163,123.94966038564371,1,3,3,146.83166389813528,3.329770563201687,30.70819111482666,0.7606056073988443,1.0,leptonic_bookkeeping,train,True,0.50562265163496
768221,ttH,124.83570765056163,123.94966038564371,1,3,3,146.83166389813528,3.329770563201687,30.70819111482666,0.7606056073988443,1.0,leptonic_bookkeeping,train,True,0.50562265163496
267776,ttH,124.83570765056163,123.94966038564371,1,3,3,146.83166389813528,3.329770563201687,30.70819111482666,0.7606056073988443,1.0,leptonic_bookkeeping,test,True,0.50562265163496
641428,ttH,124.83570765056163,123.94966038564371,1,3,3,146.83166389813528,3.329770563201687,30.70819111482666,0.7606056073988443,1.0,leptonic_bookkeeping,train,True,0.50562265163496
929353,ttH,124.83570765056163,123.94966038564371,1,3,3,146.83166389813528,3.329770563201687,30.70819111482666,0.7606056073988443,1.0,leptonic_bookkeeping,train,True,0.50562265163496
56084,ttH,124.83570765056163,123.94966038564371,1,3,3,146.83166389813528,3.329770563201687,30.70819111482666,0.7606056073988443,1.0,leptonic_bookkeeping,train,True,0.50562265163496
69081,ttH,124.83570765056163,123.94966038564371,1,3,3,146.83166389813528,3.329770563201687,30.70819111482666,0.7606056073988443,1.0,leptonic_bookkeeping,validation,True,0.50562265163496
992745,ttH,124.83570765056163,123.94966038564371,1,3,3,146.83166389813528,3.329770563201687,30.70819111482666,0.7606056073988443,1.0,leptonic_bookkeeping,train,True,0.50562265163496
932274,ttH,124.83570765056163,123.94966038564371,1,3,3,146.83166389813528,3.329770563201687,30.70819111482666,0.7606056073988443,1.0,leptonic_bookkeeping,train,True,0.50562265163496
85429,ttH,124.83570765056163,123.94966038564371,1,3,3,146.83166389813528,3.329770563201687,30.70819111482666,0.7606056073988443,1.0,leptonic_bookkeeping,train,True,0.50562265163496
892180,ttH,124.83570765056163,123.94966038564371,1,3,3,146.83166389813528,3.329770563201687,30.70819111482666,0.7606056073988443,1.0,leptonic_bookkeeping,train,True,0.50562265163496
534119,ttH,124.83570765056163,123.94966038564371,1,3,3,146.83166389813528,3.329770563201687,30.70819111482666,0.7606056073988443,1.0,leptonic_bookkeeping,test,True,0.50562265163496
65226,ttH,124.83570765056163,123.94966038564371,1,3,3,146.83166389813528,3.329770563201687,30.70819111482666,0.7606056073988443,1.0,leptonic_bookkeeping,train,True,0.50562265163496
770918,ttH,124.83570765056163,123.94966038564371,1,3,3,146.83166389813528,3.329770563201687,30.70819111482666,0.7606056073988443,1.0,leptonic_bookkeeping,validation,True,0.50562265163496
827506,ttH,124.83570765056163,123.94966038564371,1,3,3,146.83166389813528,3.329770563201687,30.70819111482666,0.7606056073988443,1.0,leptonic_bookkeeping,train,True,0.50562265163496
147282,ttH,124.83570765056163,123.94966038564371,1,3,3,146.83166389813528,3.329770563201687,30.70819111482666,0.7606056073988443,1.0,leptonic_bookkeeping,train,True,0.50562265163496
98936,ttH,124.83570765056163,123.94966038564371,1,3,3,146.83166389813528,3.329770563201687,30.70819111482666,0.7606056073988443,1.0,leptonic_bookkeeping,train,True,0.50562265163496
145826,ttH,124.83570765056163,123.94966038564371,1,3,3,146.83166389813528,3.329770563201687,30.70819111482666,0.7606056073988443,1.0,leptonic_bookkeeping,train,True,0.50562265163496
564295,ttH,124.83570765056163,123.94966038564371,1,3,3,146.83166389813528,3.329770563201687,30.70819111482666,0.7606056073988443,1.0,leptonic_bookkeeping,validation,True,0.50562265163496
10467,ttH,124.83570765056163,123.94966038564371,1,3,3,146.83166389813528,3.329770563201687,30.70819111482666,0.7606056073988443,1.0,leptonic_bookkeeping,train,True,0.50562265163496
460628,ttH,124.83570765056163,123.94966038564371,1,3,3,146.83166389813528,3.329770563201687,30.70819111482666,0.7606056073988443,1.0,leptonic_bookkeeping,validation,True,0.50562265163496
712143,ttH,124.83570765056163,123.94966038564371,1,3,3,146.83166389813528,3.329770563201687,30.70819111482666,0.7606056073988443,1.0,leptonic_bookkeeping,train,True,0.50562265163496
237437,ttH,124.83570765056163,123.94966038564371,1,3,3,146.83166389813528,3.329770563201687,30.70819111482666,0.7606056073988443,1.0,leptonic_bookkeeping,train,True,0.50562265163496
341474,ttH,124.83570765056163,123.94966038564371,1,3,3,146.83166389813528,3.329770563201687,30.70819111482666,0.7606056073988443,1.0,leptonic_bookkeeping,train,True,0.50562265163496
649561,ttH,124.83570765056163,123.94966038564371,1,3,3,146.83166389813528,3.329770563201687,30.70819111482666,0.7606056073988443,1.0,leptonic_bookkeeping,train,True,0.50562265163496
513094,ttH,124.83570765056163,123.94966038564371,1,3,3,146.83166389813528,3.329770563201687,30.70819111482666,0.7606056073988443,1.0,leptonic_bookkeeping,validation,True,0.50562265163496
574317,ttH,124.83570765056163,123.94966038564371,1,3,3,146.83166389813528,3.329770563201687,30.70819111482666,0.7606056073988443,1.0,leptonic_bookkeeping,validation,True,0.50562265163496
130459,ttH,124.83570765056163,123.94966038564371,1,3,3,146.83166389813528,3.329770563201687,30.70819111482666,0.7606056073988443,1.0,leptonic_bookkeeping,validation,True,0.50562265163496
265501,ttH,124.83570765056163,123.94966038564371,1,3,3,146.83166389813528,3.329770563201687,30.70819111482666,0.7606056073988443,1.0,leptonic_bookkeeping,validation,True,0.50562265163496
882371,ttH,124.83570765056163,123.94966038564371,1,3,3,146.83166389813528,3.329770563201687,30.70819111482666,0.7606056073988443,1.0,leptonic_bookkeeping,train,True,0.50562265163496
426496,ttH,124.83570765056163,123.94966038564371,1,3,3,146.83166389813528,3.329770563201687,30.70819111482666,0.7606056073988443,1.0,leptonic_bookkeeping,train,True,0.50562265163496
81217,ttH,124.83570765056163,123.94966038564371,1,3,3,146.83166389813528,3.329770563201687,30.70819111482666,0.7606056073988443,1.0,leptonic_bookkeeping,test,True,0.50562265163496
63228,ttH,124.83570765056163,123.94966038564371,1,3,3,146.83166389813528,3.329770563201687,30.70819111482666,0.7606056073988443,1.0,leptonic_bookkeeping,train,True,0.50562265163496
487825,ttH,124.83570765056163,123.94966038564371,1,3,3,146.83166389813528,3.329770563201687,30.70819111482666,0.7606056073988443,1.0,leptonic_bookkeeping,train,True,0.50562265163496
210976,ttH,124.83570765056163,123.94966038564371,1,3,3,146.83166389813528,3.329770563201687,30.70819111482666,0.7606056073988443,1.0,leptonic_bookkeeping,train,True,0.50562265163496
925279,ttH,124.83570765056163,123.94966038564371,1,3,3,146.83166389813528,3.329770563201687,30.70819111482666,0.7606056073988443,1.0,leptonic_bookkeeping,validation,True,0.50562265163496
534384,ttH,124.83570765056163,123.94966038564371,1,3,3,146.83166389813528,3.329770563201687,30.70819111482666,0.7606056073988443,1.0,leptonic_bookkeeping,test,True,0.50562265163496
315960,ttH,124.83570765056163,123.94966038564371,1,3,3,146.83166389813528,3.329770563201687,30.70819111482666,0.7606056073988443,1.0,leptonic_bookkeeping,validation,True,0.50562265163496
401234,ttH,124.83570765056163,123.94966038564371,1,3,3,146.83166389813528,3.329770563201687,30.70819111482666,0.7606056073988443,1.0,leptonic_bookkeeping,test,True,0.50562265163496
482629,ttH,124.83570765056163,123.94966038564371,1,3,3,146.83166389813528,3.329770563201687,30.70819111482666,0.7606056073988443,1.0,leptonic_bookkeeping,test,True,0.50562265163496
110326,ttH,124.83570765056163,123.94966038564371,1,3,3,146.83166389813528,3.329770563201687,30.70819111482666,0.7606056073988443,1.0,leptonic_bookkeeping,validation,True,0.50562265163496
735656,ttH,124.83570765056163,123.94966038564371,1,3,3,146.83166389813528,3.329770563201687,30.70819111482666,0.7606056073988443,1.0,leptonic_bookkeeping,train,True,0.50562265163496
469468,ttH,124.83570765056163,123.94966038564371,1,3,3,146.83166389813528,3.329770563201687,30.70819111482666,0.7606056073988443,1.0,leptonic_bookkeeping,train,True,0.50562265163496
348996,ttH,124.83570765056163,123.94966038564371,1,3,3,146.83166389813528,3.329770563201687,30.70819111482666,0.7606056073988443,1.0,leptonic_bookkeeping,test,True,0.50562265163496
748597,ttH,124.83570765056163,123.94966038564371,1,3,3,146.83166389813528,3.329770563201687,30.70819111482666,0.7606056073988443,1.0,leptonic_bookkeeping,validation,True,0.50562265163496
119568,ttH,124.83570765056163,123.94966038564371,1,3,3,146.83166389813528,3.329770563201687,30.70819111482666,0.7606056073988443,1.0,leptonic_bookkeeping,train,True,0.50562265163496
230367,ttH,124.83570765056163,123.94966038564371,1,3,3,146.83166389813528,3.329770563201687,30.70819111482666,0.7606056073988443,1.0,leptonic_bookkeeping,train,True,0.50562265163496
117401,ttH,124.83570765056163,123.94966038564371,1,3,3,146.83166389813528,3.329770563201687,30.70819111482666,0.7606056073988443,1.0,leptonic_bookkeeping,train,True,0.50562265163496
483897,ttH,124.83570765056163,123.94966038564371,1,3,3,146.83166389813528,3.329770563201687,30.70819111482666,0.7606056073988443,1.0,leptonic_bookkeeping,test,True,0.50562265163496
847528,ttH,124.83570765056163,123.94966038564371,1,3,3,146.83166389813528,3.329770563201687,30.70819111482666,0.7606056073988443,1.0,leptonic_bookkeeping,train,True,0.50562265163496
804156,ttH,124.83570765056163,123.94966038564371,1,3,3,146.83166389813528,3.329770563201687,30.70819111482666,0.7606056073988443,1.0,leptonic_bookkeeping,train,True,0.50562265163496
267823,ttH,124.83570765056163,123.94966038564371,1,3,3,146.83166389813528,3.329770563201687,30.70819111482666,0.7606056073988443,1.0,leptonic_bookkeeping,test,True,0.50562265163496
616816,ttH,124.83570765056163,123.94966038564371,1,3,3,146.83166389813528,3.329770563201687,30.70819111482666,0.7606056073988443,1.0,leptonic_bookkeeping,test,True,0.50562265163496
796816,ttH,124.83570765056163,123.94966038564371,1,3,3,146.83166389813528,3.329770563201687,30.70819111482666,0.7606056073988443,1.0,leptonic_bookkeeping,train,True,0.50562265163496
29917,ttH,124.83570765056163,123.94966038564371,1,3,3,146.83166389813528,3.329770563201687,30.70819111482666,0.7606056073988443,1.0,leptonic_bookkeeping,test,True,0.50562265163496
251826,ttH,124.83570765056163,123.94966038564371,1,3,3,146.83166389813528,3.329770563201687,30.70819111482666,0.7606056073988443,1.0,leptonic_bookkeeping,train,True,0.50562265163496
543132,ttH,124.83570765056163,123.94966038564371,1,3,3,146.83166389813528,3.329770563201687,30.70819111482666,0.7606056073988443,1.0,leptonic_bookkeeping,validation,True,0.50562265163496
720739,ttH,124.83570765056163,123.94966038564371,1,3,3,146.83166389813528,3.329770563201687,30.70819111482666,0.7606056073988443,1.0,leptonic_bookkeeping,test,True,0.50562265163496
569510,ttH,124.83570765056163,123.94966038564371,1,3,3,146.83166389813528,3.329770563201687,30.70819111482666,0.7606056073988443,1.0,leptonic_bookkeeping,train,True,0.50562265163496
687926,ttH,124.83570765056163,123.94966038564371,1,3,3,146.83166389813528,3.329770563201687,30.70819111482666,0.7606056073988443,1.0,leptonic_bookkeeping,validation,True,0.50562265163496
668979,ttH,124.83570765056163,123.94966038564371,1,3,3,146.83166389813528,3.329770563201687,30.70819111482666,0.7606056073988443,1.0,leptonic_bookkeeping,test,True,0.50562265163496
859026,ttH,124.83570765056163,123.94966038564371,1,3,3,146.83166389813528,3.329770563201687,30.70819111482666,0.7606056073988443,1.0,leptonic_bookkeeping,train,True,0.50562265163496
812098,ttH,124.83570765056163,123.94966038564371,1,3,3,146.83166389813528,3.329770563201687,30.70819111482666,0.7606056073988443,1.0,leptonic_bookkeeping,validation,True,0.50562265163496
552974,ttH,124.83570765056163,123.94966038564371,1,3,3,146.83166389813528,3.329770563201687,30.70819111482666,0.7606056073988443,1.0,leptonic_bookkeeping,validation,True,0.50562265163496
959850,ttH,124.83570765056163,123.94966038564371,1,3,3,146.83166389813528,3.329770563201687,30.70819111482666,0.7606056073988443,1.0,leptonic_bookkeeping,train,True,0.50562265163496
437611,ttH,124.83570765056163,123.94966038564371,1,3,3,146.83166389813528,3.329770563201687,30.70819111482666,0.7606056073988443,1.0,leptonic_bookkeeping,train,True,0.50562265163496
911671,ttH,124.83570765056163,123.94966038564371,1,3,3,146.83166389813528,3.329770563201687,30.70819111482666,0.7606056073988443,1.0,leptonic_bookkeeping,train,True,0.50562265163496
288361,ttH,124.83570765056163,123.94966038564371,1,3,3,146.83166389813528,3.329770563201687,30.70819111482666,0.7606056073988443,1.0,leptonic_bookkeeping,test,True,0.50562265163496
998524,ttH,124.83570765056163,123.94966038564371,1,3,3,146.83166389813528,3.329770563201687,30.70819111482666,0.7606056073988443,1.0,leptonic_bookkeeping,test,True,0.50562265163496
304672,ttH,124.83570765056163,123.94966038564371,1,3,3,146.83166389813528,3.329770563201687,30.70819111482666,0.7606056073988443,1.0,leptonic_bookkeeping,train,True,0.50562265163496
814717,ttH,124.83570765056163,123.94966038564371,1,3,3,146.83166389813528,3.329770563201687,30.70819111482666,0.7606056073988443,1.0,leptonic_bookkeeping,train,True,0.50562265163496
651057,ttH,124.83570765056163,123.94966038564371,1,3,3,146.83166389813528,3.329770563201687,30.70819111482666,0.7606056073988443,1.0,leptonic_bookkeeping,train,True,0.50562265163496
878829,ttH,124.83570765056163,123.94966038564371,1,3,3,146.83166389813528,3.329770563201687,30.70819111482666,0.7606056073988443,1.0,leptonic_bookkeeping,train,True,0.50562265163496
673988,ttH,124.83570765056163,123.94966038564371,1,3,3,146.83166389813528,3.329770563201687,30.70819111482666,0.7606056073988443,1.0,leptonic_bookkeeping,train,True,0.50562265163496
960096,ttH,124.83570765056163,123.94966038564371,1,3,3,146.83166389813528,3.329770563201687,30.70819111482666,0.7606056073988443,1.0,leptonic_bookkeeping,train,True,0.50562265163496
609909,ttH,124.83570765056163,123.94966038564371,1,3,3,146.83166389813528,3.329770563201687,30.70819111482666,0.7606056073988443,1.0,leptonic_bookkeeping,train,True,0.50562265163496
248535,ttH,124.83570765056163,123.94966038564371,1,3,3,146.83166389813528,3.329770563201687,30.70819111482666,0.7606056073988443,1.0,leptonic_bookkeeping,train,True,0.50562265163496
884495,ttH,124.83570765056163,123.94966038564371,1,3,3,146.83166389813528,3.329770563201687,30.70819111482666,0.7606056073988443,1.0,leptonic_bookkeeping,validation,True,0.50562265163496
365696,ttH,124.83570765056163,123.94966038564371,1,3,3,146.83166389813528,3.329770563201687,30.70819111482666,0.7606056073988443,1.0,leptonic_bookkeeping,train,True,0.50562265163496
500234,ttH,124.83570765056163,123.94966038564371,1,3,3,146.83166389813528,3.329770563201687,30.70819111482666,0.7606056073988443,1.0,leptonic_bookkeeping,train,True,0.50562265163496
458227,ttH,124.83570765056163,123.94966038564371,1,3,3,146.83166389813528,3.329770563201687,30.70819111482666,0.7606056073988443,1.0,leptonic_bookkeeping,train,True,0.50562265163496
626713,ttH,124.83570765056163,123.94966038564371,1,3,3,146.83166389813528,3.329770563201687,30.70819111482666,0.7606056073988443,1.0,leptonic_bookkeeping,validation,True,0.50562265163496
247212,ttH,124.83570765056163,123.94966038564371,1,3,3,146.83166389813528,3.329770563201687,30.70819111482666,0.7606056073988443,1.0,leptonic_bookkeeping,test,True,0.50562265163496
440393,ttH,124.83570765056163,123.94966038564371,1,3,3,146.83166389813528,3.329770563201687,30.70819111482666,0.7606056073988443,1.0,leptonic_bookkeeping,validation,True,0.50562265163496
887740,ttH,124.83570765056163,123.94966038564371,1,3,3,146.83166389813528,3.329770563201687,30.70819111482666,0.7606056073988443,1.0,leptonic_bookkeeping,train,True,0.50562265163496
194298,ttH,124.83570765056163,123.94966038564371,1,3,3,146.83166389813528,3.329770563201687,30.70819111482666,0.7606056073988443,1.0,leptonic_bookkeeping,test,True,0.50562265163496
440164,ttH,124.83570765056163,123.94966038564371,1,3,3,146.83166389813528,3.329770563201687,30.70819111482666,0.7606056073988443,1.0,leptonic_bookkeeping,validation,True,0.50562265163496
640201,ttH,124.83570765056163,123.94966038564371,1,3,3,146.83166389813528,3.329770563201687,30.70819111482666,0.7606056073988443,1.0,leptonic_bookkeeping,train,True,0.50562265163496
692169,ttH,124.83570765056163,123.94966038564371,1,3,3,146.83166389813528,3.329770563201687,30.70819111482666,0.7606056073988443,1.0,leptonic_bookkeeping,train,True,0.50562265163496
158387,ttH,124.83570765056163,123.94966038564371,1,3,3,146.83166389813528,3.329770563201687,30.70819111482666,0.7606056073988443,1.0,leptonic_bookkeeping,train,True,0.50562265163496
440339,ttH,124.83570765056163,123.94966038564371,1,3,3,146.83166389813528,3.329770563201687,30.70819111482666,0.7606056073988443,1.0,leptonic_bookkeeping,validation,True,0.50562265163496
633268,ttH,124.83570765056163,123.94966038564371,1,3,3,146.83166389813528,3.329770563201687,30.70819111482666,0.7606056073988443,1.0,leptonic_bookkeeping,train,True,0.50562265163496
718309,ttH,124.83570765056163,123.94966038564371,1,3,3,146.83166389813528,3.329770563201687,30.70819111482666,0.7606056073988443,1.0,leptonic_bookkeeping,validation,True,0.50562265163496
621941,ttH,124.83570765056163,123.94966038564371,1,3,3,146.83166389813528,3.329770563201687,30.70819111482666,0.7606056073988443,1.0,leptonic_bookkeeping,train,True,0.50562265163496
732787,ttH,124.83570765056163,123.94966038564371,1,3,3,146.83166389813528,3.329770563201687,30.70819111482666,0.7606056073988443,1.0,leptonic_bookkeeping,train,True,0.50562265163496
483946,ttH,124.83570765056163,123.94966038564371,1,3,3,146.83166389813528,3.329770563201687,30.70819111482666,0.7606056073988443,1.0,leptonic_bookkeeping,test,True,0.50562265163496
457748,ttH,124.83570765056163,123.94966038564371,1,3,3,146.83166389813528,3.329770563201687,30.70819111482666,0.7606056073988443,1.0,leptonic_bookkeeping,train,True,0.50562265163496
975410,ttH,124.83570765056163,123.94966038564371,1,3,3,146.83166389813528,3.329770563201687,30.70819111482666,0.7606056073988443,1.0,leptonic_bookkeeping,validation,True,0.50562265163496
97678,ttH,124.83570765056163,123.94966038564371,1,3,3,146.83166389813528,3.329770563201687,30.70819111482666,0.7606056073988443,1.0,leptonic_bookkeeping,train,True,0.50562265163496
549496,ttH,124.83570765056163,123.94966038564371,1,3,3,146.83166389813528,3.329770563201687,30.70819111482666,0.7606056073988443,1.0,leptonic_bookkeeping,train,True,0.50562265163496
164746,ttH,124.83570765056163,123.94966038564371,1,3,3,146.83166389813528,3.329770563201687,30.70819111482666,0.7606056073988443,1.0,leptonic_bookkeeping,test,True,0.50562265163496
168282,ttH,124.83570765056163,123.94966038564371,1,3,3,146.83166389813528,3.329770563201687,30.70819111482666,0.7606056073988443,1.0,leptonic_bookkeeping,train,True,0.50562265163496
941424,ttH,124.83570765056163,123.94966038564371,1,3,3,146.83166389813528,3.329770563201687,30.70819111482666,0.7606056073988443,1.0,leptonic_bookkeeping,train,True,0.50562265163496
779062,ttH,124.83570765056163,123.94966038564371,1,3,3,146.83166389813528,3.329770563201687,30.70819111482666,0.7606056073988443,1.0,leptonic_bookkeeping,train,True,0.50562265163496
705158,ttH,124.83570765056163,123.94966038564371,1,3,3,146.83166389813528,3.329770563201687,30.70819111482666,0.7606056073988443,1.0,leptonic_bookkeeping,train,True,0.50562265163496
314301,ttH,124.83570765056163,123.94966038564371,1,3,3,146.83166389813528,3.329770563201687,30.70819111482666,0.7606056073988443,1.0,leptonic_bookkeeping,train,True,0.50562265163496
704313,ttH,124.83570765056163,123.94966038564371,1,3,3,146.83166389813528,3.329770563201687,30.70819111482666,0.7606056073988443,1.0,leptonic_bookkeeping,train,True,0.50562265163496
932887,ttH,124.83570765056163,123.94966038564371,1,3,3,146.83166389813528,3.329770563201687,30.70819111482666,0.7606056073988443,1.0,leptonic_bookkeeping,train,True,0.50562265163496
123253,ttH,124.83570765056163,123.94966038564371,1,3,3,146.83166389813528,3.329770563201687,30.70819111482666,0.7606056073988443,1.0,leptonic_bookkeeping,test,True,0.50562265163496
467672,ttH,124.83570765056163,123.94966038564371,1,3,3,146.83166389813528,3.329770563201687,30.70819111482666,0.7606056073988443,1.0,leptonic_bookkeeping,train,True,0.50562265163496
649699,ttH,124.83570765056163,123.94966038564371,1,3,3,146.83166389813528,3.329770563201687,30.70819111482666,0.7606056073988443,1.0,leptonic_bookkeeping,train,True,0.50562265163496
503119,ttH,124.83570765056163,123.94966038564371,1,3,3,146.83166389813528,3.329770563201687,30.70819111482666,0.7606056073988443,1.0,leptonic_bookkeeping,test,True,0.50562265163496
593438,ttH,124.83570765056163,123.94966038564371,1,3,3,146.83166389813528,3.329770563201687,30.70819111482666,0.7606056073988443,1.0,leptonic_bookkeeping,train,True,0.50562265163496
885632,ttH,124.83570765056163,123.94966038564371,1,3,3,146.83166389813528,3.329770563201687,30.70819111482666,0.7606056073988443,1.0,leptonic_bookkeeping,test,True,0.50562265163496
664767,ttH,124.83570765056163,123.94966038564371,1,3,3,146.83166389813528,3.329770563201687,30.70819111482666,0.7606056073988443,1.0,leptonic_bookkeeping,train,True,0.50562265163496
926516,ttH,124.83570765056163,123.94966038564371,1,3,3,146.83166389813528,3.329770563201687,30.70819111482666,0.7606056073988443,1.0,leptonic_bookkeeping,test,True,0.50562265163496
713400,ttH,124.83570765056163,123.94966038564371,1,3,3,146.83166389813528,3.329770563201687,30.70819111482666,0.7606056073988443,1.0,leptonic_bookkeeping,train,True,0.50562265163496
971746,ttH,124.83570765056163,123.94966038564371,1,3,3,146.83166389813528,3.329770563201687,30.70819111482666,0.7606056073988443,1.0,leptonic_bookkeeping,train,True,0.50562265163496
838345,ttH,124.83570765056163,123.94966038564371,1,3,3,146.83166389813528,3.329770563201687,30.70819111482666,0.7606056073988443,1.0,leptonic_bookkeeping,train,True,0.50562265163496
186461,ttH,124.83570765056163,123.94966038564371,1,3,3,146.83166389813528,3.329770563201687,30.70819111482666,0.7606056073988443,1.0,leptonic_bookkeeping,train,True,0.50562265163496
286460,ttH,124.83570765056163,123.94966038564371,1,3,3,146.83166389813528,3.329770563201687,30.70819111482666,0.7606056073988443,1.0,leptonic_bookkeeping,validation,True,0.50562265163496
764158,ttH,124.83570765056163,123.94966038564371,1,3,3,146.83166389813528,3.329770563201687,30.70819111482666,0.7606056073988443,1.0,leptonic_bookkeeping,train,True,0.50562265163496
943468,ttH,124.83570765056163,123.94966038564371,1,3,3,146.83166389813528,3.329770563201687,30.70819111482666,0.7606056073988443,1.0,leptonic_bookkeeping,train,True,0.50562265163496
335243,ttH,124.83570765056163,123.94966038564371,1,3,3,146.83166389813528,3.329770563201687,30.70819111482666,0.7606056073988443,1.0,leptonic_bookkeeping,train,True,0.50562265163496
349576,ttH,124.83570765056163,123.94966038564371,1,3,3,146.83166389813528,3.329770563201687,30.70819111482666,0.7606056073988443,1.0,leptonic_bookkeeping,test,True,0.50562265163496
982834,ttH,124.83570765056163,123.94966038564371,1,3,3,146.83166389813528,3.329770563201687,30.70819111482666,0.7606056073988443,1.0,leptonic_bookkeeping,train,True,0.50562265163496
696624,ttH,124.83570765056163,123.94966038564371,1,3,3,146.83166389813528,3.329770563201687,30.70819111482666,0.7606056073988443,1.0,leptonic_bookkeeping,train,True,0.50562265163496
348829,ttH,124.83570765056163,123.94966038564371,1,3,3,146.83166389813528,3.329770563201687,30.70819111482666,0.7606056073988443,1.0,leptonic_bookkeeping,test,True,0.50562265163496
290153,ttH,124.83570765056163,123.94966038564371,1,3,3,146.83166389813528,3.329770563201687,30.70819111482666,0.7606056073988443,1.0,leptonic_bookkeeping,train,True,0.50562265163496
771126,ttH,124.83570765056163,123.94966038564371,1,3,3,146.83166389813528,3.329770563201687,30.70819111482666,0.7606056073988443,1.0,leptonic_bookkeeping,validation,True,0.50562265163496
545631,ttH,124.83570765056163,123.94966038564371,1,3,3,146.83166389813528,3.329770563201687,30.70819111482666,0.7606056073988443,1.0,leptonic_bookkeeping,test,True,0.50562265163496
591739,ttH,124.83570765056163,123.94966038564371,1,3,3,146.83166389813528,3.329770563201687,30.70819111482666,0.7606056073988443,1.0,leptonic_bookkeeping,train,True,0.50562265163496
789641,ttH,124.83570765056163,123.94966038564371,1,3,3,146.83166389813528,3.329770563201687,30.70819111482666,0.7606056073988443,1.0,leptonic_bookkeeping,train,True,0.50562265163496
251535,ttH,124.83570765056163,123.94966038564371,1,3,3,146.83166389813528,3.329770563201687,30.70819111482666,0.7606056073988443,1.0,leptonic_bookkeeping,train,True,0.50562265163496
777512,ttH,124.83570765056163,123.94966038564371,1,3,3,146.83166389813528,3.329770563201687,30.70819111482666,0.7606056073988443,1.0,leptonic_bookkeeping,train,True,0.50562265163496
392378,ttH,124.83570765056163,123.94966038564371,1,3,3,146.83166389813528,3.329770563201687,30.70819111482666,0.7606056073988443,1.0,leptonic_bookkeeping,train,True,0.50562265163496
919438,ttH,124.83570765056163,123.94966038564371,1,3,3,146.83166389813528,3.329770563201687,30.70819111482666,0.7606056073988443,1.0,leptonic_bookkeeping,train,True,0.50562265163496
267294,ttH,124.83570765056163,123.94966038564371,1,3,3,146.83166389813528,3.329770563201687,30.70819111482666,0.7606056073988443,1.0,leptonic_bookkeeping,test,True,0.50562265163496
244914,ttH,124.83570765056163,123.94966038564371,1,3,3,146.83166389813528,3.329770563201687,30.70819111482666,0.7606056073988443,1.0,leptonic_bookkeeping,validation,True,0.50562265163496
576103,ttH,124.83570765056163,123.94966038564371,1,3,3,146.83166389813528,3.329770563201687,30.70819111482666,0.7606056073988443,1.0,leptonic_bookkeeping,test,True,0.50562265163496
699968,ttH,124.83570765056163,123.94966038564371,1,3,3,146.83166389813528,3.329770563201687,30.70819111482666,0.7606056073988443,1.0,leptonic_bookkeeping,test,True,0.50562265163496
983220,ttH,124.83570765056163,123.94966038564371,1,3,3,146.83166389813528,3.329770563201687,30.70819111482666,0.7606056073988443,1.0,leptonic_bookkeeping,train,True,0.50562265163496
201542,ttH,124.83570765056163,123.94966038564371,1,3,3,146.83166389813528,3.329770563201687,30.70819111482666,0.7606056073988443,1.0,leptonic_bookkeeping,train,True,0.50562265163496
343142,ttH,124.83570765056163,123.94966038564371,1,3,3,146.83166389813528,3.329770563201687,30.70819111482666,0.7606056073988443,1.0,leptonic_bookkeeping,train,True,0.50562265163496
40881,ttH,124.83570765056163,123.94966038564371,1,3,3,146.83166389813528,3.329770563201687,30.70819111482666,0.7606056073988443,1.0,leptonic_bookkeeping,test,True,0.50562265163496
794409,ttH,124.83570765056163,123.94966038564371,1,3,3,146.83166389813528,3.329770563201687,30.70819111482666,0.7606056073988443,1.0,leptonic_bookkeeping,train,True,0.50562265163496
625517,ttH,124.83570765056163,123.94966038564371,1,3,3,146.83166389813528,3.329770563201687,30.70819111482666,0.7606056073988443,1.0,leptonic_bookkeeping,validation,True,0.50562265163496
323523,ttH,124.83570765056163,123.94966038564371,1,3,3,146.83166389813528,3.329770563201687,30.70819111482666,0.7606056073988443,1.0,leptonic_bookkeeping,train,True,0.50562265163496
571466,ttH,124.83570765056163,123.94966038564371,1,3,3,146.83166389813528,3.329770563201687,30.70819111482666,0.7606056073988443,1.0,leptonic_bookkeeping,train,True,0.50562265163496
538859,ttH,124.83570765056163,123.94966038564371,1,3,3,146.83166389813528,3.329770563201687,30.70819111482666,0.7606056073988443,1.0,leptonic_bookkeeping,train,True,0.50562265163496
166432,ttH,124.83570765056163,123.94966038564371,1,3,3,146.83166389813528,3.329770563201687,30.70819111482666,0.7606056073988443,1.0,leptonic_bookkeeping,train,True,0.50562265163496
45179,ttH,124.83570765056163,123.94966038564371,1,3,3,146.83166389813528,3.329770563201687,30.70819111482666,0.7606056073988443,1.0,leptonic_bookkeeping,train,True,0.50562265163496
376853,ttH,124.83570765056163,123.94966038564371,1,3,3,146.83166389813528,3.329770563201687,30.70819111482666,0.7606056073988443,1.0,leptonic_bookkeeping,train,True,0.50562265163496
649999,ttH,124.83570765056163,123.94966038564371,1,3,3,146.83166389813528,3.329770563201687,30.70819111482666,0.7606056073988443,1.0,leptonic_bookkeeping,train,True,0.50562265163496
188216,ttH,124.83570765056163,123.94966038564371,1,3,3,146.83166389813528,3.329770563201687,30.70819111482666,0.7606056073988443,1.0,leptonic_bookkeeping,train,True,0.50562265163496
292963,ttH,124.83570765056163,123.94966038564371,1,3,3,146.83166389813528,3.329770563201687,30.70819111482666,0.7606056073988443,1.0,leptonic_bookkeeping,train,True,0.50562265163496
423337,ttH,124.83570765056163,123.94966038564371,1,3,3,146.83166389813528,3.329770563201687,30.70819111482666,0.7606056073988443,1.0,leptonic_bookkeeping,train,True,0.50562265163496
27259,ttH,124.83570765056163,123.94966038564371,1,3,3,146.83166389813528,3.329770563201687,30.70819111482666,0.7606056073988443,1.0,leptonic_bookkeeping,validation,True,0.50562265163496
252882,ttH,124.83570765056163,123.94966038564371,1,3,3,146.83166389813528,3.329770563201687,30.70819111482666,0.7606056073988443,1.0,leptonic_bookkeeping,train,True,0.50562265163496
938323,ttH,124.83570765056163,123.94966038564371,1,3,3,146.83166389813528,3.329770563201687,30.70819111482666,0.7606056073988443,1.0,leptonic_bookkeeping,train,True,0.50562265163496
33979,ttH,124.83570765056163,123.94966038564371,1,3,3,146.83166389813528,3.329770563201687,30.70819111482666,0.7606056073988443,1.0,leptonic_bookkeeping,train,True,0.50562265163496
459611,ttH,124.83570765056163,123.94966038564371,1,3,3,146.83166389813528,3.329770563201687,30.70819111482666,0.7606056073988443,1.0,leptonic_bookkeeping,train,True,0.50562265163496
984352,ttH,124.83570765056163,123.94966038564371,1,3,3,146.83166389813528,3.329770563201687,30.70819111482666,0.7606056073988443,1.0,leptonic_bookkeeping,train,True,0.50562265163496
830093,ttH,124.83570765056163,123.94966038564371,1,3,3,146.83166389813528,3.329770563201687,30.70819111482666,0.7606056073988443,1.0,leptonic_bookkeeping,train,True,0.50562265163496
389365,ttH,124.83570765056163,123.94966038564371,1,3,3,146.83166389813528,3.329770563201687,30.70819111482666,0.7606056073988443,1.0,leptonic_bookkeeping,validation,True,0.50562265163496
99000,ttH,124.83570765056163,123.94966038564371,1,3,3,146.83166389813528,3.329770563201687,30.70819111482666,0.7606056073988443,1.0,leptonic_bookkeeping,validation,True,0.50562265163496
18234,ttH,124.83570765056163,123.94966038564371,1,3,3,146.83166389813528,3.329770563201687,30.70819111482666,0.7606056073988443,1.0,leptonic_bookkeeping,validation,True,0.50562265163496
237269,ttH,124.83570765056163,123.94966038564371,1,3,3,146.83166389813528,3.329770563201687,30.70819111482666,0.7606056073988443,1.0,leptonic_bookkeeping,train,True,0.50562265163496
989709,ttH,124.83570765056163,123.94966038564371,1,3,3,146.83166389813528,3.329770563201687,30.70819111482666,0.7606056073988443,1.0,leptonic_bookkeeping,train,True,0.50562265163496
856707,ttH,124.83570765056163,123.94966038564371,1,3,3,146.83166389813528,3.329770563201687,30.70819111482666,0.7606056073988443,1.0,leptonic_bookkeeping,train,True,0.50562265163496
457020,ttH,124.83570765056163,123.94966038564371,1,3,3,146.83166389813528,3.329770563201687,30.70819111482666,0.7606056073988443,1.0,leptonic_bookkeeping,train,True,0.50562265163496
904597,ttH,124.83570765056163,123.94966038564371,1,3,3,146.83166389813528,3.329770563201687,30.70819111482666,0.7606056073988443,1.0,leptonic_bookkeeping,validation,True,0.50562265163496
11354,ttH,124.83570765056163,123.94966038564371,1,3,3,146.83166389813528,3.329770563201687,30.70819111482666,0.7606056073988443,1.0,leptonic_bookkeeping,train,True,0.50562265163496
21752,ttH,124.83570765056163,123.94966038564371,1,3,3,146.83166389813528,3.329770563201687,30.70819111482666,0.7606056073988443,1.0,leptonic_bookkeeping,train,True,0.50562265163496
744796,ttH,124.83570765056163,123.94966038564371,1,3,3,146.83166389813528,3.329770563201687,30.70819111482666,0.7606056073988443,1.0,leptonic_bookkeeping,train,True,0.50562265163496
3053,ttH,124.83570765056163,123.94966038564371,1,3,3,146.83166389813528,3.329770563201687,30.70819111482666,0.7606056073988443,1.0,leptonic_bookkeeping,train,True,0.50562265163496
424597,ttH,124.83570765056163,123.94966038564371,1,3,3,146.83166389813528,3.329770563201687,30.70819111482666,0.7606056073988443,1.0,leptonic_bookkeeping,train,True,0.50562265163496
406513,ttH,124.83570765056163,123.94966038564371,1,3,3,146.83166389813528,3.329770563201687,30.70819111482666,0.7606056073988443,1.0,leptonic_bookkeeping,train,True,0.50562265163496
531285,ttH,124.83570765056163,123.94966038564371,1,3,3,146.83166389813528,3.329770563201687,30.70819111482666,0.7606056073988443,1.0,leptonic_bookkeeping,train,True,0.50562265163496
405216,ttH,124.83570765056163,123.94966038564371,1,3,3,146.83166389813528,3.329770563201687,30.70819111482666,0.7606056073988443,1.0,leptonic_bookkeeping,train,True,0.50562265163496
280814,ttH,124.83570765056163,123.94966038564371,1,3,3,146.83166389813528,3.329770563201687,30.70819111482666,0.7606056073988443,1.0,leptonic_bookkeeping,train,True,0.50562265163496
117074,ttH,124.83570765056163,123.94966038564371,1,3,3,146.83166389813528,3.329770563201687,30.70819111482666,0.7606056073988443,1.0,leptonic_bookkeeping,train,True,0.50562265163496
419830,ttH,124.83570765056163,123.94966038564371,1,3,3,146.83166389813528,3.329770563201687,30.70819111482666,0.7606056073988443,1.0,leptonic_bookkeeping,validation,True,0.50562265163496
864847,ttH,124.83570765056163,123.94966038564371,1,3,3,146.83166389813528,3.329770563201687,30.70819111482666,0.7606056073988443,1.0,leptonic_bookkeeping,test,True,0.50562265163496
622984,ttH,124.83570765056163,123.94966038564371,1,3,3,146.83166389813528,3.329770563201687,30.70819111482666,0.7606056073988443,1.0,leptonic_bookkeeping,train,True,0.50562265163496
90996,ttH,124.83570765056163,123.94966038564371,1,3,3,146.83166389813528,3.329770563201687,30.70819111482666,0.7606056073988443,1.0,leptonic_bookkeeping,test,True,0.50562265163496
184068,ttH,124.83570765056163,123.94966038564371,1,3,3,146.83166389813528,3.329770563201687,30.70819111482666,0.7606056073988443,1.0,leptonic_bookkeeping,test,True,0.50562265163496
820617,ttH,124.83570765056163,123.94966038564371,1,3,3,146.83166389813528,3.329770563201687,30.70819111482666,0.7606056073988443,1.0,leptonic_bookkeeping,train,True,0.50562265163496
690421,ttH,124.83570765056163,123.94966038564371,1,3,3,146.83166389813528,3.329770563201687,30.70819111482666,0.7606056073988443,1.0,leptonic_bookkeeping,test,True,0.50562265163496
599581,ttH,124.83570765056163,123.94966038564371,1,3,3,146.83166389813528,3.329770563201687,30.70819111482666,0.7606056073988443,1.0,leptonic_bookkeeping,train,True,0.50562265163496
627753,ttH,124.83570765056163,123.94966038564371,1,3,3,146.83166389813528,3.329770563201687,30.70819111482666,0.7606056073988443,1.0,leptonic_bookkeeping,test,True,0.50562265163496
279366,ttH,124.83570765056163,123.94966038564371,1,3,3,146.83166389813528,3.329770563201687,30.70819111482666,0.7606056073988443,1.0,leptonic_bookkeeping,train,True,0.50562265163496
912080,ttH,124.83570765056163,123.94966038564371,1,3,3,146.83166389813528,3.329770563201687,30.70819111482666,0.7606056073988443,1.0,leptonic_bookkeeping,train,True,0.50562265163496
650283,ttH,124.83570765056163,123.94966038564371,1,3,3,146.83166389813528,3.329770563201687,30.70819111482666,0.7606056073988443,1.0,leptonic_bookkeeping,train,True,0.50562265163496
303388,ttH,124.83570765056163,123.94966038564371,1,3,3,146.83166389813528,3.329770563201687,30.70819111482666,0.7606056073988443,1.0,leptonic_bookkeeping,train,True,0.50562265163496
589156,ttH,124.83570765056163,123.94966038564371,1,3,3,146.83166389813528,3.329770563201687,30.70819111482666,0.7606056073988443,1.0,leptonic_bookkeeping,train,True,0.50562265163496
192951,ttH,124.83570765056163,123.94966038564371,1,3,3,146.83166389813528,3.329770563201687,30.70819111482666,0.7606056073988443,1.0,leptonic_bookkeeping,validation,True,0.50562265163496
594702,ttH,124.83570765056163,123.94966038564371,1,3,3,146.83166389813528,3.329770563201687,30.70819111482666,0.7606056073988443,1.0,leptonic_bookkeeping,validation,True,0.50562265163496
993532,ttH,124.83570765056163,123.94966038564371,1,3,3,146.83166389813528,3.329770563201687,30.70819111482666,0.7606056073988443,1.0,leptonic_bookkeeping,train,True,0.50562265163496
360,ttH,124.83570765056163,123.94966038564371,1,3,3,146.83166389813528,3.329770563201687,30.70819111482666,0.7606056073988443,1.0,leptonic_bookkeeping,train,True,0.50562265163496
566147,ttH,124.83570765056163,123.94966038564371,1,3,3,146.83166389813528,3.329770563201687,30.70819111482666,0.7606056073988443,1.0,leptonic_bookkeeping,test,True,0.50562265163496
214596,ttH,124.83570765056163,123.94966038564371,1,3,3,146.83166389813528,3.329770563201687,30.70819111482666,0.7606056073988443,1.0,leptonic_bookkeeping,test,True,0.50562265163496
224774,ttH,124.83570765056163,123.94966038564371,1,3,3,146.83166389813528,3.329770563201687,30.70819111482666,0.7606056073988443,1.0,leptonic_bookkeeping,test,True,0.50562265163496
2154,ttH,124.83570765056163,123.94966038564371,1,3,3,146.83166389813528,3.329770563201687,30.70819111482666,0.7606056073988443,1.0,leptonic_bookkeeping,train,True,0.50562265163496
971516,ttH,124.83570765056163,123.94966038564371,1,3,3,146.83166389813528,3.329770563201687,30.70819111482666,0.7606056073988443,1.0,leptonic_bookkeeping,train,True,0.50562265163496
664583,ttH,124.83570765056163,123.94966038564371,1,3,3,146.83166389813528,3.329770563201687,30.70819111482666,0.7606056073988443,1.0,leptonic_bookkeeping,train,True,0.50562265163496
520693,ttH,124.83570765056163,123.94966038564371,1,3,3,146.83166389813528,3.329770563201687,30.70819111482666,0.7606056073988443,1.0,leptonic_bookkeeping,train,True,0.50562265163496
923742,ttH,124.83570765056163,123.94966038564371,1,3,3,146.83166389813528,3.329770563201687,30.70819111482666,0.7606056073988443,1.0,leptonic_bookkeeping,validation,True,0.50562265163496
805202,ttH,124.83570765056163,123.94966038564371,1,3,3,146.83166389813528,3.329770563201687,30.70819111482666,0.7606056073988443,1.0,leptonic_bookkeeping,train,True,0.50562265163496
707042,ttH,124.83570765056163,123.94966038564371,1,3,3,146.83166389813528,3.329770563201687,30.70819111482666,0.7606056073988443,1.0,leptonic_bookkeeping,train,True,0.50562265163496
753141,ttH,124.83570765056163,123.94966038564371,1,3,3,146.83166389813528,3.329770563201687,30.70819111482666,0.7606056073988443,1.0,leptonic_bookkeeping,train,True,0.50562265163496
266200,ttH,124.83570765056163,123.94966038564371,1,3,3,146.83166389813528,3.329770563201687,30.70819111482666,0.7606056073988443,1.0,leptonic_bookkeeping,test,True,0.50562265163496
223650,ttH,124.83570765056163,123.94966038564371,1,3,3,146.83166389813528,3.329770563201687,30.70819111482666,0.7606056073988443,1.0,leptonic_bookkeeping,validation,True,0.50562265163496
752623,ttH,124.83570765056163,123.94966038564371,1,3,3,146.83166389813528,3.329770563201687,30.70819111482666,0.7606056073988443,1.0,leptonic_bookkeeping,train,True,0.50562265163496
895377,ttH,124.83570765056163,123.94966038564371,1,3,3,146.83166389813528,3.329770563201687,30.70819111482666,0.7606056073988443,1.0,leptonic_bookkeeping,test,True,0.50562265163496
468192,ttH,124.83570765056163,123.94966038564371,1,3,3,146.83166389813528,3.329770563201687,30.70819111482666,0.7606056073988443,1.0,leptonic_bookkeeping,train,True,0.50562265163496
596813,ttH,124.83570765056163,123.94966038564371,1,3,3,146.83166389813528,3.329770563201687,30.70819111482666,0.7606056073988443,1.0,leptonic_bookkeeping,test,True,0.50562265163496
790601,ttH,124.83570765056163,123.94966038564371,1,3,3,146.83166389813528,3.329770563201687,30.70819111482666,0.7606056073988443,1.0,leptonic_bookkeeping,validation,True,0.50562265163496
925545,ttH,124.83570765056163,123.94966038564371,1,3,3,146.83166389813528,3.329770563201687,30.70819111482666,0.7606056073988443,1.0,leptonic_bookkeeping,validation,True,0.50562265163496
879535,ttH,124.83570765056163,123.94966038564371,1,3,3,146.83166389813528,3.329770563201687,30.70819111482666,0.7606056073988443,1.0,leptonic_bookkeeping,train,True,0.50562265163496
184167,ttH,124.83570765056163,123.94966038564371,1,3,3,146.83166389813528,3.329770563201687,30.70819111482666,0.7606056073988443,1.0,leptonic_bookkeeping,test,True,0.50562265163496
767163,ttH,124.83570765056163,123.94966038564371,1,3,3,146.83166389813528,3.329770563201687,30.70819111482666,0.7606056073988443,1.0,leptonic_bookkeeping,train,True,0.50562265163496
636434,ttH,124.83570765056163,123.94966038564371,1,3,3,146.83166389813528,3.329770563201687,30.70819111482666,0.7606056073988443,1.0,leptonic_bookkeeping,validation,True,0.50562265163496
565304,ttH,124.83570765056163,123.94966038564371,1,3,3,146.83166389813528,3.329770563201687,30.70819111482666,0.7606056073988443,1.0,leptonic_bookkeeping,test,True,0.50562265163496
506364,ttH,124.83570765056163,123.94966038564371,1,3,3,146.83166389813528,3.329770563201687,30.70819111482666,0.7606056073988443,1.0,leptonic_bookkeeping,train,True,0.50562265163496
913485,ttH,124.83570765056163,123.94966038564371,1,3,3,146.83166389813528,3.329770563201687,30.70819111482666,0.7606056073988443,1.0,leptonic_bookkeeping,validation,True,0.50562265163496
867575,ttH,124.83570765056163,123.94966038564371,1,3,3,146.83166389813528,3.329770563201687,30.70819111482666,0.7606056073988443,1.0,leptonic_bookkeeping,train,True,0.50562265163496
51887,ttH,124.83570765056163,123.94966038564371,1,3,3,146.83166389813528,3.329770563201687,30.70819111482666,0.7606056073988443,1.0,leptonic_bookkeeping,train,True,0.50562265163496
509500,ttH,124.83570765056163,123.94966038564371,1,3,3,146.83166389813528,3.329770563201687,30.70819111482666,0.7606056073988443,1.0,leptonic_bookkeeping,train,True,0.50562265163496
398677,ttH,124.83570765056163,123.94966038564371,1,3,3,146.83166389813528,3.329770563201687,30.70819111482666,0.7606056073988443,1.0,leptonic_bookkeeping,validation,True,0.50562265163496
994523,ttH,124.83570765056163,123.94966038564371,1,3,3,146.83166389813528,3.329770563201687,30.70819111482666,0.7606056073988443,1.0,leptonic_bookkeeping,train,True,0.50562265163496
488584,ttH,124.83570765056163,123.94966038564371,1,3,3,146.83166389813528,3.329770563201687,30.70819111482666,0.7606056073988443,1.0,leptonic_bookkeeping,train,True,0.50562265163496
38884,ttH,124.83570765056163,123.94966038564371,1,3,3,146.83166389813528,3.329770563201687,30.70819111482666,0.7606056073988443,1.0,leptonic_bookkeeping,validation,True,0.50562265163496
374795,ttH,124.83570765056163,123.94966038564371,1,3,3,146.83166389813528,3.329770563201687,30.70819111482666,0.7606056073988443,1.0,leptonic_bookkeeping,train,True,0.50562265163496
885751,ttH,124.83570765056163,123.94966038564371,1,3,3,146.83166389813528,3.329770563201687,30.70819111482666,0.7606056073988443,1.0,leptonic_bookkeeping,test,True,0.50562265163496
573907,ttH,124.83570765056163,123.94966038564371,1,3,3,146.83166389813528,3.329770563201687,30.70819111482666,0.7606056073988443,1.0,leptonic_bookkeeping,validation,True,0.50562265163496
115569,ttH,124.83570765056163,123.94966038564371,1,3,3,146.83166389813528,3.329770563201687,30.70819111482666,0.7606056073988443,1.0,leptonic_bookkeeping,train,True,0.50562265163496
762602,ttH,124.83570765056163,123.94966038564371,1,3,3,146.83166389813528,3.329770563201687,30.70819111482666,0.7606056073988443,1.0,leptonic_bookkeeping,test,True,0.50562265163496
629492,ttH,124.83570765056163,123.94966038564371,1,3,3,146.83166389813528,3.329770563201687,30.70819111482666,0.7606056073988443,1.0,leptonic_bookkeeping,train,True,0.50562265163496
922140,ttH,124.83570765056163,123.94966038564371,1,3,3,146.83166389813528,3.329770563201687,30.70819111482666,0.7606056073988443,1.0,leptonic_bookkeeping,train,True,0.50562265163496
975579,ttH,124.83570765056163,123.94966038564371,1,3,3,146.83166389813528,3.329770563201687,30.70819111482666,0.7606056073988443,1.0,leptonic_bookkeeping,validation,True,0.50562265163496
733432,ttH,124.83570765056163,123.94966038564371,1,3,3,146.83166389813528,3.329770563201687,30.70819111482666,0.7606056073988443,1.0,leptonic_bookkeeping,train,True,0.50562265163496
103502,ttH,124.83570765056163,123.94966038564371,1,3,3,146.83166389813528,3.329770563201687,30.70819111482666,0.7606056073988443,1.0,leptonic_bookkeeping,train,True,0.50562265163496
4048,ttH,124.83570765056163,123.94966038564371,1,3,3,146.83166389813528,3.329770563201687,30.70819111482666,0.7606056073988443,1.0,leptonic_bookkeeping,train,True,0.50562265163496
731083,ttH,124.83570765056163,123.94966038564371,1,3,3,146.83166389813528,3.329770563201687,30.70819111482666,0.7606056073988443,1.0,leptonic_bookkeeping,test,True,0.50562265163496
310795,ttH,124.83570765056163,123.94966038564371,1,3,3,146.83166389813528,3.329770563201687,30.70819111482666,0.7606056073988443,1.0,leptonic_bookkeeping,train,True,0.50562265163496
710005,ttH,124.83570765056163,123.94966038564371,1,3,3,146.83166389813528,3.329770563201687,30.70819111482666,0.7606056073988443,1.0,leptonic_bookkeeping,test,True,0.50562265163496
570245,ttH,124.83570765056163,123.94966038564371,1,3,3,146.83166389813528,3.329770563201687,30.70819111482666,0.7606056073988443,1.0,leptonic_bookkeeping,train,True,0.50562265163496
414807,ttH,124.83570765056163,123.94966038564371,1,3,3,146.83166389813528,3.329770563201687,30.70819111482666,0.7606056073988443,1.0,leptonic_bookkeeping,train,True,0.50562265163496
948905,ttH,124.83570765056163,123.94966038564371,1,3,3,146.83166389813528,3.329770563201687,30.70819111482666,0.7606056073988443,1.0,leptonic_bookkeeping,train,True,0.50562265163496
441924,ttH,124.83570765056163,123.94966038564371,1,3,3,146.83166389813528,3.329770563201687,30.70819111482666,0.7606056073988443,1.0,leptonic_bookkeeping,test,True,0.50562265163496
922304,ttH,124.83570765056163,123.94966038564371,1,3,3,146.83166389813528,3.329770563201687,30.70819111482666,0.7606056073988443,1.0,leptonic_bookkeeping,train,True,0.50562265163496
25677,ttH,124.83570765056163,123.94966038564371,1,3,3,146.83166389813528,3.329770563201687,30.70819111482666,0.7606056073988443,1.0,leptonic_bookkeeping,train,True,0.50562265163496
941461,ttH,124.83570765056163,123.94966038564371,1,3,3,146.83166389813528,3.329770563201687,30.70819111482666,0.7606056073988443,1.0,leptonic_bookkeeping,train,True,0.50562265163496
632231,ttH,124.83570765056163,123.94966038564371,1,3,3,146.83166389813528,3.329770563201687,30.70819111482666,0.7606056073988443,1.0,leptonic_bookkeeping,train,True,0.50562265163496
613524,ttH,124.83570765056163,123.94966038564371,1,3,3,146.83166389813528,3.329770563201687,30.70819111482666,0.7606056073988443,1.0,leptonic_bookkeeping,train,True,0.50562265163496
843643,ttH,124.83570765056163,123.94966038564371,1,3,3,146.83166389813528,3.329770563201687,30.70819111482666,0.7606056073988443,1.0,leptonic_bookkeeping,test,True,0.50562265163496
877029,ttH,124.83570765056163,123.94966038564371,1,3,3,146.83166389813528,3.329770563201687,30.70819111482666,0.7606056073988443,1.0,leptonic_bookkeeping,train,True,0.50562265163496
473088,ttH,124.83570765056163,123.94966038564371,1,3,3,146.83166389813528,3.329770563201687,30.70819111482666,0.7606056073988443,1.0,leptonic_bookkeeping,test,True,0.50562265163496
785220,ttH,124.83570765056163,123.94966038564371,1,3,3,146.83166389813528,3.329770563201687,30.70819111482666,0.7606056073988443,1.0,leptonic_bookkeeping,train,True,0.50562265163496
970927,ttH,124.83570765056163,123.94966038564371,1,3,3,146.83166389813528,3.329770563201687,30.70819111482666,0.7606056073988443,1.0,leptonic_bookkeeping,train,True,0.50562265163496
589953,ttH,124.83570765056163,123.94966038564371,1,3,3,146.83166389813528,3.329770563201687,30.70819111482666,0.7606056073988443,1.0,leptonic_bookkeeping,train,True,0.50562265163496
332766,ttH,124.83570765056163,123.94966038564371,1,3,3,146.83166389813528,3.329770563201687,30.70819111482666,0.7606056073988443,1.0,leptonic_bookkeeping,train,True,0.50562265163496
267978,ttH,124.83570765056163,123.94966038564371,1,3,3,146.83166389813528,3.329770563201687,30.70819111482666,0.7606056073988443,1.0,leptonic_bookkeeping,test,True,0.50562265163496
102485,ttH,124.83570765056163,123.94966038564371,1,3,3,146.83166389813528,3.329770563201687,30.70819111482666,0.7606056073988443,1.0,leptonic_bookkeeping,test,True,0.50562265163496
433668,ttH,124.83570765056163,123.94966038564371,1,3,3,146.83166389813528,3.329770563201687,30.70819111482666,0.7606056073988443,1.0,leptonic_bookkeeping,train,True,0.50562265163496
766392,ttH,124.83570765056163,123.94966038564371,1,3,3,146.83166389813528,3.329770563201687,30.70819111482666,0.7606056073988443,1.0,leptonic_bookkeeping,train,True,0.50562265163496
895205,ttH,124.83570765056163,123.94966038564371,1,3,3,146.83166389813528,3.329770563201687,30.70819111482666,0.7606056073988443,1.0,leptonic_bookkeeping,test,True,0.50562265163496
839188,ttH,124.83570765056163,123.94966038564371,1,3,3,146.83166389813528,3.329770563201687,30.70819111482666,0.7606056073988443,1.0,leptonic_bookkeeping,train,True,0.50562265163496
743893,ttH,124.83570765056163,123.94966038564371,1,3,3,146.83166389813528,3.329770563201687,30.70819111482666,0.7606056073988443,1.0,leptonic_bookkeeping,train,True,0.50562265163496
594424,ttH,124.83570765056163,123.94966038564371,1,3,3,146.83166389813528,3.329770563201687,30.70819111482666,0.7606056073988443,1.0,leptonic_bookkeeping,validation,True,0.50562265163496
662746,ttH,124.83570765056163,123.94966038564371,1,3,3,146.83166389813528,3.329770563201687,30.70819111482666,0.7606056073988443,1.0,leptonic_bookkeeping,train,True,0.50562265163496
274466,ttH,124.83570765056163,123.94966038564371,1,3,3,146.83166389813528,3.329770563201687,30.70819111482666,0.7606056073988443,1.0,leptonic_bookkeeping,validation,True,0.50562265163496
623572,ttH,124.83570765056163,123.94966038564371,1,3,3,146.83166389813528,3.329770563201687,30.70819111482666,0.7606056073988443,1.0,leptonic_bookkeeping,train,True,0.50562265163496
335396,ttH,124.83570765056163,123.94966038564371,1,3,3,146.83166389813528,3.329770563201687,30.70819111482666,0.7606056073988443,1.0,leptonic_bookkeeping,train,True,0.50562265163496
360535,ttH,124.83570765056163,123.94966038564371,1,3,3,146.83166389813528,3.329770563201687,30.70819111482666,0.7606056073988443,1.0,leptonic_bookkeeping,test,True,0.50562265163496
751343,ttH,124.83570765056163,123.94966038564371,1,3,3,146.83166389813528,3.329770563201687,30.70819111482666,0.7606056073988443,1.0,leptonic_bookkeeping,test,True,0.50562265163496
13785,ttH,124.83570765056163,123.94966038564371,1,3,3,146.83166389813528,3.329770563201687,30.70819111482666,0.7606056073988443,1.0,leptonic_bookkeeping,train,True,0.50562265163496
809080,ttH,124.83570765056163,123.94966038564371,1,3,3,146.83166389813528,3.329770563201687,30.70819111482666,0.7606056073988443,1.0,leptonic_bookkeeping,train,True,0.50562265163496
699115,ttH,124.83570765056163,123.94966038564371,1,3,3,146.83166389813528,3.329770563201687,30.70819111482666,0.7606056073988443,1.0,leptonic_bookkeeping,test,True,0.50562265163496
495925,ttH,124.83570765056163,123.94966038564371,1,3,3,146.83166389813528,3.329770563201687,30.70819111482666,0.7606056073988443,1.0,leptonic_bookkeeping,train,True,0.50562265163496
968889,ttH,124.83570765056163,123.94966038564371,1,3,3,146.83166389813528,3.329770563201687,30.70819111482666,0.7606056073988443,1.0,leptonic_bookkeeping,test,True,0.50562265163496
39266,ttH,124.83570765056163,123.94966038564371,1,3,3,146.83166389813528,3.329770563201687,30.70819111482666,0.7606056073988443,1.0,leptonic_bookkeeping,test,True,0.50562265163496
713283,ttH,124.83570765056163,123.94966038564371,1,3,3,146.83166389813528,3.329770563201687,30.70819111482666,0.7606056073988443,1.0,leptonic_bookkeeping,train,True,0.50562265163496
352527,ttH,124.83570765056163,123.94966038564371,1,3,3,146.83166389813528,3.329770563201687,30.70819111482666,0.7606056073988443,1.0,leptonic_bookkeeping,train,True,0.50562265163496
399661,ttH,124.83570765056163,123.94966038564371,1,3,3,146.83166389813528,3.329770563201687,30.70819111482666,0.7606056073988443,1.0,leptonic_bookkeeping,validation,True,0.50562265163496
88309,ttH,124.83570765056163,123.94966038564371,1,3,3,146.83166389813528,3.329770563201687,30.70819111482666,0.7606056073988443,1.0,leptonic_bookkeeping,train,True,0.50562265163496
668704,ttH,124.83570765056163,123.94966038564371,1,3,3,146.83166389813528,3.329770563201687,30.70819111482666,0.7606056073988443,1.0,leptonic_bookkeeping,test,True,0.50562265163496
356211,ttH,124.83570765056163,123.94966038564371,1,3,3,146.83166389813528,3.329770563201687,30.70819111482666,0.7606056073988443,1.0,leptonic_bookkeeping,train,True,0.50562265163496
62858,ttH,124.83570765056163,123.94966038564371,1,3,3,146.83166389813528,3.329770563201687,30.70819111482666,0.7606056073988443,1.0,leptonic_bookkeeping,train,True,0.50562265163496
413411,ttH,124.83570765056163,123.94966038564371,1,3,3,146.83166389813528,3.329770563201687,30.70819111482666,0.7606056073988443,1.0,leptonic_bookkeeping,train,True,0.50562265163496
32876,ttH,124.83570765056163,123.94966038564371,1,3,3,146.83166389813528,3.329770563201687,30.70819111482666,0.7606056073988443,1.0,leptonic_bookkeeping,train,True,0.50562265163496
376115,ttH,124.83570765056163,123.94966038564371,1,3,3,146.83166389813528,3.329770563201687,30.70819111482666,0.7606056073988443,1.0,leptonic_bookkeeping,train,True,0.50562265163496
40546,ttH,124.83570765056163,123.94966038564371,1,3,3,146.83166389813528,3.329770563201687,30.70819111482666,0.7606056073988443,1.0,leptonic_bookkeeping,test,True,0.50562265163496
521984,ttH,124.83570765056163,123.94966038564371,1,3,3,146.83166389813528,3.329770563201687,30.70819111482666,0.7606056073988443,1.0,leptonic_bookkeeping,validation,True,0.50562265163496
204687,ttH,124.83570765056163,123.94966038564371,1,3,3,146.83166389813528,3.329770563201687,30.70819111482666,0.7606056073988443,1.0,leptonic_bookkeeping,test,True,0.50562265163496
681567,ttH,124.83570765056163,123.94966038564371,1,3,3,146.83166389813528,3.329770563201687,30.70819111482666,0.7606056073988443,1.0,leptonic_bookkeeping,train,True,0.50562265163496
811603,ttH,124.83570765056163,123.94966038564371,1,3,3,146.83166389813528,3.329770563201687,30.70819111482666,0.7606056073988443,1.0,leptonic_bookkeeping,validation,True,0.50562265163496
434532,ttH,124.83570765056163,123.94966038564371,1,3,3,146.83166389813528,3.329770563201687,30.70819111482666,0.7606056073988443,1.0,leptonic_bookkeeping,train,True,0.50562265163496
74386,ttH,124.83570765056163,123.94966038564371,1,3,3,146.83166389813528,3.329770563201687,30.70819111482666,0.7606056073988443,1.0,leptonic_bookkeeping,train,True,0.50562265163496
521370,ttH,124.83570765056163,123.94966038564371,1,3,3,146.83166389813528,3.329770563201687,30.70819111482666,0.7606056073988443,1.0,leptonic_bookkeeping,train,True,0.50562265163496
400969,ttH,124.83570765056163,123.94966038564371,1,3,3,146.83166389813528,3.329770563201687,30.70819111482666,0.7606056073988443,1.0,leptonic_bookkeeping,test,True,0.50562265163496
444099,ttH,124.83570765056163,123.94966038564371,1,3,3,146.83166389813528,3.329770563201687,30.70819111482666,0.7606056073988443,1.0,leptonic_bookkeeping,train,True,0.50562265163496
951885,ttH,124.83570765056163,123.94966038564371,1,3,3,146.83166389813528,3.329770563201687,30.70819111482666,0.7606056073988443,1.0,leptonic_bookkeeping,train,True,0.50562265163496
51281,ttH,124.83570765056163,123.94966038564371,1,3,3,146.83166389813528,3.329770563201687,30.70819111482666,0.7606056073988443,1.0,leptonic_bookkeeping,test,True,0.50562265163496
669867,ttH,124.83570765056163,123.94966038564371,1,3,3,146.83166389813528,3.329770563201687,30.70819111482666,0.7606056073988443,1.0,leptonic_bookkeeping,test,True,0.50562265163496
261530,ttH,124.83570765056163,123.94966038564371,1,3,3,146.83166389813528,3.329770563201687,30.70819111482666,0.7606056073988443,1.0,leptonic_bookkeeping,train,True,0.50562265163496
828463,ttH,124.83570765056163,123.94966038564371,1,3,3,146.83166389813528,3.329770563201687,30.70819111482666,0.7606056073988443,1.0,leptonic_bookkeeping,train,True,0.50562265163496
585022,ttH,124.83570765056163,123.94966038564371,1,3,3,146.83166389813528,3.329770563201687,30.70819111482666,0.7606056073988443,1.0,leptonic_bookkeeping,validation,True,0.50562265163496
762387,ttH,124.83570765056163,123.94966038564371,1,3,3,146.83166389813528,3.329770563201687,30.70819111482666,0.7606056073988443,1.0,leptonic_bookkeeping,test,True,0.50562265163496
549722,ttH,124.83570765056163,123.94966038564371,1,3,3,146.83166389813528,3.329770563201687,30.70819111482666,0.7606056073988443,1.0,leptonic_bookkeeping,train,True,0.50562265163496
606258,ttH,124.83570765056163,123.94966038564371,1,3,3,146.83166389813528,3.329770563201687,30.70819111482666,0.7606056073988443,1.0,leptonic_bookkeeping,test,True,0.50562265163496
717811,ttH,124.83570765056163,123.94966038564371,1,3,3,146.83166389813528,3.329770563201687,30.70819111482666,0.7606056073988443,1.0,leptonic_bookkeeping,validation,True,0.50562265163496
860414,ttH,124.83570765056163,123.94966038564371,1,3,3,146.83166389813528,3.329770563201687,30.70819111482666,0.7606056073988443,1.0,leptonic_bookkeeping,train,True,0.50562265163496
1783,ttH,124.83570765056163,123.94966038564371,1,3,3,146.83166389813528,3.329770563201687,30.70819111482666,0.7606056073988443,1.0,leptonic_bookkeeping,train,True,0.50562265163496
71059,ttH,124.83570765056163,123.94966038564371,1,3,3,146.83166389813528,3.329770563201687,30.70819111482666,0.7606056073988443,1.0,leptonic_bookkeeping,test,True,0.50562265163496
309689,ttH,124.83570765056163,123.94966038564371,1,3,3,146.83166389813528,3.329770563201687,30.70819111482666,0.7606056073988443,1.0,leptonic_bookkeeping,train,True,0.50562265163496
346509,ttH,124.83570765056163,123.94966038564371,1,3,3,146.83166389813528,3.329770563201687,30.70819111482666,0.7606056073988443,1.0,leptonic_bookkeeping,validation,True,0.50562265163496
661989,ttH,124.83570765056163,123.94966038564371,1,3,3,146.83166389813528,3.329770563201687,30.70819111482666,0.7606056073988443,1.0,leptonic_bookkeeping,train,True,0.50562265163496
916888,ttH,124.83570765056163,123.94966038564371,1,3,3,146.83166389813528,3.329770563201687,30.70819111482666,0.7606056073988443,1.0,leptonic_bookkeeping,test,True,0.50562265163496
480590,ttH,124.83570765056163,123.94966038564371,1,3,3,146.83166389813528,3.329770563201687,30.70819111482666,0.7606056073988443,1.0,leptonic_bookkeeping,validation,True,0.50562265163496
163769,ttH,124.83570765056163,123.94966038564371,1,3,3,146.83166389813528,3.329770563201687,30.70819111482666,0.7606056073988443,1.0,leptonic_bookkeeping,test,True,0.50562265163496
539343,ttH,124.83570765056163,123.94966038564371,1,3,3,146.83166389813528,3.329770563201687,30.70819111482666,0.7606056073988443,1.0,leptonic_bookkeeping,train,True,0.50562265163496
881874,ttH,124.83570765056163,123.94966038564371,1,3,3,146.83166389813528,3.329770563201687,30.70819111482666,0.7606056073988443,1.0,leptonic_bookkeeping,train,True,0.50562265163496
145459,ttH,124.83570765056163,123.94966038564371,1,3,3,146.83166389813528,3.329770563201687,30.70819111482666,0.7606056073988443,1.0,leptonic_bookkeeping,train,True,0.50562265163496
81099,ttH,124.83570765056163,123.94966038564371,1,3,3,146.83166389813528,3.329770563201687,30.70819111482666,0.7606056073988443,1.0,leptonic_bookkeeping,test,True,0.50562265163496
544684,ttH,124.83570765056163,123.94966038564371,1,3,3,146.83166389813528,3.329770563201687,30.70819111482666,0.7606056073988443,1.0,leptonic_bookkeeping,test,True,0.50562265163496
796181,ttH,124.83570765056163,123.94966038564371,1,3,3,146.83166389813528,3.329770563201687,30.70819111482666,0.7606056073988443,1.0,leptonic_bookkeeping,train,True,0.50562265163496
504783,ttH,124.83570765056163,123.94966038564371,1,3,3,146.83166389813528,3.329770563201687,30.70819111482666,0.7606056073988443,1.0,leptonic_bookkeeping,test,True,0.50562265163496
331351,ttH,124.83570765056163,123.94966038564371,1,3,3,146.83166389813528,3.329770563201687,30.70819111482666,0.7606056073988443,1.0,leptonic_bookkeeping,train,True,0.50562265163496
340000,ttH,124.83570765056163,123.94966038564371,1,3,3,146.83166389813528,3.329770563201687,30.70819111482666,0.7606056073988443,1.0,leptonic_bookkeeping,test,True,0.50562265163496
802529,ttH,124.83570765056163,123.94966038564371,1,3,3,146.83166389813528,3.329770563201687,30.70819111482666,0.7606056073988443,1.0,leptonic_bookkeeping,test,True,0.50562265163496
877546,ttH,124.83570765056163,123.94966038564371,1,3,3,146.83166389813528,3.329770563201687,30.70819111482666,0.7606056073988443,1.0,leptonic_bookkeeping,train,True,0.50562265163496
638447,ttH,124.83570765056163,123.94966038564371,1,3,3,146.83166389813528,3.329770563201687,30.70819111482666,0.7606056073988443,1.0,leptonic_bookkeeping,test,True,0.50562265163496
991230,ttH,124.83570765056163,123.94966038564371,1,3,3,146.83166389813528,3.329770563201687,30.70819111482666,0.7606056073988443,1.0,leptonic_bookkeeping,train,True,0.50562265163496
270064,ttH,124.83570765056163,123.94966038564371,1,3,3,146.83166389813528,3.329770563201687,30.70819111482666,0.7606056073988443,1.0,leptonic_bookkeeping,train,True,0.50562265163496
656556,ttH,124.83570765056163,123.94966038564371,1,3,3,146.83166389813528,3.329770563201687,30.70819111482666,0.7606056073988443,1.0,leptonic_bookkeeping,validation,True,0.50562265163496
187334,ttH,124.83570765056163,123.94966038564371,1,3,3,146.83166389813528,3.329770563201687,30.70819111482666,0.7606056073988443,1.0,leptonic_bookkeeping,train,True,0.50562265163496
499098,ttH,124.83570765056163,123.94966038564371,1,3,3,146.83166389813528,3.329770563201687,30.70819111482666,0.7606056073988443,1.0,leptonic_bookkeeping,train,True,0.50562265163496
791732,ttH,124.83570765056163,123.94966038564371,1,3,3,146.83166389813528,3.329770563201687,30.70819111482666,0.7606056073988443,1.0,leptonic_bookkeeping,validation,True,0.50562265163496
847947,ttH,124.83570765056163,123.94966038564371,1,3,3,146.83166389813528,3.329770563201687,30.70819111482666,0.7606056073988443,1.0,leptonic_bookkeeping,train,True,0.50562265163496
827792,ttH,124.83570765056163,123.94966038564371,1,3,3,146.83166389813528,3.329770563201687,30.70819111482666,0.7606056073988443,1.0,leptonic_bookkeeping,train,True,0.50562265163496
910968,ttH,124.83570765056163,123.94966038564371,1,3,3,146.83166389813528,3.329770563201687,30.70819111482666,0.7606056073988443,1.0,leptonic_bookkeeping,train,True,0.50562265163496
75815,ttH,124.83570765056163,123.94966038564371,1,3,3,146.83166389813528,3.329770563201687,30.70819111482666,0.7606056073988443,1.0,leptonic_bookkeeping,train,True,0.50562265163496
220649,ttH,124.83570765056163,123.94966038564371,1,3,3,146.83166389813528,3.329770563201687,30.70819111482666,0.7606056073988443,1.0,leptonic_bookkeeping,train,True,0.50562265163496
412454,ttH,124.83570765056163,123.94966038564371,1,3,3,146.83166389813528,3.329770563201687,30.70819111482666,0.7606056073988443,1.0,leptonic_bookkeeping,train,True,0.50562265163496
824365,ttH,124.83570765056163,123.94966038564371,1,3,3,146.83166389813528,3.329770563201687,30.70819111482666,0.7606056073988443,1.0,leptonic_bookkeeping,test,True,0.50562265163496
590381,ttH,124.83570765056163,123.94966038564371,1,3,3,146.83166389813528,3.329770563201687,30.70819111482666,0.7606056073988443,1.0,leptonic_bookkeeping,train,True,0.50562265163496
565362,ttH,124.83570765056163,123.94966038564371,1,3,3,146.83166389813528,3.329770563201687,30.70819111482666,0.7606056073988443,1.0,leptonic_bookkeeping,test,True,0.50562265163496
725731,ttH,124.83570765056163,123.94966038564371,1,3,3,146.83166389813528,3.329770563201687,30.70819111482666,0.7606056073988443,1.0,leptonic_bookkeeping,train,True,0.50562265163496
606611,ttH,124.83570765056163,123.94966038564371,1,3,3,146.83166389813528,3.329770563201687,30.70819111482666,0.7606056073988443,1.0,leptonic_bookkeeping,test,True,0.50562265163496
49121,ttH,124.83570765056163,123.94966038564371,1,3,3,146.83166389813528,3.329770563201687,30.70819111482666,0.7606056073988443,1.0,leptonic_bookkeeping,validation,True,0.50562265163496
96898,ttH,124.83570765056163,123.94966038564371,1,3,3,146.83166389813528,3.329770563201687,30.70819111482666,0.7606056073988443,1.0,leptonic_bookkeeping,train,True,0.50562265163496
91544,ttH,124.83570765056163,123.94966038564371,1,3,3,146.83166389813528,3.329770563201687,30.70819111482666,0.7606056073988443,1.0,leptonic_bookkeeping,test,True,0.50562265163496
69299,ttH,124.83570765056163,123.94966038564371,1,3,3,146.83166389813528,3.329770563201687,30.70819111482666,0.7606056073988443,1.0,leptonic_bookkeeping,validation,True,0.50562265163496
453534,ttH,124.83570765056163,123.94966038564371,1,3,3,146.83166389813528,3.329770563201687,30.70819111482666,0.7606056073988443,1.0,leptonic_bookkeeping,test,True,0.50562265163496
485047,ttH,124.83570765056163,123.94966038564371,1,3,3,146.83166389813528,3.329770563201687,30.70819111482666,0.7606056073988443,1.0,leptonic_bookkeeping,train,True,0.50562265163496
66012,ttH,124.83570765056163,123.94966038564371,1,3,3,146.83166389813528,3.329770563201687,30.70819111482666,0.7606056073988443,1.0,leptonic_bookkeeping,train,True,0.50562265163496
882995,ttH,124.83570765056163,123.94966038564371,1,3,3,146.83166389813528,3.329770563201687,30.70819111482666,0.7606056073988443,1.0,leptonic_bookkeeping,validation,True,0.50562265163496
718212,ttH,124.83570765056163,123.94966038564371,1,3,3,146.83166389813528,3.329770563201687,30.70819111482666,0.7606056073988443,1.0,leptonic_bookkeeping,validation,True,0.50562265163496
263053,ttH,124.83570765056163,123.94966038564371,1,3,3,146.83166389813528,3.329770563201687,30.70819111482666,0.7606056073988443,1.0,leptonic_bookkeeping,train,True,0.50562265163496
288813,ttH,124.83570765056163,123.94966038564371,1,3,3,146.83166389813528,3.329770563201687,30.70819111482666,0.7606056073988443,1.0,leptonic_bookkeeping,train,True,0.50562265163496
439680,ttH,124.83570765056163,123.94966038564371,1,3,3,146.83166389813528,3.329770563201687,30.70819111482666,0.7606056073988443,1.0,leptonic_bookkeeping,validation,True,0.50562265163496
373121,ttH,124.83570765056163,123.94966038564371,1,3,3,146.83166389813528,3.329770563201687,30.70819111482666,0.7606056073988443,1.0,leptonic_bookkeeping,train,True,0.50562265163496
135442,ttH,124.83570765056163,123.94966038564371,1,3,3,146.83166389813528,3.329770563201687,30.70819111482666,0.7606056073988443,1.0,leptonic_bookkeeping,train,True,0.50562265163496
49010,ttH,124.83570765056163,123.94966038564371,1,3,3,146.83166389813528,3.329770563201687,30.70819111482666,0.7606056073988443,1.0,leptonic_bookkeeping,validation,True,0.50562265163496
115740,ttH,124.83570765056163,123.94966038564371,1,3,3,146.83166389813528,3.329770563201687,30.70819111482666,0.7606056073988443,1.0,leptonic_bookkeeping,train,True,0.50562265163496
445603,ttH,124.83570765056163,123.94966038564371,1,3,3,146.83166389813528,3.329770563201687,30.70819111482666,0.7606056073988443,1.0,leptonic_bookkeeping,train,True,0.50562265163496
17449,ttH,124.83570765056163,123.94966038564371,1,3,3,146.83166389813528,3.329770563201687,30.70819111482666,0.7606056073988443,1.0,leptonic_bookkeeping,validation,True,0.50562265163496
579412,ttH,124.83570765056163,123.94966038564371,1,3,3,146.83166389813528,3.329770563201687,30.70819111482666,0.7606056073988443,1.0,leptonic_bookkeeping,train,True,0.50562265163496
459563,ttH,124.83570765056163,123.94966038564371,1,3,3,146.83166389813528,3.329770563201687,30.70819111482666,0.7606056073988443,1.0,leptonic_bookkeeping,train,True,0.50562265163496
17975,ttH,124.83570765056163,123.94966038564371,1,3,3,146.83166389813528,3.329770563201687,30.70819111482666,0.7606056073988443,1.0,leptonic_bookkeeping,validation,True,0.50562265163496
401813,ttH,124.83570765056163,123.94966038564371,1,3,3,146.83166389813528,3.329770563201687,30.70819111482666,0.7606056073988443,1.0,leptonic_bookkeeping,test,True,0.50562265163496
612943,ttH,124.83570765056163,123.94966038564371,1,3,3,146.83166389813528,3.329770563201687,30.70819111482666,0.7606056073988443,1.0,leptonic_bookkeeping,train,True,0.50562265163496
258590,ttH,124.83570765056163,123.94966038564371,1,3,3,146.83166389813528,3.329770563201687,30.70819111482666,0.7606056073988443,1.0,leptonic_bookkeeping,train,True,0.50562265163496
375399,ttH,124.83570765056163,123.94966038564371,1,3,3,146.83166389813528,3.329770563201687,30.70819111482666,0.7606056073988443,1.0,leptonic_bookkeeping,train,True,0.50562265163496
587333,ttH,124.83570765056163,123.94966038564371,1,3,3,146.83166389813528,3.329770563201687,30.70819111482666,0.7606056073988443,1.0,leptonic_bookkeeping,test,True,0.50562265163496
524972,ttH,124.83570765056163,123.94966038564371,1,3,3,146.83166389813528,3.329770563201687,30.70819111482666,0.7606056073988443,1.0,leptonic_bookkeeping,test,True,0.50562265163496
12068,ttH,124.83570765056163,123.94966038564371,1,3,3,146.83166389813528,3.329770563201687,30.70819111482666,0.7606056073988443,1.0,leptonic_bookkeeping,train,True,0.50562265163496
99148,ttH,124.83570765056163,123.94966038564371,1,3,3,146.83166389813528,3.329770563201687,30.70819111482666,0.7606056073988443,1.0,leptonic_bookkeeping,validation,True,0.50562265163496
700190,ttH,124.83570765056163,123.94966038564371,1,3,3,146.83166389813528,3.329770563201687,30.70819111482666,0.7606056073988443,1.0,leptonic_bookkeeping,test,True,0.50562265163496
385168,ttH,124.83570765056163,123.94966038564371,1,3,3,146.83166389813528,3.329770563201687,30.70819111482666,0.7606056073988443,1.0,leptonic_bookkeeping,train,True,0.50562265163496
302709,ttH,124.83570765056163,123.94966038564371,1,3,3,146.83166389813528,3.329770563201687,30.70819111482666,0.7606056073988443,1.0,leptonic_bookkeeping,train,True,0.50562265163496
11319,ttH,124.83570765056163,123.94966038564371,1,3,3,146.83166389813528,3.329770563201687,30.70819111482666,0.7606056073988443,1.0,leptonic_bookkeeping,train,True,0.50562265163496
573320,ttH,124.83570765056163,123.94966038564371,1,3,3,146.83166389813528,3.329770563201687,30.70819111482666,0.7606056073988443,1.0,leptonic_bookkeeping,validation,True,0.50562265163496
526031,ttH,124.83570765056163,123.94966038564371,1,3,3,146.83166389813528,3.329770563201687,30.70819111482666,0.7606056073988443,1.0,leptonic_bookkeeping,train,True,0.50562265163496
658914,ttH,124.83570765056163,123.94966038564371,1,3,3,146.83166389813528,3.329770563201687,30.70819111482666,0.7606056073988443,1.0,leptonic_bookkeeping,test,True,0.50562265163496
650192,ttH,124.83570765056163,123.94966038564371,1,3,3,146.83166389813528,3.329770563201687,30.70819111482666,0.7606056073988443,1.0,leptonic_bookkeeping,train,True,0.50562265163496
232250,ttH,124.83570765056163,123.94966038564371,1,3,3,146.83166389813528,3.329770563201687,30.70819111482666,0.7606056073988443,1.0,leptonic_bookkeeping,train,True,0.50562265163496
999523,ttH,124.83570765056163,123.94966038564371,1,3,3,146.83166389813528,3.329770563201687,30.70819111482666,0.7606056073988443,1.0,leptonic_bookkeeping,test,True,0.50562265163496
631002,ttH,124.83570765056163,123.94966038564371,1,3,3,146.83166389813528,3.329770563201687,30.70819111482666,0.7606056073988443,1.0,leptonic_bookkeeping,train,True,0.50562265163496
629178,ttH,124.83570765056163,123.94966038564371,1,3,3,146.83166389813528,3.329770563201687,30.70819111482666,0.7606056073988443,1.0,leptonic_bookkeeping,train,True,0.50562265163496
652107,ttH,124.83570765056163,123.94966038564371,1,3,3,146.83166389813528,3.329770563201687,30.70819111482666,0.7606056073988443,1.0,leptonic_bookkeeping,train,True,0.50562265163496
411064,ttH,124.83570765056163,123.94966038564371,1,3,3,146.83166389813528,3.329770563201687,30.70819111482666,0.7606056073988443,1.0,leptonic_bookkeeping,test,True,0.50562265163496
703301,ttH,124.83570765056163,123.94966038564371,1,3,3,146.83166389813528,3.329770563201687,30.70819111482666,0.7606056073988443,1.0,leptonic_bookkeeping,train,True,0.50562265163496
639995,ttH,124.83570765056163,123.94966038564371,1,3,3,146.83166389813528,3.329770563201687,30.70819111482666,0.7606056073988443,1.0,leptonic_bookkeeping,train,True,0.50562265163496
461911,ttH,124.83570765056163,123.94966038564371,1,3,3,146.83166389813528,3.329770563201687,30.70819111482666,0.7606056073988443,1.0,leptonic_bookkeeping,test,True,0.50562265163496
151601,ttH,124.83570765056163,123.94966038564371,1,3,3,146.83166389813528,3.329770563201687,30.70819111482666,0.7606056073988443,1.0,leptonic_bookkeeping,validation,True,0.50562265163496
72859,ttH,124.83570765056163,123.94966038564371,1,3,3,146.83166389813528,3.329770563201687,30.70819111482666,0.7606056073988443,1.0,leptonic_bookkeeping,train,True,0.50562265163496
231027,ttH,124.83570765056163,123.94966038564371,1,3,3,146.83166389813528,3.329770563201687,30.70819111482666,0.7606056073988443,1.0,leptonic_bookkeeping,train,True,0.50562265163496
266389,ttH,124.83570765056163,123.94966038564371,1,3,3,146.83166389813528,3.329770563201687,30.70819111482666,0.7606056073988443,1.0,leptonic_bookkeeping,test,True,0.50562265163496
571227,ttH,124.83570765056163,123.94966038564371,1,3,3,146.83166389813528,3.329770563201687,30.70819111482666,0.7606056073988443,1.0,leptonic_bookkeeping,train,True,0.50562265163496
572692,ttH,124.83570765056163,123.94966038564371,1,3,3,146.83166389813528,3.329770563201687,30.70819111482666,0.7606056073988443,1.0,leptonic_bookkeeping,train,True,0.50562265163496
647336,ttH,124.83570765056163,123.94966038564371,1,3,3,146.83166389813528,3.329770563201687,30.70819111482666,0.7606056073988443,1.0,leptonic_bookkeeping,validation,True,0.50562265163496
762112,ttH,124.83570765056163,123.94966038564371,1,3,3,146.83166389813528,3.329770563201687,30.70819111482666,0.7606056073988443,1.0,leptonic_bookkeeping,test,True,0.50562265163496
192697,ttH,124.83570765056163,123.94966038564371,1,3,3,146.83166389813528,3.329770563201687,30.70819111482666,0.7606056073988443,1.0,leptonic_bookkeeping,validation,True,0.50562265163496
714472,ttH,124.83570765056163,123.94966038564371,1,3,3,146.83166389813528,3.329770563201687,30.70819111482666,0.7606056073988443,1.0,leptonic_bookkeeping,train,True,0.50562265163496
660048,ttH,124.83570765056163,123.94966038564371,1,3,3,146.83166389813528,3.329770563201687,30.70819111482666,0.7606056073988443,1.0,leptonic_bookkeeping,train,True,0.50562265163496
962929,ttH,124.83570765056163,123.94966038564371,1,3,3,146.83166389813528,3.329770563201687,30.70819111482666,0.7606056073988443,1.0,leptonic_bookkeeping,train,True,0.50562265163496
728124,ttH,124.83570765056163,123.94966038564371,1,3,3,146.83166389813528,3.329770563201687,30.70819111482666,0.7606056073988443,1.0,leptonic_bookkeeping,validation,True,0.50562265163496
882542,ttH,124.83570765056163,123.94966038564371,1,3,3,146.83166389813528,3.329770563201687,30.70819111482666,0.7606056073988443,1.0,leptonic_bookkeeping,validation,True,0.50562265163496
532498,ttH,124.83570765056163,123.94966038564371,1,3,3,146.83166389813528,3.329770563201687,30.70819111482666,0.7606056073988443,1.0,leptonic_bookkeeping,validation,True,0.50562265163496
67609,ttH,124.83570765056163,123.94966038564371,1,3,3,146.83166389813528,3.329770563201687,30.70819111482666,0.7606056073988443,1.0,leptonic_bookkeeping,train,True,0.50562265163496
256185,ttH,124.83570765056163,123.94966038564371,1,3,3,146.83166389813528,3.329770563201687,30.70819111482666,0.7606056073988443,1.0,leptonic_bookkeeping,test,True,0.50562265163496
207078,ttH,124.83570765056163,123.94966038564371,1,3,3,146.83166389813528,3.329770563201687,30.70819111482666,0.7606056073988443,1.0,leptonic_bookkeeping,train,True,0.50562265163496
555045,ttH,124.83570765056163,123.94966038564371,1,3,3,146.83166389813528,3.329770563201687,30.70819111482666,0.7606056073988443,1.0,leptonic_bookkeeping,test,True,0.50562265163496
574258,ttH,124.83570765056163,123.94966038564371,1,3,3,146.83166389813528,3.329770563201687,30.70819111482666,0.7606056073988443,1.0,leptonic_bookkeeping,validation,True,0.50562265163496
617138,ttH,124.83570765056163,123.94966038564371,1,3,3,146.83166389813528,3.329770563201687,30.70819111482666,0.7606056073988443,1.0,leptonic_bookkeeping,test,True,0.50562265163496
322636,ttH,124.83570765056163,123.94966038564371,1,3,3,146.83166389813528,3.329770563201687,30.70819111482666,0.7606056073988443,1.0,leptonic_bookkeeping,train,True,0.50562265163496
725791,ttH,124.83570765056163,123.94966038564371,1,3,3,146.83166389813528,3.329770563201687,30.70819111482666,0.7606056073988443,1.0,leptonic_bookkeeping,train,True,0.50562265163496
336390,ttH,124.83570765056163,123.94966038564371,1,3,3,146.83166389813528,3.329770563201687,30.70819111482666,0.7606056073988443,1.0,leptonic_bookkeeping,validation,True,0.50562265163496
89565,ttH,124.83570765056163,123.94966038564371,1,3,3,146.83166389813528,3.329770563201687,30.70819111482666,0.7606056073988443,1.0,leptonic_bookkeeping,validation,True,0.50562265163496
146265,ttH,124.83570765056163,123.94966038564371,1,3,3,146.83166389813528,3.329770563201687,30.70819111482666,0.7606056073988443,1.0,leptonic_bookkeeping,train,True,0.50562265163496
303551,ttH,124.83570765056163,123.94966038564371,1,3,3,146.83166389813528,3.329770563201687,30.70819111482666,0.7606056073988443,1.0,leptonic_bookkeeping,train,True,0.50562265163496
452175,ttH,124.83570765056163,123.94966038564371,1,3,3,146.83166389813528,3.329770563201687,30.70819111482666,0.7606056073988443,1.0,leptonic_bookkeeping,test,True,0.50562265163496
806096,ttH,124.83570765056163,123.94966038564371,1,3,3,146.83166389813528,3.329770563201687,30.70819111482666,0.7606056073988443,1.0,leptonic_bookkeeping,train,True,0.50562265163496
347469,ttH,124.83570765056163,123.94966038564371,1,3,3,146.83166389813528,3.329770563201687,30.70819111482666,0.7606056073988443,1.0,leptonic_bookkeeping,validation,True,0.50562265163496
8786,ttH,124.83570765056163,123.94966038564371,1,3,3,146.83166389813528,3.329770563201687,30.70819111482666,0.7606056073988443,1.0,leptonic_bookkeeping,test,True,0.50562265163496
386124,ttH,124.83570765056163,123.94966038564371,1,3,3,146.83166389813528,3.329770563201687,30.70819111482666,0.7606056073988443,1.0,leptonic_bookkeeping,train,True,0.50562265163496
327641,ttH,124.83570765056163,123.94966038564371,1,3,3,146.83166389813528,3.329770563201687,30.70819111482666,0.7606056073988443,1.0,leptonic_bookkeeping,validation,True,0.50562265163496
80890,ttH,124.83570765056163,123.94966038564371,1,3,3,146.83166389813528,3.329770563201687,30.70819111482666,0.7606056073988443,1.0,leptonic_bookkeeping,test,True,0.50562265163496
843811,ttH,124.83570765056163,123.94966038564371,1,3,3,146.83166389813528,3.329770563201687,30.70819111482666,0.7606056073988443,1.0,leptonic_bookkeeping,test,True,0.50562265163496
629598,ttH,124.83570765056163,123.94966038564371,1,3,3,146.83166389813528,3.329770563201687,30.70819111482666,0.7606056073988443,1.0,leptonic_bookkeeping,train,True,0.50562265163496
602262,ttH,124.83570765056163,123.94966038564371,1,3,3,146.83166389813528,3.329770563201687,30.70819111482666,0.7606056073988443,1.0,leptonic_bookkeeping,train,True,0.50562265163496
23938,ttH,124.83570765056163,123.94966038564371,1,3,3,146.83166389813528,3.329770563201687,30.70819111482666,0.7606056073988443,1.0,leptonic_bookkeeping,train,True,0.50562265163496
767506,ttH,124.83570765056163,123.94966038564371,1,3,3,146.83166389813528,3.329770563201687,30.70819111482666,0.7606056073988443,1.0,leptonic_bookkeeping,train,True,0.50562265163496
998050,ttH,124.83570765056163,123.94966038564371,1,3,3,146.83166389813528,3.329770563201687,30.70819111482666,0.7606056073988443,1.0,leptonic_bookkeeping,test,True,0.50562265163496
636593,ttH,124.83570765056163,123.94966038564371,1,3,3,146.83166389813528,3.329770563201687,30.70819111482666,0.7606056073988443,1.0,leptonic_bookkeeping,validation,True,0.50562265163496
103211,ttH,124.83570765056163,123.94966038564371,1,3,3,146.83166389813528,3.329770563201687,30.70819111482666,0.7606056073988443,1.0,leptonic_bookkeeping,train,True,0.50562265163496
884503,ttH,124.83570765056163,123.94966038564371,1,3,3,146.83166389813528,3.329770563201687,30.70819111482666,0.7606056073988443,1.0,leptonic_bookkeeping,validation,True,0.50562265163496
367966,ttH,124.83570765056163,123.94966038564371,1,3,3,146.83166389813528,3.329770563201687,30.70819111482666,0.7606056073988443,1.0,leptonic_bookkeeping,validation,True,0.50562265163496
54240,ttH,124.83570765056163,123.94966038564371,1,3,3,146.83166389813528,3.329770563201687,30.70819111482666,0.7606056073988443,1.0,leptonic_bookkeeping,train,True,0.50562265163496
573428,ttH,124.83570765056163,123.94966038564371,1,3,3,146.83166389813528,3.329770563201687,30.70819111482666,0.7606056073988443,1.0,leptonic_bookkeeping,validation,True,0.50562265163496
365802,ttH,124.83570765056163,123.94966038564371,1,3,3,146.83166389813528,3.329770563201687,30.70819111482666,0.7606056073988443,1.0,leptonic_bookkeeping,train,True,0.50562265163496
419783,ttH,124.83570765056163,123.94966038564371,1,3,3,146.83166389813528,3.329770563201687,30.70819111482666,0.7606056073988443,1.0,leptonic_bookkeeping,validation,True,0.50562265163496
223076,ttH,124.83570765056163,123.94966038564371,1,3,3,146.83166389813528,3.329770563201687,30.70819111482666,0.7606056073988443,1.0,leptonic_bookkeeping,validation,True,0.50562265163496
307439,ttH,124.83570765056163,123.94966038564371,1,3,3,146.83166389813528,3.329770563201687,30.70819111482666,0.7606056073988443,1.0,leptonic_bookkeeping,test,True,0.50562265163496
570257,ttH,124.83570765056163,123.94966038564371,1,3,3,146.83166389813528,3.329770563201687,30.70819111482666,0.7606056073988443,1.0,leptonic_bookkeeping,train,True,0.50562265163496
822186,ttH,124.83570765056163,123.94966038564371,1,3,3,146.83166389813528,3.329770563201687,30.70819111482666,0.7606056073988443,1.0,leptonic_bookkeeping,validation,True,0.50562265163496
902493,ttH,124.83570765056163,123.94966038564371,1,3,3,146.83166389813528,3.329770563201687,30.70819111482666,0.7606056073988443,1.0,leptonic_bookkeeping,train,True,0.50562265163496
777157,ttH,124.83570765056163,123.94966038564371,1,3,3,146.83166389813528,3.329770563201687,30.70819111482666,0.7606056073988443,1.0,leptonic_bookkeeping,train,True,0.50562265163496
286515,ttH,124.83570765056163,123.94966038564371,1,3,3,146.83166389813528,3.329770563201687,30.70819111482666,0.7606056073988443,1.0,leptonic_bookkeeping,validation,True,0.50562265163496
749366,ttH,124.83570765056163,123.94966038564371,1,3,3,146.83166389813528,3.329770563201687,30.70819111482666,0.7606056073988443,1.0,leptonic_bookkeeping,validation,True,0.50562265163496
919106,ttH,124.83570765056163,123.94966038564371,1,3,3,146.83166389813528,3.329770563201687,30.70819111482666,0.7606056073988443,1.0,leptonic_bookkeeping,train,True,0.50562265163496
176600,ttH,124.83570765056163,123.94966038564371,1,3,3,146.83166389813528,3.329770563201687,30.70819111482666,0.7606056073988443,1.0,leptonic_bookkeeping,train,True,0.50562265163496
965683,ttH,124.83570765056163,123.94966038564371,1,3,3,146.83166389813528,3.329770563201687,30.70819111482666,0.7606056073988443,1.0,leptonic_bookkeeping,validation,True,0.50562265163496
263658,ttH,124.83570765056163,123.94966038564371,1,3,3,146.83166389813528,3.329770563201687,30.70819111482666,0.7606056073988443,1.0,leptonic_bookkeeping,train,True,0.50562265163496
521308,ttH,124.83570765056163,123.94966038564371,1,3,3,146.83166389813528,3.329770563201687,30.70819111482666,0.7606056073988443,1.0,leptonic_bookkeeping,train,True,0.50562265163496
123207,ttH,124.83570765056163,123.94966038564371,1,3,3,146.83166389813528,3.329770563201687,30.70819111482666,0.7606056073988443,1.0,leptonic_bookkeeping,test,True,0.50562265163496
742261,ttH,124.83570765056163,123.94966038564371,1,3,3,146.83166389813528,3.329770563201687,30.70819111482666,0.7606056073988443,1.0,leptonic_bookkeeping,test,True,0.50562265163496
36558,ttH,124.83570765056163,123.94966038564371,1,3,3,146.83166389813528,3.329770563201687,30.70819111482666,0.7606056073988443,1.0,leptonic_bookkeeping,train,True,0.50562265163496
638394,ttH,124.83570765056163,123.94966038564371,1,3,3,146.83166389813528,3.329770563201687,30.70819111482666,0.7606056073988443,1.0,leptonic_bookkeeping,test,True,0.50562265163496
215853,ttH,124.83570765056163,123.94966038564371,1,3,3,146.83166389813528,3.329770563201687,30.70819111482666,0.7606056073988443,1.0,leptonic_bookkeeping,test,True,0.50562265163496
340829,ttH,124.83570765056163,123.94966038564371,1,3,3,146.83166389813528,3.329770563201687,30.70819111482666,0.7606056073988443,1.0,leptonic_bookkeeping,train,True,0.50562265163496
539382,ttH,124.83570765056163,123.94966038564371,1,3,3,146.83166389813528,3.329770563201687,30.70819111482666,0.7606056073988443,1.0,leptonic_bookkeeping,train,True,0.50562265163496
1736,ttH,124.83570765056163,123.94966038564371,1,3,3,146.83166389813528,3.329770563201687,30.70819111482666,0.7606056073988443,1.0,leptonic_bookkeeping,train,True,0.50562265163496
502738,ttH,124.83570765056163,123.94966038564371,1,3,3,146.83166389813528,3.329770563201687,30.70819111482666,0.7606056073988443,1.0,leptonic_bookkeeping,validation,True,0.50562265163496
332156,ttH,124.83570765056163,123.94966038564371,1,3,3,146.83166389813528,3.329770563201687,30.70819111482666,0.7606056073988443,1.0,leptonic_bookkeeping,train,True,0.50562265163496
412686,ttH,124.83570765056163,123.94966038564371,1,3,3,146.83166389813528,3.329770563201687,30.70819111482666,0.7606056073988443,1.0,leptonic_bookkeeping,train,True,0.50562265163496
248909,ttH,124.83570765056163,123.94966038564371,1,3,3,146.83166389813528,3.329770563201687,30.70819111482666,0.7606056073988443,1.0,leptonic_bookkeeping,train,True,0.50562265163496
72989,ttH,124.83570765056163,123.94966038564371,1,3,3,146.83166389813528,3.329770563201687,30.70819111482666,0.7606056073988443,1.0,leptonic_bookkeeping,train,True,0.50562265163496
694793,ttH,124.83570765056163,123.94966038564371,1,3,3,146.83166389813528,3.329770563201687,30.70819111482666,0.7606056073988443,1.0,leptonic_bookkeeping,train,True,0.50562265163496
271601,ttH,124.83570765056163,123.94966038564371,1,3,3,146.83166389813528,3.329770563201687,30.70819111482666,0.7606056073988443,1.0,leptonic_bookkeeping,train,True,0.50562265163496
680588,ttH,124.83570765056163,123.94966038564371,1,3,3,146.83166389813528,3.329770563201687,30.70819111482666,0.7606056073988443,1.0,leptonic_bookkeeping,train,True,0.50562265163496
200882,ttH,124.83570765056163,123.94966038564371,1,3,3,146.83166389813528,3.329770563201687,30.70819111482666,0.7606056073988443,1.0,leptonic_bookkeeping,train,True,0.50562265163496
90898,ttH,124.83570765056163,123.94966038564371,1,3,3,146.83166389813528,3.329770563201687,30.70819111482666,0.7606056073988443,1.0,leptonic_bookkeeping,test,True,0.50562265163496
891004,ttH,124.83570765056163,123.94966038564371,1,3,3,146.83166389813528,3.329770563201687,30.70819111482666,0.7606056073988443,1.0,leptonic_bookkeeping,train,True,0.50562265163496
202208,ttH,124.83570765056163,123.94966038564371,1,3,3,146.83166389813528,3.329770563201687,30.70819111482666,0.7606056073988443,1.0,leptonic_bookkeeping,validation,True,0.50562265163496
275183,ttH,124.83570765056163,123.94966038564371,1,3,3,146.83166389813528,3.329770563201687,30.70819111482666,0.7606056073988443,1.0,leptonic_bookkeeping,validation,True,0.50562265163496
466969,ttH,124.83570765056163,123.94966038564371,1,3,3,146.83166389813528,3.329770563201687,30.70819111482666,0.7606056073988443,1.0,leptonic_bookkeeping,train,True,0.50562265163496
237644,ttH,124.83570765056163,123.94966038564371,1,3,3,146.83166389813528,3.329770563201687,30.70819111482666,0.7606056073988443,1.0,leptonic_bookkeeping,train,True,0.50562265163496
752340,ttH,124.83570765056163,123.94966038564371,1,3,3,146.83166389813528,3.329770563201687,30.70819111482666,0.7606056073988443,1.0,leptonic_bookkeeping,test,True,0.50562265163496
842796,ttH,124.83570765056163,123.94966038564371,1,3,3,146.83166389813528,3.329770563201687,30.70819111482666,0.7606056073988443,1.0,leptonic_bookkeeping,validation,True,0.50562265163496
387935,ttH,124.83570765056163,123.94966038564371,1,3,3,146.83166389813528,3.329770563201687,30.70819111482666,0.7606056073988443,1.0,leptonic_bookkeeping,validation,True,0.50562265163496
462510,ttH,124.83570765056163,123.94966038564371,1,3,3,146.83166389813528,3.329770563201687,30.70819111482666,0.7606056073988443,1.0,leptonic_bookkeeping,test,True,0.50562265163496
864968,ttH,124.83570765056163,123.94966038564371,1,3,3,146.83166389813528,3.329770563201687,30.70819111482666,0.7606056073988443,1.0,leptonic_bookkeeping,test,True,0.50562265163496
272599,ttH,124.83570765056163,123.94966038564371,1,3,3,146.83166389813528,3.329770563201687,30.70819111482666,0.7606056073988443,1.0,leptonic_bookkeeping,train,True,0.50562265163496
361962,ttH,124.83570765056163,123.94966038564371,1,3,3,146.83166389813528,3.329770563201687,30.70819111482666,0.7606056073988443,1.0,leptonic_bookkeeping,train,True,0.50562265163496
149378,ttH,124.83570765056163,123.94966038564371,1,3,3,146.83166389813528,3.329770563201687,30.70819111482666,0.7606056073988443,1.0,leptonic_bookkeeping,train,True,0.50562265163496
82418,ttH,124.83570765056163,123.94966038564371,1,3,3,146.83166389813528,3.329770563201687,30.70819111482666,0.7606056073988443,1.0,leptonic_bookkeeping,test,True,0.50562265163496
328068,ttH,124.83570765056163,123.94966038564371,1,3,3,146.83166389813528,3.329770563201687,30.70819111482666,0.7606056073988443,1.0,leptonic_bookkeeping,test,True,0.50562265163496
337343,ttH,124.83570765056163,123.94966038564371,1,3,3,146.83166389813528,3.329770563201687,30.70819111482666,0.7606056073988443,1.0,leptonic_bookkeeping,validation,True,0.50562265163496
938900,ttH,124.83570765056163,123.94966038564371,1,3,3,146.83166389813528,3.329770563201687,30.70819111482666,0.7606056073988443,1.0,leptonic_bookkeeping,train,True,0.50562265163496
428232,ttH,124.83570765056163,123.94966038564371,1,3,3,146.83166389813528,3.329770563201687,30.70819111482666,0.7606056073988443,1.0,leptonic_bookkeeping,train,True,0.50562265163496
918769,ttH,124.83570765056163,123.94966038564371,1,3,3,146.83166389813528,3.329770563201687,30.70819111482666,0.7606056073988443,1.0,leptonic_bookkeeping,train,True,0.50562265163496
502241,ttH,124.83570765056163,123.94966038564371,1,3,3,146.83166389813528,3.329770563201687,30.70819111482666,0.7606056073988443,1.0,leptonic_bookkeeping,validation,True,0.50562265163496
376430,ttH,124.83570765056163,123.94966038564371,1,3,3,146.83166389813528,3.329770563201687,30.70819111482666,0.7606056073988443,1.0,leptonic_bookkeeping,train,True,0.50562265163496
148726,ttH,124.83570765056163,123.94966038564371,1,3,3,146.83166389813528,3.329770563201687,30.70819111482666,0.7606056073988443,1.0,leptonic_bookkeeping,train,True,0.50562265163496
615436,ttH,124.83570765056163,123.94966038564371,1,3,3,146.83166389813528,3.329770563201687,30.70819111482666,0.7606056073988443,1.0,leptonic_bookkeeping,validation,True,0.50562265163496
966708,ttH,124.83570765056163,123.94966038564371,1,3,3,146.83166389813528,3.329770563201687,30.70819111482666,0.7606056073988443,1.0,leptonic_bookkeeping,validation,True,0.50562265163496
87946,ttH,124.83570765056163,123.94966038564371,1,3,3,146.83166389813528,3.329770563201687,30.70819111482666,0.7606056073988443,1.0,leptonic_bookkeeping,train,True,0.50562265163496
725310,ttH,124.83570765056163,123.94966038564371,1,3,3,146.83166389813528,3.329770563201687,30.70819111482666,0.7606056073988443,1.0,leptonic_bookkeeping,train,True,0.50562265163496
308495,ttH,124.83570765056163,123.94966038564371,1,3,3,146.83166389813528,3.329770563201687,30.70819111482666,0.7606056073988443,1.0,leptonic_bookkeeping,test,True,0.50562265163496
729387,ttH,124.83570765056163,123.94966038564371,1,3,3,146.83166389813528,3.329770563201687,30.70819111482666,0.7606056073988443,1.0,leptonic_bookkeeping,validation,True,0.50562265163496
429589,ttH,124.83570765056163,123.94966038564371,1,3,3,146.83166389813528,3.329770563201687,30.70819111482666,0.7606056073988443,1.0,leptonic_bookkeeping,validation,True,0.50562265163496
559681,ttH,124.83570765056163,123.94966038564371,1,3,3,146.83166389813528,3.329770563201687,30.70819111482666,0.7606056073988443,1.0,leptonic_bookkeeping,train,True,0.50562265163496
639219,ttH,124.83570765056163,123.94966038564371,1,3,3,146.83166389813528,3.329770563201687,30.70819111482666,0.7606056073988443,1.0,leptonic_bookkeeping,train,True,0.50562265163496
626153,ttH,124.83570765056163,123.94966038564371,1,3,3,146.83166389813528,3.329770563201687,30.70819111482666,0.7606056073988443,1.0,leptonic_bookkeeping,validation,True,0.50562265163496
814269,ttH,124.83570765056163,123.94966038564371,1,3,3,146.83166389813528,3.329770563201687,30.70819111482666,0.7606056073988443,1.0,leptonic_bookkeeping,test,True,0.50562265163496
92101,ttH,124.83570765056163,123.94966038564371,1,3,3,146.83166389813528,3.329770563201687,30.70819111482666,0.7606056073988443,1.0,leptonic_bookkeeping,test,True,0.50562265163496
407756,ttH,124.83570765056163,123.94966038564371,1,3,3,146.83166389813528,3.329770563201687,30.70819111482666,0.7606056073988443,1.0,leptonic_bookkeeping,train,True,0.50562265163496
561257,ttH,124.83570765056163,123.94966038564371,1,3,3,146.83166389813528,3.329770563201687,30.70819111482666,0.7606056073988443,1.0,leptonic_bookkeeping,train,True,0.50562265163496
840844,ttH,124.83570765056163,123.94966038564371,1,3,3,146.83166389813528,3.329770563201687,30.70819111482666,0.7606056073988443,1.0,leptonic_bookkeeping,train,True,0.50562265163496
601998,ttH,124.83570765056163,123.94966038564371,1,3,3,146.83166389813528,3.329770563201687,30.70819111482666,0.7606056073988443,1.0,leptonic_bookkeeping,train,True,0.50562265163496
430146,ttH,124.83570765056163,123.94966038564371,1,3,3,146.83166389813528,3.329770563201687,30.70819111482666,0.7606056073988443,1.0,leptonic_bookkeeping,validation,True,0.50562265163496
456062,ttH,124.83570765056163,123.94966038564371,1,3,3,146.83166389813528,3.329770563201687,30.70819111482666,0.7606056073988443,1.0,leptonic_bookkeeping,train,True,0.50562265163496
506733,ttH,124.83570765056163,123.94966038564371,1,3,3,146.83166389813528,3.329770563201687,30.70819111482666,0.7606056073988443,1.0,leptonic_bookkeeping,train,True,0.50562265163496
258353,ttH,124.83570765056163,123.94966038564371,1,3,3,146.83166389813528,3.329770563201687,30.70819111482666,0.7606056073988443,1.0,leptonic_bookkeeping,train,True,0.50562265163496
923033,ttH,124.83570765056163,123.94966038564371,1,3,3,146.83166389813528,3.329770563201687,30.70819111482666,0.7606056073988443,1.0,leptonic_bookkeeping,train,True,0.50562265163496
948035,ttH,124.83570765056163,123.94966038564371,1,3,3,146.83166389813528,3.329770563201687,30.70819111482666,0.7606056073988443,1.0,leptonic_bookkeeping,test,True,0.50562265163496
563804,ttH,124.83570765056163,123.94966038564371,1,3,3,146.83166389813528,3.329770563201687,30.70819111482666,0.7606056073988443,1.0,leptonic_bookkeeping,validation,True,0.50562265163496
22767,ttH,124.83570765056163,123.94966038564371,1,3,3,146.83166389813528,3.329770563201687,30.70819111482666,0.7606056073988443,1.0,leptonic_bookkeeping,train,True,0.50562265163496
147146,ttH,124.83570765056163,123.94966038564371,1,3,3,146.83166389813528,3.329770563201687,30.70819111482666,0.7606056073988443,1.0,leptonic_bookkeeping,train,True,0.50562265163496
807301,ttH,124.83570765056163,123.94966038564371,1,3,3,146.83166389813528,3.329770563201687,30.70819111482666,0.7606056073988443,1.0,leptonic_bookkeeping,train,True,0.50562265163496
465640,ttH,124.83570765056163,123.94966038564371,1,3,3,146.83166389813528,3.329770563201687,30.70819111482666,0.7606056073988443,1.0,leptonic_bookkeeping,train,True,0.50562265163496
176406,ttH,124.83570765056163,123.94966038564371,1,3,3,146.83166389813528,3.329770563201687,30.70819111482666,0.7606056073988443,1.0,leptonic_bookkeeping,train,True,0.50562265163496
492267,ttH,124.83570765056163,123.94966038564371,1,3,3,146.83166389813528,3.329770563201687,30.70819111482666,0.7606056073988443,1.0,leptonic_bookkeeping,validation,True,0.50562265163496
445333,ttH,124.83570765056163,123.94966038564371,1,3,3,146.83166389813528,3.329770563201687,30.70819111482666,0.7606056073988443,1.0,leptonic_bookkeeping,train,True,0.50562265163496
777033,ttH,124.83570765056163,123.94966038564371,1,3,3,146.83166389813528,3.329770563201687,30.70819111482666,0.7606056073988443,1.0,leptonic_bookkeeping,train,True,0.50562265163496
912555,ttH,124.83570765056163,123.94966038564371,1,3,3,146.83166389813528,3.329770563201687,30.70819111482666,0.7606056073988443,1.0,leptonic_bookkeeping,train,True,0.50562265163496
520449,ttH,124.83570765056163,123.94966038564371,1,3,3,146.83166389813528,3.329770563201687,30.70819111482666,0.7606056073988443,1.0,leptonic_bookkeeping,train,True,0.50562265163496
364779,ttH,124.83570765056163,123.94966038564371,1,3,3,146.83166389813528,3.329770563201687,30.70819111482666,0.7606056073988443,1.0,leptonic_bookkeeping,train,True,0.50562265163496
592973,ttH,124.83570765056163,123.94966038564371,1,3,3,146.83166389813528,3.329770563201687,30.70819111482666,0.7606056073988443,1.0,leptonic_bookkeeping,train,True,0.50562265163496
668653,ttH,124.83570765056163,123.94966038564371,1,3,3,146.83166389813528,3.329770563201687,30.70819111482666,0.7606056073988443,1.0,leptonic_bookkeeping,test,True,0.50562265163496
808163,ttH,124.83570765056163,123.94966038564371,1,3,3,146.83166389813528,3.329770563201687,30.70819111482666,0.7606056073988443,1.0,leptonic_bookkeeping,train,True,0.50562265163496
296137,ttH,124.83570765056163,123.94966038564371,1,3,3,146.83166389813528,3.329770563201687,30.70819111482666,0.7606056073988443,1.0,leptonic_bookkeeping,validation,True,0.50562265163496
559412,ttH,124.83570765056163,123.94966038564371,1,3,3,146.83166389813528,3.329770563201687,30.70819111482666,0.7606056073988443,1.0,leptonic_bookkeeping,train,True,0.50562265163496
964041,ttH,124.83570765056163,123.94966038564371,1,3,3,146.83166389813528,3.329770563201687,30.70819111482666,0.7606056073988443,1.0,leptonic_bookkeeping,train,True,0.50562265163496
840189,ttH,124.83570765056163,123.94966038564371,1,3,3,146.83166389813528,3.329770563201687,30.70819111482666,0.7606056073988443,1.0,leptonic_bookkeeping,train,True,0.50562265163496
150956,ttH,124.83570765056163,123.94966038564371,1,3,3,146.83166389813528,3.329770563201687,30.70819111482666,0.7606056073988443,1.0,leptonic_bookkeeping,validation,True,0.50562265163496
535185,ttH,124.83570765056163,123.94966038564371,1,3,3,146.83166389813528,3.329770563201687,30.70819111482666,0.7606056073988443,1.0,leptonic_bookkeeping,test,True,0.50562265163496
736966,ttH,124.83570765056163,123.94966038564371,1,3,3,146.83166389813528,3.329770563201687,30.70819111482666,0.7606056073988443,1.0,leptonic_bookkeeping,train,True,0.50562265163496
139799,ttH,124.83570765056163,123.94966038564371,1,3,3,146.83166389813528,3.329770563201687,30.70819111482666,0.7606056073988443,1.0,leptonic_bookkeeping,train,True,0.50562265163496
400013,ttH,124.83570765056163,123.94966038564371,1,3,3,146.83166389813528,3.329770563201687,30.70819111482666,0.7606056073988443,1.0,leptonic_bookkeeping,test,True,0.50562265163496
437104,ttH,124.83570765056163,123.94966038564371,1,3,3,146.83166389813528,3.329770563201687,30.70819111482666,0.7606056073988443,1.0,leptonic_bookkeeping,train,True,0.50562265163496
671275,ttH,124.83570765056163,123.94966038564371,1,3,3,146.83166389813528,3.329770563201687,30.70819111482666,0.7606056073988443,1.0,leptonic_bookkeeping,train,True,0.50562265163496
513285,ttH,124.83570765056163,123.94966038564371,1,3,3,146.83166389813528,3.329770563201687,30.70819111482666,0.7606056073988443,1.0,leptonic_bookkeeping,validation,True,0.50562265163496
102904,ttH,124.83570765056163,123.94966038564371,1,3,3,146.83166389813528,3.329770563201687,30.70819111482666,0.7606056073988443,1.0,leptonic_bookkeeping,test,True,0.50562265163496
233228,ttH,124.83570765056163,123.94966038564371,1,3,3,146.83166389813528,3.329770563201687,30.70819111482666,0.7606056073988443,1.0,leptonic_bookkeeping,validation,True,0.50562265163496
306090,ttH,124.83570765056163,123.94966038564371,1,3,3,146.83166389813528,3.329770563201687,30.70819111482666,0.7606056073988443,1.0,leptonic_bookkeeping,validation,True,0.50562265163496
558981,ttH,124.83570765056163,123.94966038564371,1,3,3,146.83166389813528,3.329770563201687,30.70819111482666,0.7606056073988443,1.0,leptonic_bookkeeping,train,True,0.50562265163496
842022,ttH,124.83570765056163,123.94966038564371,1,3,3,146.83166389813528,3.329770563201687,30.70819111482666,0.7606056073988443,1.0,leptonic_bookkeeping,validation,True,0.50562265163496
337161,ttH,124.83570765056163,123.94966038564371,1,3,3,146.83166389813528,3.329770563201687,30.70819111482666,0.7606056073988443,1.0,leptonic_bookkeeping,validation,True,0.50562265163496
538977,ttH,124.83570765056163,123.94966038564371,1,3,3,146.83166389813528,3.329770563201687,30.70819111482666,0.7606056073988443,1.0,leptonic_bookkeeping,train,True,0.50562265163496
333255,ttH,124.83570765056163,123.94966038564371,1,3,3,146.83166389813528,3.329770563201687,30.70819111482666,0.7606056073988443,1.0,leptonic_bookkeeping,train,True,0.50562265163496
625302,ttH,124.83570765056163,123.94966038564371,1,3,3,146.83166389813528,3.329770563201687,30.70819111482666,0.7606056073988443,1.0,leptonic_bookkeeping,validation,True,0.50562265163496
61841,ttH,124.83570765056163,123.94966038564371,1,3,3,146.83166389813528,3.329770563201687,30.70819111482666,0.7606056073988443,1.0,leptonic_bookkeeping,test,True,0.50562265163496
938948,ttH,124.83570765056163,123.94966038564371,1,3,3,146.83166389813528,3.329770563201687,30.70819111482666,0.7606056073988443,1.0,leptonic_bookkeeping,train,True,0.50562265163496
581147,ttH,124.83570765056163,123.94966038564371,1,3,3,146.83166389813528,3.329770563201687,30.70819111482666,0.7606056073988443,1.0,leptonic_bookkeeping,train,True,0.50562265163496
418671,tH,124.83570765056163,123.94966038564371,1,3,3,146.83166389813528,3.329770563201687,30.70819111482666,0.7606056073988443,1.0,leptonic_bookkeeping,validation,True,0.50562265163496
682997,tH,124.83570765056163,123.94966038564371,1,3,3,146.83166389813528,3.329770563201687,30.70819111482666,0.7606056073988443,1.0,leptonic_bookkeeping,train,True,0.50562265163496
620773,tH,124.83570765056163,123.94966038564371,1,3,3,146.83166389813528,3.329770563201687,30.70819111482666,0.7606056073988443,1.0,leptonic_bookkeeping,train,True,0.50562265163496
528787,tH,124.83570765056163,123.94966038564371,1,3,3,146.83166389813528,3.329770563201687,30.70819111482666,0.7606056073988443,1.0,leptonic_bookkeeping,train,True,0.50562265163496
589354,tH,124.83570765056163,123.94966038564371,1,3,3,146.83166389813528,3.329770563201687,30.70819111482666,0.7606056073988443,1.0,leptonic_bookkeeping,train,True,0.50562265163496
163230,tH,124.83570765056163,123.94966038564371,1,3,3,146.83166389813528,3.329770563201687,30.70819111482666,0.7606056073988443,1.0,leptonic_bookkeeping,test,True,0.50562265163496
906393,tH,124.83570765056163,123.94966038564371,1,3,3,146.83166389813528,3.329770563201687,30.70819111482666,0.7606056073988443,1.0,leptonic_bookkeeping,test,True,0.50562265163496
937544,tH,124.83570765056163,123.94966038564371,1,3,3,146.83166389813528,3.329770563201687,30.70819111482666,0.7606056073988443,1.0,leptonic_bookkeeping,test,True,0.50562265163496
134144,tH,124.83570765056163,123.94966038564371,1,3,3,146.83166389813528,3.329770563201687,30.70819111482666,0.7606056073988443,1.0,leptonic_bookkeeping,train,True,0.50562265163496
930404,tH,124.83570765056163,123.94966038564371,1,3,3,146.83166389813528,3.329770563201687,30.70819111482666,0.7606056073988443,1.0,leptonic_bookkeeping,train,True,0.50562265163496
931526,tH,124.83570765056163,123.94966038564371,1,3,3,146.83166389813528,3.329770563201687,30.70819111482666,0.7606056073988443,1.0,leptonic_bookkeeping,train,True,0.50562265163496
647402,tH,124.83570765056163,123.94966038564371,1,3,3,146.83166389813528,3.329770563201687,30.70819111482666,0.7606056073988443,1.0,leptonic_bookkeeping,validation,True,0.50562265163496
215111,tH,124.83570765056163,123.94966038564371,1,3,3,146.83166389813528,3.329770563201687,30.70819111482666,0.7606056073988443,1.0,leptonic_bookkeeping,test,True,0.50562265163496
491703,tH,124.83570765056163,123.94966038564371,1,3,3,146.83166389813528,3.329770563201687,30.70819111482666,0.7606056073988443,1.0,leptonic_bookkeeping,validation,True,0.50562265163496
303077,tH,124.83570765056163,123.94966038564371,1,3,3,146.83166389813528,3.329770563201687,30.70819111482666,0.7606056073988443,1.0,leptonic_bookkeeping,train,True,0.50562265163496
881620,tH,124.83570765056163,123.94966038564371,1,3,3,146.83166389813528,3.329770563201687,30.70819111482666,0.7606056073988443,1.0,leptonic_bookkeeping,train,True,0.50562265163496
268700,tH,124.83570765056163,123.94966038564371,1,3,3,146.83166389813528,3.329770563201687,30.70819111482666,0.7606056073988443,1.0,leptonic_bookkeeping,train,True,0.50562265163496
592620,tH,124.83570765056163,123.94966038564371,1,3,3,146.83166389813528,3.329770563201687,30.70819111482666,0.7606056073988443,1.0,leptonic_bookkeeping,train,True,0.50562265163496
80410,tH,124.83570765056163,123.94966038564371,1,3,3,146.83166389813528,3.329770563201687,30.70819111482666,0.7606056073988443,1.0,leptonic_bookkeeping,validation,True,0.50562265163496
427151,tH,124.83570765056163,123.94966038564371,1,3,3,146.83166389813528,3.329770563201687,30.70819111482666,0.7606056073988443,1.0,leptonic_bookkeeping,train,True,0.50562265163496
109967,tH,124.83570765056163,123.94966038564371,1,3,3,146.83166389813528,3.329770563201687,30.70819111482666,0.7606056073988443,1.0,leptonic_bookkeeping,validation,True,0.50562265163496
65111,tH,124.83570765056163,123.94966038564371,1,3,3,146.83166389813528,3.329770563201687,30.70819111482666,0.7606056073988443,1.0,leptonic_bookkeeping,train,True,0.50562265163496
483628,tH,124.83570765056163,123.94966038564371,1,3,3,146.83166389813528,3.329770563201687,30.70819111482666,0.7606056073988443,1.0,leptonic_bookkeeping,test,True,0.50562265163496
493907,tH,124.83570765056163,123.94966038564371,1,3,3,146.83166389813528,3.329770563201687,30.70819111482666,0.7606056073988443,1.0,leptonic_bookkeeping,test,True,0.50562265163496
973369,tH,124.83570765056163,123.94966038564371,1,3,3,146.83166389813528,3.329770563201687,30.70819111482666,0.7606056073988443,1.0,leptonic_bookkeeping,train,True,0.50562265163496
707998,tH,124.83570765056163,123.94966038564371,1,3,3,146.83166389813528,3.329770563201687,30.70819111482666,0.7606056073988443,1.0,leptonic_bookkeeping,validation,True,0.50562265163496
8063,tH,124.83570765056163,123.94966038564371,1,3,3,146.83166389813528,3.329770563201687,30.70819111482666,0.7606056073988443,1.0,leptonic_bookkeeping,validation,True,0.50562265163496
16791,tH,124.83570765056163,123.94966038564371,1,3,3,146.83166389813528,3.329770563201687,30.70819111482666,0.7606056073988443,1.0,leptonic_bookkeeping,validation,True,0.50562265163496
394648,tH,124.83570765056163,123.94966038564371,1,3,3,146.83166389813528,3.329770563201687,30.70819111482666,0.7606056073988443,1.0,leptonic_bookkeeping,train,True,0.50562265163496
180411,tH,124.83570765056163,123.94966038564371,1,3,3,146.83166389813528,3.329770563201687,30.70819111482666,0.7606056073988443,1.0,leptonic_bookkeeping,train,True,0.50562265163496
923107,tH,124.83570765056163,123.94966038564371,1,3,3,146.83166389813528,3.329770563201687,30.70819111482666,0.7606056073988443,1.0,leptonic_bookkeeping,train,True,0.50562265163496
168369,tH,124.83570765056163,123.94966038564371,1,3,3,146.83166389813528,3.329770563201687,30.70819111482666,0.7606056073988443,1.0,leptonic_bookkeeping,train,True,0.50562265163496
90031,tH,124.83570765056163,123.94966038564371,1,3,3,146.83166389813528,3.329770563201687,30.70819111482666,0.7606056073988443,1.0,leptonic_bookkeeping,validation,True,0.50562265163496
917841,tH,124.83570765056163,123.94966038564371,1,3,3,146.83166389813528,3.329770563201687,30.70819111482666,0.7606056073988443,1.0,leptonic_bookkeeping,train,True,0.50562265163496
427692,tH,124.83570765056163,123.94966038564371,1,3,3,146.83166389813528,3.329770563201687,30.70819111482666,0.7606056073988443,1.0,leptonic_bookkeeping,train,True,0.50562265163496
342312,tH,124.83570765056163,123.94966038564371,1,3,3,146.83166389813528,3.329770563201687,30.70819111482666,0.7606056073988443,1.0,leptonic_bookkeeping,train,True,0.50562265163496
28329,tH,124.83570765056163,123.94966038564371,1,3,3,146.83166389813528,3.329770563201687,30.70819111482666,0.7606056073988443,1.0,leptonic_bookkeeping,validation,True,0.50562265163496
263630,tH,124.83570765056163,123.94966038564371,1,3,3,146.83166389813528,3.329770563201687,30.70819111482666,0.7606056073988443,1.0,leptonic_bookkeeping,train,True,0.50562265163496
217824,tH,124.83570765056163,123.94966038564371,1,3,3,146.83166389813528,3.329770563201687,30.70819111482666,0.7606056073988443,1.0,leptonic_bookkeeping,train,True,0.50562265163496
395351,tH,124.83570765056163,123.94966038564371,1,3,3,146.83166389813528,3.329770563201687,30.70819111482666,0.7606056073988443,1.0,leptonic_bookkeeping,train,True,0.50562265163496
417372,tH,124.83570765056163,123.94966038564371,1,3,3,146.83166389813528,3.329770563201687,30.70819111482666,0.7606056073988443,1.0,leptonic_bookkeeping,train,True,0.50562265163496
286472,tH,124.83570765056163,123.94966038564371,1,3,3,146.83166389813528,3.329770563201687,30.70819111482666,0.7606056073988443,1.0,leptonic_bookkeeping,validation,True,0.50562265163496
446450,tH,124.83570765056163,123.94966038564371,1,3,3,146.83166389813528,3.329770563201687,30.70819111482666,0.7606056073988443,1.0,leptonic_bookkeeping,train,True,0.50562265163496
151795,tH,124.83570765056163,123.94966038564371,1,3,3,146.83166389813528,3.329770563201687,30.70819111482666,0.7606056073988443,1.0,leptonic_bookkeeping,validation,True,0.50562265163496
903950,tH,124.83570765056163,123.94966038564371,1,3,3,146.83166389813528,3.329770563201687,30.70819111482666,0.7606056073988443,1.0,leptonic_bookkeeping,validation,True,0.50562265163496
252566,tH,124.83570765056163,123.94966038564371,1,3,3,146.83166389813528,3.329770563201687,30.70819111482666,0.7606056073988443,1.0,leptonic_bookkeeping,train,True,0.50562265163496
696044,tH,124.83570765056163,123.94966038564371,1,3,3,146.83166389813528,3.329770563201687,30.70819111482666,0.7606056073988443,1.0,leptonic_bookkeeping,train,True,0.50562265163496
56417,tH,124.83570765056163,123.94966038564371,1,3,3,146.83166389813528,3.329770563201687,30.70819111482666,0.7606056073988443,1.0,leptonic_bookkeeping,train,True,0.50562265163496
470845,tH,124.83570765056163,123.94966038564371,1,3,3,146.83166389813528,3.329770563201687,30.70819111482666,0.7606056073988443,1.0,leptonic_bookkeeping,validation,True,0.50562265163496
978038,tH,124.83570765056163,123.94966038564371,1,3,3,146.83166389813528,3.329770563201687,30.70819111482666,0.7606056073988443,1.0,leptonic_bookkeeping,test,True,0.50562265163496
701263,tH,124.83570765056163,123.94966038564371,1,3,3,146.83166389813528,3.329770563201687,30.70819111482666,0.7606056073988443,1.0,leptonic_bookkeeping,train,True,0.50562265163496
88458,tH,124.83570765056163,123.94966038564371,1,3,3,146.83166389813528,3.329770563201687,30.70819111482666,0.7606056073988443,1.0,leptonic_bookkeeping,train,True,0.50562265163496
163581,tH,124.83570765056163,123.94966038564371,1,3,3,146.83166389813528,3.329770563201687,30.70819111482666,0.7606056073988443,1.0,leptonic_bookkeeping,test,True,0.50562265163496
731683,tH,124.83570765056163,123.94966038564371,1,3,3,146.83166389813528,3.329770563201687,30.70819111482666,0.7606056073988443,1.0,leptonic_bookkeeping,test,True,0.50562265163496
665011,tH,124.83570765056163,123.94966038564371,1,3,3,146.83166389813528,3.329770563201687,30.70819111482666,0.7606056073988443,1.0,leptonic_bookkeeping,train,True,0.50562265163496
276878,tH,124.83570765056163,123.94966038564371,1,3,3,146.83166389813528,3.329770563201687,30.70819111482666,0.7606056073988443,1.0,leptonic_bookkeeping,test,True,0.50562265163496
594925,tH,124.83570765056163,123.94966038564371,1,3,3,146.83166389813528,3.329770563201687,30.70819111482666,0.7606056073988443,1.0,leptonic_bookkeeping,validation,True,0.50562265163496
568883,tH,124.83570765056163,123.94966038564371,1,3,3,146.83166389813528,3.329770563201687,30.70819111482666,0.7606056073988443,1.0,leptonic_bookkeeping,train,True,0.50562265163496
269423,tH,124.83570765056163,123.94966038564371,1,3,3,146.83166389813528,3.329770563201687,30.70819111482666,0.7606056073988443,1.0,leptonic_bookkeeping,train,True,0.50562265163496
862487,tH,124.83570765056163,123.94966038564371,1,3,3,146.83166389813528,3.329770563201687,30.70819111482666,0.7606056073988443,1.0,leptonic_bookkeeping,validation,True,0.50562265163496
729292,tH,124.83570765056163,123.94966038564371,1,3,3,146.83166389813528,3.329770563201687,30.70819111482666,0.7606056073988443,1.0,leptonic_bookkeeping,validation,True,0.50562265163496
533668,tH,124.83570765056163,123.94966038564371,1,3,3,146.83166389813528,3.329770563201687,30.70819111482666,0.7606056073988443,1.0,leptonic_bookkeeping,validation,True,0.50562265163496
587342,tH,124.83570765056163,123.94966038564371,1,3,3,146.83166389813528,3.329770563201687,30.70819111482666,0.7606056073988443,1.0,leptonic_bookkeeping,test,True,0.50562265163496
273746,tH,124.83570765056163,123.94966038564371,1,3,3,146.83166389813528,3.329770563201687,30.70819111482666,0.7606056073988443,1.0,leptonic_bookkeeping,train,True,0.50562265163496
845146,tH,124.83570765056163,123.94966038564371,1,3,3,146.83166389813528,3.329770563201687,30.70819111482666,0.7606056073988443,1.0,leptonic_bookkeeping,test,True,0.50562265163496
945007,tH,124.83570765056163,123.94966038564371,1,3,3,146.83166389813528,3.329770563201687,30.70819111482666,0.7606056073988443,1.0,leptonic_bookkeeping,validation,True,0.50562265163496
654000,tH,124.83570765056163,123.94966038564371,1,3,3,146.83166389813528,3.329770563201687,30.70819111482666,0.7606056073988443,1.0,leptonic_bookkeeping,train,True,0.50562265163496
364712,tH,124.83570765056163,123.94966038564371,1,3,3,146.83166389813528,3.329770563201687,30.70819111482666,0.7606056073988443,1.0,leptonic_bookkeeping,train,True,0.50562265163496
277280,tH,124.83570765056163,123.94966038564371,1,3,3,146.83166389813528,3.329770563201687,30.70819111482666,0.7606056073988443,1.0,leptonic_bookkeeping,test,True,0.50562265163496
158382,tH,124.83570765056163,123.94966038564371,1,3,3,146.83166389813528,3.329770563201687,30.70819111482666,0.7606056073988443,1.0,leptonic_bookkeeping,train,True,0.50562265163496
40379,tH,124.83570765056163,123.94966038564371,1,3,3,146.83166389813528,3.329770563201687,30.70819111482666,0.7606056073988443,1.0,leptonic_bookkeeping,test,True,0.50562265163496
956357,tH,124.83570765056163,123.94966038564371,1,3,3,146.83166389813528,3.329770563201687,30.70819111482666,0.7606056073988443,1.0,leptonic_bookkeeping,validation,True,0.50562265163496
732867,tH,124.83570765056163,123.94966038564371,1,3,3,146.83166389813528,3.329770563201687,30.70819111482666,0.7606056073988443,1.0,leptonic_bookkeeping,train,True,0.50562265163496
221582,tH,124.83570765056163,123.94966038564371,1,3,3,146.83166389813528,3.329770563201687,30.70819111482666,0.7606056073988443,1.0,leptonic_bookkeeping,train,True,0.50562265163496
147975,tH,124.83570765056163,123.94966038564371,1,3,3,146.83166389813528,3.329770563201687,30.70819111482666,0.7606056073988443,1.0,leptonic_bookkeeping,train,True,0.50562265163496
104210,tH,124.83570765056163,123.94966038564371,1,3,3,146.83166389813528,3.329770563201687,30.70819111482666,0.7606056073988443,1.0,leptonic_bookkeeping,train,True,0.50562265163496
82149,tH,124.83570765056163,123.94966038564371,1,3,3,146.83166389813528,3.329770563201687,30.70819111482666,0.7606056073988443,1.0,leptonic_bookkeeping,test,True,0.50562265163496
348974,tH,124.83570765056163,123.94966038564371,1,3,3,146.83166389813528,3.329770563201687,30.70819111482666,0.7606056073988443,1.0,leptonic_bookkeeping,test,True,0.50562265163496
388502,tH,124.83570765056163,123.94966038564371,1,3,3,146.83166389813528,3.329770563201687,30.70819111482666,0.7606056073988443,1.0,leptonic_bookkeeping,validation,True,0.50562265163496
570200,tH,124.83570765056163,123.94966038564371,1,3,3,146.83166389813528,3.329770563201687,30.70819111482666,0.7606056073988443,1.0,leptonic_bookkeeping,train,True,0.50562265163496
581437,tH,124.83570765056163,123.94966038564371,1,3,3,146.83166389813528,3.329770563201687,30.70819111482666,0.7606056073988443,1.0,leptonic_bookkeeping,train,True,0.50562265163496
358625,tH,124.83570765056163,123.94966038564371,1,3,3,146.83166389813528,3.329770563201687,30.70819111482666,0.7606056073988443,1.0,leptonic_bookkeeping,validation,True,0.50562265163496
18780,tH,124.83570765056163,123.94966038564371,1,3,3,146.83166389813528,3.329770563201687,30.70819111482666,0.7606056073988443,1.0,leptonic_bookkeeping,test,True,0.50562265163496
39828,tH,124.83570765056163,123.94966038564371,1,3,3,146.83166389813528,3.329770563201687,30.70819111482666,0.7606056073988443,1.0,leptonic_bookkeeping,test,True,0.50562265163496
817652,tH,124.83570765056163,123.94966038564371,1,3,3,146.83166389813528,3.329770563201687,30.70819111482666,0.7606056073988443,1.0,leptonic_bookkeeping,train,True,0.50562265163496
663600,tH,124.83570765056163,123.94966038564371,1,3,3,146.83166389813528,3.329770563201687,30.70819111482666,0.7606056073988443,1.0,leptonic_bookkeeping,train,True,0.50562265163496
255960,tH,124.83570765056163,123.94966038564371,1,3,3,146.83166389813528,3.329770563201687,30.70819111482666,0.7606056073988443,1.0,leptonic_bookkeeping,test,True,0.50562265163496
828492,tH,124.83570765056163,123.94966038564371,1,3,3,146.83166389813528,3.329770563201687,30.70819111482666,0.7606056073988443,1.0,leptonic_bookkeeping,train,True,0.50562265163496
403312,tH,124.83570765056163,123.94966038564371,1,3,3,146.83166389813528,3.329770563201687,30.70819111482666,0.7606056073988443,1.0,leptonic_bookkeeping,train,True,0.50562265163496
872654,tH,124.83570765056163,123.94966038564371,1,3,3,146.83166389813528,3.329770563201687,30.70819111482666,0.7606056073988443,1.0,leptonic_bookkeeping,validation,True,0.50562265163496
26952,tH,124.83570765056163,123.94966038564371,1,3,3,146.83166389813528,3.329770563201687,30.70819111482666,0.7606056073988443,1.0,leptonic_bookkeeping,validation,True,0.50562265163496
56928,tH,124.83570765056163,123.94966038564371,1,3,3,146.83166389813528,3.329770563201687,30.70819111482666,0.7606056073988443,1.0,leptonic_bookkeeping,train,True,0.50562265163496
854022,tH,124.83570765056163,123.94966038564371,1,3,3,146.83166389813528,3.329770563201687,30.70819111482666,0.7606056073988443,1.0,leptonic_bookkeeping,test,True,0.50562265163496
167735,tH,124.83570765056163,123.94966038564371,1,3,3,146.83166389813528,3.329770563201687,30.70819111482666,0.7606056073988443,1.0,leptonic_bookkeeping,train,True,0.50562265163496
376243,tH,124.83570765056163,123.94966038564371,1,3,3,146.83166389813528,3.329770563201687,30.70819111482666,0.7606056073988443,1.0,leptonic_bookkeeping,train,True,0.50562265163496
881823,tH,124.83570765056163,123.94966038564371,1,3,3,146.83166389813528,3.329770563201687,30.70819111482666,0.7606056073988443,1.0,leptonic_bookkeeping,train,True,0.50562265163496
608342,tH,124.83570765056163,123.94966038564371,1,3,3,146.83166389813528,3.329770563201687,30.70819111482666,0.7606056073988443,1.0,leptonic_bookkeeping,train,True,0.50562265163496
445579,tH,124.83570765056163,123.94966038564371,1,3,3,146.83166389813528,3.329770563201687,30.70819111482666,0.7606056073988443,1.0,leptonic_bookkeeping,train,True,0.50562265163496
562247,tH,124.83570765056163,123.94966038564371,1,3,3,146.83166389813528,3.329770563201687,30.70819111482666,0.7606056073988443,1.0,leptonic_bookkeeping,train,True,0.50562265163496
735783,tH,124.83570765056163,123.94966038564371,1,3,3,146.83166389813528,3.329770563201687,30.70819111482666,0.7606056073988443,1.0,leptonic_bookkeeping,train,True,0.50562265163496
810655,tH,124.83570765056163,123.94966038564371,1,3,3,146.83166389813528,3.329770563201687,30.70819111482666,0.7606056073988443,1.0,leptonic_bookkeeping,validation,True,0.50562265163496
626854,tH,124.83570765056163,123.94966038564371,1,3,3,146.83166389813528,3.329770563201687,30.70819111482666,0.7606056073988443,1.0,leptonic_bookkeeping,test,True,0.50562265163496
593304,tH,124.83570765056163,123.94966038564371,1,3,3,146.83166389813528,3.329770563201687,30.70819111482666,0.7606056073988443,1.0,leptonic_bookkeeping,train,True,0.50562265163496
105948,tH,124.83570765056163,123.94966038564371,1,3,3,146.83166389813528,3.329770563201687,30.70819111482666,0.7606056073988443,1.0,leptonic_bookkeeping,train,True,0.50562265163496
610921,tH,124.83570765056163,123.94966038564371,1,3,3,146.83166389813528,3.329770563201687,30.70819111482666,0.7606056073988443,1.0,leptonic_bookkeeping,train,True,0.50562265163496
437474,tH,124.83570765056163,123.94966038564371,1,3,3,146.83166389813528,3.329770563201687,30.70819111482666,0.7606056073988443,1.0,leptonic_bookkeeping,train,True,0.50562265163496
811107,tH,124.83570765056163,123.94966038564371,1,3,3,146.83166389813528,3.329770563201687,30.70819111482666,0.7606056073988443,1.0,leptonic_bookkeeping,validation,True,0.50562265163496
135799,tH,124.83570765056163,123.94966038564371,1,3,3,146.83166389813528,3.329770563201687,30.70819111482666,0.7606056073988443,1.0,leptonic_bookkeeping,train,True,0.50562265163496
242387,tH,124.83570765056163,123.94966038564371,1,3,3,146.83166389813528,3.329770563201687,30.70819111482666,0.7606056073988443,1.0,leptonic_bookkeeping,train,True,0.50562265163496
953305,tH,124.83570765056163,123.94966038564371,1,3,3,146.83166389813528,3.329770563201687,30.70819111482666,0.7606056073988443,1.0,leptonic_bookkeeping,train,True,0.50562265163496
723451,tH,124.83570765056163,123.94966038564371,1,3,3,146.83166389813528,3.329770563201687,30.70819111482666,0.7606056073988443,1.0,leptonic_bookkeeping,train,True,0.50562265163496
470426,tH,124.83570765056163,123.94966038564371,1,3,3,146.83166389813528,3.329770563201687,30.70819111482666,0.7606056073988443,1.0,leptonic_bookkeeping,validation,True,0.50562265163496
489233,tH,124.83570765056163,123.94966038564371,1,3,3,146.83166389813528,3.329770563201687,30.70819111482666,0.7606056073988443,1.0,leptonic_bookkeeping,train,True,0.50562265163496
297660,tH,124.83570765056163,123.94966038564371,1,3,3,146.83166389813528,3.329770563201687,30.70819111482666,0.7606056073988443,1.0,leptonic_bookkeeping,test,True,0.50562265163496
49619,tH,124.83570765056163,123.94966038564371,1,3,3,146.83166389813528,3.329770563201687,30.70819111482666,0.7606056073988443,1.0,leptonic_bookkeeping,test,True,0.50562265163496
843939,tH,124.83570765056163,123.94966038564371,1,3,3,146.83166389813528,3.329770563201687,30.70819111482666,0.7606056073988443,1.0,leptonic_bookkeeping,test,True,0.50562265163496
288602,tH,124.83570765056163,123.94966038564371,1,3,3,146.83166389813528,3.329770563201687,30.70819111482666,0.7606056073988443,1.0,leptonic_bookkeeping,test,True,0.50562265163496
536651,tH,124.83570765056163,123.94966038564371,1,3,3,146.83166389813528,3.329770563201687,30.70819111482666,0.7606056073988443,1.0,leptonic_bookkeeping,train,True,0.50562265163496
550204,tH,124.83570765056163,123.94966038564371,1,3,3,146.83166389813528,3.329770563201687,30.70819111482666,0.7606056073988443,1.0,leptonic_bookkeeping,train,True,0.50562265163496
29279,tH,124.83570765056163,123.94966038564371,1,3,3,146.83166389813528,3.329770563201687,30.70819111482666,0.7606056073988443,1.0,leptonic_bookkeeping,test,True,0.50562265163496
119856,tH,124.83570765056163,123.94966038564371,1,3,3,146.83166389813528,3.329770563201687,30.70819111482666,0.7606056073988443,1.0,leptonic_bookkeeping,validation,True,0.50562265163496
243382,tH,124.83570765056163,123.94966038564371,1,3,3,146.83166389813528,3.329770563201687,30.70819111482666,0.7606056073988443,1.0,leptonic_bookkeeping,validation,True,0.50562265163496
698771,tH,124.83570765056163,123.94966038564371,1,3,3,146.83166389813528,3.329770563201687,30.70819111482666,0.7606056073988443,1.0,leptonic_bookkeeping,validation,True,0.50562265163496
281055,tH,124.83570765056163,123.94966038564371,1,3,3,146.83166389813528,3.329770563201687,30.70819111482666,0.7606056073988443,1.0,leptonic_bookkeeping,train,True,0.50562265163496
800217,tH,124.83570765056163,123.94966038564371,1,3,3,146.83166389813528,3.329770563201687,30.70819111482666,0.7606056073988443,1.0,leptonic_bookkeeping,validation,True,0.50562265163496
110766,tH,124.83570765056163,123.94966038564371,1,3,3,146.83166389813528,3.329770563201687,30.70819111482666,0.7606056073988443,1.0,leptonic_bookkeeping,validation,True,0.50562265163496
14885,tH,124.83570765056163,123.94966038564371,1,3,3,146.83166389813528,3.329770563201687,30.70819111482666,0.7606056073988443,1.0,leptonic_bookkeeping,train,True,0.50562265163496
299539,tH,124.83570765056163,123.94966038564371,1,3,3,146.83166389813528,3.329770563201687,30.70819111482666,0.7606056073988443,1.0,leptonic_bookkeeping,train,True,0.50562265163496
305529,tH,124.83570765056163,123.94966038564371,1,3,3,146.83166389813528,3.329770563201687,30.70819111482666,0.7606056073988443,1.0,leptonic_bookkeeping,validation,True,0.50562265163496
925084,tH,124.83570765056163,123.94966038564371,1,3,3,146.83166389813528,3.329770563201687,30.70819111482666,0.7606056073988443,1.0,leptonic_bookkeeping,validation,True,0.50562265163496
294113,tH,124.83570765056163,123.94966038564371,1,3,3,146.83166389813528,3.329770563201687,30.70819111482666,0.7606056073988443,1.0,leptonic_bookkeeping,train,True,0.50562265163496
871774,tH,124.83570765056163,123.94966038564371,1,3,3,146.83166389813528,3.329770563201687,30.70819111482666,0.7606056073988443,1.0,leptonic_bookkeeping,train,True,0.50562265163496
695984,tH,124.83570765056163,123.94966038564371,1,3,3,146.83166389813528,3.329770563201687,30.70819111482666,0.7606056073988443,1.0,leptonic_bookkeeping,train,True,0.50562265163496
659465,tH,124.83570765056163,123.94966038564371,1,3,3,146.83166389813528,3.329770563201687,30.70819111482666,0.7606056073988443,1.0,leptonic_bookkeeping,test,True,0.50562265163496
363705,tH,124.83570765056163,123.94966038564371,1,3,3,146.83166389813528,3.329770563201687,30.70819111482666,0.7606056073988443,1.0,leptonic_bookkeeping,train,True,0.50562265163496
466723,tH,124.83570765056163,123.94966038564371,1,3,3,146.83166389813528,3.329770563201687,30.70819111482666,0.7606056073988443,1.0,leptonic_bookkeeping,train,True,0.50562265163496
702634,tH,124.83570765056163,123.94966038564371,1,3,3,146.83166389813528,3.329770563201687,30.70819111482666,0.7606056073988443,1.0,leptonic_bookkeeping,train,True,0.50562265163496
165057,tH,124.83570765056163,123.94966038564371,1,3,3,146.83166389813528,3.329770563201687,30.70819111482666,0.7606056073988443,1.0,leptonic_bookkeeping,train,True,0.50562265163496
778439,tH,124.83570765056163,123.94966038564371,1,3,3,146.83166389813528,3.329770563201687,30.70819111482666,0.7606056073988443,1.0,leptonic_bookkeeping,train,True,0.50562265163496
306279,tH,124.83570765056163,123.94966038564371,1,3,3,146.83166389813528,3.329770563201687,30.70819111482666,0.7606056073988443,1.0,leptonic_bookkeeping,validation,True,0.50562265163496
989755,tH,124.83570765056163,123.94966038564371,1,3,3,146.83166389813528,3.329770563201687,30.70819111482666,0.7606056073988443,1.0,leptonic_bookkeeping,train,True,0.50562265163496
937732,tH,124.83570765056163,123.94966038564371,1,3,3,146.83166389813528,3.329770563201687,30.70819111482666,0.7606056073988443,1.0,leptonic_bookkeeping,test,True,0.50562265163496
166471,tH,124.83570765056163,123.94966038564371,1,3,3,146.83166389813528,3.329770563201687,30.70819111482666,0.7606056073988443,1.0,leptonic_bookkeeping,train,True,0.50562265163496
776418,tH,124.83570765056163,123.94966038564371,1,3,3,146.83166389813528,3.329770563201687,30.70819111482666,0.7606056073988443,1.0,leptonic_bookkeeping,train,True,0.50562265163496
914879,tH,124.83570765056163,123.94966038564371,1,3,3,146.83166389813528,3.329770563201687,30.70819111482666,0.7606056073988443,1.0,leptonic_bookkeeping,validation,True,0.50562265163496
368977,tH,124.83570765056163,123.94966038564371,1,3,3,146.83166389813528,3.329770563201687,30.70819111482666,0.7606056073988443,1.0,leptonic_bookkeeping,validation,True,0.50562265163496
186947,tH,124.83570765056163,123.94966038564371,1,3,3,146.83166389813528,3.329770563201687,30.70819111482666,0.7606056073988443,1.0,leptonic_bookkeeping,train,True,0.50562265163496
524623,tH,124.83570765056163,123.94966038564371,1,3,3,146.83166389813528,3.329770563201687,30.70819111482666,0.7606056073988443,1.0,leptonic_bookkeeping,test,True,0.50562265163496
445103,tH,124.83570765056163,123.94966038564371,1,3,3,146.83166389813528,3.329770563201687,30.70819111482666,0.7606056073988443,1.0,leptonic_bookkeeping,train,True,0.50562265163496
999548,tH,124.83570765056163,123.94966038564371,1,3,3,146.83166389813528,3.329770563201687,30.70819111482666,0.7606056073988443,1.0,leptonic_bookkeeping,test,True,0.50562265163496
286336,tH,124.83570765056163,123.94966038564371,1,3,3,146.83166389813528,3.329770563201687,30.70819111482666,0.7606056073988443,1.0,leptonic_bookkeeping,validation,True,0.50562265163496
865183,tH,124.83570765056163,123.94966038564371,1,3,3,146.83166389813528,3.329770563201687,30.70819111482666,0.7606056073988443,1.0,leptonic_bookkeeping,test,True,0.50562265163496
483561,tH,124.83570765056163,123.94966038564371,1,3,3,146.83166389813528,3.329770563201687,30.70819111482666,0.7606056073988443,1.0,leptonic_bookkeeping,test,True,0.50562265163496
23944,tH,124.83570765056163,123.94966038564371,1,3,3,146.83166389813528,3.329770563201687,30.70819111482666,0.7606056073988443,1.0,leptonic_bookkeeping,train,True,0.50562265163496
155513,tH,124.83570765056163,123.94966038564371,1,3,3,146.83166389813528,3.329770563201687,30.70819111482666,0.7606056073988443,1.0,leptonic_bookkeeping,train,True,0.50562265163496
894490,tH,124.83570765056163,123.94966038564371,1,3,3,146.83166389813528,3.329770563201687,30.70819111482666,0.7606056073988443,1.0,leptonic_bookkeeping,validation,True,0.50562265163496
143634,tH,124.83570765056163,123.94966038564371,1,3,3,146.83166389813528,3.329770563201687,30.70819111482666,0.7606056073988443,1.0,leptonic_bookkeeping,test,True,0.50562265163496
443596,tH,124.83570765056163,123.94966038564371,1,3,3,146.83166389813528,3.329770563201687,30.70819111482666,0.7606056073988443,1.0,leptonic_bookkeeping,train,True,0.50562265163496
831786,tH,124.83570765056163,123.94966038564371,1,3,3,146.83166389813528,3.329770563201687,30.70819111482666,0.7606056073988443,1.0,leptonic_bookkeeping,validation,True,0.50562265163496
831320,tH,124.83570765056163,123.94966038564371,1,3,3,146.83166389813528,3.329770563201687,30.70819111482666,0.7606056073988443,1.0,leptonic_bookkeeping,validation,True,0.50562265163496
901251,tH,124.83570765056163,123.94966038564371,1,3,3,146.83166389813528,3.329770563201687,30.70819111482666,0.7606056073988443,1.0,leptonic_bookkeeping,train,True,0.50562265163496
866251,tH,124.83570765056163,123.94966038564371,1,3,3,146.83166389813528,3.329770563201687,30.70819111482666,0.7606056073988443,1.0,leptonic_bookkeeping,train,True,0.50562265163496
235656,tH,124.83570765056163,123.94966038564371,1,3,3,146.83166389813528,3.329770563201687,30.70819111482666,0.7606056073988443,1.0,leptonic_bookkeeping,test,True,0.50562265163496
517408,tH,124.83570765056163,123.94966038564371,1,3,3,146.83166389813528,3.329770563201687,30.70819111482666,0.7606056073988443,1.0,leptonic_bookkeeping,train,True,0.50562265163496
639618,tH,124.83570765056163,123.94966038564371,1,3,3,146.83166389813528,3.329770563201687,30.70819111482666,0.7606056073988443,1.0,leptonic_bookkeeping,train,True,0.50562265163496
148627,tH,124.83570765056163,123.94966038564371,1,3,3,146.83166389813528,3.329770563201687,30.70819111482666,0.7606056073988443,1.0,leptonic_bookkeeping,train,True,0.50562265163496
743039,tH,124.83570765056163,123.94966038564371,1,3,3,146.83166389813528,3.329770563201687,30.70819111482666,0.7606056073988443,1.0,leptonic_bookkeeping,train,True,0.50562265163496
113431,tH,124.83570765056163,123.94966038564371,1,3,3,146.83166389813528,3.329770563201687,30.70819111482666,0.7606056073988443,1.0,leptonic_bookkeeping,train,True,0.50562265163496
433147,tH,124.83570765056163,123.94966038564371,1,3,3,146.83166389813528,3.329770563201687,30.70819111482666,0.7606056073988443,1.0,leptonic_bookkeeping,train,True,0.50562265163496
286787,tH,124.83570765056163,123.94966038564371,1,3,3,146.83166389813528,3.329770563201687,30.70819111482666,0.7606056073988443,1.0,leptonic_bookkeeping,test,True,0.50562265163496
485164,tH,124.83570765056163,123.94966038564371,1,3,3,146.83166389813528,3.329770563201687,30.70819111482666,0.7606056073988443,1.0,leptonic_bookkeeping,train,True,0.50562265163496
460288,tH,124.83570765056163,123.94966038564371,1,3,3,146.83166389813528,3.329770563201687,30.70819111482666,0.7606056073988443,1.0,leptonic_bookkeeping,validation,True,0.50562265163496
825081,tH,124.83570765056163,123.94966038564371,1,3,3,146.83166389813528,3.329770563201687,30.70819111482666,0.7606056073988443,1.0,leptonic_bookkeeping,train,True,0.50562265163496
451155,tH,124.83570765056163,123.94966038564371,1,3,3,146.83166389813528,3.329770563201687,30.70819111482666,0.7606056073988443,1.0,leptonic_bookkeeping,validation,True,0.50562265163496
924145,tH,124.83570765056163,123.94966038564371,1,3,3,146.83166389813528,3.329770563201687,30.70819111482666,0.7606056073988443,1.0,leptonic_bookkeeping,validation,True,0.50562265163496
260373,tH,124.83570765056163,123.94966038564371,1,3,3,146.83166389813528,3.329770563201687,30.70819111482666,0.7606056073988443,1.0,leptonic_bookkeeping,train,True,0.50562265163496
454857,tH,124.83570765056163,123.94966038564371,1,3,3,146.83166389813528,3.329770563201687,30.70819111482666,0.7606056073988443,1.0,leptonic_bookkeeping,train,True,0.50562265163496
533455,tH,124.83570765056163,123.94966038564371,1,3,3,146.83166389813528,3.329770563201687,30.70819111482666,0.7606056073988443,1.0,leptonic_bookkeeping,validation,True,0.50562265163496
575636,tH,124.83570765056163,123.94966038564371,1,3,3,146.83166389813528,3.329770563201687,30.70819111482666,0.7606056073988443,1.0,leptonic_bookkeeping,test,True,0.50562265163496
735902,tH,124.83570765056163,123.94966038564371,1,3,3,146.83166389813528,3.329770563201687,30.70819111482666,0.7606056073988443,1.0,leptonic_bookkeeping,train,True,0.50562265163496
405493,tH,124.83570765056163,123.94966038564371,1,3,3,146.83166389813528,3.329770563201687,30.70819111482666,0.7606056073988443,1.0,leptonic_bookkeeping,train,True,0.50562265163496
632000,tH,124.83570765056163,123.94966038564371,1,3,3,146.83166389813528,3.329770563201687,30.70819111482666,0.7606056073988443,1.0,leptonic_bookkeeping,train,True,0.50562265163496
482214,tH,124.83570765056163,123.94966038564371,1,3,3,146.83166389813528,3.329770563201687,30.70819111482666,0.7606056073988443,1.0,leptonic_bookkeeping,validation,True,0.50562265163496
981077,tH,124.83570765056163,123.94966038564371,1,3,3,146.83166389813528,3.329770563201687,30.70819111482666,0.7606056073988443,1.0,leptonic_bookkeeping,train,True,0.50562265163496
142453,tH,124.83570765056163,123.94966038564371,1,3,3,146.83166389813528,3.329770563201687,30.70819111482666,0.7606056073988443,1.0,leptonic_bookkeeping,test,True,0.50562265163496
254613,tH,124.83570765056163,123.94966038564371,1,3,3,146.83166389813528,3.329770563201687,30.70819111482666,0.7606056073988443,1.0,leptonic_bookkeeping,validation,True,0.50562265163496
48012,tH,124.83570765056163,123.94966038564371,1,3,3,146.83166389813528,3.329770563201687,30.70819111482666,0.7606056073988443,1.0,leptonic_bookkeeping,validation,True,0.50562265163496
238465,tH,124.83570765056163,123.94966038564371,1,3,3,146.83166389813528,3.329770563201687,30.70819111482666,0.7606056073988443,1.0,leptonic_bookkeeping,train,True,0.50562265163496
14203,tH,124.83570765056163,123.94966038564371,1,3,3,146.83166389813528,3.329770563201687,30.70819111482666,0.7606056073988443,1.0,leptonic_bookkeeping,train,True,0.50562265163496
814481,tH,124.83570765056163,123.94966038564371,1,3,3,146.83166389813528,3.329770563201687,30.70819111482666,0.7606056073988443,1.0,leptonic_bookkeeping,train,True,0.50562265163496
160286,tH,124.83570765056163,123.94966038564371,1,3,3,146.83166389813528,3.329770563201687,30.70819111482666,0.7606056073988443,1.0,leptonic_bookkeeping,train,True,0.50562265163496
235329,tH,124.83570765056163,123.94966038564371,1,3,3,146.83166389813528,3.329770563201687,30.70819111482666,0.7606056073988443,1.0,leptonic_bookkeeping,test,True,0.50562265163496
262240,tH,124.83570765056163,123.94966038564371,1,3,3,146.83166389813528,3.329770563201687,30.70819111482666,0.7606056073988443,1.0,leptonic_bookkeeping,train,True,0.50562265163496
543941,tH,124.83570765056163,123.94966038564371,1,3,3,146.83166389813528,3.329770563201687,30.70819111482666,0.7606056073988443,1.0,leptonic_bookkeeping,validation,True,0.50562265163496
946835,tH,124.83570765056163,123.94966038564371,1,3,3,146.83166389813528,3.329770563201687,30.70819111482666,0.7606056073988443,1.0,leptonic_bookkeeping,test,True,0.50562265163496
826413,tH,124.83570765056163,123.94966038564371,1,3,3,146.83166389813528,3.329770563201687,30.70819111482666,0.7606056073988443,1.0,leptonic_bookkeeping,train,True,0.50562265163496
27265,tH,124.83570765056163,123.94966038564371,1,3,3,146.83166389813528,3.329770563201687,30.70819111482666,0.7606056073988443,1.0,leptonic_bookkeeping,validation,True,0.50562265163496
313713,tH,124.83570765056163,123.94966038564371,1,3,3,146.83166389813528,3.329770563201687,30.70819111482666,0.7606056073988443,1.0,leptonic_bookkeeping,train,True,0.50562265163496
769749,tH,124.83570765056163,123.94966038564371,1,3,3,146.83166389813528,3.329770563201687,30.70819111482666,0.7606056073988443,1.0,leptonic_bookkeeping,validation,True,0.50562265163496
479220,tH,124.83570765056163,123.94966038564371,1,3,3,146.83166389813528,3.329770563201687,30.70819111482666,0.7606056073988443,1.0,leptonic_bookkeeping,train,True,0.50562265163496
346408,tH,124.83570765056163,123.94966038564371,1,3,3,146.83166389813528,3.329770563201687,30.70819111482666,0.7606056073988443,1.0,leptonic_bookkeeping,validation,True,0.50562265163496
249386,tH,124.83570765056163,123.94966038564371,1,3,3,146.83166389813528,3.329770563201687,30.70819111482666,0.7606056073988443,1.0,leptonic_bookkeeping,train,True,0.50562265163496
334933,tH,124.83570765056163,123.94966038564371,1,3,3,146.83166389813528,3.329770563201687,30.70819111482666,0.7606056073988443,1.0,leptonic_bookkeeping,train,True,0.50562265163496
785692,tH,124.83570765056163,123.94966038564371,1,3,3,146.83166389813528,3.329770563201687,30.70819111482666,0.7606056073988443,1.0,leptonic_bookkeeping,train,True,0.50562265163496
46824,tH,124.83570765056163,123.94966038564371,1,3,3,146.83166389813528,3.329770563201687,30.70819111482666,0.7606056073988443,1.0,leptonic_bookkeeping,train,True,0.50562265163496
811211,tH,124.83570765056163,123.94966038564371,1,3,3,146.83166389813528,3.329770563201687,30.70819111482666,0.7606056073988443,1.0,leptonic_bookkeeping,validation,True,0.50562265163496
146049,tH,124.83570765056163,123.94966038564371,1,3,3,146.83166389813528,3.329770563201687,30.70819111482666,0.7606056073988443,1.0,leptonic_bookkeeping,train,True,0.50562265163496
839781,tH,124.83570765056163,123.94966038564371,1,3,3,146.83166389813528,3.329770563201687,30.70819111482666,0.7606056073988443,1.0,leptonic_bookkeeping,train,True,0.50562265163496
663622,tH,124.83570765056163,123.94966038564371,1,3,3,146.83166389813528,3.329770563201687,30.70819111482666,0.7606056073988443,1.0,leptonic_bookkeeping,train,True,0.50562265163496
68464,tH,124.83570765056163,123.94966038564371,1,3,3,146.83166389813528,3.329770563201687,30.70819111482666,0.7606056073988443,1.0,leptonic_bookkeeping,validation,True,0.50562265163496
963090,tH,124.83570765056163,123.94966038564371,1,3,3,146.83166389813528,3.329770563201687,30.70819111482666,0.7606056073988443,1.0,leptonic_bookkeeping,train,True,0.50562265163496
317008,tH,124.83570765056163,123.94966038564371,1,3,3,146.83166389813528,3.329770563201687,30.70819111482666,0.7606056073988443,1.0,leptonic_bookkeeping,validation,True,0.50562265163496
97660,tH,124.83570765056163,123.94966038564371,1,3,3,146.83166389813528,3.329770563201687,30.70819111482666,0.7606056073988443,1.0,leptonic_bookkeeping,train,True,0.50562265163496
173505,tH,124.83570765056163,123.94966038564371,1,3,3,146.83166389813528,3.329770563201687,30.70819111482666,0.7606056073988443,1.0,leptonic_bookkeeping,test,True,0.50562265163496
853008,tH,124.83570765056163,123.94966038564371,1,3,3,146.83166389813528,3.329770563201687,30.70819111482666,0.7606056073988443,1.0,leptonic_bookkeeping,validation,True,0.50562265163496
180525,tH,124.83570765056163,123.94966038564371,1,3,3,146.83166389813528,3.329770563201687,30.70819111482666,0.7606056073988443,1.0,leptonic_bookkeeping,train,True,0.50562265163496
980650,tH,124.83570765056163,123.94966038564371,1,3,3,146.83166389813528,3.329770563201687,30.70819111482666,0.7606056073988443,1.0,leptonic_bookkeeping,train,True,0.50562265163496
396141,tH,124.83570765056163,123.94966038564371,1,3,3,146.83166389813528,3.329770563201687,30.70819111482666,0.7606056073988443,1.0,leptonic_bookkeeping,train,True,0.50562265163496
246195,tH,124.83570765056163,123.94966038564371,1,3,3,146.83166389813528,3.329770563201687,30.70819111482666,0.7606056073988443,1.0,leptonic_bookkeeping,test,True,0.50562265163496
254254,tH,124.83570765056163,123.94966038564371,1,3,3,146.83166389813528,3.329770563201687,30.70819111482666,0.7606056073988443,1.0,leptonic_bookkeeping,validation,True,0.50562265163496
559947,tH,124.83570765056163,123.94966038564371,1,3,3,146.83166389813528,3.329770563201687,30.70819111482666,0.7606056073988443,1.0,leptonic_bookkeeping,train,True,0.50562265163496
508584,tH,124.83570765056163,123.94966038564371,1,3,3,146.83166389813528,3.329770563201687,30.70819111482666,0.7606056073988443,1.0,leptonic_bookkeeping,train,True,0.50562265163496
464879,tH,124.83570765056163,123.94966038564371,1,3,3,146.83166389813528,3.329770563201687,30.70819111482666,0.7606056073988443,1.0,leptonic_bookkeeping,train,True,0.50562265163496
192646,tH,124.83570765056163,123.94966038564371,1,3,3,146.83166389813528,3.329770563201687,30.70819111482666,0.7606056073988443,1.0,leptonic_bookkeeping,validation,True,0.50562265163496
644477,tH,124.83570765056163,123.94966038564371,1,3,3,146.83166389813528,3.329770563201687,30.70819111482666,0.7606056073988443,1.0,leptonic_bookkeeping,train,True,0.50562265163496
956052,tH,124.83570765056163,123.94966038564371,1,3,3,146.83166389813528,3.329770563201687,30.70819111482666,0.7606056073988443,1.0,leptonic_bookkeeping,validation,True,0.50562265163496
937315,tH,124.83570765056163,123.94966038564371,1,3,3,146.83166389813528,3.329770563201687,30.70819111482666,0.7606056073988443,1.0,leptonic_bookkeeping,test,True,0.50562265163496
811812,tH,124.83570765056163,123.94966038564371,1,3,3,146.83166389813528,3.329770563201687,30.70819111482666,0.7606056073988443,1.0,leptonic_bookkeeping,validation,True,0.50562265163496
424042,tH,124.83570765056163,123.94966038564371,1,3,3,146.83166389813528,3.329770563201687,30.70819111482666,0.7606056073988443,1.0,leptonic_bookkeeping,train,True,0.50562265163496
763963,tH,124.83570765056163,123.94966038564371,1,3,3,146.83166389813528,3.329770563201687,30.70819111482666,0.7606056073988443,1.0,leptonic_bookkeeping,train,True,0.50562265163496
629521,tH,124.83570765056163,123.94966038564371,1,3,3,146.83166389813528,3.329770563201687,30.70819111482666,0.7606056073988443,1.0,leptonic_bookkeeping,train,True,0.50562265163496
699416,tH,124.83570765056163,123.94966038564371,1,3,3,146.83166389813528,3.329770563201687,30.70819111482666,0.7606056073988443,1.0,leptonic_bookkeeping,test,True,0.50562265163496
823500,tH,124.83570765056163,123.94966038564371,1,3,3,146.83166389813528,3.329770563201687,30.70819111482666,0.7606056073988443,1.0,leptonic_bookkeeping,test,True,0.50562265163496
666512,tH,124.83570765056163,123.94966038564371,1,3,3,146.83166389813528,3.329770563201687,30.70819111482666,0.7606056073988443,1.0,leptonic_bookkeeping,validation,True,0.50562265163496
128813,tH,124.83570765056163,123.94966038564371,1,3,3,146.83166389813528,3.329770563201687,30.70819111482666,0.7606056073988443,1.0,leptonic_bookkeeping,train,True,0.50562265163496
268698,tH,124.83570765056163,123.94966038564371,1,3,3,146.83166389813528,3.329770563201687,30.70819111482666,0.7606056073988443,1.0,leptonic_bookkeeping,train,True,0.50562265163496
667380,tH,124.83570765056163,123.94966038564371,1,3,3,146.83166389813528,3.329770563201687,30.70819111482666,0.7606056073988443,1.0,leptonic_bookkeeping,validation,True,0.50562265163496
392873,tH,124.83570765056163,123.94966038564371,1,3,3,146.83166389813528,3.329770563201687,30.70819111482666,0.7606056073988443,1.0,leptonic_bookkeeping,train,True,0.50562265163496
938133,tH,124.83570765056163,123.94966038564371,1,3,3,146.83166389813528,3.329770563201687,30.70819111482666,0.7606056073988443,1.0,leptonic_bookkeeping,test,True,0.50562265163496
416491,tH,124.83570765056163,123.94966038564371,1,3,3,146.83166389813528,3.329770563201687,30.70819111482666,0.7606056073988443,1.0,leptonic_bookkeeping,train,True,0.50562265163496
74509,tH,124.83570765056163,123.94966038564371,1,3,3,146.83166389813528,3.329770563201687,30.70819111482666,0.7606056073988443,1.0,leptonic_bookkeeping,train,True,0.50562265163496
93489,tH,124.83570765056163,123.94966038564371,1,3,3,146.83166389813528,3.329770563201687,30.70819111482666,0.7606056073988443,1.0,leptonic_bookkeeping,train,True,0.50562265163496
756975,tH,124.83570765056163,123.94966038564371,1,3,3,146.83166389813528,3.329770563201687,30.70819111482666,0.7606056073988443,1.0,leptonic_bookkeeping,train,True,0.50562265163496
403815,tH,124.83570765056163,123.94966038564371,1,3,3,146.83166389813528,3.329770563201687,30.70819111482666,0.7606056073988443,1.0,leptonic_bookkeeping,train,True,0.50562265163496
594109,tH,124.83570765056163,123.94966038564371,1,3,3,146.83166389813528,3.329770563201687,30.70819111482666,0.7606056073988443,1.0,leptonic_bookkeeping,validation,True,0.50562265163496
672381,tH,124.83570765056163,123.94966038564371,1,3,3,146.83166389813528,3.329770563201687,30.70819111482666,0.7606056073988443,1.0,leptonic_bookkeeping,train,True,0.50562265163496
704439,tH,124.83570765056163,123.94966038564371,1,3,3,146.83166389813528,3.329770563201687,30.70819111482666,0.7606056073988443,1.0,leptonic_bookkeeping,train,True,0.50562265163496
529290,tH,124.83570765056163,123.94966038564371,1,3,3,146.83166389813528,3.329770563201687,30.70819111482666,0.7606056073988443,1.0,leptonic_bookkeeping,train,True,0.50562265163496
908103,tH,124.83570765056163,123.94966038564371,1,3,3,146.83166389813528,3.329770563201687,30.70819111482666,0.7606056073988443,1.0,leptonic_bookkeeping,train,True,0.50562265163496
444407,tH,124.83570765056163,123.94966038564371,1,3,3,146.83166389813528,3.329770563201687,30.70819111482666,0.7606056073988443,1.0,leptonic_bookkeeping,train,True,0.50562265163496
435272,tH,124.83570765056163,123.94966038564371,1,3,3,146.83166389813528,3.329770563201687,30.70819111482666,0.7606056073988443,1.0,leptonic_bookkeeping,train,True,0.50562265163496
439188,tH,124.83570765056163,123.94966038564371,1,3,3,146.83166389813528,3.329770563201687,30.70819111482666,0.7606056073988443,1.0,leptonic_bookkeeping,validation,True,0.50562265163496
270780,tH,124.83570765056163,123.94966038564371,1,3,3,146.83166389813528,3.329770563201687,30.70819111482666,0.7606056073988443,1.0,leptonic_bookkeeping,train,True,0.50562265163496
147695,tH,124.83570765056163,123.94966038564371,1,3,3,146.83166389813528,3.329770563201687,30.70819111482666,0.7606056073988443,1.0,leptonic_bookkeeping,train,True,0.50562265163496
440986,tH,124.83570765056163,123.94966038564371,1,3,3,146.83166389813528,3.329770563201687,30.70819111482666,0.7606056073988443,1.0,leptonic_bookkeeping,validation,True,0.50562265163496
219669,tH,124.83570765056163,123.94966038564371,1,3,3,146.83166389813528,3.329770563201687,30.70819111482666,0.7606056073988443,1.0,leptonic_bookkeeping,train,True,0.50562265163496
905324,tH,124.83570765056163,123.94966038564371,1,3,3,146.83166389813528,3.329770563201687,30.70819111482666,0.7606056073988443,1.0,leptonic_bookkeeping,test,True,0.50562265163496
423501,tH,124.83570765056163,123.94966038564371,1,3,3,146.83166389813528,3.329770563201687,30.70819111482666,0.7606056073988443,1.0,leptonic_bookkeeping,train,True,0.50562265163496
929046,tH,124.83570765056163,123.94966038564371,1,3,3,146.83166389813528,3.329770563201687,30.70819111482666,0.7606056073988443,1.0,leptonic_bookkeeping,train,True,0.50562265163496
418725,tH,124.83570765056163,123.94966038564371,1,3,3,146.83166389813528,3.329770563201687,30.70819111482666,0.7606056073988443,1.0,leptonic_bookkeeping,validation,True,0.50562265163496
604948,tH,124.83570765056163,123.94966038564371,1,3,3,146.83166389813528,3.329770563201687,30.70819111482666,0.7606056073988443,1.0,leptonic_bookkeeping,validation,True,0.50562265163496
411398,tH,124.83570765056163,123.94966038564371,1,3,3,146.83166389813528,3.329770563201687,30.70819111482666,0.7606056073988443,1.0,leptonic_bookkeeping,test,True,0.50562265163496
535848,tH,124.83570765056163,123.94966038564371,1,3,3,146.83166389813528,3.329770563201687,30.70819111482666,0.7606056073988443,1.0,leptonic_bookkeeping,test,True,0.50562265163496
887850,tH,124.83570765056163,123.94966038564371,1,3,3,146.83166389813528,3.329770563201687,30.70819111482666,0.7606056073988443,1.0,leptonic_bookkeeping,train,True,0.50562265163496
180702,tH,124.83570765056163,123.94966038564371,1,3,3,146.83166389813528,3.329770563201687,30.70819111482666,0.7606056073988443,1.0,leptonic_bookkeeping,train,True,0.50562265163496
128745,tH,124.83570765056163,123.94966038564371,1,3,3,146.83166389813528,3.329770563201687,30.70819111482666,0.7606056073988443,1.0,leptonic_bookkeeping,train,True,0.50562265163496
485900,tH,124.83570765056163,123.94966038564371,1,3,3,146.83166389813528,3.329770563201687,30.70819111482666,0.7606056073988443,1.0,leptonic_bookkeeping,train,True,0.50562265163496
62743,tH,124.83570765056163,123.94966038564371,1,3,3,146.83166389813528,3.329770563201687,30.70819111482666,0.7606056073988443,1.0,leptonic_bookkeeping,train,True,0.50562265163496
380239,tH,124.83570765056163,123.94966038564371,1,3,3,146.83166389813528,3.329770563201687,30.70819111482666,0.7606056073988443,1.0,leptonic_bookkeeping,test,True,0.50562265163496
735302,tH,124.83570765056163,123.94966038564371,1,3,3,146.83166389813528,3.329770563201687,30.70819111482666,0.7606056073988443,1.0,leptonic_bookkeeping,train,True,0.50562265163496
148161,tH,124.83570765056163,123.94966038564371,1,3,3,146.83166389813528,3.329770563201687,30.70819111482666,0.7606056073988443,1.0,leptonic_bookkeeping,train,True,0.50562265163496
569690,tH,124.83570765056163,123.94966038564371,1,3,3,146.83166389813528,3.329770563201687,30.70819111482666,0.7606056073988443,1.0,leptonic_bookkeeping,train,True,0.50562265163496
667778,tH,124.83570765056163,123.94966038564371,1,3,3,146.83166389813528,3.329770563201687,30.70819111482666,0.7606056073988443,1.0,leptonic_bookkeeping,validation,True,0.50562265163496
340946,tH,124.83570765056163,123.94966038564371,1,3,3,146.83166389813528,3.329770563201687,30.70819111482666,0.7606056073988443,1.0,leptonic_bookkeeping,train,True,0.50562265163496
440011,tH,124.83570765056163,123.94966038564371,1,3,3,146.83166389813528,3.329770563201687,30.70819111482666,0.7606056073988443,1.0,leptonic_bookkeeping,validation,True,0.50562265163496
827897,tH,124.83570765056163,123.94966038564371,1,3,3,146.83166389813528,3.329770563201687,30.70819111482666,0.7606056073988443,1.0,leptonic_bookkeeping,train,True,0.50562265163496
618844,tH,124.83570765056163,123.94966038564371,1,3,3,146.83166389813528,3.329770563201687,30.70819111482666,0.7606056073988443,1.0,leptonic_bookkeeping,train,True,0.50562265163496
878214,tH,124.83570765056163,123.94966038564371,1,3,3,146.83166389813528,3.329770563201687,30.70819111482666,0.7606056073988443,1.0,leptonic_bookkeeping,train,True,0.50562265163496
456918,tH,124.83570765056163,123.94966038564371,1,3,3,146.83166389813528,3.329770563201687,30.70819111482666,0.7606056073988443,1.0,leptonic_bookkeeping,train,True,0.50562265163496
186380,tH,124.83570765056163,123.94966038564371,1,3,3,146.83166389813528,3.329770563201687,30.70819111482666,0.7606056073988443,1.0,leptonic_bookkeeping,train,True,0.50562265163496
265477,tH,124.83570765056163,123.94966038564371,1,3,3,146.83166389813528,3.329770563201687,30.70819111482666,0.7606056073988443,1.0,leptonic_bookkeeping,validation,True,0.50562265163496
863454,tH,124.83570765056163,123.94966038564371,1,3,3,146.83166389813528,3.329770563201687,30.70819111482666,0.7606056073988443,1.0,leptonic_bookkeeping,validation,True,0.50562265163496
51032,tH,124.83570765056163,123.94966038564371,1,3,3,146.83166389813528,3.329770563201687,30.70819111482666,0.7606056073988443,1.0,leptonic_bookkeeping,test,True,0.50562265163496
112262,tH,124.83570765056163,123.94966038564371,1,3,3,146.83166389813528,3.329770563201687,30.70819111482666,0.7606056073988443,1.0,leptonic_bookkeeping,test,True,0.50562265163496
193053,tH,124.83570765056163,123.94966038564371,1,3,3,146.83166389813528,3.329770563201687,30.70819111482666,0.7606056073988443,1.0,leptonic_bookkeeping,validation,True,0.50562265163496
878014,tH,124.83570765056163,123.94966038564371,1,3,3,146.83166389813528,3.329770563201687,30.70819111482666,0.7606056073988443,1.0,leptonic_bookkeeping,train,True,0.50562265163496
783670,tH,124.83570765056163,123.94966038564371,1,3,3,146.83166389813528,3.329770563201687,30.70819111482666,0.7606056073988443,1.0,leptonic_bookkeeping,train,True,0.50562265163496
884688,tH,124.83570765056163,123.94966038564371,1,3,3,146.83166389813528,3.329770563201687,30.70819111482666,0.7606056073988443,1.0,leptonic_bookkeeping,test,True,0.50562265163496
740090,tH,124.83570765056163,123.94966038564371,1,3,3,146.83166389813528,3.329770563201687,30.70819111482666,0.7606056073988443,1.0,leptonic_bookkeeping,validation,True,0.50562265163496
252559,tH,124.83570765056163,123.94966038564371,1,3,3,146.83166389813528,3.329770563201687,30.70819111482666,0.7606056073988443,1.0,leptonic_bookkeeping,train,True,0.50562265163496
168279,tH,124.83570765056163,123.94966038564371,1,3,3,146.83166389813528,3.329770563201687,30.70819111482666,0.7606056073988443,1.0,leptonic_bookkeeping,train,True,0.50562265163496
205695,tH,124.83570765056163,123.94966038564371,1,3,3,146.83166389813528,3.329770563201687,30.70819111482666,0.7606056073988443,1.0,leptonic_bookkeeping,test,True,0.50562265163496
934510,tH,124.83570765056163,123.94966038564371,1,3,3,146.83166389813528,3.329770563201687,30.70819111482666,0.7606056073988443,1.0,leptonic_bookkeeping,validation,True,0.50562265163496
956733,tH,124.83570765056163,123.94966038564371,1,3,3,146.83166389813528,3.329770563201687,30.70819111482666,0.7606056073988443,1.0,leptonic_bookkeeping,test,True,0.50562265163496
282893,tH,124.83570765056163,123.94966038564371,1,3,3,146.83166389813528,3.329770563201687,30.70819111482666,0.7606056073988443,1.0,leptonic_bookkeeping,train,True,0.50562265163496
24512,tH,124.83570765056163,123.94966038564371,1,3,3,146.83166389813528,3.329770563201687,30.70819111482666,0.7606056073988443,1.0,leptonic_bookkeeping,train,True,0.50562265163496
694492,tH,124.83570765056163,123.94966038564371,1,3,3,146.83166389813528,3.329770563201687,30.70819111482666,0.7606056073988443,1.0,leptonic_bookkeeping,train,True,0.50562265163496
766533,tH,124.83570765056163,123.94966038564371,1,3,3,146.83166389813528,3.329770563201687,30.70819111482666,0.7606056073988443,1.0,leptonic_bookkeeping,train,True,0.50562265163496
692565,tH,124.83570765056163,123.94966038564371,1,3,3,146.83166389813528,3.329770563201687,30.70819111482666,0.7606056073988443,1.0,leptonic_bookkeeping,train,True,0.50562265163496
995645,tH,124.83570765056163,123.94966038564371,1,3,3,146.83166389813528,3.329770563201687,30.70819111482666,0.7606056073988443,1.0,leptonic_bookkeeping,train,True,0.50562265163496
621513,tH,124.83570765056163,123.94966038564371,1,3,3,146.83166389813528,3.329770563201687,30.70819111482666,0.7606056073988443,1.0,leptonic_bookkeeping,train,True,0.50562265163496
93402,tH,124.83570765056163,123.94966038564371,1,3,3,146.83166389813528,3.329770563201687,30.70819111482666,0.7606056073988443,1.0,leptonic_bookkeeping,train,True,0.50562265163496
956235,tH,124.83570765056163,123.94966038564371,1,3,3,146.83166389813528,3.329770563201687,30.70819111482666,0.7606056073988443,1.0,leptonic_bookkeeping,validation,True,0.50562265163496
712246,tH,124.83570765056163,123.94966038564371,1,3,3,146.83166389813528,3.329770563201687,30.70819111482666,0.7606056073988443,1.0,leptonic_bookkeeping,train,True,0.50562265163496
551490,tH,124.83570765056163,123.94966038564371,1,3,3,146.83166389813528,3.329770563201687,30.70819111482666,0.7606056073988443,1.0,leptonic_bookkeeping,train,True,0.50562265163496
754923,tH,124.83570765056163,123.94966038564371,1,3,3,146.83166389813528,3.329770563201687,30.70819111482666,0.7606056073988443,1.0,leptonic_bookkeeping,train,True,0.50562265163496
390297,tH,124.83570765056163,123.94966038564371,1,3,3,146.83166389813528,3.329770563201687,30.70819111482666,0.7606056073988443,1.0,leptonic_bookkeeping,test,True,0.50562265163496
697406,tH,124.83570765056163,123.94966038564371,1,3,3,146.83166389813528,3.329770563201687,30.70819111482666,0.7606056073988443,1.0,leptonic_bookkeeping,validation,True,0.50562265163496
885205,tH,124.83570765056163,123.94966038564371,1,3,3,146.83166389813528,3.329770563201687,30.70819111482666,0.7606056073988443,1.0,leptonic_bookkeeping,test,True,0.50562265163496
826731,tH,124.83570765056163,123.94966038564371,1,3,3,146.83166389813528,3.329770563201687,30.70819111482666,0.7606056073988443,1.0,leptonic_bookkeeping,train,True,0.50562265163496
803738,tH,124.83570765056163,123.94966038564371,1,3,3,146.83166389813528,3.329770563201687,30.70819111482666,0.7606056073988443,1.0,leptonic_bookkeeping,test,True,0.50562265163496
332896,tH,124.83570765056163,123.94966038564371,1,3,3,146.83166389813528,3.329770563201687,30.70819111482666,0.7606056073988443,1.0,leptonic_bookkeeping,train,True,0.50562265163496
231680,tH,124.83570765056163,123.94966038564371,1,3,3,146.83166389813528,3.329770563201687,30.70819111482666,0.7606056073988443,1.0,leptonic_bookkeeping,train,True,0.50562265163496
133867,tH,124.83570765056163,123.94966038564371,1,3,3,146.83166389813528,3.329770563201687,30.70819111482666,0.7606056073988443,1.0,leptonic_bookkeeping,test,True,0.50562265163496
182357,tH,124.83570765056163,123.94966038564371,1,3,3,146.83166389813528,3.329770563201687,30.70819111482666,0.7606056073988443,1.0,leptonic_bookkeeping,validation,True,0.50562265163496
79476,tH,124.83570765056163,123.94966038564371,1,3,3,146.83166389813528,3.329770563201687,30.70819111482666,0.7606056073988443,1.0,leptonic_bookkeeping,validation,True,0.50562265163496
432418,tH,124.83570765056163,123.94966038564371,1,3,3,146.83166389813528,3.329770563201687,30.70819111482666,0.7606056073988443,1.0,leptonic_bookkeeping,test,True,0.50562265163496
58571,tH,124.83570765056163,123.94966038564371,1,3,3,146.83166389813528,3.329770563201687,30.70819111482666,0.7606056073988443,1.0,leptonic_bookkeeping,validation,True,0.50562265163496
715444,tH,124.83570765056163,123.94966038564371,1,3,3,146.83166389813528,3.329770563201687,30.70819111482666,0.7606056073988443,1.0,leptonic_bookkeeping,train,True,0.50562265163496
228657,tH,124.83570765056163,123.94966038564371,1,3,3,146.83166389813528,3.329770563201687,30.70819111482666,0.7606056073988443,1.0,leptonic_bookkeeping,train,True,0.50562265163496
169889,tH,124.83570765056163,123.94966038564371,1,3,3,146.83166389813528,3.329770563201687,30.70819111482666,0.7606056073988443,1.0,leptonic_bookkeeping,train,True,0.50562265163496
931134,tH,124.83570765056163,123.94966038564371,1,3,3,146.83166389813528,3.329770563201687,30.70819111482666,0.7606056073988443,1.0,leptonic_bookkeeping,train,True,0.50562265163496
362998,tH,124.83570765056163,123.94966038564371,1,3,3,146.83166389813528,3.329770563201687,30.70819111482666,0.7606056073988443,1.0,leptonic_bookkeeping,train,True,0.50562265163496
412388,tH,124.83570765056163,123.94966038564371,1,3,3,146.83166389813528,3.329770563201687,30.70819111482666,0.7606056073988443,1.0,leptonic_bookkeeping,train,True,0.50562265163496
609327,tH,124.83570765056163,123.94966038564371,1,3,3,146.83166389813528,3.329770563201687,30.70819111482666,0.7606056073988443,1.0,leptonic_bookkeeping,train,True,0.50562265163496
959312,tH,124.83570765056163,123.94966038564371,1,3,3,146.83166389813528,3.329770563201687,30.70819111482666,0.7606056073988443,1.0,leptonic_bookkeeping,train,True,0.50562265163496
638121,tH,124.83570765056163,123.94966038564371,1,3,3,146.83166389813528,3.329770563201687,30.70819111482666,0.7606056073988443,1.0,leptonic_bookkeeping,test,True,0.50562265163496
496892,tH,124.83570765056163,123.94966038564371,1,3,3,146.83166389813528,3.329770563201687,30.70819111482666,0.7606056073988443,1.0,leptonic_bookkeeping,train,True,0.50562265163496
756104,tH,124.83570765056163,123.94966038564371,1,3,3,146.83166389813528,3.329770563201687,30.70819111482666,0.7606056073988443,1.0,leptonic_bookkeeping,train,True,0.50562265163496
477800,tH,124.83570765056163,123.94966038564371,1,3,3,146.83166389813528,3.329770563201687,30.70819111482666,0.7606056073988443,1.0,leptonic_bookkeeping,train,True,0.50562265163496
346069,tH,124.83570765056163,123.94966038564371,1,3,3,146.83166389813528,3.329770563201687,30.70819111482666,0.7606056073988443,1.0,leptonic_bookkeeping,train,True,0.50562265163496
328480,tH,124.83570765056163,123.94966038564371,1,3,3,146.83166389813528,3.329770563201687,30.70819111482666,0.7606056073988443,1.0,leptonic_bookkeeping,test,True,0.50562265163496
417743,tH,124.83570765056163,123.94966038564371,1,3,3,146.83166389813528,3.329770563201687,30.70819111482666,0.7606056073988443,1.0,leptonic_bookkeeping,train,True,0.50562265163496
624181,tH,124.83570765056163,123.94966038564371,1,3,3,146.83166389813528,3.329770563201687,30.70819111482666,0.7606056073988443,1.0,leptonic_bookkeeping,train,True,0.50562265163496
485341,tH,124.83570765056163,123.94966038564371,1,3,3,146.83166389813528,3.329770563201687,30.70819111482666,0.7606056073988443,1.0,leptonic_bookkeeping,train,True,0.50562265163496
845510,tH,124.83570765056163,123.94966038564371,1,3,3,146.83166389813528,3.329770563201687,30.70819111482666,0.7606056073988443,1.0,leptonic_bookkeeping,train,True,0.50562265163496
21918,tH,124.83570765056163,123.94966038564371,1,3,3,146.83166389813528,3.329770563201687,30.70819111482666,0.7606056073988443,1.0,leptonic_bookkeeping,train,True,0.50562265163496
998939,tH,124.83570765056163,123.94966038564371,1,3,3,146.83166389813528,3.329770563201687,30.70819111482666,0.7606056073988443,1.0,leptonic_bookkeeping,test,True,0.50562265163496
318584,tH,124.83570765056163,123.94966038564371,1,3,3,146.83166389813528,3.329770563201687,30.70819111482666,0.7606056073988443,1.0,leptonic_bookkeeping,test,True,0.50562265163496
254387,tH,124.83570765056163,123.94966038564371,1,3,3,146.83166389813528,3.329770563201687,30.70819111482666,0.7606056073988443,1.0,leptonic_bookkeeping,validation,True,0.50562265163496
958392,tH,124.83570765056163,123.94966038564371,1,3,3,146.83166389813528,3.329770563201687,30.70819111482666,0.7606056073988443,1.0,leptonic_bookkeeping,test,True,0.50562265163496
868120,tH,124.83570765056163,123.94966038564371,1,3,3,146.83166389813528,3.329770563201687,30.70819111482666,0.7606056073988443,1.0,leptonic_bookkeeping,train,True,0.50562265163496
173868,tH,124.83570765056163,123.94966038564371,1,3,3,146.83166389813528,3.329770563201687,30.70819111482666,0.7606056073988443,1.0,leptonic_bookkeeping,test,True,0.50562265163496
85610,tH,124.83570765056163,123.94966038564371,1,3,3,146.83166389813528,3.329770563201687,30.70819111482666,0.7606056073988443,1.0,leptonic_bookkeeping,train,True,0.50562265163496
939760,tH,124.83570765056163,123.94966038564371,1,3,3,146.83166389813528,3.329770563201687,30.70819111482666,0.7606056073988443,1.0,leptonic_bookkeeping,train,True,0.50562265163496
798913,tH,124.83570765056163,123.94966038564371,1,3,3,146.83166389813528,3.329770563201687,30.70819111482666,0.7606056073988443,1.0,leptonic_bookkeeping,train,True,0.50562265163496
365331,tH,124.83570765056163,123.94966038564371,1,3,3,146.83166389813528,3.329770563201687,30.70819111482666,0.7606056073988443,1.0,leptonic_bookkeeping,train,True,0.50562265163496
763324,tH,124.83570765056163,123.94966038564371,1,3,3,146.83166389813528,3.329770563201687,30.70819111482666,0.7606056073988443,1.0,leptonic_bookkeeping,train,True,0.50562265163496
172975,tH,124.83570765056163,123.94966038564371,1,3,3,146.83166389813528,3.329770563201687,30.70819111482666,0.7606056073988443,1.0,leptonic_bookkeeping,validation,True,0.50562265163496
408669,tH,124.83570765056163,123.94966038564371,1,3,3,146.83166389813528,3.329770563201687,30.70819111482666,0.7606056073988443,1.0,leptonic_bookkeeping,validation,True,0.50562265163496
538481,tH,124.83570765056163,123.94966038564371,1,3,3,146.83166389813528,3.329770563201687,30.70819111482666,0.7606056073988443,1.0,leptonic_bookkeeping,train,True,0.50562265163496
239998,tH,124.83570765056163,123.94966038564371,1,3,3,146.83166389813528,3.329770563201687,30.70819111482666,0.7606056073988443,1.0,leptonic_bookkeeping,train,True,0.50562265163496
262722,tH,124.83570765056163,123.94966038564371,1,3,3,146.83166389813528,3.329770563201687,30.70819111482666,0.7606056073988443,1.0,leptonic_bookkeeping,train,True,0.50562265163496
507570,tH,124.83570765056163,123.94966038564371,1,3,3,146.83166389813528,3.329770563201687,30.70819111482666,0.7606056073988443,1.0,leptonic_bookkeeping,train,True,0.50562265163496
863075,tH,124.83570765056163,123.94966038564371,1,3,3,146.83166389813528,3.329770563201687,30.70819111482666,0.7606056073988443,1.0,leptonic_bookkeeping,validation,True,0.50562265163496
237078,tH,124.83570765056163,123.94966038564371,1,3,3,146.83166389813528,3.329770563201687,30.70819111482666,0.7606056073988443,1.0,leptonic_bookkeeping,test,True,0.50562265163496
128300,tH,124.83570765056163,123.94966038564371,1,3,3,146.83166389813528,3.329770563201687,30.70819111482666,0.7606056073988443,1.0,leptonic_bookkeeping,train,True,0.50562265163496
209066,tH,124.83570765056163,123.94966038564371,1,3,3,146.83166389813528,3.329770563201687,30.70819111482666,0.7606056073988443,1.0,leptonic_bookkeeping,train,True,0.50562265163496
562670,tH,124.83570765056163,123.94966038564371,1,3,3,146.83166389813528,3.329770563201687,30.70819111482666,0.7606056073988443,1.0,leptonic_bookkeeping,train,True,0.50562265163496
353210,tH,124.83570765056163,123.94966038564371,1,3,3,146.83166389813528,3.329770563201687,30.70819111482666,0.7606056073988443,1.0,leptonic_bookkeeping,train,True,0.50562265163496
207316,tH,124.83570765056163,123.94966038564371,1,3,3,146.83166389813528,3.329770563201687,30.70819111482666,0.7606056073988443,1.0,leptonic_bookkeeping,train,True,0.50562265163496
508365,tH,124.83570765056163,123.94966038564371,1,3,3,146.83166389813528,3.329770563201687,30.70819111482666,0.7606056073988443,1.0,leptonic_bookkeeping,train,True,0.50562265163496
750852,tH,124.83570765056163,123.94966038564371,1,3,3,146.83166389813528,3.329770563201687,30.70819111482666,0.7606056073988443,1.0,leptonic_bookkeeping,test,True,0.50562265163496
796679,tH,124.83570765056163,123.94966038564371,1,3,3,146.83166389813528,3.329770563201687,30.70819111482666,0.7606056073988443,1.0,leptonic_bookkeeping,train,True,0.50562265163496
355106,tH,124.83570765056163,123.94966038564371,1,3,3,146.83166389813528,3.329770563201687,30.70819111482666,0.7606056073988443,1.0,leptonic_bookkeeping,train,True,0.50562265163496
291785,tH,124.83570765056163,123.94966038564371,1,3,3,146.83166389813528,3.329770563201687,30.70819111482666,0.7606056073988443,1.0,leptonic_bookkeeping,train,True,0.50562265163496
117961,tH,124.83570765056163,123.94966038564371,1,3,3,146.83166389813528,3.329770563201687,30.70819111482666,0.7606056073988443,1.0,leptonic_bookkeeping,train,True,0.50562265163496
859061,tH,124.83570765056163,123.94966038564371,1,3,3,146.83166389813528,3.329770563201687,30.70819111482666,0.7606056073988443,1.0,leptonic_bookkeeping,train,True,0.50562265163496
509643,tH,124.83570765056163,123.94966038564371,1,3,3,146.83166389813528,3.329770563201687,30.70819111482666,0.7606056073988443,1.0,leptonic_bookkeeping,train,True,0.50562265163496
269584,tH,124.83570765056163,123.94966038564371,1,3,3,146.83166389813528,3.329770563201687,30.70819111482666,0.7606056073988443,1.0,leptonic_bookkeeping,train,True,0.50562265163496
506889,tH,124.83570765056163,123.94966038564371,1,3,3,146.83166389813528,3.329770563201687,30.70819111482666,0.7606056073988443,1.0,leptonic_bookkeeping,train,True,0.50562265163496
646249,tH,124.83570765056163,123.94966038564371,1,3,3,146.83166389813528,3.329770563201687,30.70819111482666,0.7606056073988443,1.0,leptonic_bookkeeping,validation,True,0.50562265163496
270443,tH,124.83570765056163,123.94966038564371,1,3,3,146.83166389813528,3.329770563201687,30.70819111482666,0.7606056073988443,1.0,leptonic_bookkeeping,train,True,0.50562265163496
44574,tH,124.83570765056163,123.94966038564371,1,3,3,146.83166389813528,3.329770563201687,30.70819111482666,0.7606056073988443,1.0,leptonic_bookkeeping,train,True,0.50562265163496
797110,tH,124.83570765056163,123.94966038564371,1,3,3,146.83166389813528,3.329770563201687,30.70819111482666,0.7606056073988443,1.0,leptonic_bookkeeping,train,True,0.50562265163496
227529,tH,124.83570765056163,123.94966038564371,1,3,3,146.83166389813528,3.329770563201687,30.70819111482666,0.7606056073988443,1.0,leptonic_bookkeeping,train,True,0.50562265163496
496292,tH,124.83570765056163,123.94966038564371,1,3,3,146.83166389813528,3.329770563201687,30.70819111482666,0.7606056073988443,1.0,leptonic_bookkeeping,train,True,0.50562265163496
338006,tH,124.83570765056163,123.94966038564371,1,3,3,146.83166389813528,3.329770563201687,30.70819111482666,0.7606056073988443,1.0,leptonic_bookkeeping,validation,True,0.50562265163496
448056,tH,124.83570765056163,123.94966038564371,1,3,3,146.83166389813528,3.329770563201687,30.70819111482666,0.7606056073988443,1.0,leptonic_bookkeeping,train,True,0.50562265163496
273473,tH,124.83570765056163,123.94966038564371,1,3,3,146.83166389813528,3.329770563201687,30.70819111482666,0.7606056073988443,1.0,leptonic_bookkeeping,train,True,0.50562265163496
240745,tH,124.83570765056163,123.94966038564371,1,3,3,146.83166389813528,3.329770563201687,30.70819111482666,0.7606056073988443,1.0,leptonic_bookkeeping,train,True,0.50562265163496
805497,tH,124.83570765056163,123.94966038564371,1,3,3,146.83166389813528,3.329770563201687,30.70819111482666,0.7606056073988443,1.0,leptonic_bookkeeping,train,True,0.50562265163496
665062,tH,124.83570765056163,123.94966038564371,1,3,3,146.83166389813528,3.329770563201687,30.70819111482666,0.7606056073988443,1.0,leptonic_bookkeeping,train,True,0.50562265163496
909190,tH,124.83570765056163,123.94966038564371,1,3,3,146.83166389813528,3.329770563201687,30.70819111482666,0.7606056073988443,1.0,leptonic_bookkeeping,train,True,0.50562265163496
433038,tH,124.83570765056163,123.94966038564371,1,3,3,146.83166389813528,3.329770563201687,30.70819111482666,0.7606056073988443,1.0,leptonic_bookkeeping,train,True,0.50562265163496
613321,tH,124.83570765056163,123.94966038564371,1,3,3,146.83166389813528,3.329770563201687,30.70819111482666,0.7606056073988443,1.0,leptonic_bookkeeping,train,True,0.50562265163496
988525,tH,124.83570765056163,123.94966038564371,1,3,3,146.83166389813528,3.329770563201687,30.70819111482666,0.7606056073988443,1.0,leptonic_bookkeeping,test,True,0.50562265163496
212860,tH,124.83570765056163,123.94966038564371,1,3,3,146.83166389813528,3.329770563201687,30.70819111482666,0.7606056073988443,1.0,leptonic_bookkeeping,validation,True,0.50562265163496
572272,tH,124.83570765056163,123.94966038564371,1,3,3,146.83166389813528,3.329770563201687,30.70819111482666,0.7606056073988443,1.0,leptonic_bookkeeping,train,True,0.50562265163496
991624,tH,124.83570765056163,123.94966038564371,1,3,3,146.83166389813528,3.329770563201687,30.70819111482666,0.7606056073988443,1.0,leptonic_bookkeeping,train,True,0.50562265163496
13708,tH,124.83570765056163,123.94966038564371,1,3,3,146.83166389813528,3.329770563201687,30.70819111482666,0.7606056073988443,1.0,leptonic_bookkeeping,train,True,0.50562265163496
311509,tH,124.83570765056163,123.94966038564371,1,3,3,146.83166389813528,3.329770563201687,30.70819111482666,0.7606056073988443,1.0,leptonic_bookkeeping,train,True,0.50562265163496
552535,tH,124.83570765056163,123.94966038564371,1,3,3,146.83166389813528,3.329770563201687,30.70819111482666,0.7606056073988443,1.0,leptonic_bookkeeping,train,True,0.50562265163496
514736,tH,124.83570765056163,123.94966038564371,1,3,3,146.83166389813528,3.329770563201687,30.70819111482666,0.7606056073988443,1.0,leptonic_bookkeeping,test,True,0.50562265163496
963126,tH,124.83570765056163,123.94966038564371,1,3,3,146.83166389813528,3.329770563201687,30.70819111482666,0.7606056073988443,1.0,leptonic_bookkeeping,train,True,0.50562265163496
881890,tH,124.83570765056163,123.94966038564371,1,3,3,146.83166389813528,3.329770563201687,30.70819111482666,0.7606056073988443,1.0,leptonic_bookkeeping,train,True,0.50562265163496
408333,tH,124.83570765056163,123.94966038564371,1,3,3,146.83166389813528,3.329770563201687,30.70819111482666,0.7606056073988443,1.0,leptonic_bookkeeping,validation,True,0.50562265163496
380939,tH,124.83570765056163,123.94966038564371,1,3,3,146.83166389813528,3.329770563201687,30.70819111482666,0.7606056073988443,1.0,leptonic_bookkeeping,test,True,0.50562265163496
475690,tH,124.83570765056163,123.94966038564371,1,3,3,146.83166389813528,3.329770563201687,30.70819111482666,0.7606056073988443,1.0,leptonic_bookkeeping,train,True,0.50562265163496
582964,tH,124.83570765056163,123.94966038564371,1,3,3,146.83166389813528,3.329770563201687,30.70819111482666,0.7606056073988443,1.0,leptonic_bookkeeping,train,True,0.50562265163496
613188,tH,124.83570765056163,123.94966038564371,1,3,3,146.83166389813528,3.329770563201687,30.70819111482666,0.7606056073988443,1.0,leptonic_bookkeeping,train,True,0.50562265163496
735748,tH,124.83570765056163,123.94966038564371,1,3,3,146.83166389813528,3.329770563201687,30.70819111482666,0.7606056073988443,1.0,leptonic_bookkeeping,train,True,0.50562265163496
338616,tH,124.83570765056163,123.94966038564371,1,3,3,146.83166389813528,3.329770563201687,30.70819111482666,0.7606056073988443,1.0,leptonic_bookkeeping,test,True,0.50562265163496
669957,tH,124.83570765056163,123.94966038564371,1,3,3,146.83166389813528,3.329770563201687,30.70819111482666,0.7606056073988443,1.0,leptonic_bookkeeping,test,True,0.50562265163496
497803,tH,124.83570765056163,123.94966038564371,1,3,3,146.83166389813528,3.329770563201687,30.70819111482666,0.7606056073988443,1.0,leptonic_bookkeeping,train,True,0.50562265163496
282710,tH,124.83570765056163,123.94966038564371,1,3,3,146.83166389813528,3.329770563201687,30.70819111482666,0.7606056073988443,1.0,leptonic_bookkeeping,train,True,0.50562265163496
102246,tH,124.83570765056163,123.94966038564371,1,3,3,146.83166389813528,3.329770563201687,30.70819111482666,0.7606056073988443,1.0,leptonic_bookkeeping,test,True,0.50562265163496
413205,tH,124.83570765056163,123.94966038564371,1,3,3,146.83166389813528,3.329770563201687,30.70819111482666,0.7606056073988443,1.0,leptonic_bookkeeping,train,True,0.50562265163496
931175,tH,124.83570765056163,123.94966038564371,1,3,3,146.83166389813528,3.329770563201687,30.70819111482666,0.7606056073988443,1.0,leptonic_bookkeeping,train,True,0.50562265163496
791936,tH,124.83570765056163,123.94966038564371,1,3,3,146.83166389813528,3.329770563201687,30.70819111482666,0.7606056073988443,1.0,leptonic_bookkeeping,test,True,0.50562265163496
699545,tH,124.83570765056163,123.94966038564371,1,3,3,146.83166389813528,3.329770563201687,30.70819111482666,0.7606056073988443,1.0,leptonic_bookkeeping,test,True,0.50562265163496
783650,tH,124.83570765056163,123.94966038564371,1,3,3,146.83166389813528,3.329770563201687,30.70819111482666,0.7606056073988443,1.0,leptonic_bookkeeping,train,True,0.50562265163496
896598,tH,124.83570765056163,123.94966038564371,1,3,3,146.83166389813528,3.329770563201687,30.70819111482666,0.7606056073988443,1.0,leptonic_bookkeeping,test,True,0.50562265163496
497332,tH,124.83570765056163,123.94966038564371,1,3,3,146.83166389813528,3.329770563201687,30.70819111482666,0.7606056073988443,1.0,leptonic_bookkeeping,train,True,0.50562265163496
155970,tH,124.83570765056163,123.94966038564371,1,3,3,146.83166389813528,3.329770563201687,30.70819111482666,0.7606056073988443,1.0,leptonic_bookkeeping,train,True,0.50562265163496
86477,tH,124.83570765056163,123.94966038564371,1,3,3,146.83166389813528,3.329770563201687,30.70819111482666,0.7606056073988443,1.0,leptonic_bookkeeping,train,True,0.50562265163496
227113,tH,124.83570765056163,123.94966038564371,1,3,3,146.83166389813528,3.329770563201687,30.70819111482666,0.7606056073988443,1.0,leptonic_bookkeeping,train,True,0.50562265163496
547156,tH,124.83570765056163,123.94966038564371,1,3,3,146.83166389813528,3.329770563201687,30.70819111482666,0.7606056073988443,1.0,leptonic_bookkeeping,train,True,0.50562265163496
714345,tH,124.83570765056163,123.94966038564371,1,3,3,146.83166389813528,3.329770563201687,30.70819111482666,0.7606056073988443,1.0,leptonic_bookkeeping,train,True,0.50562265163496
403236,tH,124.83570765056163,123.94966038564371,1,3,3,146.83166389813528,3.329770563201687,30.70819111482666,0.7606056073988443,1.0,leptonic_bookkeeping,train,True,0.50562265163496
463877,tH,124.83570765056163,123.94966038564371,1,3,3,146.83166389813528,3.329770563201687,30.70819111482666,0.7606056073988443,1.0,leptonic_bookkeeping,test,True,0.50562265163496
954210,tH,124.83570765056163,123.94966038564371,1,3,3,146.83166389813528,3.329770563201687,30.70819111482666,0.7606056073988443,1.0,leptonic_bookkeeping,train,True,0.50562265163496
573691,tH,124.83570765056163,123.94966038564371,1,3,3,146.83166389813528,3.329770563201687,30.70819111482666,0.7606056073988443,1.0,leptonic_bookkeeping,validation,True,0.50562265163496
320667,tH,124.83570765056163,123.94966038564371,1,3,3,146.83166389813528,3.329770563201687,30.70819111482666,0.7606056073988443,1.0,leptonic_bookkeeping,train,True,0.50562265163496
724138,tH,124.83570765056163,123.94966038564371,1,3,3,146.83166389813528,3.329770563201687,30.70819111482666,0.7606056073988443,1.0,leptonic_bookkeeping,train,True,0.50562265163496
442991,tH,124.83570765056163,123.94966038564371,1,3,3,146.83166389813528,3.329770563201687,30.70819111482666,0.7606056073988443,1.0,leptonic_bookkeeping,test,True,0.50562265163496
269521,tH,124.83570765056163,123.94966038564371,1,3,3,146.83166389813528,3.329770563201687,30.70819111482666,0.7606056073988443,1.0,leptonic_bookkeeping,train,True,0.50562265163496
472650,tH,124.83570765056163,123.94966038564371,1,3,3,146.83166389813528,3.329770563201687,30.70819111482666,0.7606056073988443,1.0,leptonic_bookkeeping,test,True,0.50562265163496
20628,tH,124.83570765056163,123.94966038564371,1,3,3,146.83166389813528,3.329770563201687,30.70819111482666,0.7606056073988443,1.0,leptonic_bookkeeping,train,True,0.50562265163496
645248,tH,124.83570765056163,123.94966038564371,1,3,3,146.83166389813528,3.329770563201687,30.70819111482666,0.7606056073988443,1.0,leptonic_bookkeeping,train,True,0.50562265163496
174401,tH,124.83570765056163,123.94966038564371,1,3,3,146.83166389813528,3.329770563201687,30.70819111482666,0.7606056073988443,1.0,leptonic_bookkeeping,test,True,0.50562265163496
449628,tH,124.83570765056163,123.94966038564371,1,3,3,146.83166389813528,3.329770563201687,30.70819111482666,0.7606056073988443,1.0,leptonic_bookkeeping,validation,True,0.50562265163496
251302,tH,124.83570765056163,123.94966038564371,1,3,3,146.83166389813528,3.329770563201687,30.70819111482666,0.7606056073988443,1.0,leptonic_bookkeeping,train,True,0.50562265163496
784471,tH,124.83570765056163,123.94966038564371,1,3,3,146.83166389813528,3.329770563201687,30.70819111482666,0.7606056073988443,1.0,leptonic_bookkeeping,train,True,0.50562265163496
151603,tH,124.83570765056163,123.94966038564371,1,3,3,146.83166389813528,3.329770563201687,30.70819111482666,0.7606056073988443,1.0,leptonic_bookkeeping,validation,True,0.50562265163496
504089,tH,124.83570765056163,123.94966038564371,1,3,3,146.83166389813528,3.329770563201687,30.70819111482666,0.7606056073988443,1.0,leptonic_bookkeeping,test,True,0.50562265163496
394238,tH,124.83570765056163,123.94966038564371,1,3,3,146.83166389813528,3.329770563201687,30.70819111482666,0.7606056073988443,1.0,leptonic_bookkeeping,train,True,0.50562265163496
271949,tH,124.83570765056163,123.94966038564371,1,3,3,146.83166389813528,3.329770563201687,30.70819111482666,0.7606056073988443,1.0,leptonic_bookkeeping,train,True,0.50562265163496
395292,tH,124.83570765056163,123.94966038564371,1,3,3,146.83166389813528,3.329770563201687,30.70819111482666,0.7606056073988443,1.0,leptonic_bookkeeping,train,True,0.50562265163496
1310,tH,124.83570765056163,123.94966038564371,1,3,3,146.83166389813528,3.329770563201687,30.70819111482666,0.7606056073988443,1.0,leptonic_bookkeeping,train,True,0.50562265163496
923401,tH,124.83570765056163,123.94966038564371,1,3,3,146.83166389813528,3.329770563201687,30.70819111482666,0.7606056073988443,1.0,leptonic_bookkeeping,train,True,0.50562265163496
73867,tH,124.83570765056163,123.94966038564371,1,3,3,146.83166389813528,3.329770563201687,30.70819111482666,0.7606056073988443,1.0,leptonic_bookkeeping,train,True,0.50562265163496
410677,tH,124.83570765056163,123.94966038564371,1,3,3,146.83166389813528,3.329770563201687,30.70819111482666,0.7606056073988443,1.0,leptonic_bookkeeping,test,True,0.50562265163496
520498,tH,124.83570765056163,123.94966038564371,1,3,3,146.83166389813528,3.329770563201687,30.70819111482666,0.7606056073988443,1.0,leptonic_bookkeeping,train,True,0.50562265163496
834433,tH,124.83570765056163,123.94966038564371,1,3,3,146.83166389813528,3.329770563201687,30.70819111482666,0.7606056073988443,1.0,leptonic_bookkeeping,test,True,0.50562265163496
395410,tH,124.83570765056163,123.94966038564371,1,3,3,146.83166389813528,3.329770563201687,30.70819111482666,0.7606056073988443,1.0,leptonic_bookkeeping,train,True,0.50562265163496
709943,tH,124.83570765056163,123.94966038564371,1,3,3,146.83166389813528,3.329770563201687,30.70819111482666,0.7606056073988443,1.0,leptonic_bookkeeping,test,True,0.50562265163496
112796,tH,124.83570765056163,123.94966038564371,1,3,3,146.83166389813528,3.329770563201687,30.70819111482666,0.7606056073988443,1.0,leptonic_bookkeeping,test,True,0.50562265163496
202886,tH,124.83570765056163,123.94966038564371,1,3,3,146.83166389813528,3.329770563201687,30.70819111482666,0.7606056073988443,1.0,leptonic_bookkeeping,validation,True,0.50562265163496
664475,tH,124.83570765056163,123.94966038564371,1,3,3,146.83166389813528,3.329770563201687,30.70819111482666,0.7606056073988443,1.0,leptonic_bookkeeping,train,True,0.50562265163496
59283,tH,124.83570765056163,123.94966038564371,1,3,3,146.83166389813528,3.329770563201687,30.70819111482666,0.7606056073988443,1.0,leptonic_bookkeeping,validation,True,0.50562265163496
483115,tH,124.83570765056163,123.94966038564371,1,3,3,146.83166389813528,3.329770563201687,30.70819111482666,0.7606056073988443,1.0,leptonic_bookkeeping,test,True,0.50562265163496
264510,tH,124.83570765056163,123.94966038564371,1,3,3,146.83166389813528,3.329770563201687,30.70819111482666,0.7606056073988443,1.0,leptonic_bookkeeping,validation,True,0.50562265163496
590629,tH,124.83570765056163,123.94966038564371,1,3,3,146.83166389813528,3.329770563201687,30.70819111482666,0.7606056073988443,1.0,leptonic_bookkeeping,train,True,0.50562265163496
275862,tH,124.83570765056163,123.94966038564371,1,3,3,146.83166389813528,3.329770563201687,30.70819111482666,0.7606056073988443,1.0,leptonic_bookkeeping,validation,True,0.50562265163496
787062,tH,124.83570765056163,123.94966038564371,1,3,3,146.83166389813528,3.329770563201687,30.70819111482666,0.7606056073988443,1.0,leptonic_bookkeeping,train,True,0.50562265163496
101500,tH,124.83570765056163,123.94966038564371,1,3,3,146.83166389813528,3.329770563201687,30.70819111482666,0.7606056073988443,1.0,leptonic_bookkeeping,test,True,0.50562265163496
363105,tH,124.83570765056163,123.94966038564371,1,3,3,146.83166389813528,3.329770563201687,30.70819111482666,0.7606056073988443,1.0,leptonic_bookkeeping,train,True,0.50562265163496
723395,tH,124.83570765056163,123.94966038564371,1,3,3,146.83166389813528,3.329770563201687,30.70819111482666,0.7606056073988443,1.0,leptonic_bookkeeping,train,True,0.50562265163496
215417,tH,124.83570765056163,123.94966038564371,1,3,3,146.83166389813528,3.329770563201687,30.70819111482666,0.7606056073988443,1.0,leptonic_bookkeeping,test,True,0.50562265163496
166219,tH,124.83570765056163,123.94966038564371,1,3,3,146.83166389813528,3.329770563201687,30.70819111482666,0.7606056073988443,1.0,leptonic_bookkeeping,train,True,0.50562265163496
477447,tH,124.83570765056163,123.94966038564371,1,3,3,146.83166389813528,3.329770563201687,30.70819111482666,0.7606056073988443,1.0,leptonic_bookkeeping,train,True,0.50562265163496
800193,tH,124.83570765056163,123.94966038564371,1,3,3,146.83166389813528,3.329770563201687,30.70819111482666,0.7606056073988443,1.0,leptonic_bookkeeping,validation,True,0.50562265163496
136093,tH,124.83570765056163,123.94966038564371,1,3,3,146.83166389813528,3.329770563201687,30.70819111482666,0.7606056073988443,1.0,leptonic_bookkeeping,train,True,0.50562265163496
69889,tH,124.83570765056163,123.94966038564371,1,3,3,146.83166389813528,3.329770563201687,30.70819111482666,0.7606056073988443,1.0,leptonic_bookkeeping,validation,True,0.50562265163496
595103,tH,124.83570765056163,123.94966038564371,1,3,3,146.83166389813528,3.329770563201687,30.70819111482666,0.7606056073988443,1.0,leptonic_bookkeeping,validation,True,0.50562265163496
471387,tH,124.83570765056163,123.94966038564371,1,3,3,146.83166389813528,3.329770563201687,30.70819111482666,0.7606056073988443,1.0,leptonic_bookkeeping,validation,True,0.50562265163496
936734,tH,124.83570765056163,123.94966038564371,1,3,3,146.83166389813528,3.329770563201687,30.70819111482666,0.7606056073988443,1.0,leptonic_bookkeeping,test,True,0.50562265163496
937906,tH,124.83570765056163,123.94966038564371,1,3,3,146.83166389813528,3.329770563201687,30.70819111482666,0.7606056073988443,1.0,leptonic_bookkeeping,test,True,0.50562265163496
305048,tH,124.83570765056163,123.94966038564371,1,3,3,146.83166389813528,3.329770563201687,30.70819111482666,0.7606056073988443,1.0,leptonic_bookkeeping,train,True,0.50562265163496
325396,tH,124.83570765056163,123.94966038564371,1,3,3,146.83166389813528,3.329770563201687,30.70819111482666,0.7606056073988443,1.0,leptonic_bookkeeping,train,True,0.50562265163496
655368,tH,124.83570765056163,123.94966038564371,1,3,3,146.83166389813528,3.329770563201687,30.70819111482666,0.7606056073988443,1.0,leptonic_bookkeeping,train,True,0.50562265163496
987909,tH,124.83570765056163,123.94966038564371,1,3,3,146.83166389813528,3.329770563201687,30.70819111482666,0.7606056073988443,1.0,leptonic_bookkeeping,test,True,0.50562265163496
557280,tH,124.83570765056163,123.94966038564371,1,3,3,146.83166389813528,3.329770563201687,30.70819111482666,0.7606056073988443,1.0,leptonic_bookkeeping,train,True,0.50562265163496
921227,tH,124.83570765056163,123.94966038564371,1,3,3,146.83166389813528,3.329770563201687,30.70819111482666,0.7606056073988443,1.0,leptonic_bookkeeping,train,True,0.50562265163496
332795,tH,124.83570765056163,123.94966038564371,1,3,3,146.83166389813528,3.329770563201687,30.70819111482666,0.7606056073988443,1.0,leptonic_bookkeeping,train,True,0.50562265163496
891581,tH,124.83570765056163,123.94966038564371,1,3,3,146.83166389813528,3.329770563201687,30.70819111482666,0.7606056073988443,1.0,leptonic_bookkeeping,train,True,0.50562265163496
976186,tH,124.83570765056163,123.94966038564371,1,3,3,146.83166389813528,3.329770563201687,30.70819111482666,0.7606056073988443,1.0,leptonic_bookkeeping,validation,True,0.50562265163496
80320,tH,124.83570765056163,123.94966038564371,1,3,3,146.83166389813528,3.329770563201687,30.70819111482666,0.7606056073988443,1.0,leptonic_bookkeeping,validation,True,0.50562265163496
800014,tH,124.83570765056163,123.94966038564371,1,3,3,146.83166389813528,3.329770563201687,30.70819111482666,0.7606056073988443,1.0,leptonic_bookkeeping,validation,True,0.50562265163496
440924,tH,124.83570765056163,123.94966038564371,1,3,3,146.83166389813528,3.329770563201687,30.70819111482666,0.7606056073988443,1.0,leptonic_bookkeeping,validation,True,0.50562265163496
655391,tH,124.83570765056163,123.94966038564371,1,3,3,146.83166389813528,3.329770563201687,30.70819111482666,0.7606056073988443,1.0,leptonic_bookkeeping,train,True,0.50562265163496
999749,tH,124.83570765056163,123.94966038564371,1,3,3,146.83166389813528,3.329770563201687,30.70819111482666,0.7606056073988443,1.0,leptonic_bookkeeping,test,True,0.50562265163496
687261,tH,124.83570765056163,123.94966038564371,1,3,3,146.83166389813528,3.329770563201687,30.70819111482666,0.7606056073988443,1.0,leptonic_bookkeeping,validation,True,0.50562265163496
709104,tH,124.83570765056163,123.94966038564371,1,3,3,146.83166389813528,3.329770563201687,30.70819111482666,0.7606056073988443,1.0,leptonic_bookkeeping,validation,True,0.50562265163496
181514,tH,124.83570765056163,123.94966038564371,1,3,3,146.83166389813528,3.329770563201687,30.70819111482666,0.7606056073988443,1.0,leptonic_bookkeeping,validation,True,0.50562265163496
1389,tH,124.83570765056163,123.94966038564371,1,3,3,146.83166389813528,3.329770563201687,30.70819111482666,0.7606056073988443,1.0,leptonic_bookkeeping,train,True,0.50562265163496
52345,tH,124.83570765056163,123.94966038564371,1,3,3,146.83166389813528,3.329770563201687,30.70819111482666,0.7606056073988443,1.0,leptonic_bookkeeping,train,True,0.50562265163496
334383,tH,124.83570765056163,123.94966038564371,1,3,3,146.83166389813528,3.329770563201687,30.70819111482666,0.7606056073988443,1.0,leptonic_bookkeeping,train,True,0.50562265163496
967371,tH,124.83570765056163,123.94966038564371,1,3,3,146.83166389813528,3.329770563201687,30.70819111482666,0.7606056073988443,1.0,leptonic_bookkeeping,test,True,0.50562265163496
370914,tH,124.83570765056163,123.94966038564371,1,3,3,146.83166389813528,3.329770563201687,30.70819111482666,0.7606056073988443,1.0,leptonic_bookkeeping,test,True,0.50562265163496
549329,tH,124.83570765056163,123.94966038564371,1,3,3,146.83166389813528,3.329770563201687,30.70819111482666,0.7606056073988443,1.0,leptonic_bookkeeping,train,True,0.50562265163496
825422,tH,124.83570765056163,123.94966038564371,1,3,3,146.83166389813528,3.329770563201687,30.70819111482666,0.7606056073988443,1.0,leptonic_bookkeeping,train,True,0.50562265163496
770764,tH,124.83570765056163,123.94966038564371,1,3,3,146.83166389813528,3.329770563201687,30.70819111482666,0.7606056073988443,1.0,leptonic_bookkeeping,validation,True,0.50562265163496
58465,tH,124.83570765056163,123.94966038564371,1,3,3,146.83166389813528,3.329770563201687,30.70819111482666,0.7606056073988443,1.0,leptonic_bookkeeping,validation,True,0.50562265163496
270998,tH,124.83570765056163,123.94966038564371,1,3,3,146.83166389813528,3.329770563201687,30.70819111482666,0.7606056073988443,1.0,leptonic_bookkeeping,train,True,0.50562265163496
943580,tH,124.83570765056163,123.94966038564371,1,3,3,146.83166389813528,3.329770563201687,30.70819111482666,0.7606056073988443,1.0,leptonic_bookkeeping,train,True,0.50562265163496
279617,tH,124.83570765056163,123.94966038564371,1,3,3,146.83166389813528,3.329770563201687,30.70819111482666,0.7606056073988443,1.0,leptonic_bookkeeping,train,True,0.50562265163496
207812,tH,124.83570765056163,123.94966038564371,1,3,3,146.83166389813528,3.329770563201687,30.70819111482666,0.7606056073988443,1.0,leptonic_bookkeeping,train,True,0.50562265163496
216348,tH,124.83570765056163,123.94966038564371,1,3,3,146.83166389813528,3.329770563201687,30.70819111482666,0.7606056073988443,1.0,leptonic_bookkeeping,test,True,0.50562265163496
292134,tH,124.83570765056163,123.94966038564371,1,3,3,146.83166389813528,3.329770563201687,30.70819111482666,0.7606056073988443,1.0,leptonic_bookkeeping,train,True,0.50562265163496
636696,tH,124.83570765056163,123.94966038564371,1,3,3,146.83166389813528,3.329770563201687,30.70819111482666,0.7606056073988443,1.0,leptonic_bookkeeping,validation,True,0.50562265163496
864992,tH,124.83570765056163,123.94966038564371,1,3,3,146.83166389813528,3.329770563201687,30.70819111482666,0.7606056073988443,1.0,leptonic_bookkeeping,test,True,0.50562265163496
650783,tH,124.83570765056163,123.94966038564371,1,3,3,146.83166389813528,3.329770563201687,30.70819111482666,0.7606056073988443,1.0,leptonic_bookkeeping,train,True,0.50562265163496
738490,tH,124.83570765056163,123.94966038564371,1,3,3,146.83166389813528,3.329770563201687,30.70819111482666,0.7606056073988443,1.0,leptonic_bookkeeping,validation,True,0.50562265163496
482332,tH,124.83570765056163,123.94966038564371,1,3,3,146.83166389813528,3.329770563201687,30.70819111482666,0.7606056073988443,1.0,leptonic_bookkeeping,validation,True,0.50562265163496
971130,tH,124.83570765056163,123.94966038564371,1,3,3,146.83166389813528,3.329770563201687,30.70819111482666,0.7606056073988443,1.0,leptonic_bookkeeping,train,True,0.50562265163496
233387,tH,124.83570765056163,123.94966038564371,1,3,3,146.83166389813528,3.329770563201687,30.70819111482666,0.7606056073988443,1.0,leptonic_bookkeeping,validation,True,0.50562265163496
27475,tH,124.83570765056163,123.94966038564371,1,3,3,146.83166389813528,3.329770563201687,30.70819111482666,0.7606056073988443,1.0,leptonic_bookkeeping,validation,True,0.50562265163496
755709,tH,124.83570765056163,123.94966038564371,1,3,3,146.83166389813528,3.329770563201687,30.70819111482666,0.7606056073988443,1.0,leptonic_bookkeeping,train,True,0.50562265163496
744832,tH,124.83570765056163,123.94966038564371,1,3,3,146.83166389813528,3.329770563201687,30.70819111482666,0.7606056073988443,1.0,leptonic_bookkeeping,train,True,0.50562265163496
870086,tH,124.83570765056163,123.94966038564371,1,3,3,146.83166389813528,3.329770563201687,30.70819111482666,0.7606056073988443,1.0,leptonic_bookkeeping,train,True,0.50562265163496
926368,tH,124.83570765056163,123.94966038564371,1,3,3,146.83166389813528,3.329770563201687,30.70819111482666,0.7606056073988443,1.0,leptonic_bookkeeping,test,True,0.50562265163496
625580,tH,124.83570765056163,123.94966038564371,1,3,3,146.83166389813528,3.329770563201687,30.70819111482666,0.7606056073988443,1.0,leptonic_bookkeeping,validation,True,0.50562265163496
142473,tH,124.83570765056163,123.94966038564371,1,3,3,146.83166389813528,3.329770563201687,30.70819111482666,0.7606056073988443,1.0,leptonic_bookkeeping,test,True,0.50562265163496
938742,tH,124.83570765056163,123.94966038564371,1,3,3,146.83166389813528,3.329770563201687,30.70819111482666,0.7606056073988443,1.0,leptonic_bookkeeping,train,True,0.50562265163496
328801,tH,124.83570765056163,123.94966038564371,1,3,3,146.83166389813528,3.329770563201687,30.70819111482666,0.7606056073988443,1.0,leptonic_bookkeeping,test,True,0.50562265163496
919696,tH,124.83570765056163,123.94966038564371,1,3,3,146.83166389813528,3.329770563201687,30.70819111482666,0.7606056073988443,1.0,leptonic_bookkeeping,train,True,0.50562265163496
800804,tH,124.83570765056163,123.94966038564371,1,3,3,146.83166389813528,3.329770563201687,30.70819111482666,0.7606056073988443,1.0,leptonic_bookkeeping,validation,True,0.50562265163496
160084,tH,124.83570765056163,123.94966038564371,1,3,3,146.83166389813528,3.329770563201687,30.70819111482666,0.7606056073988443,1.0,leptonic_bookkeeping,train,True,0.50562265163496
397033,tH,124.83570765056163,123.94966038564371,1,3,3,146.83166389813528,3.329770563201687,30.70819111482666,0.7606056073988443,1.0,leptonic_bookkeeping,train,True,0.50562265163496
984868,tH,124.83570765056163,123.94966038564371,1,3,3,146.83166389813528,3.329770563201687,30.70819111482666,0.7606056073988443,1.0,leptonic_bookkeeping,train,True,0.50562265163496
696492,tH,124.83570765056163,123.94966038564371,1,3,3,146.83166389813528,3.329770563201687,30.70819111482666,0.7606056073988443,1.0,leptonic_bookkeeping,train,True,0.50562265163496
732896,tH,124.83570765056163,123.94966038564371,1,3,3,146.83166389813528,3.329770563201687,30.70819111482666,0.7606056073988443,1.0,leptonic_bookkeeping,train,True,0.50562265163496
861826,tH,124.83570765056163,123.94966038564371,1,3,3,146.83166389813528,3.329770563201687,30.70819111482666,0.7606056073988443,1.0,leptonic_bookkeeping,train,True,0.50562265163496
361503,tH,124.83570765056163,123.94966038564371,1,3,3,146.83166389813528,3.329770563201687,30.70819111482666,0.7606056073988443,1.0,leptonic_bookkeeping,train,True,0.50562265163496
536187,tH,124.83570765056163,123.94966038564371,1,3,3,146.83166389813528,3.329770563201687,30.70819111482666,0.7606056073988443,1.0,leptonic_bookkeeping,train,True,0.50562265163496
680905,tH,124.83570765056163,123.94966038564371,1,3,3,146.83166389813528,3.329770563201687,30.70819111482666,0.7606056073988443,1.0,leptonic_bookkeeping,train,True,0.50562265163496
466071,tH,124.83570765056163,123.94966038564371,1,3,3,146.83166389813528,3.329770563201687,30.70819111482666,0.7606056073988443,1.0,leptonic_bookkeeping,train,True,0.50562265163496
7083,tH,124.83570765056163,123.94966038564371,1,3,3,146.83166389813528,3.329770563201687,30.70819111482666,0.7606056073988443,1.0,leptonic_bookkeeping,validation,True,0.50562265163496
62012,tH,124.83570765056163,123.94966038564371,1,3,3,146.83166389813528,3.329770563201687,30.70819111482666,0.7606056073988443,1.0,leptonic_bookkeeping,train,True,0.50562265163496
700173,tH,124.83570765056163,123.94966038564371,1,3,3,146.83166389813528,3.329770563201687,30.70819111482666,0.7606056073988443,1.0,leptonic_bookkeeping,test,True,0.50562265163496
416455,tH,124.83570765056163,123.94966038564371,1,3,3,146.83166389813528,3.329770563201687,30.70819111482666,0.7606056073988443,1.0,leptonic_bookkeeping,train,True,0.50562265163496
928056,tH,124.83570765056163,123.94966038564371,1,3,3,146.83166389813528,3.329770563201687,30.70819111482666,0.7606056073988443,1.0,leptonic_bookkeeping,train,True,0.50562265163496
348340,tH,124.83570765056163,123.94966038564371,1,3,3,146.83166389813528,3.329770563201687,30.70819111482666,0.7606056073988443,1.0,leptonic_bookkeeping,validation,True,0.50562265163496
666228,tH,124.83570765056163,123.94966038564371,1,3,3,146.83166389813528,3.329770563201687,30.70819111482666,0.7606056073988443,1.0,leptonic_bookkeeping,validation,True,0.50562265163496
649294,tH,124.83570765056163,123.94966038564371,1,3,3,146.83166389813528,3.329770563201687,30.70819111482666,0.7606056073988443,1.0,leptonic_bookkeeping,test,True,0.50562265163496
550141,tH,124.83570765056163,123.94966038564371,1,3,3,146.83166389813528,3.329770563201687,30.70819111482666,0.7606056073988443,1.0,leptonic_bookkeeping,train,True,0.50562265163496
102308,tH,124.83570765056163,123.94966038564371,1,3,3,146.83166389813528,3.329770563201687,30.70819111482666,0.7606056073988443,1.0,leptonic_bookkeeping,test,True,0.50562265163496
927023,tH,124.83570765056163,123.94966038564371,1,3,3,146.83166389813528,3.329770563201687,30.70819111482666,0.7606056073988443,1.0,leptonic_bookkeeping,test,True,0.50562265163496
241828,tH,124.83570765056163,123.94966038564371,1,3,3,146.83166389813528,3.329770563201687,30.70819111482666,0.7606056073988443,1.0,leptonic_bookkeeping,train,True,0.50562265163496
467891,tH,124.83570765056163,123.94966038564371,1,3,3,146.83166389813528,3.329770563201687,30.70819111482666,0.7606056073988443,1.0,leptonic_bookkeeping,train,True,0.50562265163496
533044,tH,124.83570765056163,123.94966038564371,1,3,3,146.83166389813528,3.329770563201687,30.70819111482666,0.7606056073988443,1.0,leptonic_bookkeeping,validation,True,0.50562265163496
777734,tH,124.83570765056163,123.94966038564371,1,3,3,146.83166389813528,3.329770563201687,30.70819111482666,0.7606056073988443,1.0,leptonic_bookkeeping,train,True,0.50562265163496
896876,tH,124.83570765056163,123.94966038564371,1,3,3,146.83166389813528,3.329770563201687,30.70819111482666,0.7606056073988443,1.0,leptonic_bookkeeping,test,True,0.50562265163496
728078,tH,124.83570765056163,123.94966038564371,1,3,3,146.83166389813528,3.329770563201687,30.70819111482666,0.7606056073988443,1.0,leptonic_bookkeeping,validation,True,0.50562265163496
318989,tH,124.83570765056163,123.94966038564371,1,3,3,146.83166389813528,3.329770563201687,30.70819111482666,0.7606056073988443,1.0,leptonic_bookkeeping,test,True,0.50562265163496
809503,tH,124.83570765056163,123.94966038564371,1,3,3,146.83166389813528,3.329770563201687,30.70819111482666,0.7606056073988443,1.0,leptonic_bookkeeping,train,True,0.50562265163496
205719,tH,124.83570765056163,123.94966038564371,1,3,3,146.83166389813528,3.329770563201687,30.70819111482666,0.7606056073988443,1.0,leptonic_bookkeeping,test,True,0.50562265163496
646714,tH,124.83570765056163,123.94966038564371,1,3,3,146.83166389813528,3.329770563201687,30.70819111482666,0.7606056073988443,1.0,leptonic_bookkeeping,validation,True,0.50562265163496
839695,tH,124.83570765056163,123.94966038564371,1,3,3,146.83166389813528,3.329770563201687,30.70819111482666,0.7606056073988443,1.0,leptonic_bookkeeping,train,True,0.50562265163496
128697,tH,124.83570765056163,123.94966038564371,1,3,3,146.83166389813528,3.329770563201687,30.70819111482666,0.7606056073988443,1.0,leptonic_bookkeeping,train,True,0.50562265163496
410703,tH,124.83570765056163,123.94966038564371,1,3,3,146.83166389813528,3.329770563201687,30.70819111482666,0.7606056073988443,1.0,leptonic_bookkeeping,test,True,0.50562265163496
247119,tH,124.83570765056163,123.94966038564371,1,3,3,146.83166389813528,3.329770563201687,30.70819111482666,0.7606056073988443,1.0,leptonic_bookkeeping,test,True,0.50562265163496
767194,tH,124.83570765056163,123.94966038564371,1,3,3,146.83166389813528,3.329770563201687,30.70819111482666,0.7606056073988443,1.0,leptonic_bookkeeping,train,True,0.50562265163496
5174,tH,124.83570765056163,123.94966038564371,1,3,3,146.83166389813528,3.329770563201687,30.70819111482666,0.7606056073988443,1.0,leptonic_bookkeeping,train,True,0.50562265163496
876835,tH,124.83570765056163,123.94966038564371,1,3,3,146.83166389813528,3.329770563201687,30.70819111482666,0.7606056073988443,1.0,leptonic_bookkeeping,train,True,0.50562265163496
534367,tH,124.83570765056163,123.94966038564371,1,3,3,146.83166389813528,3.329770563201687,30.70819111482666,0.7606056073988443,1.0,leptonic_bookkeeping,test,True,0.50562265163496
176055,tH,124.83570765056163,123.94966038564371,1,3,3,146.83166389813528,3.329770563201687,30.70819111482666,0.7606056073988443,1.0,leptonic_bookkeeping,train,True,0.50562265163496
966922,tH,124.83570765056163,123.94966038564371,1,3,3,146.83166389813528,3.329770563201687,30.70819111482666,0.7606056073988443,1.0,leptonic_bookkeeping,validation,True,0.50562265163496
98446,tH,124.83570765056163,123.94966038564371,1,3,3,146.83166389813528,3.329770563201687,30.70819111482666,0.7606056073988443,1.0,leptonic_bookkeeping,train,True,0.50562265163496
667665,tH,124.83570765056163,123.94966038564371,1,3,3,146.83166389813528,3.329770563201687,30.70819111482666,0.7606056073988443,1.0,leptonic_bookkeeping,validation,True,0.50562265163496
913231,tH,124.83570765056163,123.94966038564371,1,3,3,146.83166389813528,3.329770563201687,30.70819111482666,0.7606056073988443,1.0,leptonic_bookkeeping,train,True,0.50562265163496
885512,tH,124.83570765056163,123.94966038564371,1,3,3,146.83166389813528,3.329770563201687,30.70819111482666,0.7606056073988443,1.0,leptonic_bookkeeping,test,True,0.50562265163496
926899,tH,124.83570765056163,123.94966038564371,1,3,3,146.83166389813528,3.329770563201687,30.70819111482666,0.7606056073988443,1.0,leptonic_bookkeeping,test,True,0.50562265163496
58822,tH,124.83570765056163,123.94966038564371,1,3,3,146.83166389813528,3.329770563201687,30.70819111482666,0.7606056073988443,1.0,leptonic_bookkeeping,validation,True,0.50562265163496
551911,tH,124.83570765056163,123.94966038564371,1,3,3,146.83166389813528,3.329770563201687,30.70819111482666,0.7606056073988443,1.0,leptonic_bookkeeping,train,True,0.50562265163496
389834,tH,124.83570765056163,123.94966038564371,1,3,3,146.83166389813528,3.329770563201687,30.70819111482666,0.7606056073988443,1.0,leptonic_bookkeeping,test,True,0.50562265163496
960760,tH,124.83570765056163,123.94966038564371,1,3,3,146.83166389813528,3.329770563201687,30.70819111482666,0.7606056073988443,1.0,leptonic_bookkeeping,train,True,0.50562265163496
861181,tH,124.83570765056163,123.94966038564371,1,3,3,146.83166389813528,3.329770563201687,30.70819111482666,0.7606056073988443,1.0,leptonic_bookkeeping,train,True,0.50562265163496
186566,tH,124.83570765056163,123.94966038564371,1,3,3,146.83166389813528,3.329770563201687,30.70819111482666,0.7606056073988443,1.0,leptonic_bookkeeping,train,True,0.50562265163496
836943,tH,124.83570765056163,123.94966038564371,1,3,3,146.83166389813528,3.329770563201687,30.70819111482666,0.7606056073988443,1.0,leptonic_bookkeeping,train,True,0.50562265163496
67824,tH,124.83570765056163,123.94966038564371,1,3,3,146.83166389813528,3.329770563201687,30.70819111482666,0.7606056073988443,1.0,leptonic_bookkeeping,train,True,0.50562265163496
289163,tH,124.83570765056163,123.94966038564371,1,3,3,146.83166389813528,3.329770563201687,30.70819111482666,0.7606056073988443,1.0,leptonic_bookkeeping,train,True,0.50562265163496
951217,tH,124.83570765056163,123.94966038564371,1,3,3,146.83166389813528,3.329770563201687,30.70819111482666,0.7606056073988443,1.0,leptonic_bookkeeping,train,True,0.50562265163496
649885,tH,124.83570765056163,123.94966038564371,1,3,3,146.83166389813528,3.329770563201687,30.70819111482666,0.7606056073988443,1.0,leptonic_bookkeeping,train,True,0.50562265163496
571697,tH,124.83570765056163,123.94966038564371,1,3,3,146.83166389813528,3.329770563201687,30.70819111482666,0.7606056073988443,1.0,leptonic_bookkeeping,train,True,0.50562265163496
96396,tH,124.83570765056163,123.94966038564371,1,3,3,146.83166389813528,3.329770563201687,30.70819111482666,0.7606056073988443,1.0,leptonic_bookkeeping,train,True,0.50562265163496
262349,tH,124.83570765056163,123.94966038564371,1,3,3,146.83166389813528,3.329770563201687,30.70819111482666,0.7606056073988443,1.0,leptonic_bookkeeping,train,True,0.50562265163496
540557,tH,124.83570765056163,123.94966038564371,1,3,3,146.83166389813528,3.329770563201687,30.70819111482666,0.7606056073988443,1.0,leptonic_bookkeeping,train,True,0.50562265163496
412436,tH,124.83570765056163,123.94966038564371,1,3,3,146.83166389813528,3.329770563201687,30.70819111482666,0.7606056073988443,1.0,leptonic_bookkeeping,train,True,0.50562265163496
67036,tH,124.83570765056163,123.94966038564371,1,3,3,146.83166389813528,3.329770563201687,30.70819111482666,0.7606056073988443,1.0,leptonic_bookkeeping,train,True,0.50562265163496
608576,tH,124.83570765056163,123.94966038564371,1,3,3,146.83166389813528,3.329770563201687,30.70819111482666,0.7606056073988443,1.0,leptonic_bookkeeping,train,True,0.50562265163496
591991,tH,124.83570765056163,123.94966038564371,1,3,3,146.83166389813528,3.329770563201687,30.70819111482666,0.7606056073988443,1.0,leptonic_bookkeeping,train,True,0.50562265163496
169228,tH,124.83570765056163,123.94966038564371,1,3,3,146.83166389813528,3.329770563201687,30.70819111482666,0.7606056073988443,1.0,leptonic_bookkeeping,train,True,0.50562265163496
920605,tH,124.83570765056163,123.94966038564371,1,3,3,146.83166389813528,3.329770563201687,30.70819111482666,0.7606056073988443,1.0,leptonic_bookkeeping,train,True,0.50562265163496
562989,tH,124.83570765056163,123.94966038564371,1,3,3,146.83166389813528,3.329770563201687,30.70819111482666,0.7606056073988443,1.0,leptonic_bookkeeping,validation,True,0.50562265163496
515103,tH,124.83570765056163,123.94966038564371,1,3,3,146.83166389813528,3.329770563201687,30.70819111482666,0.7606056073988443,1.0,leptonic_bookkeeping,test,True,0.50562265163496
376139,tH,124.83570765056163,123.94966038564371,1,3,3,146.83166389813528,3.329770563201687,30.70819111482666,0.7606056073988443,1.0,leptonic_bookkeeping,train,True,0.50562265163496
662425,tH,124.83570765056163,123.94966038564371,1,3,3,146.83166389813528,3.329770563201687,30.70819111482666,0.7606056073988443,1.0,leptonic_bookkeeping,train,True,0.50562265163496
905810,tH,124.83570765056163,123.94966038564371,1,3,3,146.83166389813528,3.329770563201687,30.70819111482666,0.7606056073988443,1.0,leptonic_bookkeeping,test,True,0.50562265163496
74063,tH,124.83570765056163,123.94966038564371,1,3,3,146.83166389813528,3.329770563201687,30.70819111482666,0.7606056073988443,1.0,leptonic_bookkeeping,train,True,0.50562265163496
410892,tH,124.83570765056163,123.94966038564371,1,3,3,146.83166389813528,3.329770563201687,30.70819111482666,0.7606056073988443,1.0,leptonic_bookkeeping,test,True,0.50562265163496
353865,tH,124.83570765056163,123.94966038564371,1,3,3,146.83166389813528,3.329770563201687,30.70819111482666,0.7606056073988443,1.0,leptonic_bookkeeping,train,True,0.50562265163496
91118,tH,124.83570765056163,123.94966038564371,1,3,3,146.83166389813528,3.329770563201687,30.70819111482666,0.7606056073988443,1.0,leptonic_bookkeeping,test,True,0.50562265163496
678467,tH,124.83570765056163,123.94966038564371,1,3,3,146.83166389813528,3.329770563201687,30.70819111482666,0.7606056073988443,1.0,leptonic_bookkeeping,test,True,0.50562265163496
635072,tH,124.83570765056163,123.94966038564371,1,3,3,146.83166389813528,3.329770563201687,30.70819111482666,0.7606056073988443,1.0,leptonic_bookkeeping,validation,True,0.50562265163496
14661,tH,124.83570765056163,123.94966038564371,1,3,3,146.83166389813528,3.329770563201687,30.70819111482666,0.7606056073988443,1.0,leptonic_bookkeeping,train,True,0.50562265163496
279239,tH,124.83570765056163,123.94966038564371,1,3,3,146.83166389813528,3.329770563201687,30.70819111482666,0.7606056073988443,1.0,leptonic_bookkeeping,train,True,0.50562265163496
483115,tH,124.83570765056163,123.94966038564371,1,3,3,146.83166389813528,3.329770563201687,30.70819111482666,0.7606056073988443,1.0,leptonic_bookkeeping,test,True,0.50562265163496
37538,tH,124.83570765056163,123.94966038564371,1,3,3,146.83166389813528,3.329770563201687,30.70819111482666,0.7606056073988443,1.0,leptonic_bookkeeping,validation,True,0.50562265163496
431065,tH,124.83570765056163,123.94966038564371,1,3,3,146.83166389813528,3.329770563201687,30.70819111482666,0.7606056073988443,1.0,leptonic_bookkeeping,test,True,0.50562265163496
965920,tH,124.83570765056163,123.94966038564371,1,3,3,146.83166389813528,3.329770563201687,30.70819111482666,0.7606056073988443,1.0,leptonic_bookkeeping,validation,True,0.50562265163496
440065,tH,124.83570765056163,123.94966038564371,1,3,3,146.83166389813528,3.329770563201687,30.70819111482666,0.7606056073988443,1.0,leptonic_bookkeeping,validation,True,0.50562265163496
966938,tH,124.83570765056163,123.94966038564371,1,3,3,146.83166389813528,3.329770563201687,30.70819111482666,0.7606056073988443,1.0,leptonic_bookkeeping,validation,True,0.50562265163496
410558,tH,124.83570765056163,123.94966038564371,1,3,3,146.83166389813528,3.329770563201687,30.70819111482666,0.7606056073988443,1.0,leptonic_bookkeeping,test,True,0.50562265163496
792212,tH,124.83570765056163,123.94966038564371,1,3,3,146.83166389813528,3.329770563201687,30.70819111482666,0.7606056073988443,1.0,leptonic_bookkeeping,test,True,0.50562265163496
422597,tH,124.83570765056163,123.94966038564371,1,3,3,146.83166389813528,3.329770563201687,30.70819111482666,0.7606056073988443,1.0,leptonic_bookkeeping,test,True,0.50562265163496
676266,tH,124.83570765056163,123.94966038564371,1,3,3,146.83166389813528,3.329770563201687,30.70819111482666,0.7606056073988443,1.0,leptonic_bookkeeping,train,True,0.50562265163496
923643,tH,124.83570765056163,123.94966038564371,1,3,3,146.83166389813528,3.329770563201687,30.70819111482666,0.7606056073988443,1.0,leptonic_bookkeeping,train,True,0.50562265163496
71344,tH,124.83570765056163,123.94966038564371,1,3,3,146.83166389813528,3.329770563201687,30.70819111482666,0.7606056073988443,1.0,leptonic_bookkeeping,test,True,0.50562265163496
827229,tH,124.83570765056163,123.94966038564371,1,3,3,146.83166389813528,3.329770563201687,30.70819111482666,0.7606056073988443,1.0,leptonic_bookkeeping,train,True,0.50562265163496
484655,tH,124.83570765056163,123.94966038564371,1,3,3,146.83166389813528,3.329770563201687,30.70819111482666,0.7606056073988443,1.0,leptonic_bookkeeping,train,True,0.50562265163496
783078,tH,124.83570765056163,123.94966038564371,1,3,3,146.83166389813528,3.329770563201687,30.70819111482666,0.7606056073988443,1.0,leptonic_bookkeeping,test,True,0.50562265163496
391542,tH,124.83570765056163,123.94966038564371,1,3,3,146.83166389813528,3.329770563201687,30.70819111482666,0.7606056073988443,1.0,leptonic_bookkeeping,test,True,0.50562265163496
986814,tH,124.83570765056163,123.94966038564371,1,3,3,146.83166389813528,3.329770563201687,30.70819111482666,0.7606056073988443,1.0,leptonic_bookkeeping,validation,True,0.50562265163496
273230,tH,124.83570765056163,123.94966038564371,1,3,3,146.83166389813528,3.329770563201687,30.70819111482666,0.7606056073988443,1.0,leptonic_bookkeeping,train,True,0.50562265163496
644494,tH,124.83570765056163,123.94966038564371,1,3,3,146.83166389813528,3.329770563201687,30.70819111482666,0.7606056073988443,1.0,leptonic_bookkeeping,train,True,0.50562265163496
956262,tH,124.83570765056163,123.94966038564371,1,3,3,146.83166389813528,3.329770563201687,30.70819111482666,0.7606056073988443,1.0,leptonic_bookkeeping,validation,True,0.50562265163496
697170,tH,124.83570765056163,123.94966038564371,1,3,3,146.83166389813528,3.329770563201687,30.70819111482666,0.7606056073988443,1.0,leptonic_bookkeeping,validation,True,0.50562265163496
88690,tH,124.83570765056163,123.94966038564371,1,3,3,146.83166389813528,3.329770563201687,30.70819111482666,0.7606056073988443,1.0,leptonic_bookkeeping,validation,True,0.50562265163496
825744,tH,124.83570765056163,123.94966038564371,1,3,3,146.83166389813528,3.329770563201687,30.70819111482666,0.7606056073988443,1.0,leptonic_bookkeeping,train,True,0.50562265163496
138496,tH,124.83570765056163,123.94966038564371,1,3,3,146.83166389813528,3.329770563201687,30.70819111482666,0.7606056073988443,1.0,leptonic_bookkeeping,train,True,0.50562265163496
365226,tH,124.83570765056163,123.94966038564371,1,3,3,146.83166389813528,3.329770563201687,30.70819111482666,0.7606056073988443,1.0,leptonic_bookkeeping,train,True,0.50562265163496
951382,tH,124.83570765056163,123.94966038564371,1,3,3,146.83166389813528,3.329770563201687,30.70819111482666,0.7606056073988443,1.0,leptonic_bookkeeping,train,True,0.50562265163496
278515,tH,124.83570765056163,123.94966038564371,1,3,3,146.83166389813528,3.329770563201687,30.70819111482666,0.7606056073988443,1.0,leptonic_bookkeeping,train,True,0.50562265163496
490440,tH,124.83570765056163,123.94966038564371,1,3,3,146.83166389813528,3.329770563201687,30.70819111482666,0.7606056073988443,1.0,leptonic_bookkeeping,train,True,0.50562265163496
278111,tH,124.83570765056163,123.94966038564371,1,3,3,146.83166389813528,3.329770563201687,30.70819111482666,0.7606056073988443,1.0,leptonic_bookkeeping,test,True,0.50562265163496
106442,tH,124.83570765056163,123.94966038564371,1,3,3,146.83166389813528,3.329770563201687,30.70819111482666,0.7606056073988443,1.0,leptonic_bookkeeping,train,True,0.50562265163496
626383,tH,124.83570765056163,123.94966038564371,1,3,3,146.83166389813528,3.329770563201687,30.70819111482666,0.7606056073988443,1.0,leptonic_bookkeeping,validation,True,0.50562265163496
409130,tH,124.83570765056163,123.94966038564371,1,3,3,146.83166389813528,3.329770563201687,30.70819111482666,0.7606056073988443,1.0,leptonic_bookkeeping,validation,True,0.50562265163496
901997,tH,124.83570765056163,123.94966038564371,1,3,3,146.83166389813528,3.329770563201687,30.70819111482666,0.7606056073988443,1.0,leptonic_bookkeeping,train,True,0.50562265163496
239038,tH,124.83570765056163,123.94966038564371,1,3,3,146.83166389813528,3.329770563201687,30.70819111482666,0.7606056073988443,1.0,leptonic_bookkeeping,train,True,0.50562265163496
254759,tH,124.83570765056163,123.94966038564371,1,3,3,146.83166389813528,3.329770563201687,30.70819111482666,0.7606056073988443,1.0,leptonic_bookkeeping,validation,True,0.50562265163496
674799,tH,124.83570765056163,123.94966038564371,1,3,3,146.83166389813528,3.329770563201687,30.70819111482666,0.7606056073988443,1.0,leptonic_bookkeeping,train,True,0.50562265163496
681099,tH,124.83570765056163,123.94966038564371,1,3,3,146.83166389813528,3.329770563201687,30.70819111482666,0.7606056073988443,1.0,leptonic_bookkeeping,train,True,0.50562265163496
563310,tH,124.83570765056163,123.94966038564371,1,3,3,146.83166389813528,3.329770563201687,30.70819111482666,0.7606056073988443,1.0,leptonic_bookkeeping,validation,True,0.50562265163496
576570,tH,124.83570765056163,123.94966038564371,1,3,3,146.83166389813528,3.329770563201687,30.70819111482666,0.7606056073988443,1.0,leptonic_bookkeeping,test,True,0.50562265163496
197515,tH,124.83570765056163,123.94966038564371,1,3,3,146.83166389813528,3.329770563201687,30.70819111482666,0.7606056073988443,1.0,leptonic_bookkeeping,train,True,0.50562265163496
784885,tH,124.83570765056163,123.94966038564371,1,3,3,146.83166389813528,3.329770563201687,30.70819111482666,0.7606056073988443,1.0,leptonic_bookkeeping,train,True,0.50562265163496
129577,tH,124.83570765056163,123.94966038564371,1,3,3,146.83166389813528,3.329770563201687,30.70819111482666,0.7606056073988443,1.0,leptonic_bookkeeping,train,True,0.50562265163496
534937,tH,124.83570765056163,123.94966038564371,1,3,3,146.83166389813528,3.329770563201687,30.70819111482666,0.7606056073988443,1.0,leptonic_bookkeeping,test,True,0.50562265163496
280235,tH,124.83570765056163,123.94966038564371,1,3,3,146.83166389813528,3.329770563201687,30.70819111482666,0.7606056073988443,1.0,leptonic_bookkeeping,train,True,0.50562265163496
200971,tH,124.83570765056163,123.94966038564371,1,3,3,146.83166389813528,3.329770563201687,30.70819111482666,0.7606056073988443,1.0,leptonic_bookkeeping,train,True,0.50562265163496
362328,tH,124.83570765056163,123.94966038564371,1,3,3,146.83166389813528,3.329770563201687,30.70819111482666,0.7606056073988443,1.0,leptonic_bookkeeping,train,True,0.50562265163496
301839,tH,124.83570765056163,123.94966038564371,1,3,3,146.83166389813528,3.329770563201687,30.70819111482666,0.7606056073988443,1.0,leptonic_bookkeeping,train,True,0.50562265163496
199181,tH,124.83570765056163,123.94966038564371,1,3,3,146.83166389813528,3.329770563201687,30.70819111482666,0.7606056073988443,1.0,leptonic_bookkeeping,train,True,0.50562265163496
817157,tH,124.83570765056163,123.94966038564371,1,3,3,146.83166389813528,3.329770563201687,30.70819111482666,0.7606056073988443,1.0,leptonic_bookkeeping,train,True,0.50562265163496
124634,tH,124.83570765056163,123.94966038564371,1,3,3,146.83166389813528,3.329770563201687,30.70819111482666,0.7606056073988443,1.0,leptonic_bookkeeping,train,True,0.50562265163496
586851,tH,124.83570765056163,123.94966038564371,1,3,3,146.83166389813528,3.329770563201687,30.70819111482666,0.7606056073988443,1.0,leptonic_bookkeeping,test,True,0.50562265163496
555114,tH,124.83570765056163,123.94966038564371,1,3,3,146.83166389813528,3.329770563201687,30.70819111482666,0.7606056073988443,1.0,leptonic_bookkeeping,test,True,0.50562265163496
541499,tH,124.83570765056163,123.94966038564371,1,3,3,146.83166389813528,3.329770563201687,30.70819111482666,0.7606056073988443,1.0,leptonic_bookkeeping,train,True,0.50562265163496
790895,tH,124.83570765056163,123.94966038564371,1,3,3,146.83166389813528,3.329770563201687,30.70819111482666,0.7606056073988443,1.0,leptonic_bookkeeping,validation,True,0.50562265163496
163504,tH,124.83570765056163,123.94966038564371,1,3,3,146.83166389813528,3.329770563201687,30.70819111482666,0.7606056073988443,1.0,leptonic_bookkeeping,test,True,0.50562265163496
189509,tH,124.83570765056163,123.94966038564371,1,3,3,146.83166389813528,3.329770563201687,30.70819111482666,0.7606056073988443,1.0,leptonic_bookkeeping,train,True,0.50562265163496
661737,tH,124.83570765056163,123.94966038564371,1,3,3,146.83166389813528,3.329770563201687,30.70819111482666,0.7606056073988443,1.0,leptonic_bookkeeping,train,True,0.50562265163496
408245,tH,124.83570765056163,123.94966038564371,1,3,3,146.83166389813528,3.329770563201687,30.70819111482666,0.7606056073988443,1.0,leptonic_bookkeeping,train,True,0.50562265163496
845459,tH,124.83570765056163,123.94966038564371,1,3,3,146.83166389813528,3.329770563201687,30.70819111482666,0.7606056073988443,1.0,leptonic_bookkeeping,train,True,0.50562265163496
809364,tH,124.83570765056163,123.94966038564371,1,3,3,146.83166389813528,3.329770563201687,30.70819111482666,0.7606056073988443,1.0,leptonic_bookkeeping,train,True,0.50562265163496
260730,tH,124.83570765056163,123.94966038564371,1,3,3,146.83166389813528,3.329770563201687,30.70819111482666,0.7606056073988443,1.0,leptonic_bookkeeping,train,True,0.50562265163496
322294,tH,124.83570765056163,123.94966038564371,1,3,3,146.83166389813528,3.329770563201687,30.70819111482666,0.7606056073988443,1.0,leptonic_bookkeeping,train,True,0.50562265163496
463204,tH,124.83570765056163,123.94966038564371,1,3,3,146.83166389813528,3.329770563201687,30.70819111482666,0.7606056073988443,1.0,leptonic_bookkeeping,test,True,0.50562265163496
124419,tH,124.83570765056163,123.94966038564371,1,3,3,146.83166389813528,3.329770563201687,30.70819111482666,0.7606056073988443,1.0,leptonic_bookkeeping,train,True,0.50562265163496
948475,tH,124.83570765056163,123.94966038564371,1,3,3,146.83166389813528,3.329770563201687,30.70819111482666,0.7606056073988443,1.0,leptonic_bookkeeping,train,True,0.50562265163496
493933,tH,124.83570765056163,123.94966038564371,1,3,3,146.83166389813528,3.329770563201687,30.70819111482666,0.7606056073988443,1.0,leptonic_bookkeeping,test,True,0.50562265163496
145093,tH,124.83570765056163,123.94966038564371,1,3,3,146.83166389813528,3.329770563201687,30.70819111482666,0.7606056073988443,1.0,leptonic_bookkeeping,train,True,0.50562265163496
250182,tH,124.83570765056163,123.94966038564371,1,3,3,146.83166389813528,3.329770563201687,30.70819111482666,0.7606056073988443,1.0,leptonic_bookkeeping,train,True,0.50562265163496
147943,tH,124.83570765056163,123.94966038564371,1,3,3,146.83166389813528,3.329770563201687,30.70819111482666,0.7606056073988443,1.0,leptonic_bookkeeping,train,True,0.50562265163496
473013,tH,124.83570765056163,123.94966038564371,1,3,3,146.83166389813528,3.329770563201687,30.70819111482666,0.7606056073988443,1.0,leptonic_bookkeeping,test,True,0.50562265163496
909634,tH,124.83570765056163,123.94966038564371,1,3,3,146.83166389813528,3.329770563201687,30.70819111482666,0.7606056073988443,1.0,leptonic_bookkeeping,train,True,0.50562265163496
654288,tH,124.83570765056163,123.94966038564371,1,3,3,146.83166389813528,3.329770563201687,30.70819111482666,0.7606056073988443,1.0,leptonic_bookkeeping,train,True,0.50562265163496
393514,tH,124.83570765056163,123.94966038564371,1,3,3,146.83166389813528,3.329770563201687,30.70819111482666,0.7606056073988443,1.0,leptonic_bookkeeping,train,True,0.50562265163496
942530,tH,124.83570765056163,123.94966038564371,1,3,3,146.83166389813528,3.329770563201687,30.70819111482666,0.7606056073988443,1.0,leptonic_bookkeeping,train,True,0.50562265163496
358313,tH,124.83570765056163,123.94966038564371,1,3,3,146.83166389813528,3.329770563201687,30.70819111482666,0.7606056073988443,1.0,leptonic_bookkeeping,validation,True,0.50562265163496
372813,tH,124.83570765056163,123.94966038564371,1,3,3,146.83166389813528,3.329770563201687,30.70819111482666,0.7606056073988443,1.0,leptonic_bookkeeping,train,True,0.50562265163496
957192,tH,124.83570765056163,123.94966038564371,1,3,3,146.83166389813528,3.329770563201687,30.70819111482666,0.7606056073988443,1.0,leptonic_bookkeeping,test,True,0.50562265163496
578747,tH,124.83570765056163,123.94966038564371,1,3,3,146.83166389813528,3.329770563201687,30.70819111482666,0.7606056073988443,1.0,leptonic_bookkeeping,train,True,0.50562265163496
955453,tH,124.83570765056163,123.94966038564371,1,3,3,146.83166389813528,3.329770563201687,30.70819111482666,0.7606056073988443,1.0,leptonic_bookkeeping,validation,True,0.50562265163496
71762,tH,124.83570765056163,123.94966038564371,1,3,3,146.83166389813528,3.329770563201687,30.70819111482666,0.7606056073988443,1.0,leptonic_bookkeeping,test,True,0.50562265163496
979383,tH,124.83570765056163,123.94966038564371,1,3,3,146.83166389813528,3.329770563201687,30.70819111482666,0.7606056073988443,1.0,leptonic_bookkeeping,train,True,0.50562265163496
703137,tH,124.83570765056163,123.94966038564371,1,3,3,146.83166389813528,3.329770563201687,30.70819111482666,0.7606056073988443,1.0,leptonic_bookkeeping,train,True,0.50562265163496
677823,tH,124.83570765056163,123.94966038564371,1,3,3,146.83166389813528,3.329770563201687,30.70819111482666,0.7606056073988443,1.0,leptonic_bookkeeping,validation,True,0.50562265163496
760568,tH,124.83570765056163,123.94966038564371,1,3,3,146.83166389813528,3.329770563201687,30.70819111482666,0.7606056073988443,1.0,leptonic_bookkeeping,validation,True,0.50562265163496
117013,tH,124.83570765056163,123.94966038564371,1,3,3,146.83166389813528,3.329770563201687,30.70819111482666,0.7606056073988443,1.0,leptonic_bookkeeping,train,True,0.50562265163496
620144,tH,124.83570765056163,123.94966038564371,1,3,3,146.83166389813528,3.329770563201687,30.70819111482666,0.7606056073988443,1.0,leptonic_bookkeeping,train,True,0.50562265163496
364497,tH,124.83570765056163,123.94966038564371,1,3,3,146.83166389813528,3.329770563201687,30.70819111482666,0.7606056073988443,1.0,leptonic_bookkeeping,train,True,0.50562265163496
953819,tH,124.83570765056163,123.94966038564371,1,3,3,146.83166389813528,3.329770563201687,30.70819111482666,0.7606056073988443,1.0,leptonic_bookkeeping,train,True,0.50562265163496
159132,tH,124.83570765056163,123.94966038564371,1,3,3,146.83166389813528,3.329770563201687,30.70819111482666,0.7606056073988443,1.0,leptonic_bookkeeping,train,True,0.50562265163496
119437,tH,124.83570765056163,123.94966038564371,1,3,3,146.83166389813528,3.329770563201687,30.70819111482666,0.7606056073988443,1.0,leptonic_bookkeeping,train,True,0.50562265163496
584529,tH,124.83570765056163,123.94966038564371,1,3,3,146.83166389813528,3.329770563201687,30.70819111482666,0.7606056073988443,1.0,leptonic_bookkeeping,validation,True,0.50562265163496
694796,tH,124.83570765056163,123.94966038564371,1,3,3,146.83166389813528,3.329770563201687,30.70819111482666,0.7606056073988443,1.0,leptonic_bookkeeping,train,True,0.50562265163496
309293,tH,124.83570765056163,123.94966038564371,1,3,3,146.83166389813528,3.329770563201687,30.70819111482666,0.7606056073988443,1.0,leptonic_bookkeeping,train,True,0.50562265163496
427130,tH,124.83570765056163,123.94966038564371,1,3,3,146.83166389813528,3.329770563201687,30.70819111482666,0.7606056073988443,1.0,leptonic_bookkeeping,train,True,0.50562265163496
534207,tH,124.83570765056163,123.94966038564371,1,3,3,146.83166389813528,3.329770563201687,30.70819111482666,0.7606056073988443,1.0,leptonic_bookkeeping,test,True,0.50562265163496
751359,tH,124.83570765056163,123.94966038564371,1,3,3,146.83166389813528,3.329770563201687,30.70819111482666,0.7606056073988443,1.0,leptonic_bookkeeping,test,True,0.50562265163496
542231,tH,124.83570765056163,123.94966038564371,1,3,3,146.83166389813528,3.329770563201687,30.70819111482666,0.7606056073988443,1.0,leptonic_bookkeeping,train,True,0.50562265163496
557242,tH,124.83570765056163,123.94966038564371,1,3,3,146.83166389813528,3.329770563201687,30.70819111482666,0.7606056073988443,1.0,leptonic_bookkeeping,train,True,0.50562265163496
482647,tH,124.83570765056163,123.94966038564371,1,3,3,146.83166389813528,3.329770563201687,30.70819111482666,0.7606056073988443,1.0,leptonic_bookkeeping,test,True,0.50562265163496
71589,tH,124.83570765056163,123.94966038564371,1,3,3,146.83166389813528,3.329770563201687,30.70819111482666,0.7606056073988443,1.0,leptonic_bookkeeping,test,True,0.50562265163496
588412,tH,124.83570765056163,123.94966038564371,1,3,3,146.83166389813528,3.329770563201687,30.70819111482666,0.7606056073988443,1.0,leptonic_bookkeeping,train,True,0.50562265163496
166184,tH,124.83570765056163,123.94966038564371,1,3,3,146.83166389813528,3.329770563201687,30.70819111482666,0.7606056073988443,1.0,leptonic_bookkeeping,train,True,0.50562265163496
930399,tH,124.83570765056163,123.94966038564371,1,3,3,146.83166389813528,3.329770563201687,30.70819111482666,0.7606056073988443,1.0,leptonic_bookkeeping,train,True,0.50562265163496
663596,tH,124.83570765056163,123.94966038564371,1,3,3,146.83166389813528,3.329770563201687,30.70819111482666,0.7606056073988443,1.0,leptonic_bookkeeping,train,True,0.50562265163496
164197,tH,124.83570765056163,123.94966038564371,1,3,3,146.83166389813528,3.329770563201687,30.70819111482666,0.7606056073988443,1.0,leptonic_bookkeeping,test,True,0.50562265163496
863245,tH,124.83570765056163,123.94966038564371,1,3,3,146.83166389813528,3.329770563201687,30.70819111482666,0.7606056073988443,1.0,leptonic_bookkeeping,validation,True,0.50562265163496
925694,tH,124.83570765056163,123.94966038564371,1,3,3,146.83166389813528,3.329770563201687,30.70819111482666,0.7606056073988443,1.0,leptonic_bookkeeping,validation,True,0.50562265163496
831167,tH,124.83570765056163,123.94966038564371,1,3,3,146.83166389813528,3.329770563201687,30.70819111482666,0.7606056073988443,1.0,leptonic_bookkeeping,validation,True,0.50562265163496
18602,tH,124.83570765056163,123.94966038564371,1,3,3,146.83166389813528,3.329770563201687,30.70819111482666,0.7606056073988443,1.0,leptonic_bookkeeping,test,True,0.50562265163496
292857,tH,124.83570765056163,123.94966038564371,1,3,3,146.83166389813528,3.329770563201687,30.70819111482666,0.7606056073988443,1.0,leptonic_bookkeeping,train,True,0.50562265163496
663263,tH,124.83570765056163,123.94966038564371,1,3,3,146.83166389813528,3.329770563201687,30.70819111482666,0.7606056073988443,1.0,leptonic_bookkeeping,train,True,0.50562265163496
35865,tH,124.83570765056163,123.94966038564371,1,3,3,146.83166389813528,3.329770563201687,30.70819111482666,0.7606056073988443,1.0,leptonic_bookkeeping,train,True,0.50562265163496
832568,tH,124.83570765056163,123.94966038564371,1,3,3,146.83166389813528,3.329770563201687,30.70819111482666,0.7606056073988443,1.0,leptonic_bookkeeping,validation,True,0.50562265163496
856048,tH,124.83570765056163,123.94966038564371,1,3,3,146.83166389813528,3.329770563201687,30.70819111482666,0.7606056073988443,1.0,leptonic_bookkeeping,train,True,0.50562265163496
567458,tH,124.83570765056163,123.94966038564371,1,3,3,146.83166389813528,3.329770563201687,30.70819111482666,0.7606056073988443,1.0,leptonic_bookkeeping,train,True,0.50562265163496
197313,tH,124.83570765056163,123.94966038564371,1,3,3,146.83166389813528,3.329770563201687,30.70819111482666,0.7606056073988443,1.0,leptonic_bookkeeping,train,True,0.50562265163496
341422,tH,124.83570765056163,123.94966038564371,1,3,3,146.83166389813528,3.329770563201687,30.70819111482666,0.7606056073988443,1.0,leptonic_bookkeeping,train,True,0.50562265163496
439461,tH,124.83570765056163,123.94966038564371,1,3,3,146.83166389813528,3.329770563201687,30.70819111482666,0.7606056073988443,1.0,leptonic_bookkeeping,validation,True,0.50562265163496
963577,tH,124.83570765056163,123.94966038564371,1,3,3,146.83166389813528,3.329770563201687,30.70819111482666,0.7606056073988443,1.0,leptonic_bookkeeping,train,True,0.50562265163496
796996,tH,124.83570765056163,123.94966038564371,1,3,3,146.83166389813528,3.329770563201687,30.70819111482666,0.7606056073988443,1.0,leptonic_bookkeeping,train,True,0.50562265163496
530544,tH,124.83570765056163,123.94966038564371,1,3,3,146.83166389813528,3.329770563201687,30.70819111482666,0.7606056073988443,1.0,leptonic_bookkeeping,train,True,0.50562265163496
9595,tH,124.83570765056163,123.94966038564371,1,3,3,146.83166389813528,3.329770563201687,30.70819111482666,0.7606056073988443,1.0,leptonic_bookkeeping,test,True,0.50562265163496
952736,tH,124.83570765056163,123.94966038564371,1,3,3,146.83166389813528,3.329770563201687,30.70819111482666,0.7606056073988443,1.0,leptonic_bookkeeping,train,True,0.50562265163496
830680,tH,124.83570765056163,123.94966038564371,1,3,3,146.83166389813528,3.329770563201687,30.70819111482666,0.7606056073988443,1.0,leptonic_bookkeeping,train,True,0.50562265163496
759842,tH,124.83570765056163,123.94966038564371,1,3,3,146.83166389813528,3.329770563201687,30.70819111482666,0.7606056073988443,1.0,leptonic_bookkeeping,validation,True,0.50562265163496
665589,tH,124.83570765056163,123.94966038564371,1,3,3,146.83166389813528,3.329770563201687,30.70819111482666,0.7606056073988443,1.0,leptonic_bookkeeping,train,True,0.50562265163496
920316,tH,124.83570765056163,123.94966038564371,1,3,3,146.83166389813528,3.329770563201687,30.70819111482666,0.7606056073988443,1.0,leptonic_bookkeeping,train,True,0.50562265163496
348608,tH,124.83570765056163,123.94966038564371,1,3,3,146.83166389813528,3.329770563201687,30.70819111482666,0.7606056073988443,1.0,leptonic_bookkeeping,test,True,0.50562265163496
796406,tH,124.83570765056163,123.94966038564371,1,3,3,146.83166389813528,3.329770563201687,30.70819111482666,0.7606056073988443,1.0,leptonic_bookkeeping,train,True,0.50562265163496
570457,tH,124.83570765056163,123.94966038564371,1,3,3,146.83166389813528,3.329770563201687,30.70819111482666,0.7606056073988443,1.0,leptonic_bookkeeping,train,True,0.50562265163496
205960,tH,124.83570765056163,123.94966038564371,1,3,3,146.83166389813528,3.329770563201687,30.70819111482666,0.7606056073988443,1.0,leptonic_bookkeeping,test,True,0.50562265163496
18377,tH,124.83570765056163,123.94966038564371,1,3,3,146.83166389813528,3.329770563201687,30.70819111482666,0.7606056073988443,1.0,leptonic_bookkeeping,validation,True,0.50562265163496
383951,tH,124.83570765056163,123.94966038564371,1,3,3,146.83166389813528,3.329770563201687,30.70819111482666,0.7606056073988443,1.0,leptonic_bookkeeping,train,True,0.50562265163496
683174,tH,124.83570765056163,123.94966038564371,1,3,3,146.83166389813528,3.329770563201687,30.70819111482666,0.7606056073988443,1.0,leptonic_bookkeeping,train,True,0.50562265163496
906777,tH,124.83570765056163,123.94966038564371,1,3,3,146.83166389813528,3.329770563201687,30.70819111482666,0.7606056073988443,1.0,leptonic_bookkeeping,test,True,0.50562265163496
303774,tH,124.83570765056163,123.94966038564371,1,3,3,146.83166389813528,3.329770563201687,30.70819111482666,0.7606056073988443,1.0,leptonic_bookkeeping,train,True,0.50562265163496
744586,tH,124.83570765056163,123.94966038564371,1,3,3,146.83166389813528,3.329770563201687,30.70819111482666,0.7606056073988443,1.0,leptonic_bookkeeping,train,True,0.50562265163496
814517,tH,124.83570765056163,123.94966038564371,1,3,3,146.83166389813528,3.329770563201687,30.70819111482666,0.7606056073988443,1.0,leptonic_bookkeeping,train,True,0.50562265163496
263532,tH,124.83570765056163,123.94966038564371,1,3,3,146.83166389813528,3.329770563201687,30.70819111482666,0.7606056073988443,1.0,leptonic_bookkeeping,train,True,0.50562265163496
182523,tH,124.83570765056163,123.94966038564371,1,3,3,146.83166389813528,3.329770563201687,30.70819111482666,0.7606056073988443,1.0,leptonic_bookkeeping,validation,True,0.50562265163496
527822,tH,124.83570765056163,123.94966038564371,1,3,3,146.83166389813528,3.329770563201687,30.70819111482666,0.7606056073988443,1.0,leptonic_bookkeeping,train,True,0.50562265163496
380694,tH,124.83570765056163,123.94966038564371,1,3,3,146.83166389813528,3.329770563201687,30.70819111482666,0.7606056073988443,1.0,leptonic_bookkeeping,test,True,0.50562265163496
163359,tH,124.83570765056163,123.94966038564371,1,3,3,146.83166389813528,3.329770563201687,30.70819111482666,0.7606056073988443,1.0,leptonic_bookkeeping,test,True,0.50562265163496
295339,tH,124.83570765056163,123.94966038564371,1,3,3,146.83166389813528,3.329770563201687,30.70819111482666,0.7606056073988443,1.0,leptonic_bookkeeping,validation,True,0.50562265163496
533978,tH,124.83570765056163,123.94966038564371,1,3,3,146.83166389813528,3.329770563201687,30.70819111482666,0.7606056073988443,1.0,leptonic_bookkeeping,validation,True,0.50562265163496
840473,tH,124.83570765056163,123.94966038564371,1,3,3,146.83166389813528,3.329770563201687,30.70819111482666,0.7606056073988443,1.0,leptonic_bookkeeping,train,True,0.50562265163496
25739,tH,124.83570765056163,123.94966038564371,1,3,3,146.83166389813528,3.329770563201687,30.70819111482666,0.7606056073988443,1.0,leptonic_bookkeeping,train,True,0.50562265163496
320356,tH,124.83570765056163,123.94966038564371,1,3,3,146.83166389813528,3.329770563201687,30.70819111482666,0.7606056073988443,1.0,leptonic_bookkeeping,train,True,0.50562265163496
318078,tH,124.83570765056163,123.94966038564371,1,3,3,146.83166389813528,3.329770563201687,30.70819111482666,0.7606056073988443,1.0,leptonic_bookkeeping,test,True,0.50562265163496
278694,tH,124.83570765056163,123.94966038564371,1,3,3,146.83166389813528,3.329770563201687,30.70819111482666,0.7606056073988443,1.0,leptonic_bookkeeping,train,True,0.50562265163496
675242,tH,124.83570765056163,123.94966038564371,1,3,3,146.83166389813528,3.329770563201687,30.70819111482666,0.7606056073988443,1.0,leptonic_bookkeeping,train,True,0.50562265163496
292511,tH,124.83570765056163,123.94966038564371,1,3,3,146.83166389813528,3.329770563201687,30.70819111482666,0.7606056073988443,1.0,leptonic_bookkeeping,train,True,0.50562265163496
914434,tH,124.83570765056163,123.94966038564371,1,3,3,146.83166389813528,3.329770563201687,30.70819111482666,0.7606056073988443,1.0,leptonic_bookkeeping,validation,True,0.50562265163496
733707,tH,124.83570765056163,123.94966038564371,1,3,3,146.83166389813528,3.329770563201687,30.70819111482666,0.7606056073988443,1.0,leptonic_bookkeeping,train,True,0.50562265163496
251169,tH,124.83570765056163,123.94966038564371,1,3,3,146.83166389813528,3.329770563201687,30.70819111482666,0.7606056073988443,1.0,leptonic_bookkeeping,train,True,0.50562265163496
470356,tH,124.83570765056163,123.94966038564371,1,3,3,146.83166389813528,3.329770563201687,30.70819111482666,0.7606056073988443,1.0,leptonic_bookkeeping,validation,True,0.50562265163496
648960,tH,124.83570765056163,123.94966038564371,1,3,3,146.83166389813528,3.329770563201687,30.70819111482666,0.7606056073988443,1.0,leptonic_bookkeeping,test,True,0.50562265163496
476270,tH,124.83570765056163,123.94966038564371,1,3,3,146.83166389813528,3.329770563201687,30.70819111482666,0.7606056073988443,1.0,leptonic_bookkeeping,train,True,0.50562265163496
307194,tH,124.83570765056163,123.94966038564371,1,3,3,146.83166389813528,3.329770563201687,30.70819111482666,0.7606056073988443,1.0,leptonic_bookkeeping,validation,True,0.50562265163496
126409,tH,124.83570765056163,123.94966038564371,1,3,3,146.83166389813528,3.329770563201687,30.70819111482666,0.7606056073988443,1.0,leptonic_bookkeeping,train,True,0.50562265163496
914189,tH,124.83570765056163,123.94966038564371,1,3,3,146.83166389813528,3.329770563201687,30.70819111482666,0.7606056073988443,1.0,leptonic_bookkeeping,validation,True,0.50562265163496
653646,tH,124.83570765056163,123.94966038564371,1,3,3,146.83166389813528,3.329770563201687,30.70819111482666,0.7606056073988443,1.0,leptonic_bookkeeping,train,True,0.50562265163496
492392,tH,124.83570765056163,123.94966038564371,1,3,3,146.83166389813528,3.329770563201687,30.70819111482666,0.7606056073988443,1.0,leptonic_bookkeeping,validation,True,0.50562265163496
990495,tH,124.83570765056163,123.94966038564371,1,3,3,146.83166389813528,3.329770563201687,30.70819111482666,0.7606056073988443,1.0,leptonic_bookkeeping,train,True,0.50562265163496
499447,tH,124.83570765056163,123.94966038564371,1,3,3,146.83166389813528,3.329770563201687,30.70819111482666,0.7606056073988443,1.0,leptonic_bookkeeping,train,True,0.50562265163496
312841,tH,124.83570765056163,123.94966038564371,1,3,3,146.83166389813528,3.329770563201687,30.70819111482666,0.7606056073988443,1.0,leptonic_bookkeeping,train,True,0.50562265163496
543895,tH,124.83570765056163,123.94966038564371,1,3,3,146.83166389813528,3.329770563201687,30.70819111482666,0.7606056073988443,1.0,leptonic_bookkeeping,validation,True,0.50562265163496
313094,tH,124.83570765056163,123.94966038564371,1,3,3,146.83166389813528,3.329770563201687,30.70819111482666,0.7606056073988443,1.0,leptonic_bookkeeping,train,True,0.50562265163496
154539,tH,124.83570765056163,123.94966038564371,1,3,3,146.83166389813528,3.329770563201687,30.70819111482666,0.7606056073988443,1.0,leptonic_bookkeeping,test,True,0.50562265163496
930512,tH,124.83570765056163,123.94966038564371,1,3,3,146.83166389813528,3.329770563201687,30.70819111482666,0.7606056073988443,1.0,leptonic_bookkeeping,train,True,0.50562265163496
896061,tH,124.83570765056163,123.94966038564371,1,3,3,146.83166389813528,3.329770563201687,30.70819111482666,0.7606056073988443,1.0,leptonic_bookkeeping,test,True,0.50562265163496
335654,tH,124.83570765056163,123.94966038564371,1,3,3,146.83166389813528,3.329770563201687,30.70819111482666,0.7606056073988443,1.0,leptonic_bookkeeping,train,True,0.50562265163496
350342,tH,124.83570765056163,123.94966038564371,1,3,3,146.83166389813528,3.329770563201687,30.70819111482666,0.7606056073988443,1.0,leptonic_bookkeeping,test,True,0.50562265163496
77092,tH,124.83570765056163,123.94966038564371,1,3,3,146.83166389813528,3.329770563201687,30.70819111482666,0.7606056073988443,1.0,leptonic_bookkeeping,train,True,0.50562265163496
731490,tH,124.83570765056163,123.94966038564371,1,3,3,146.83166389813528,3.329770563201687,30.70819111482666,0.7606056073988443,1.0,leptonic_bookkeeping,test,True,0.50562265163496
926517,tH,124.83570765056163,123.94966038564371,1,3,3,146.83166389813528,3.329770563201687,30.70819111482666,0.7606056073988443,1.0,leptonic_bookkeeping,test,True,0.50562265163496
150983,tH,124.83570765056163,123.94966038564371,1,3,3,146.83166389813528,3.329770563201687,30.70819111482666,0.7606056073988443,1.0,leptonic_bookkeeping,validation,True,0.50562265163496
986325,tH,124.83570765056163,123.94966038564371,1,3,3,146.83166389813528,3.329770563201687,30.70819111482666,0.7606056073988443,1.0,leptonic_bookkeeping,validation,True,0.50562265163496
456885,tH,124.83570765056163,123.94966038564371,1,3,3,146.83166389813528,3.329770563201687,30.70819111482666,0.7606056073988443,1.0,leptonic_bookkeeping,train,True,0.50562265163496
650225,tH,124.83570765056163,123.94966038564371,1,3,3,146.83166389813528,3.329770563201687,30.70819111482666,0.7606056073988443,1.0,leptonic_bookkeeping,train,True,0.50562265163496
36967,tH,124.83570765056163,123.94966038564371,1,3,3,146.83166389813528,3.329770563201687,30.70819111482666,0.7606056073988443,1.0,leptonic_bookkeeping,train,True,0.50562265163496
821625,tH,124.83570765056163,123.94966038564371,1,3,3,146.83166389813528,3.329770563201687,30.70819111482666,0.7606056073988443,1.0,leptonic_bookkeeping,validation,True,0.50562265163496
204506,tH,124.83570765056163,123.94966038564371,1,3,3,146.83166389813528,3.329770563201687,30.70819111482666,0.7606056073988443,1.0,leptonic_bookkeeping,test,True,0.50562265163496
208664,tH,124.83570765056163,123.94966038564371,1,3,3,146.83166389813528,3.329770563201687,30.70819111482666,0.7606056073988443,1.0,leptonic_bookkeeping,train,True,0.50562265163496
14920,tH,124.83570765056163,123.94966038564371,1,3,3,146.83166389813528,3.329770563201687,30.70819111482666,0.7606056073988443,1.0,leptonic_bookkeeping,train,True,0.50562265163496
15435,tH,124.83570765056163,123.94966038564371,1,3,3,146.83166389813528,3.329770563201687,30.70819111482666,0.7606056073988443,1.0,leptonic_bookkeeping,train,True,0.50562265163496
805312,tH,124.83570765056163,123.94966038564371,1,3,3,146.83166389813528,3.329770563201687,30.70819111482666,0.7606056073988443,1.0,leptonic_bookkeeping,train,True,0.50562265163496
390489,tH,124.83570765056163,123.94966038564371,1,3,3,146.83166389813528,3.329770563201687,30.70819111482666,0.7606056073988443,1.0,leptonic_bookkeeping,test,True,0.50562265163496
26187,tH,124.83570765056163,123.94966038564371,1,3,3,146.83166389813528,3.329770563201687,30.70819111482666,0.7606056073988443,1.0,leptonic_bookkeeping,train,True,0.50562265163496
567546,tH,124.83570765056163,123.94966038564371,1,3,3,146.83166389813528,3.329770563201687,30.70819111482666,0.7606056073988443,1.0,leptonic_bookkeeping,train,True,0.50562265163496
92332,tH,124.83570765056163,123.94966038564371,1,3,3,146.83166389813528,3.329770563201687,30.70819111482666,0.7606056073988443,1.0,leptonic_bookkeeping,test,True,0.50562265163496
551154,tH,124.83570765056163,123.94966038564371,1,3,3,146.83166389813528,3.329770563201687,30.70819111482666,0.7606056073988443,1.0,leptonic_bookkeeping,train,True,0.50562265163496
358886,tH,124.83570765056163,123.94966038564371,1,3,3,146.83166389813528,3.329770563201687,30.70819111482666,0.7606056073988443,1.0,leptonic_bookkeeping,test,True,0.50562265163496
486550,tH,124.83570765056163,123.94966038564371,1,3,3,146.83166389813528,3.329770563201687,30.70819111482666,0.7606056073988443,1.0,leptonic_bookkeeping,train,True,0.50562265163496
350620,tH,124.83570765056163,123.94966038564371,1,3,3,146.83166389813528,3.329770563201687,30.70819111482666,0.7606056073988443,1.0,leptonic_bookkeeping,train,True,0.50562265163496
213925,tH,124.83570765056163,123.94966038564371,1,3,3,146.83166389813528,3.329770563201687,30.70819111482666,0.7606056073988443,1.0,leptonic_bookkeeping,validation,True,0.50562265163496
377328,tH,124.83570765056163,123.94966038564371,1,3,3,146.83166389813528,3.329770563201687,30.70819111482666,0.7606056073988443,1.0,leptonic_bookkeeping,validation,True,0.50562265163496
940488,tH,124.83570765056163,123.94966038564371,1,3,3,146.83166389813528,3.329770563201687,30.70819111482666,0.7606056073988443,1.0,leptonic_bookkeeping,train,True,0.50562265163496
557608,tH,124.83570765056163,123.94966038564371,1,3,3,146.83166389813528,3.329770563201687,30.70819111482666,0.7606056073988443,1.0,leptonic_bookkeeping,train,True,0.50562265163496
156041,tH,124.83570765056163,123.94966038564371,1,3,3,146.83166389813528,3.329770563201687,30.70819111482666,0.7606056073988443,1.0,leptonic_bookkeeping,train,True,0.50562265163496
494001,tH,124.83570765056163,123.94966038564371,1,3,3,146.83166389813528,3.329770563201687,30.70819111482666,0.7606056073988443,1.0,leptonic_bookkeeping,test,True,0.50562265163496
115079,tH,124.83570765056163,123.94966038564371,1,3,3,146.83166389813528,3.329770563201687,30.70819111482666,0.7606056073988443,1.0,leptonic_bookkeeping,train,True,0.50562265163496
905170,tH,124.83570765056163,123.94966038564371,1,3,3,146.83166389813528,3.329770563201687,30.70819111482666,0.7606056073988443,1.0,leptonic_bookkeeping,test,True,0.50562265163496
288669,tH,124.83570765056163,123.94966038564371,1,3,3,146.83166389813528,3.329770563201687,30.70819111482666,0.7606056073988443,1.0,leptonic_bookkeeping,train,True,0.50562265163496
206903,tH,124.83570765056163,123.94966038564371,1,3,3,146.83166389813528,3.329770563201687,30.70819111482666,0.7606056073988443,1.0,leptonic_bookkeeping,train,True,0.50562265163496
810989,tH,124.83570765056163,123.94966038564371,1,3,3,146.83166389813528,3.329770563201687,30.70819111482666,0.7606056073988443,1.0,leptonic_bookkeeping,validation,True,0.50562265163496
747925,tH,124.83570765056163,123.94966038564371,1,3,3,146.83166389813528,3.329770563201687,30.70819111482666,0.7606056073988443,1.0,leptonic_bookkeeping,train,True,0.50562265163496
87835,tH,124.83570765056163,123.94966038564371,1,3,3,146.83166389813528,3.329770563201687,30.70819111482666,0.7606056073988443,1.0,leptonic_bookkeeping,train,True,0.50562265163496
94864,tH,124.83570765056163,123.94966038564371,1,3,3,146.83166389813528,3.329770563201687,30.70819111482666,0.7606056073988443,1.0,leptonic_bookkeeping,train,True,0.50562265163496
498716,tH,124.83570765056163,123.94966038564371,1,3,3,146.83166389813528,3.329770563201687,30.70819111482666,0.7606056073988443,1.0,leptonic_bookkeeping,train,True,0.50562265163496
554634,tH,124.83570765056163,123.94966038564371,1,3,3,146.83166389813528,3.329770563201687,30.70819111482666,0.7606056073988443,1.0,leptonic_bookkeeping,validation,True,0.50562265163496
886135,tH,124.83570765056163,123.94966038564371,1,3,3,146.83166389813528,3.329770563201687,30.70819111482666,0.7606056073988443,1.0,leptonic_bookkeeping,test,True,0.50562265163496
84484,tH,124.83570765056163,123.94966038564371,1,3,3,146.83166389813528,3.329770563201687,30.70819111482666,0.7606056073988443,1.0,leptonic_bookkeeping,train,True,0.50562265163496
182883,tH,124.83570765056163,123.94966038564371,1,3,3,146.83166389813528,3.329770563201687,30.70819111482666,0.7606056073988443,1.0,leptonic_bookkeeping,validation,True,0.50562265163496
43910,tH,124.83570765056163,123.94966038564371,1,3,3,146.83166389813528,3.329770563201687,30.70819111482666,0.7606056073988443,1.0,leptonic_bookkeeping,train,True,0.50562265163496
703020,tH,124.83570765056163,123.94966038564371,1,3,3,146.83166389813528,3.329770563201687,30.70819111482666,0.7606056073988443,1.0,leptonic_bookkeeping,train,True,0.50562265163496
652616,tH,124.83570765056163,123.94966038564371,1,3,3,146.83166389813528,3.329770563201687,30.70819111482666,0.7606056073988443,1.0,leptonic_bookkeeping,train,True,0.50562265163496
748536,tH,124.83570765056163,123.94966038564371,1,3,3,146.83166389813528,3.329770563201687,30.70819111482666,0.7606056073988443,1.0,leptonic_bookkeeping,validation,True,0.50562265163496
716537,tH,124.83570765056163,123.94966038564371,1,3,3,146.83166389813528,3.329770563201687,30.70819111482666,0.7606056073988443,1.0,leptonic_bookkeeping,train,True,0.50562265163496
720940,tH,124.83570765056163,123.94966038564371,1,3,3,146.83166389813528,3.329770563201687,30.70819111482666,0.7606056073988443,1.0,leptonic_bookkeeping,test,True,0.50562265163496
448933,tH,124.83570765056163,123.94966038564371,1,3,3,146.83166389813528,3.329770563201687,30.70819111482666,0.7606056073988443,1.0,leptonic_bookkeeping,train,True,0.50562265163496
504820,tH,124.83570765056163,123.94966038564371,1,3,3,146.83166389813528,3.329770563201687,30.70819111482666,0.7606056073988443,1.0,leptonic_bookkeeping,test,True,0.50562265163496
886482,tH,124.83570765056163,123.94966038564371,1,3,3,146.83166389813528,3.329770563201687,30.70819111482666,0.7606056073988443,1.0,leptonic_bookkeeping,test,True,0.50562265163496
356457,tH,124.83570765056163,123.94966038564371,1,3,3,146.83166389813528,3.329770563201687,30.70819111482666,0.7606056073988443,1.0,leptonic_bookkeeping,train,True,0.50562265163496
886347,tH,124.83570765056163,123.94966038564371,1,3,3,146.83166389813528,3.329770563201687,30.70819111482666,0.7606056073988443,1.0,leptonic_bookkeeping,test,True,0.50562265163496
923793,tH,124.83570765056163,123.94966038564371,1,3,3,146.83166389813528,3.329770563201687,30.70819111482666,0.7606056073988443,1.0,leptonic_bookkeeping,validation,True,0.50562265163496
257249,tH,124.83570765056163,123.94966038564371,1,3,3,146.83166389813528,3.329770563201687,30.70819111482666,0.7606056073988443,1.0,leptonic_bookkeeping,test,True,0.50562265163496
634679,tH,124.83570765056163,123.94966038564371,1,3,3,146.83166389813528,3.329770563201687,30.70819111482666,0.7606056073988443,1.0,leptonic_bookkeeping,train,True,0.50562265163496
243723,tH,124.83570765056163,123.94966038564371,1,3,3,146.83166389813528,3.329770563201687,30.70819111482666,0.7606056073988443,1.0,leptonic_bookkeeping,validation,True,0.50562265163496
604894,tH,124.83570765056163,123.94966038564371,1,3,3,146.83166389813528,3.329770563201687,30.70819111482666,0.7606056073988443,1.0,leptonic_bookkeeping,validation,True,0.50562265163496
429015,tH,124.83570765056163,123.94966038564371,1,3,3,146.83166389813528,3.329770563201687,30.70819111482666,0.7606056073988443,1.0,leptonic_bookkeeping,validation,True,0.50562265163496
278029,tH,124.83570765056163,123.94966038564371,1,3,3,146.83166389813528,3.329770563201687,30.70819111482666,0.7606056073988443,1.0,leptonic_bookkeeping,test,True,0.50562265163496
743469,tH,124.83570765056163,123.94966038564371,1,3,3,146.83166389813528,3.329770563201687,30.70819111482666,0.7606056073988443,1.0,leptonic_bookkeeping,train,True,0.50562265163496
874647,tH,124.83570765056163,123.94966038564371,1,3,3,146.83166389813528,3.329770563201687,30.70819111482666,0.7606056073988443,1.0,leptonic_bookkeeping,test,True,0.50562265163496
247417,tH,124.83570765056163,123.94966038564371,1,3,3,146.83166389813528,3.329770563201687,30.70819111482666,0.7606056073988443,1.0,leptonic_bookkeeping,test,True,0.50562265163496
577166,tH,124.83570765056163,123.94966038564371,1,3,3,146.83166389813528,3.329770563201687,30.70819111482666,0.7606056073988443,1.0,leptonic_bookkeeping,test,True,0.50562265163496
404702,tH,124.83570765056163,123.94966038564371,1,3,3,146.83166389813528,3.329770563201687,30.70819111482666,0.7606056073988443,1.0,leptonic_bookkeeping,train,True,0.50562265163496
930697,tH,124.83570765056163,123.94966038564371,1,3,3,146.83166389813528,3.329770563201687,30.70819111482666,0.7606056073988443,1.0,leptonic_bookkeeping,train,True,0.50562265163496
148770,tH,124.83570765056163,123.94966038564371,1,3,3,146.83166389813528,3.329770563201687,30.70819111482666,0.7606056073988443,1.0,leptonic_bookkeeping,train,True,0.50562265163496
844439,tH,124.83570765056163,123.94966038564371,1,3,3,146.83166389813528,3.329770563201687,30.70819111482666,0.7606056073988443,1.0,leptonic_bookkeeping,test,True,0.50562265163496
147244,tH,124.83570765056163,123.94966038564371,1,3,3,146.83166389813528,3.329770563201687,30.70819111482666,0.7606056073988443,1.0,leptonic_bookkeeping,train,True,0.50562265163496
465876,tH,124.83570765056163,123.94966038564371,1,3,3,146.83166389813528,3.329770563201687,30.70819111482666,0.7606056073988443,1.0,leptonic_bookkeeping,train,True,0.50562265163496
334409,tH,124.83570765056163,123.94966038564371,1,3,3,146.83166389813528,3.329770563201687,30.70819111482666,0.7606056073988443,1.0,leptonic_bookkeeping,train,True,0.50562265163496
80084,tH,124.83570765056163,123.94966038564371,1,3,3,146.83166389813528,3.329770563201687,30.70819111482666,0.7606056073988443,1.0,leptonic_bookkeeping,validation,True,0.50562265163496
184738,tH,124.83570765056163,123.94966038564371,1,3,3,146.83166389813528,3.329770563201687,30.70819111482666,0.7606056073988443,1.0,leptonic_bookkeeping,test,True,0.50562265163496
551532,tH,124.83570765056163,123.94966038564371,1,3,3,146.83166389813528,3.329770563201687,30.70819111482666,0.7606056073988443,1.0,leptonic_bookkeeping,train,True,0.50562265163496
932227,tH,124.83570765056163,123.94966038564371,1,3,3,146.83166389813528,3.329770563201687,30.70819111482666,0.7606056073988443,1.0,leptonic_bookkeeping,train,True,0.50562265163496
223729,tH,124.83570765056163,123.94966038564371,1,3,3,146.83166389813528,3.329770563201687,30.70819111482666,0.7606056073988443,1.0,leptonic_bookkeeping,validation,True,0.50562265163496
514742,tH,124.83570765056163,123.94966038564371,1,3,3,146.83166389813528,3.329770563201687,30.70819111482666,0.7606056073988443,1.0,leptonic_bookkeeping,test,True,0.50562265163496
828564,tH,124.83570765056163,123.94966038564371,1,3,3,146.83166389813528,3.329770563201687,30.70819111482666,0.7606056073988443,1.0,leptonic_bookkeeping,train,True,0.50562265163496
449262,tH,124.83570765056163,123.94966038564371,1,3,3,146.83166389813528,3.329770563201687,30.70819111482666,0.7606056073988443,1.0,leptonic_bookkeeping,train,True,0.50562265163496
524985,tH,124.83570765056163,123.94966038564371,1,3,3,146.83166389813528,3.329770563201687,30.70819111482666,0.7606056073988443,1.0,leptonic_bookkeeping,test,True,0.50562265163496
657269,tH,124.83570765056163,123.94966038564371,1,3,3,146.83166389813528,3.329770563201687,30.70819111482666,0.7606056073988443,1.0,leptonic_bookkeeping,validation,True,0.50562265163496
220909,tH,124.83570765056163,123.94966038564371,1,3,3,146.83166389813528,3.329770563201687,30.70819111482666,0.7606056073988443,1.0,leptonic_bookkeeping,train,True,0.50562265163496
732949,tH,124.83570765056163,123.94966038564371,1,3,3,146.83166389813528,3.329770563201687,30.70819111482666,0.7606056073988443,1.0,leptonic_bookkeeping,train,True,0.50562265163496
744013,tH,124.83570765056163,123.94966038564371,1,3,3,146.83166389813528,3.329770563201687,30.70819111482666,0.7606056073988443,1.0,leptonic_bookkeeping,train,True,0.50562265163496
731890,tH,124.83570765056163,123.94966038564371,1,3,3,146.83166389813528,3.329770563201687,30.70819111482666,0.7606056073988443,1.0,leptonic_bookkeeping,test,True,0.50562265163496
628834,tH,124.83570765056163,123.94966038564371,1,3,3,146.83166389813528,3.329770563201687,30.70819111482666,0.7606056073988443,1.0,leptonic_bookkeeping,test,True,0.50562265163496
638097,tH,124.83570765056163,123.94966038564371,1,3,3,146.83166389813528,3.329770563201687,30.70819111482666,0.7606056073988443,1.0,leptonic_bookkeeping,test,True,0.50562265163496
733454,tH,124.83570765056163,123.94966038564371,1,3,3,146.83166389813528,3.329770563201687,30.70819111482666,0.7606056073988443,1.0,leptonic_bookkeeping,train,True,0.50562265163496
687173,tH,124.83570765056163,123.94966038564371,1,3,3,146.83166389813528,3.329770563201687,30.70819111482666,0.7606056073988443,1.0,leptonic_bookkeeping,validation,True,0.50562265163496
960666,tH,124.83570765056163,123.94966038564371,1,3,3,146.83166389813528,3.329770563201687,30.70819111482666,0.7606056073988443,1.0,leptonic_bookkeeping,train,True,0.50562265163496
529194,tH,124.83570765056163,123.94966038564371,1,3,3,146.83166389813528,3.329770563201687,30.70819111482666,0.7606056073988443,1.0,leptonic_bookkeeping,train,True,0.50562265163496
483038,tH,124.83570765056163,123.94966038564371,1,3,3,146.83166389813528,3.329770563201687,30.70819111482666,0.7606056073988443,1.0,leptonic_bookkeeping,test,True,0.50562265163496
328297,tH,124.83570765056163,123.94966038564371,1,3,3,146.83166389813528,3.329770563201687,30.70819111482666,0.7606056073988443,1.0,leptonic_bookkeeping,test,True,0.50562265163496
120602,tH,124.83570765056163,123.94966038564371,1,3,3,146.83166389813528,3.329770563201687,30.70819111482666,0.7606056073988443,1.0,leptonic_bookkeeping,validation,True,0.50562265163496
159341,tH,124.83570765056163,123.94966038564371,1,3,3,146.83166389813528,3.329770563201687,30.70819111482666,0.7606056073988443,1.0,leptonic_bookkeeping,train,True,0.50562265163496
826281,tH,124.83570765056163,123.94966038564371,1,3,3,146.83166389813528,3.329770563201687,30.70819111482666,0.7606056073988443,1.0,leptonic_bookkeeping,train,True,0.50562265163496
253325,tH,124.83570765056163,123.94966038564371,1,3,3,146.83166389813528,3.329770563201687,30.70819111482666,0.7606056073988443,1.0,leptonic_bookkeeping,train,True,0.50562265163496
396857,tH,124.83570765056163,123.94966038564371,1,3,3,146.83166389813528,3.329770563201687,30.70819111482666,0.7606056073988443,1.0,leptonic_bookkeeping,train,True,0.50562265163496
82786,tH,124.83570765056163,123.94966038564371,1,3,3,146.83166389813528,3.329770563201687,30.70819111482666,0.7606056073988443,1.0,leptonic_bookkeeping,train,True,0.50562265163496
708766,tH,124.83570765056163,123.94966038564371,1,3,3,146.83166389813528,3.329770563201687,30.70819111482666,0.7606056073988443,1.0,leptonic_bookkeeping,validation,True,0.50562265163496
885076,tH,124.83570765056163,123.94966038564371,1,3,3,146.83166389813528,3.329770563201687,30.70819111482666,0.7606056073988443,1.0,leptonic_bookkeeping,test,True,0.50562265163496
388777,tH,124.83570765056163,123.94966038564371,1,3,3,146.83166389813528,3.329770563201687,30.70819111482666,0.7606056073988443,1.0,leptonic_bookkeeping,validation,True,0.50562265163496
510684,tH,124.83570765056163,123.94966038564371,1,3,3,146.83166389813528,3.329770563201687,30.70819111482666,0.7606056073988443,1.0,leptonic_bookkeeping,train,True,0.50562265163496
285235,tH,124.83570765056163,123.94966038564371,1,3,3,146.83166389813528,3.329770563201687,30.70819111482666,0.7606056073988443,1.0,leptonic_bookkeeping,validation,True,0.50562265163496
270916,tH,124.83570765056163,123.94966038564371,1,3,3,146.83166389813528,3.329770563201687,30.70819111482666,0.7606056073988443,1.0,leptonic_bookkeeping,train,True,0.50562265163496
453746,tH,124.83570765056163,123.94966038564371,1,3,3,146.83166389813528,3.329770563201687,30.70819111482666,0.7606056073988443,1.0,leptonic_bookkeeping,train,True,0.50562265163496
850889,tH,124.83570765056163,123.94966038564371,1,3,3,146.83166389813528,3.329770563201687,30.70819111482666,0.7606056073988443,1.0,leptonic_bookkeeping,train,True,0.50562265163496
157839,tH,124.83570765056163,123.94966038564371,1,3,3,146.83166389813528,3.329770563201687,30.70819111482666,0.7606056073988443,1.0,leptonic_bookkeeping,train,True,0.50562265163496
782085,tH,124.83570765056163,123.94966038564371,1,3,3,146.83166389813528,3.329770563201687,30.70819111482666,0.7606056073988443,1.0,leptonic_bookkeeping,test,True,0.50562265163496
444693,tH,124.83570765056163,123.94966038564371,1,3,3,146.83166389813528,3.329770563201687,30.70819111482666,0.7606056073988443,1.0,leptonic_bookkeeping,train,True,0.50562265163496
977520,tH,124.83570765056163,123.94966038564371,1,3,3,146.83166389813528,3.329770563201687,30.70819111482666,0.7606056073988443,1.0,leptonic_bookkeeping,test,True,0.50562265163496
566098,tH,124.83570765056163,123.94966038564371,1,3,3,146.83166389813528,3.329770563201687,30.70819111482666,0.7606056073988443,1.0,leptonic_bookkeeping,test,True,0.50562265163496
235280,tH,124.83570765056163,123.94966038564371,1,3,3,146.83166389813528,3.329770563201687,30.70819111482666,0.7606056073988443,1.0,leptonic_bookkeeping,test,True,0.50562265163496
148011,tH,124.83570765056163,123.94966038564371,1,3,3,146.83166389813528,3.329770563201687,30.70819111482666,0.7606056073988443,1.0,leptonic_bookkeeping,train,True,0.50562265163496
721446,tH,124.83570765056163,123.94966038564371,1,3,3,146.83166389813528,3.329770563201687,30.70819111482666,0.7606056073988443,1.0,leptonic_bookkeeping,test,True,0.50562265163496
674638,tH,124.83570765056163,123.94966038564371,1,3,3,146.83166389813528,3.329770563201687,30.70819111482666,0.7606056073988443,1.0,leptonic_bookkeeping,train,True,0.50562265163496
819713,tH,124.83570765056163,123.94966038564371,1,3,3,146.83166389813528,3.329770563201687,30.70819111482666,0.7606056073988443,1.0,leptonic_bookkeeping,train,True,0.50562265163496
581066,tH,124.83570765056163,123.94966038564371,1,3,3,146.83166389813528,3.329770563201687,30.70819111482666,0.7606056073988443,1.0,leptonic_bookkeeping,train,True,0.50562265163496
702750,tH,124.83570765056163,123.94966038564371,1,3,3,146.83166389813528,3.329770563201687,30.70819111482666,0.7606056073988443,1.0,leptonic_bookkeeping,train,True,0.50562265163496
464191,tH,124.83570765056163,123.94966038564371,1,3,3,146.83166389813528,3.329770563201687,30.70819111482666,0.7606056073988443,1.0,leptonic_bookkeeping,train,True,0.50562265163496
851266,tH,124.83570765056163,123.94966038564371,1,3,3,146.83166389813528,3.329770563201687,30.70819111482666,0.7606056073988443,1.0,leptonic_bookkeeping,train,True,0.50562265163496
883040,tH,124.83570765056163,123.94966038564371,1,3,3,146.83166389813528,3.329770563201687,30.70819111482666,0.7606056073988443,1.0,leptonic_bookkeeping,validation,True,0.50562265163496
553908,tH,124.83570765056163,123.94966038564371,1,3,3,146.83166389813528,3.329770563201687,30.70819111482666,0.7606056073988443,1.0,leptonic_bookkeeping,validation,True,0.50562265163496
21333,tH,124.83570765056163,123.94966038564371,1,3,3,146.83166389813528,3.329770563201687,30.70819111482666,0.7606056073988443,1.0,leptonic_bookkeeping,train,True,0.50562265163496
785654,tH,124.83570765056163,123.94966038564371,1,3,3,146.83166389813528,3.329770563201687,30.70819111482666,0.7606056073988443,1.0,leptonic_bookkeeping,train,True,0.50562265163496
959395,tH,124.83570765056163,123.94966038564371,1,3,3,146.83166389813528,3.329770563201687,30.70819111482666,0.7606056073988443,1.0,leptonic_bookkeeping,train,True,0.50562265163496
210118,tH,124.83570765056163,123.94966038564371,1,3,3,146.83166389813528,3.329770563201687,30.70819111482666,0.7606056073988443,1.0,leptonic_bookkeeping,train,True,0.50562265163496
838985,tH,124.83570765056163,123.94966038564371,1,3,3,146.83166389813528,3.329770563201687,30.70819111482666,0.7606056073988443,1.0,leptonic_bookkeeping,train,True,0.50562265163496
338919,tH,124.83570765056163,123.94966038564371,1,3,3,146.83166389813528,3.329770563201687,30.70819111482666,0.7606056073988443,1.0,leptonic_bookkeeping,test,True,0.50562265163496
773820,tH,124.83570765056163,123.94966038564371,1,3,3,146.83166389813528,3.329770563201687,30.70819111482666,0.7606056073988443,1.0,leptonic_bookkeeping,train,True,0.50562265163496
286308,tH,124.83570765056163,123.94966038564371,1,3,3,146.83166389813528,3.329770563201687,30.70819111482666,0.7606056073988443,1.0,leptonic_bookkeeping,validation,True,0.50562265163496
863619,tH,124.83570765056163,123.94966038564371,1,3,3,146.83166389813528,3.329770563201687,30.70819111482666,0.7606056073988443,1.0,leptonic_bookkeeping,validation,True,0.50562265163496
745960,tH,124.83570765056163,123.94966038564371,1,3,3,146.83166389813528,3.329770563201687,30.70819111482666,0.7606056073988443,1.0,leptonic_bookkeeping,train,True,0.50562265163496
692362,tH,124.83570765056163,123.94966038564371,1,3,3,146.83166389813528,3.329770563201687,30.70819111482666,0.7606056073988443,1.0,leptonic_bookkeeping,train,True,0.50562265163496
918860,tH,124.83570765056163,123.94966038564371,1,3,3,146.83166389813528,3.329770563201687,30.70819111482666,0.7606056073988443,1.0,leptonic_bookkeeping,train,True,0.50562265163496
258450,tH,124.83570765056163,123.94966038564371,1,3,3,146.83166389813528,3.329770563201687,30.70819111482666,0.7606056073988443,1.0,leptonic_bookkeeping,train,True,0.50562265163496
678837,tH,124.83570765056163,123.94966038564371,1,3,3,146.83166389813528,3.329770563201687,30.70819111482666,0.7606056073988443,1.0,leptonic_bookkeeping,test,True,0.50562265163496
551655,tH,124.83570765056163,123.94966038564371,1,3,3,146.83166389813528,3.329770563201687,30.70819111482666,0.7606056073988443,1.0,leptonic_bookkeeping,train,True,0.50562265163496
383146,tH,124.83570765056163,123.94966038564371,1,3,3,146.83166389813528,3.329770563201687,30.70819111482666,0.7606056073988443,1.0,leptonic_bookkeeping,train,True,0.50562265163496
431348,tH,124.83570765056163,123.94966038564371,1,3,3,146.83166389813528,3.329770563201687,30.70819111482666,0.7606056073988443,1.0,leptonic_bookkeeping,test,True,0.50562265163496
896814,tH,124.83570765056163,123.94966038564371,1,3,3,146.83166389813528,3.329770563201687,30.70819111482666,0.7606056073988443,1.0,leptonic_bookkeeping,test,True,0.50562265163496
586720,tH,124.83570765056163,123.94966038564371,1,3,3,146.83166389813528,3.329770563201687,30.70819111482666,0.7606056073988443,1.0,leptonic_bookkeeping,test,True,0.50562265163496
901027,tH,124.83570765056163,123.94966038564371,1,3,3,146.83166389813528,3.329770563201687,30.70819111482666,0.7606056073988443,1.0,leptonic_bookkeeping,train,True,0.50562265163496
549421,tH,124.83570765056163,123.94966038564371,1,3,3,146.83166389813528,3.329770563201687,30.70819111482666,0.7606056073988443,1.0,leptonic_bookkeeping,train,True,0.50562265163496
641217,tH,124.83570765056163,123.94966038564371,1,3,3,146.83166389813528,3.329770563201687,30.70819111482666,0.7606056073988443,1.0,leptonic_bookkeeping,train,True,0.50562265163496
107202,tH,124.83570765056163,123.94966038564371,1,3,3,146.83166389813528,3.329770563201687,30.70819111482666,0.7606056073988443,1.0,leptonic_bookkeeping,train,True,0.50562265163496
158546,tH,124.83570765056163,123.94966038564371,1,3,3,146.83166389813528,3.329770563201687,30.70819111482666,0.7606056073988443,1.0,leptonic_bookkeeping,train,True,0.50562265163496
754010,tH,124.83570765056163,123.94966038564371,1,3,3,146.83166389813528,3.329770563201687,30.70819111482666,0.7606056073988443,1.0,leptonic_bookkeeping,train,True,0.50562265163496
434217,tH,124.83570765056163,123.94966038564371,1,3,3,146.83166389813528,3.329770563201687,30.70819111482666,0.7606056073988443,1.0,leptonic_bookkeeping,train,True,0.50562265163496
562140,tH,124.83570765056163,123.94966038564371,1,3,3,146.83166389813528,3.329770563201687,30.70819111482666,0.7606056073988443,1.0,leptonic_bookkeeping,train,True,0.50562265163496
613468,tH,124.83570765056163,123.94966038564371,1,3,3,146.83166389813528,3.329770563201687,30.70819111482666,0.7606056073988443,1.0,leptonic_bookkeeping,train,True,0.50562265163496
539174,tH,124.83570765056163,123.94966038564371,1,3,3,146.83166389813528,3.329770563201687,30.70819111482666,0.7606056073988443,1.0,leptonic_bookkeeping,train,True,0.50562265163496
898026,tH,124.83570765056163,123.94966038564371,1,3,3,146.83166389813528,3.329770563201687,30.70819111482666,0.7606056073988443,1.0,leptonic_bookkeeping,train,True,0.50562265163496
519124,tH,124.83570765056163,123.94966038564371,1,3,3,146.83166389813528,3.329770563201687,30.70819111482666,0.7606056073988443,1.0,leptonic_bookkeeping,train,True,0.50562265163496
450336,tH,124.83570765056163,123.94966038564371,1,3,3,146.83166389813528,3.329770563201687,30.70819111482666,0.7606056073988443,1.0,leptonic_bookkeeping,validation,True,0.50562265163496
888638,tH,124.83570765056163,123.94966038564371,1,3,3,146.83166389813528,3.329770563201687,30.70819111482666,0.7606056073988443,1.0,leptonic_bookkeeping,train,True,0.50562265163496
507424,tH,124.83570765056163,123.94966038564371,1,3,3,146.83166389813528,3.329770563201687,30.70819111482666,0.7606056073988443,1.0,leptonic_bookkeeping,train,True,0.50562265163496
839385,tH,124.83570765056163,123.94966038564371,1,3,3,146.83166389813528,3.329770563201687,30.70819111482666,0.7606056073988443,1.0,leptonic_bookkeeping,train,True,0.50562265163496
281622,tH,124.83570765056163,123.94966038564371,1,3,3,146.83166389813528,3.329770563201687,30.70819111482666,0.7606056073988443,1.0,leptonic_bookkeeping,train,True,0.50562265163496
414408,tH,124.83570765056163,123.94966038564371,1,3,3,146.83166389813528,3.329770563201687,30.70819111482666,0.7606056073988443,1.0,leptonic_bookkeeping,train,True,0.50562265163496
461417,tH,124.83570765056163,123.94966038564371,1,3,3,146.83166389813528,3.329770563201687,30.70819111482666,0.7606056073988443,1.0,leptonic_bookkeeping,validation,True,0.50562265163496
215042,tH,124.83570765056163,123.94966038564371,1,3,3,146.83166389813528,3.329770563201687,30.70819111482666,0.7606056073988443,1.0,leptonic_bookkeeping,test,True,0.50562265163496
103528,tH,124.83570765056163,123.94966038564371,1,3,3,146.83166389813528,3.329770563201687,30.70819111482666,0.7606056073988443,1.0,leptonic_bookkeeping,train,True,0.50562265163496
395956,tH,124.83570765056163,123.94966038564371,1,3,3,146.83166389813528,3.329770563201687,30.70819111482666,0.7606056073988443,1.0,leptonic_bookkeeping,train,True,0.50562265163496
686908,tH,124.83570765056163,123.94966038564371,1,3,3,146.83166389813528,3.329770563201687,30.70819111482666,0.7606056073988443,1.0,leptonic_bookkeeping,validation,True,0.50562265163496
585534,tH,124.83570765056163,123.94966038564371,1,3,3,146.83166389813528,3.329770563201687,30.70819111482666,0.7606056073988443,1.0,leptonic_bookkeeping,validation,True,0.50562265163496
577404,tH,124.83570765056163,123.94966038564371,1,3,3,146.83166389813528,3.329770563201687,30.70819111482666,0.7606056073988443,1.0,leptonic_bookkeeping,train,True,0.50562265163496
575761,tH,124.83570765056163,123.94966038564371,1,3,3,146.83166389813528,3.329770563201687,30.70819111482666,0.7606056073988443,1.0,leptonic_bookkeeping,test,True,0.50562265163496
5509,tH,124.83570765056163,123.94966038564371,1,3,3,146.83166389813528,3.329770563201687,30.70819111482666,0.7606056073988443,1.0,leptonic_bookkeeping,train,True,0.50562265163496
628777,tH,124.83570765056163,123.94966038564371,1,3,3,146.83166389813528,3.329770563201687,30.70819111482666,0.7606056073988443,1.0,leptonic_bookkeeping,test,True,0.50562265163496
127392,tH,124.83570765056163,123.94966038564371,1,3,3,146.83166389813528,3.329770563201687,30.70819111482666,0.7606056073988443,1.0,leptonic_bookkeeping,train,True,0.50562265163496
406352,tH,124.83570765056163,123.94966038564371,1,3,3,146.83166389813528,3.329770563201687,30.70819111482666,0.7606056073988443,1.0,leptonic_bookkeeping,train,True,0.50562265163496
228462,tH,124.83570765056163,123.94966038564371,1,3,3,146.83166389813528,3.329770563201687,30.70819111482666,0.7606056073988443,1.0,leptonic_bookkeeping,train,True,0.50562265163496
678240,tH,124.83570765056163,123.94966038564371,1,3,3,146.83166389813528,3.329770563201687,30.70819111482666,0.7606056073988443,1.0,leptonic_bookkeeping,validation,True,0.50562265163496
135108,tH,124.83570765056163,123.94966038564371,1,3,3,146.83166389813528,3.329770563201687,30.70819111482666,0.7606056073988443,1.0,leptonic_bookkeeping,train,True,0.50562265163496
93480,tH,124.83570765056163,123.94966038564371,1,3,3,146.83166389813528,3.329770563201687,30.70819111482666,0.7606056073988443,1.0,leptonic_bookkeeping,train,True,0.50562265163496
92478,tH,124.83570765056163,123.94966038564371,1,3,3,146.83166389813528,3.329770563201687,30.70819111482666,0.7606056073988443,1.0,leptonic_bookkeeping,test,True,0.50562265163496
818709,tH,124.83570765056163,123.94966038564371,1,3,3,146.83166389813528,3.329770563201687,30.70819111482666,0.7606056073988443,1.0,leptonic_bookkeeping,train,True,0.50562265163496
186870,tH,124.83570765056163,123.94966038564371,1,3,3,146.83166389813528,3.329770563201687,30.70819111482666,0.7606056073988443,1.0,leptonic_bookkeeping,train,True,0.50562265163496
379984,tH,124.83570765056163,123.94966038564371,1,3,3,146.83166389813528,3.329770563201687,30.70819111482666,0.7606056073988443,1.0,leptonic_bookkeeping,test,True,0.50562265163496
477843,tH,124.83570765056163,123.94966038564371,1,3,3,146.83166389813528,3.329770563201687,30.70819111482666,0.7606056073988443,1.0,leptonic_bookkeeping,train,True,0.50562265163496
268754,tH,124.83570765056163,123.94966038564371,1,3,3,146.83166389813528,3.329770563201687,30.70819111482666,0.7606056073988443,1.0,leptonic_bookkeeping,train,True,0.50562265163496
255755,tH,124.83570765056163,123.94966038564371,1,3,3,146.83166389813528,3.329770563201687,30.70819111482666,0.7606056073988443,1.0,leptonic_bookkeeping,test,True,0.50562265163496
8718,tH,124.83570765056163,123.94966038564371,1,3,3,146.83166389813528,3.329770563201687,30.70819111482666,0.7606056073988443,1.0,leptonic_bookkeeping,test,True,0.50562265163496
208634,tH,124.83570765056163,123.94966038564371,1,3,3,146.83166389813528,3.329770563201687,30.70819111482666,0.7606056073988443,1.0,leptonic_bookkeeping,train,True,0.50562265163496
559511,tH,124.83570765056163,123.94966038564371,1,3,3,146.83166389813528,3.329770563201687,30.70819111482666,0.7606056073988443,1.0,leptonic_bookkeeping,train,True,0.50562265163496
248152,tH,124.83570765056163,123.94966038564371,1,3,3,146.83166389813528,3.329770563201687,30.70819111482666,0.7606056073988443,1.0,leptonic_bookkeeping,train,True,0.50562265163496
499758,tH,124.83570765056163,123.94966038564371,1,3,3,146.83166389813528,3.329770563201687,30.70819111482666,0.7606056073988443,1.0,leptonic_bookkeeping,train,True,0.50562265163496
48172,tH,124.83570765056163,123.94966038564371,1,3,3,146.83166389813528,3.329770563201687,30.70819111482666,0.7606056073988443,1.0,leptonic_bookkeeping,validation,True,0.50562265163496
999248,tH,124.83570765056163,123.94966038564371,1,3,3,146.83166389813528,3.329770563201687,30.70819111482666,0.7606056073988443,1.0,leptonic_bookkeeping,test,True,0.50562265163496
254427,tH,124.83570765056163,123.94966038564371,1,3,3,146.83166389813528,3.329770563201687,30.70819111482666,0.7606056073988443,1.0,leptonic_bookkeeping,validation,True,0.50562265163496
768472,tH,124.83570765056163,123.94966038564371,1,3,3,146.83166389813528,3.329770563201687,30.70819111482666,0.7606056073988443,1.0,leptonic_bookkeeping,train,True,0.50562265163496
345825,tH,124.83570765056163,123.94966038564371,1,3,3,146.83166389813528,3.329770563201687,30.70819111482666,0.7606056073988443,1.0,leptonic_bookkeeping,train,True,0.50562265163496
572334,tH,124.83570765056163,123.94966038564371,1,3,3,146.83166389813528,3.329770563201687,30.70819111482666,0.7606056073988443,1.0,leptonic_bookkeeping,train,True,0.50562265163496
957351,tH,124.83570765056163,123.94966038564371,1,3,3,146.83166389813528,3.329770563201687,30.70819111482666,0.7606056073988443,1.0,leptonic_bookkeeping,test,True,0.50562265163496
39579,tH,124.83570765056163,123.94966038564371,1,3,3,146.83166389813528,3.329770563201687,30.70819111482666,0.7606056073988443,1.0,leptonic_bookkeeping,test,True,0.50562265163496
103831,tH,124.83570765056163,123.94966038564371,1,3,3,146.83166389813528,3.329770563201687,30.70819111482666,0.7606056073988443,1.0,leptonic_bookkeeping,train,True,0.50562265163496
754907,tH,124.83570765056163,123.94966038564371,1,3,3,146.83166389813528,3.329770563201687,30.70819111482666,0.7606056073988443,1.0,leptonic_bookkeeping,train,True,0.50562265163496
608900,tH,124.83570765056163,123.94966038564371,1,3,3,146.83166389813528,3.329770563201687,30.70819111482666,0.7606056073988443,1.0,leptonic_bookkeeping,train,True,0.50562265163496
169917,tH,124.83570765056163,123.94966038564371,1,3,3,146.83166389813528,3.329770563201687,30.70819111482666,0.7606056073988443,1.0,leptonic_bookkeeping,train,True,0.50562265163496
496802,tH,124.83570765056163,123.94966038564371,1,3,3,146.83166389813528,3.329770563201687,30.70819111482666,0.7606056073988443,1.0,leptonic_bookkeeping,train,True,0.50562265163496
486164,tH,124.83570765056163,123.94966038564371,1,3,3,146.83166389813528,3.329770563201687,30.70819111482666,0.7606056073988443,1.0,leptonic_bookkeeping,train,True,0.50562265163496
272701,tH,124.83570765056163,123.94966038564371,1,3,3,146.83166389813528,3.329770563201687,30.70819111482666,0.7606056073988443,1.0,leptonic_bookkeeping,train,True,0.50562265163496
971482,tH,124.83570765056163,123.94966038564371,1,3,3,146.83166389813528,3.329770563201687,30.70819111482666,0.7606056073988443,1.0,leptonic_bookkeeping,train,True,0.50562265163496
967976,tH,124.83570765056163,123.94966038564371,1,3,3,146.83166389813528,3.329770563201687,30.70819111482666,0.7606056073988443,1.0,leptonic_bookkeeping,test,True,0.50562265163496
892015,tH,124.83570765056163,123.94966038564371,1,3,3,146.83166389813528,3.329770563201687,30.70819111482666,0.7606056073988443,1.0,leptonic_bookkeeping,train,True,0.50562265163496
251704,tH,124.83570765056163,123.94966038564371,1,3,3,146.83166389813528,3.329770563201687,30.70819111482666,0.7606056073988443,1.0,leptonic_bookkeeping,train,True,0.50562265163496
384938,tH,124.83570765056163,123.94966038564371,1,3,3,146.83166389813528,3.329770563201687,30.70819111482666,0.7606056073988443,1.0,leptonic_bookkeeping,train,True,0.50562265163496
278527,tH,124.83570765056163,123.94966038564371,1,3,3,146.83166389813528,3.329770563201687,30.70819111482666,0.7606056073988443,1.0,leptonic_bookkeeping,train,True,0.50562265163496
766421,tH,124.83570765056163,123.94966038564371,1,3,3,146.83166389813528,3.329770563201687,30.70819111482666,0.7606056073988443,1.0,leptonic_bookkeeping,train,True,0.50562265163496
790866,tH,124.83570765056163,123.94966038564371,1,3,3,146.83166389813528,3.329770563201687,30.70819111482666,0.7606056073988443,1.0,leptonic_bookkeeping,validation,True,0.50562265163496
145551,tH,124.83570765056163,123.94966038564371,1,3,3,146.83166389813528,3.329770563201687,30.70819111482666,0.7606056073988443,1.0,leptonic_bookkeeping,train,True,0.50562265163496
437133,tH,124.83570765056163,123.94966038564371,1,3,3,146.83166389813528,3.329770563201687,30.70819111482666,0.7606056073988443,1.0,leptonic_bookkeeping,train,True,0.50562265163496
925494,tH,124.83570765056163,123.94966038564371,1,3,3,146.83166389813528,3.329770563201687,30.70819111482666,0.7606056073988443,1.0,leptonic_bookkeeping,validation,True,0.50562265163496
234807,tH,124.83570765056163,123.94966038564371,1,3,3,146.83166389813528,3.329770563201687,30.70819111482666,0.7606056073988443,1.0,leptonic_bookkeeping,validation,True,0.50562265163496
497810,tH,124.83570765056163,123.94966038564371,1,3,3,146.83166389813528,3.329770563201687,30.70819111482666,0.7606056073988443,1.0,leptonic_bookkeeping,train,True,0.50562265163496
838572,tH,124.83570765056163,123.94966038564371,1,3,3,146.83166389813528,3.329770563201687,30.70819111482666,0.7606056073988443,1.0,leptonic_bookkeeping,train,True,0.50562265163496
432728,tH,124.83570765056163,123.94966038564371,1,3,3,146.83166389813528,3.329770563201687,30.70819111482666,0.7606056073988443,1.0,leptonic_bookkeeping,test,True,0.50562265163496
377331,tH,124.83570765056163,123.94966038564371,1,3,3,146.83166389813528,3.329770563201687,30.70819111482666,0.7606056073988443,1.0,leptonic_bookkeeping,validation,True,0.50562265163496
59293,tH,124.83570765056163,123.94966038564371,1,3,3,146.83166389813528,3.329770563201687,30.70819111482666,0.7606056073988443,1.0,leptonic_bookkeeping,validation,True,0.50562265163496
347185,tH,124.83570765056163,123.94966038564371,1,3,3,146.83166389813528,3.329770563201687,30.70819111482666,0.7606056073988443,1.0,leptonic_bookkeeping,validation,True,0.50562265163496
669062,tH,124.83570765056163,123.94966038564371,1,3,3,146.83166389813528,3.329770563201687,30.70819111482666,0.7606056073988443,1.0,leptonic_bookkeeping,test,True,0.50562265163496
171898,tH,124.83570765056163,123.94966038564371,1,3,3,146.83166389813528,3.329770563201687,30.70819111482666,0.7606056073988443,1.0,leptonic_bookkeeping,validation,True,0.50562265163496
783812,tH,124.83570765056163,123.94966038564371,1,3,3,146.83166389813528,3.329770563201687,30.70819111482666,0.7606056073988443,1.0,leptonic_bookkeeping,train,True,0.50562265163496
12528,tH,124.83570765056163,123.94966038564371,1,3,3,146.83166389813528,3.329770563201687,30.70819111482666,0.7606056073988443,1.0,leptonic_bookkeeping,train,True,0.50562265163496
43958,tH,124.83570765056163,123.94966038564371,1,3,3,146.83166389813528,3.329770563201687,30.70819111482666,0.7606056073988443,1.0,leptonic_bookkeeping,train,True,0.50562265163496
371751,tH,124.83570765056163,123.94966038564371,1,3,3,146.83166389813528,3.329770563201687,30.70819111482666,0.7606056073988443,1.0,leptonic_bookkeeping,train,True,0.50562265163496
398836,tH,124.83570765056163,123.94966038564371,1,3,3,146.83166389813528,3.329770563201687,30.70819111482666,0.7606056073988443,1.0,leptonic_bookkeeping,validation,True,0.50562265163496
41718,tH,124.83570765056163,123.94966038564371,1,3,3,146.83166389813528,3.329770563201687,30.70819111482666,0.7606056073988443,1.0,leptonic_bookkeeping,train,True,0.50562265163496
623011,data,124.83570765056163,125.91670111852694,1,3,3,146.83166389813528,3.329770563201687,30.70819111482666,0.7606056073988443,1.0,leptonic_bookkeeping,train,False,0.50562265163496
54559,data,124.83570765056163,125.91670111852694,1,3,3,146.83166389813528,3.329770563201687,30.70819111482666,0.7606056073988443,1.0,leptonic_bookkeeping,train,False,0.50562265163496
247459,data,124.83570765056163,125.91670111852694,1,3,3,146.83166389813528,3.329770563201687,30.70819111482666,0.7606056073988443,1.0,leptonic_bookkeeping,train,False,0.50562265163496
177411,data,124.83570765056163,125.91670111852694,1,3,3,146.83166389813528,3.329770563201687,30.70819111482666,0.7606056073988443,1.0,leptonic_bookkeeping,train,False,0.50562265163496
23911,data,124.83570765056163,125.91670111852694,1,3,3,146.83166389813528,3.329770563201687,30.70819111482666,0.7606056073988443,1.0,leptonic_bookkeeping,train,False,0.50562265163496
546070,data,124.83570765056163,125.91670111852694,1,3,3,146.83166389813528,3.329770563201687,30.70819111482666,0.7606056073988443,1.0,leptonic_bookkeeping,test,False,0.50562265163496
60556,data,124.83570765056163,125.91670111852694,1,3,3,146.83166389813528,3.329770563201687,30.70819111482666,0.7606056073988443,1.0,leptonic_bookkeeping,test,False,0.50562265163496
452181,data,124.83570765056163,125.91670111852694,1,3,3,146.83166389813528,3.329770563201687,30.70819111482666,0.7606056073988443,1.0,leptonic_bookkeeping,test,False,0.50562265163496
351214,data,124.83570765056163,125.91670111852694,1,3,3,146.83166389813528,3.329770563201687,30.70819111482666,0.7606056073988443,1.0,leptonic_bookkeeping,train,False,0.50562265163496
972114,data,124.83570765056163,125.91670111852694,1,3,3,146.83166389813528,3.329770563201687,30.70819111482666,0.7606056073988443,1.0,leptonic_bookkeeping,train,False,0.50562265163496
152109,data,124.83570765056163,125.91670111852694,1,3,3,146.83166389813528,3.329770563201687,30.70819111482666,0.7606056073988443,1.0,leptonic_bookkeeping,validation,False,0.50562265163496
78007,data,124.83570765056163,125.91670111852694,1,3,3,146.83166389813528,3.329770563201687,30.70819111482666,0.7606056073988443,1.0,leptonic_bookkeeping,train,False,0.50562265163496
344875,data,124.83570765056163,125.91670111852694,1,3,3,146.83166389813528,3.329770563201687,30.70819111482666,0.7606056073988443,1.0,leptonic_bookkeeping,train,False,0.50562265163496
221369,data,124.83570765056163,125.91670111852694,1,3,3,146.83166389813528,3.329770563201687,30.70819111482666,0.7606056073988443,1.0,leptonic_bookkeeping,train,False,0.50562265163496
850616,data,124.83570765056163,125.91670111852694,1,3,3,146.83166389813528,3.329770563201687,30.70819111482666,0.7606056073988443,1.0,leptonic_bookkeeping,train,False,0.50562265163496
735513,data,124.83570765056163,125.91670111852694,1,3,3,146.83166389813528,3.329770563201687,30.70819111482666,0.7606056073988443,1.0,leptonic_bookkeeping,train,False,0.50562265163496
371580,data,124.83570765056163,125.91670111852694,1,3,3,146.83166389813528,3.329770563201687,30.70819111482666,0.7606056073988443,1.0,leptonic_bookkeeping,train,False,0.50562265163496
687823,data,124.83570765056163,125.91670111852694,1,3,3,146.83166389813528,3.329770563201687,30.70819111482666,0.7606056073988443,1.0,leptonic_bookkeeping,validation,False,0.50562265163496
475519,data,124.83570765056163,125.91670111852694,1,3,3,146.83166389813528,3.329770563201687,30.70819111482666,0.7606056073988443,1.0,leptonic_bookkeeping,train,False,0.50562265163496
585845,data,124.83570765056163,125.91670111852694,1,3,3,146.83166389813528,3.329770563201687,30.70819111482666,0.7606056073988443,1.0,leptonic_bookkeeping,test,False,0.50562265163496
622245,data,124.83570765056163,125.91670111852694,1,3,3,146.83166389813528,3.329770563201687,30.70819111482666,0.7606056073988443,1.0,leptonic_bookkeeping,train,False,0.50562265163496
67755,data,124.83570765056163,125.91670111852694,1,3,3,146.83166389813528,3.329770563201687,30.70819111482666,0.7606056073988443,1.0,leptonic_bookkeeping,train,False,0.50562265163496
95533,data,124.83570765056163,125.91670111852694,1,3,3,146.83166389813528,3.329770563201687,30.70819111482666,0.7606056073988443,1.0,leptonic_bookkeeping,train,False,0.50562265163496
16865,data,124.83570765056163,125.91670111852694,1,3,3,146.83166389813528,3.329770563201687,30.70819111482666,0.7606056073988443,1.0,leptonic_bookkeeping,validation,False,0.50562265163496
402673,data,124.83570765056163,125.91670111852694,1,3,3,146.83166389813528,3.329770563201687,30.70819111482666,0.7606056073988443,1.0,leptonic_bookkeeping,train,False,0.50562265163496
313451,data,124.83570765056163,125.91670111852694,1,3,3,146.83166389813528,3.329770563201687,30.70819111482666,0.7606056073988443,1.0,leptonic_bookkeeping,train,False,0.50562265163496
75999,data,124.83570765056163,125.91670111852694,1,3,3,146.83166389813528,3.329770563201687,30.70819111482666,0.7606056073988443,1.0,leptonic_bookkeeping,train,False,0.50562265163496
43628,data,124.83570765056163,125.91670111852694,1,3,3,146.83166389813528,3.329770563201687,30.70819111482666,0.7606056073988443,1.0,leptonic_bookkeeping,train,False,0.50562265163496
757683,data,124.83570765056163,125.91670111852694,1,3,3,146.83166389813528,3.329770563201687,30.70819111482666,0.7606056073988443,1.0,leptonic_bookkeeping,train,False,0.50562265163496
145148,data,124.83570765056163,125.91670111852694,1,3,3,146.83166389813528,3.329770563201687,30.70819111482666,0.7606056073988443,1.0,leptonic_bookkeeping,train,False,0.50562265163496
126216,data,124.83570765056163,125.91670111852694,1,3,3,146.83166389813528,3.329770563201687,30.70819111482666,0.7606056073988443,1.0,leptonic_bookkeeping,train,False,0.50562265163496
442233,data,124.83570765056163,125.91670111852694,1,3,3,146.83166389813528,3.329770563201687,30.70819111482666,0.7606056073988443,1.0,leptonic_bookkeeping,test,False,0.50562265163496
568984,data,124.83570765056163,125.91670111852694,1,3,3,146.83166389813528,3.329770563201687,30.70819111482666,0.7606056073988443,1.0,leptonic_bookkeeping,train,False,0.50562265163496
355171,data,124.83570765056163,125.91670111852694,1,3,3,146.83166389813528,3.329770563201687,30.70819111482666,0.7606056073988443,1.0,leptonic_bookkeeping,train,False,0.50562265163496
443925,data,124.83570765056163,125.91670111852694,1,3,3,146.83166389813528,3.329770563201687,30.70819111482666,0.7606056073988443,1.0,leptonic_bookkeeping,train,False,0.50562265163496
665714,data,124.83570765056163,125.91670111852694,1,3,3,146.83166389813528,3.329770563201687,30.70819111482666,0.7606056073988443,1.0,leptonic_bookkeeping,train,False,0.50562265163496
597663,data,124.83570765056163,125.91670111852694,1,3,3,146.83166389813528,3.329770563201687,30.70819111482666,0.7606056073988443,1.0,leptonic_bookkeeping,test,False,0.50562265163496
498837,data,124.83570765056163,125.91670111852694,1,3,3,146.83166389813528,3.329770563201687,30.70819111482666,0.7606056073988443,1.0,leptonic_bookkeeping,train,False,0.50562265163496
855666,data,124.83570765056163,125.91670111852694,1,3,3,146.83166389813528,3.329770563201687,30.70819111482666,0.7606056073988443,1.0,leptonic_bookkeeping,test,False,0.50562265163496
879612,data,124.83570765056163,125.91670111852694,1,3,3,146.83166389813528,3.329770563201687,30.70819111482666,0.7606056073988443,1.0,leptonic_bookkeeping,train,False,0.50562265163496
230717,data,124.83570765056163,125.91670111852694,1,3,3,146.83166389813528,3.329770563201687,30.70819111482666,0.7606056073988443,1.0,leptonic_bookkeeping,train,False,0.50562265163496
866666,data,124.83570765056163,125.91670111852694,1,3,3,146.83166389813528,3.329770563201687,30.70819111482666,0.7606056073988443,1.0,leptonic_bookkeeping,train,False,0.50562265163496
564740,data,124.83570765056163,125.91670111852694,1,3,3,146.83166389813528,3.329770563201687,30.70819111482666,0.7606056073988443,1.0,leptonic_bookkeeping,validation,False,0.50562265163496
681371,data,124.83570765056163,125.91670111852694,1,3,3,146.83166389813528,3.329770563201687,30.70819111482666,0.7606056073988443,1.0,leptonic_bookkeeping,train,False,0.50562265163496
453254,data,124.83570765056163,125.91670111852694,1,3,3,146.83166389813528,3.329770563201687,30.70819111482666,0.7606056073988443,1.0,leptonic_bookkeeping,test,False,0.50562265163496
65251,data,124.83570765056163,125.91670111852694,1,3,3,146.83166389813528,3.329770563201687,30.70819111482666,0.7606056073988443,1.0,leptonic_bookkeeping,train,False,0.50562265163496
71294,data,124.83570765056163,125.91670111852694,1,3,3,146.83166389813528,3.329770563201687,30.70819111482666,0.7606056073988443,1.0,leptonic_bookkeeping,test,False,0.50562265163496
739089,data,124.83570765056163,125.91670111852694,1,3,3,146.83166389813528,3.329770563201687,30.70819111482666,0.7606056073988443,1.0,leptonic_bookkeeping,validation,False,0.50562265163496
577141,data,124.83570765056163,125.91670111852694,1,3,3,146.83166389813528,3.329770563201687,30.70819111482666,0.7606056073988443,1.0,leptonic_bookkeeping,test,False,0.50562265163496
907534,data,124.83570765056163,125.91670111852694,1,3,3,146.83166389813528,3.329770563201687,30.70819111482666,0.7606056073988443,1.0,leptonic_bookkeeping,train,False,0.50562265163496
611094,data,124.83570765056163,125.91670111852694,1,3,3,146.83166389813528,3.329770563201687,30.70819111482666,0.7606056073988443,1.0,leptonic_bookkeeping,train,False,0.50562265163496
437037,data,124.83570765056163,125.91670111852694,1,3,3,146.83166389813528,3.329770563201687,30.70819111482666,0.7606056073988443,1.0,leptonic_bookkeeping,train,False,0.50562265163496
856746,data,124.83570765056163,125.91670111852694,1,3,3,146.83166389813528,3.329770563201687,30.70819111482666,0.7606056073988443,1.0,leptonic_bookkeeping,train,False,0.50562265163496
179934,data,124.83570765056163,125.91670111852694,1,3,3,146.83166389813528,3.329770563201687,30.70819111482666,0.7606056073988443,1.0,leptonic_bookkeeping,train,False,0.50562265163496
214988,data,124.83570765056163,125.91670111852694,1,3,3,146.83166389813528,3.329770563201687,30.70819111482666,0.7606056073988443,1.0,leptonic_bookkeeping,test,False,0.50562265163496
61141,data,124.83570765056163,125.91670111852694,1,3,3,146.83166389813528,3.329770563201687,30.70819111482666,0.7606056073988443,1.0,leptonic_bookkeeping,test,False,0.50562265163496
88090,data,124.83570765056163,125.91670111852694,1,3,3,146.83166389813528,3.329770563201687,30.70819111482666,0.7606056073988443,1.0,leptonic_bookkeeping,train,False,0.50562265163496
622317,data,124.83570765056163,125.91670111852694,1,3,3,146.83166389813528,3.329770563201687,30.70819111482666,0.7606056073988443,1.0,leptonic_bookkeeping,train,False,0.50562265163496
910809,data,124.83570765056163,125.91670111852694,1,3,3,146.83166389813528,3.329770563201687,30.70819111482666,0.7606056073988443,1.0,leptonic_bookkeeping,train,False,0.50562265163496
892785,data,124.83570765056163,125.91670111852694,1,3,3,146.83166389813528,3.329770563201687,30.70819111482666,0.7606056073988443,1.0,leptonic_bookkeeping,validation,False,0.50562265163496
734851,data,124.83570765056163,125.91670111852694,1,3,3,146.83166389813528,3.329770563201687,30.70819111482666,0.7606056073988443,1.0,leptonic_bookkeeping,train,False,0.50562265163496
711441,data,124.83570765056163,125.91670111852694,1,3,3,146.83166389813528,3.329770563201687,30.70819111482666,0.7606056073988443,1.0,leptonic_bookkeeping,train,False,0.50562265163496
870712,data,124.83570765056163,125.91670111852694,1,3,3,146.83166389813528,3.329770563201687,30.70819111482666,0.7606056073988443,1.0,leptonic_bookkeeping,train,False,0.50562265163496
801170,data,124.83570765056163,125.91670111852694,1,3,3,146.83166389813528,3.329770563201687,30.70819111482666,0.7606056073988443,1.0,leptonic_bookkeeping,validation,False,0.50562265163496
760753,data,124.83570765056163,125.91670111852694,1,3,3,146.83166389813528,3.329770563201687,30.70819111482666,0.7606056073988443,1.0,leptonic_bookkeeping,validation,False,0.50562265163496
962254,data,124.83570765056163,125.91670111852694,1,3,3,146.83166389813528,3.329770563201687,30.70819111482666,0.7606056073988443,1.0,leptonic_bookkeeping,train,False,0.50562265163496
115853,data,124.83570765056163,125.91670111852694,1,3,3,146.83166389813528,3.329770563201687,30.70819111482666,0.7606056073988443,1.0,leptonic_bookkeeping,train,False,0.50562265163496
441656,data,124.83570765056163,125.91670111852694,1,3,3,146.83166389813528,3.329770563201687,30.70819111482666,0.7606056073988443,1.0,leptonic_bookkeeping,test,False,0.50562265163496
96337,data,124.83570765056163,125.91670111852694,1,3,3,146.83166389813528,3.329770563201687,30.70819111482666,0.7606056073988443,1.0,leptonic_bookkeeping,train,False,0.50562265163496
759513,data,124.83570765056163,125.91670111852694,1,3,3,146.83166389813528,3.329770563201687,30.70819111482666,0.7606056073988443,1.0,leptonic_bookkeeping,validation,False,0.50562265163496
920022,data,124.83570765056163,125.91670111852694,1,3,3,146.83166389813528,3.329770563201687,30.70819111482666,0.7606056073988443,1.0,leptonic_bookkeeping,train,False,0.50562265163496
359841,data,124.83570765056163,125.91670111852694,1,3,3,146.83166389813528,3.329770563201687,30.70819111482666,0.7606056073988443,1.0,leptonic_bookkeeping,test,False,0.50562265163496
581435,data,124.83570765056163,125.91670111852694,1,3,3,146.83166389813528,3.329770563201687,30.70819111482666,0.7606056073988443,1.0,leptonic_bookkeeping,train,False,0.50562265163496
922499,data,124.83570765056163,125.91670111852694,1,3,3,146.83166389813528,3.329770563201687,30.70819111482666,0.7606056073988443,1.0,leptonic_bookkeeping,train,False,0.50562265163496
688728,data,124.83570765056163,125.91670111852694,1,3,3,146.83166389813528,3.329770563201687,30.70819111482666,0.7606056073988443,1.0,leptonic_bookkeeping,test,False,0.50562265163496
762949,data,124.83570765056163,125.91670111852694,1,3,3,146.83166389813528,3.329770563201687,30.70819111482666,0.7606056073988443,1.0,leptonic_bookkeeping,train,False,0.50562265163496
783611,data,124.83570765056163,125.91670111852694,1,3,3,146.83166389813528,3.329770563201687,30.70819111482666,0.7606056073988443,1.0,leptonic_bookkeeping,train,False,0.50562265163496
942713,data,124.83570765056163,125.91670111852694,1,3,3,146.83166389813528,3.329770563201687,30.70819111482666,0.7606056073988443,1.0,leptonic_bookkeeping,train,False,0.50562265163496
93041,data,124.83570765056163,125.91670111852694,1,3,3,146.83166389813528,3.329770563201687,30.70819111482666,0.7606056073988443,1.0,leptonic_bookkeeping,train,False,0.50562265163496
704863,data,124.83570765056163,125.91670111852694,1,3,3,146.83166389813528,3.329770563201687,30.70819111482666,0.7606056073988443,1.0,leptonic_bookkeeping,train,False,0.50562265163496
316488,data,124.83570765056163,125.91670111852694,1,3,3,146.83166389813528,3.329770563201687,30.70819111482666,0.7606056073988443,1.0,leptonic_bookkeeping,validation,False,0.50562265163496
589471,data,124.83570765056163,125.91670111852694,1,3,3,146.83166389813528,3.329770563201687,30.70819111482666,0.7606056073988443,1.0,leptonic_bookkeeping,train,False,0.50562265163496
875343,data,124.83570765056163,125.91670111852694,1,3,3,146.83166389813528,3.329770563201687,30.70819111482666,0.7606056073988443,1.0,leptonic_bookkeeping,test,False,0.50562265163496
679073,data,124.83570765056163,125.91670111852694,1,3,3,146.83166389813528,3.329770563201687,30.70819111482666,0.7606056073988443,1.0,leptonic_bookkeeping,test,False,0.50562265163496
101533,data,124.83570765056163,125.91670111852694,1,3,3,146.83166389813528,3.329770563201687,30.70819111482666,0.7606056073988443,1.0,leptonic_bookkeeping,test,False,0.50562265163496
15122,data,124.83570765056163,125.91670111852694,1,3,3,146.83166389813528,3.329770563201687,30.70819111482666,0.7606056073988443,1.0,leptonic_bookkeeping,train,False,0.50562265163496
989406,data,124.83570765056163,125.91670111852694,1,3,3,146.83166389813528,3.329770563201687,30.70819111482666,0.7606056073988443,1.0,leptonic_bookkeeping,test,False,0.50562265163496
820458,data,124.83570765056163,125.91670111852694,1,3,3,146.83166389813528,3.329770563201687,30.70819111482666,0.7606056073988443,1.0,leptonic_bookkeeping,train,False,0.50562265163496
120526,data,124.83570765056163,125.91670111852694,1,3,3,146.83166389813528,3.329770563201687,30.70819111482666,0.7606056073988443,1.0,leptonic_bookkeeping,validation,False,0.50562265163496
274414,data,124.83570765056163,125.91670111852694,1,3,3,146.83166389813528,3.329770563201687,30.70819111482666,0.7606056073988443,1.0,leptonic_bookkeeping,validation,False,0.50562265163496
311756,data,124.83570765056163,125.91670111852694,1,3,3,146.83166389813528,3.329770563201687,30.70819111482666,0.7606056073988443,1.0,leptonic_bookkeeping,train,False,0.50562265163496
226348,data,124.83570765056163,125.91670111852694,1,3,3,146.83166389813528,3.329770563201687,30.70819111482666,0.7606056073988443,1.0,leptonic_bookkeeping,test,False,0.50562265163496
914421,data,124.83570765056163,125.91670111852694,1,3,3,146.83166389813528,3.329770563201687,30.70819111482666,0.7606056073988443,1.0,leptonic_bookkeeping,validation,False,0.50562265163496
961707,data,124.83570765056163,125.91670111852694,1,3,3,146.83166389813528,3.329770563201687,30.70819111482666,0.7606056073988443,1.0,leptonic_bookkeeping,train,False,0.50562265163496
734476,data,124.83570765056163,125.91670111852694,1,3,3,146.83166389813528,3.329770563201687,30.70819111482666,0.7606056073988443,1.0,leptonic_bookkeeping,train,False,0.50562265163496
527679,data,124.83570765056163,125.91670111852694,1,3,3,146.83166389813528,3.329770563201687,30.70819111482666,0.7606056073988443,1.0,leptonic_bookkeeping,train,False,0.50562265163496
59470,data,124.83570765056163,125.91670111852694,1,3,3,146.83166389813528,3.329770563201687,30.70819111482666,0.7606056073988443,1.0,leptonic_bookkeeping,validation,False,0.50562265163496
706341,data,124.83570765056163,125.91670111852694,1,3,3,146.83166389813528,3.329770563201687,30.70819111482666,0.7606056073988443,1.0,leptonic_bookkeeping,train,False,0.50562265163496
168623,data,124.83570765056163,125.91670111852694,1,3,3,146.83166389813528,3.329770563201687,30.70819111482666,0.7606056073988443,1.0,leptonic_bookkeeping,train,False,0.50562265163496
94173,data,124.83570765056163,125.91670111852694,1,3,3,146.83166389813528,3.329770563201687,30.70819111482666,0.7606056073988443,1.0,leptonic_bookkeeping,train,False,0.50562265163496
230545,data,124.83570765056163,125.91670111852694,1,3,3,146.83166389813528,3.329770563201687,30.70819111482666,0.7606056073988443,1.0,leptonic_bookkeeping,train,False,0.50562265163496
871093,data,124.83570765056163,125.91670111852694,1,3,3,146.83166389813528,3.329770563201687,30.70819111482666,0.7606056073988443,1.0,leptonic_bookkeeping,train,False,0.50562265163496
111433,data,124.83570765056163,125.91670111852694,1,3,3,146.83166389813528,3.329770563201687,30.70819111482666,0.7606056073988443,1.0,leptonic_bookkeeping,test,False,0.50562265163496
6654,data,124.83570765056163,125.91670111852694,1,3,3,146.83166389813528,3.329770563201687,30.70819111482666,0.7606056073988443,1.0,leptonic_bookkeeping,validation,False,0.50562265163496
367598,data,124.83570765056163,125.91670111852694,1,3,3,146.83166389813528,3.329770563201687,30.70819111482666,0.7606056073988443,1.0,leptonic_bookkeeping,validation,False,0.50562265163496
482072,data,124.83570765056163,125.91670111852694,1,3,3,146.83166389813528,3.329770563201687,30.70819111482666,0.7606056073988443,1.0,leptonic_bookkeeping,validation,False,0.50562265163496
541139,data,124.83570765056163,125.91670111852694,1,3,3,146.83166389813528,3.329770563201687,30.70819111482666,0.7606056073988443,1.0,leptonic_bookkeeping,train,False,0.50562265163496
265620,data,124.83570765056163,125.91670111852694,1,3,3,146.83166389813528,3.329770563201687,30.70819111482666,0.7606056073988443,1.0,leptonic_bookkeeping,validation,False,0.50562265163496
663262,data,124.83570765056163,125.91670111852694,1,3,3,146.83166389813528,3.329770563201687,30.70819111482666,0.7606056073988443,1.0,leptonic_bookkeeping,train,False,0.50562265163496
295946,data,124.83570765056163,125.91670111852694,1,3,3,146.83166389813528,3.329770563201687,30.70819111482666,0.7606056073988443,1.0,leptonic_bookkeeping,validation,False,0.50562265163496
416821,data,124.83570765056163,125.91670111852694,1,3,3,146.83166389813528,3.329770563201687,30.70819111482666,0.7606056073988443,1.0,leptonic_bookkeeping,train,False,0.50562265163496
516834,data,124.83570765056163,125.91670111852694,1,3,3,146.83166389813528,3.329770563201687,30.70819111482666,0.7606056073988443,1.0,leptonic_bookkeeping,train,False,0.50562265163496
446997,data,124.83570765056163,125.91670111852694,1,3,3,146.83166389813528,3.329770563201687,30.70819111482666,0.7606056073988443,1.0,leptonic_bookkeeping,train,False,0.50562265163496
85959,data,124.83570765056163,125.91670111852694,1,3,3,146.83166389813528,3.329770563201687,30.70819111482666,0.7606056073988443,1.0,leptonic_bookkeeping,train,False,0.50562265163496
180132,data,124.83570765056163,125.91670111852694,1,3,3,146.83166389813528,3.329770563201687,30.70819111482666,0.7606056073988443,1.0,leptonic_bookkeeping,train,False,0.50562265163496
489396,data,124.83570765056163,125.91670111852694,1,3,3,146.83166389813528,3.329770563201687,30.70819111482666,0.7606056073988443,1.0,leptonic_bookkeeping,train,False,0.50562265163496
505768,data,124.83570765056163,125.91670111852694,1,3,3,146.83166389813528,3.329770563201687,30.70819111482666,0.7606056073988443,1.0,leptonic_bookkeeping,train,False,0.50562265163496
474879,data,124.83570765056163,125.91670111852694,1,3,3,146.83166389813528,3.329770563201687,30.70819111482666,0.7606056073988443,1.0,leptonic_bookkeeping,train,False,0.50562265163496
679004,data,124.83570765056163,125.91670111852694,1,3,3,146.83166389813528,3.329770563201687,30.70819111482666,0.7606056073988443,1.0,leptonic_bookkeeping,test,False,0.50562265163496
295397,data,124.83570765056163,125.91670111852694,1,3,3,146.83166389813528,3.329770563201687,30.70819111482666,0.7606056073988443,1.0,leptonic_bookkeeping,validation,False,0.50562265163496
698665,data,124.83570765056163,125.91670111852694,1,3,3,146.83166389813528,3.329770563201687,30.70819111482666,0.7606056073988443,1.0,leptonic_bookkeeping,validation,False,0.50562265163496
923374,data,124.83570765056163,125.91670111852694,1,3,3,146.83166389813528,3.329770563201687,30.70819111482666,0.7606056073988443,1.0,leptonic_bookkeeping,train,False,0.50562265163496
117035,data,124.83570765056163,125.91670111852694,1,3,3,146.83166389813528,3.329770563201687,30.70819111482666,0.7606056073988443,1.0,leptonic_bookkeeping,train,False,0.50562265163496
469311,data,124.83570765056163,125.91670111852694,1,3,3,146.83166389813528,3.329770563201687,30.70819111482666,0.7606056073988443,1.0,leptonic_bookkeeping,train,False,0.50562265163496
60980,data,124.83570765056163,125.91670111852694,1,3,3,146.83166389813528,3.329770563201687,30.70819111482666,0.7606056073988443,1.0,leptonic_bookkeeping,test,False,0.50562265163496
488675,data,124.83570765056163,125.91670111852694,1,3,3,146.83166389813528,3.329770563201687,30.70819111482666,0.7606056073988443,1.0,leptonic_bookkeeping,train,False,0.50562265163496
51787,data,124.83570765056163,125.91670111852694,1,3,3,146.83166389813528,3.329770563201687,30.70819111482666,0.7606056073988443,1.0,leptonic_bookkeeping,train,False,0.50562265163496
873711,data,124.83570765056163,125.91670111852694,1,3,3,146.83166389813528,3.329770563201687,30.70819111482666,0.7606056073988443,1.0,leptonic_bookkeeping,validation,False,0.50562265163496
29926,data,124.83570765056163,125.91670111852694,1,3,3,146.83166389813528,3.329770563201687,30.70819111482666,0.7606056073988443,1.0,leptonic_bookkeeping,test,False,0.50562265163496
697984,data,124.83570765056163,125.91670111852694,1,3,3,146.83166389813528,3.329770563201687,30.70819111482666,0.7606056073988443,1.0,leptonic_bookkeeping,validation,False,0.50562265163496
259851,data,124.83570765056163,125.91670111852694,1,3,3,146.83166389813528,3.329770563201687,30.70819111482666,0.7606056073988443,1.0,leptonic_bookkeeping,train,False,0.50562265163496
361008,data,124.83570765056163,125.91670111852694,1,3,3,146.83166389813528,3.329770563201687,30.70819111482666,0.7606056073988443,1.0,leptonic_bookkeeping,train,False,0.50562265163496
639818,data,124.83570765056163,125.91670111852694,1,3,3,146.83166389813528,3.329770563201687,30.70819111482666,0.7606056073988443,1.0,leptonic_bookkeeping,train,False,0.50562265163496
417962,data,124.83570765056163,125.91670111852694,1,3,3,146.83166389813528,3.329770563201687,30.70819111482666,0.7606056073988443,1.0,leptonic_bookkeeping,train,False,0.50562265163496
204356,data,124.83570765056163,125.91670111852694,1,3,3,146.83166389813528,3.329770563201687,30.70819111482666,0.7606056073988443,1.0,leptonic_bookkeeping,test,False,0.50562265163496
410457,data,124.83570765056163,125.91670111852694,1,3,3,146.83166389813528,3.329770563201687,30.70819111482666,0.7606056073988443,1.0,leptonic_bookkeeping,test,False,0.50562265163496
645407,data,124.83570765056163,125.91670111852694,1,3,3,146.83166389813528,3.329770563201687,30.70819111482666,0.7606056073988443,1.0,leptonic_bookkeeping,validation,False,0.50562265163496
702485,data,124.83570765056163,125.91670111852694,1,3,3,146.83166389813528,3.329770563201687,30.70819111482666,0.7606056073988443,1.0,leptonic_bookkeeping,train,False,0.50562265163496
390737,data,124.83570765056163,125.91670111852694,1,3,3,146.83166389813528,3.329770563201687,30.70819111482666,0.7606056073988443,1.0,leptonic_bookkeeping,test,False,0.50562265163496
73813,data,124.83570765056163,125.91670111852694,1,3,3,146.83166389813528,3.329770563201687,30.70819111482666,0.7606056073988443,1.0,leptonic_bookkeeping,train,False,0.50562265163496
28154,data,124.83570765056163,125.91670111852694,1,3,3,146.83166389813528,3.329770563201687,30.70819111482666,0.7606056073988443,1.0,leptonic_bookkeeping,validation,False,0.50562265163496
641894,data,124.83570765056163,125.91670111852694,1,3,3,146.83166389813528,3.329770563201687,30.70819111482666,0.7606056073988443,1.0,leptonic_bookkeeping,train,False,0.50562265163496
234111,data,124.83570765056163,125.91670111852694,1,3,3,146.83166389813528,3.329770563201687,30.70819111482666,0.7606056073988443,1.0,leptonic_bookkeeping,validation,False,0.50562265163496
995651,data,124.83570765056163,125.91670111852694,1,3,3,146.83166389813528,3.329770563201687,30.70819111482666,0.7606056073988443,1.0,leptonic_bookkeeping,train,False,0.50562265163496
309648,data,124.83570765056163,125.91670111852694,1,3,3,146.83166389813528,3.329770563201687,30.70819111482666,0.7606056073988443,1.0,leptonic_bookkeeping,train,False,0.50562265163496
78542,data,124.83570765056163,125.91670111852694,1,3,3,146.83166389813528,3.329770563201687,30.70819111482666,0.7606056073988443,1.0,leptonic_bookkeeping,validation,False,0.50562265163496
425955,data,124.83570765056163,125.91670111852694,1,3,3,146.83166389813528,3.329770563201687,30.70819111482666,0.7606056073988443,1.0,leptonic_bookkeeping,train,False,0.50562265163496
529039,data,124.83570765056163,125.91670111852694,1,3,3,146.83166389813528,3.329770563201687,30.70819111482666,0.7606056073988443,1.0,leptonic_bookkeeping,train,False,0.50562265163496
138712,data,124.83570765056163,125.91670111852694,1,3,3,146.83166389813528,3.329770563201687,30.70819111482666,0.7606056073988443,1.0,leptonic_bookkeeping,train,False,0.50562265163496
612913,data,124.83570765056163,125.91670111852694,1,3,3,146.83166389813528,3.329770563201687,30.70819111482666,0.7606056073988443,1.0,leptonic_bookkeeping,train,False,0.50562265163496
366881,data,124.83570765056163,125.91670111852694,1,3,3,146.83166389813528,3.329770563201687,30.70819111482666,0.7606056073988443,1.0,leptonic_bookkeeping,train,False,0.50562265163496
653825,data,124.83570765056163,125.91670111852694,1,3,3,146.83166389813528,3.329770563201687,30.70819111482666,0.7606056073988443,1.0,leptonic_bookkeeping,train,False,0.50562265163496
790653,data,124.83570765056163,125.91670111852694,1,3,3,146.83166389813528,3.329770563201687,30.70819111482666,0.7606056073988443,1.0,leptonic_bookkeeping,validation,False,0.50562265163496
695162,data,124.83570765056163,125.91670111852694,1,3,3,146.83166389813528,3.329770563201687,30.70819111482666,0.7606056073988443,1.0,leptonic_bookkeeping,train,False,0.50562265163496
241632,data,124.83570765056163,125.91670111852694,1,3,3,146.83166389813528,3.329770563201687,30.70819111482666,0.7606056073988443,1.0,leptonic_bookkeeping,train,False,0.50562265163496
563566,data,124.83570765056163,125.91670111852694,1,3,3,146.83166389813528,3.329770563201687,30.70819111482666,0.7606056073988443,1.0,leptonic_bookkeeping,validation,False,0.50562265163496
910448,data,124.83570765056163,125.91670111852694,1,3,3,146.83166389813528,3.329770563201687,30.70819111482666,0.7606056073988443,1.0,leptonic_bookkeeping,train,False,0.50562265163496
385486,data,124.83570765056163,125.91670111852694,1,3,3,146.83166389813528,3.329770563201687,30.70819111482666,0.7606056073988443,1.0,leptonic_bookkeeping,train,False,0.50562265163496
576050,data,124.83570765056163,125.91670111852694,1,3,3,146.83166389813528,3.329770563201687,30.70819111482666,0.7606056073988443,1.0,leptonic_bookkeeping,test,False,0.50562265163496
940030,data,124.83570765056163,125.91670111852694,1,3,3,146.83166389813528,3.329770563201687,30.70819111482666,0.7606056073988443,1.0,leptonic_bookkeeping,train,False,0.50562265163496
743778,data,124.83570765056163,125.91670111852694,1,3,3,146.83166389813528,3.329770563201687,30.70819111482666,0.7606056073988443,1.0,leptonic_bookkeeping,train,False,0.50562265163496
336322,data,124.83570765056163,125.91670111852694,1,3,3,146.83166389813528,3.329770563201687,30.70819111482666,0.7606056073988443,1.0,leptonic_bookkeeping,validation,False,0.50562265163496
570964,data,124.83570765056163,125.91670111852694,1,3,3,146.83166389813528,3.329770563201687,30.70819111482666,0.7606056073988443,1.0,leptonic_bookkeeping,train,False,0.50562265163496
218058,data,124.83570765056163,125.91670111852694,1,3,3,146.83166389813528,3.329770563201687,30.70819111482666,0.7606056073988443,1.0,leptonic_bookkeeping,train,False,0.50562265163496
368108,data,124.83570765056163,125.91670111852694,1,3,3,146.83166389813528,3.329770563201687,30.70819111482666,0.7606056073988443,1.0,leptonic_bookkeeping,validation,False,0.50562265163496
238671,data,124.83570765056163,125.91670111852694,1,3,3,146.83166389813528,3.329770563201687,30.70819111482666,0.7606056073988443,1.0,leptonic_bookkeeping,train,False,0.50562265163496
844642,data,124.83570765056163,125.91670111852694,1,3,3,146.83166389813528,3.329770563201687,30.70819111482666,0.7606056073988443,1.0,leptonic_bookkeeping,test,False,0.50562265163496
275517,data,124.83570765056163,125.91670111852694,1,3,3,146.83166389813528,3.329770563201687,30.70819111482666,0.7606056073988443,1.0,leptonic_bookkeeping,validation,False,0.50562265163496
158312,data,124.83570765056163,125.91670111852694,1,3,3,146.83166389813528,3.329770563201687,30.70819111482666,0.7606056073988443,1.0,leptonic_bookkeeping,train,False,0.50562265163496
586000,data,124.83570765056163,125.91670111852694,1,3,3,146.83166389813528,3.329770563201687,30.70819111482666,0.7606056073988443,1.0,leptonic_bookkeeping,test,False,0.50562265163496
432270,data,124.83570765056163,125.91670111852694,1,3,3,146.83166389813528,3.329770563201687,30.70819111482666,0.7606056073988443,1.0,leptonic_bookkeeping,test,False,0.50562265163496
621660,data,124.83570765056163,125.91670111852694,1,3,3,146.83166389813528,3.329770563201687,30.70819111482666,0.7606056073988443,1.0,leptonic_bookkeeping,train,False,0.50562265163496
93828,data,124.83570765056163,125.91670111852694,1,3,3,146.83166389813528,3.329770563201687,30.70819111482666,0.7606056073988443,1.0,leptonic_bookkeeping,train,False,0.50562265163496
476798,data,124.83570765056163,125.91670111852694,1,3,3,146.83166389813528,3.329770563201687,30.70819111482666,0.7606056073988443,1.0,leptonic_bookkeeping,train,False,0.50562265163496
67102,data,124.83570765056163,125.91670111852694,1,3,3,146.83166389813528,3.329770563201687,30.70819111482666,0.7606056073988443,1.0,leptonic_bookkeeping,train,False,0.50562265163496
136898,data,124.83570765056163,125.91670111852694,1,3,3,146.83166389813528,3.329770563201687,30.70819111482666,0.7606056073988443,1.0,leptonic_bookkeeping,train,False,0.50562265163496
791141,data,124.83570765056163,125.91670111852694,1,3,3,146.83166389813528,3.329770563201687,30.70819111482666,0.7606056073988443,1.0,leptonic_bookkeeping,validation,False,0.50562265163496
646712,data,124.83570765056163,125.91670111852694,1,3,3,146.83166389813528,3.329770563201687,30.70819111482666,0.7606056073988443,1.0,leptonic_bookkeeping,validation,False,0.50562265163496
513783,data,124.83570765056163,125.91670111852694,1,3,3,146.83166389813528,3.329770563201687,30.70819111482666,0.7606056073988443,1.0,leptonic_bookkeeping,test,False,0.50562265163496
463562,data,124.83570765056163,125.91670111852694,1,3,3,146.83166389813528,3.329770563201687,30.70819111482666,0.7606056073988443,1.0,leptonic_bookkeeping,test,False,0.50562265163496
287952,data,124.83570765056163,125.91670111852694,1,3,3,146.83166389813528,3.329770563201687,30.70819111482666,0.7606056073988443,1.0,leptonic_bookkeeping,test,False,0.50562265163496
390017,data,124.83570765056163,125.91670111852694,1,3,3,146.83166389813528,3.329770563201687,30.70819111482666,0.7606056073988443,1.0,leptonic_bookkeeping,test,False,0.50562265163496
449770,data,124.83570765056163,125.91670111852694,1,3,3,146.83166389813528,3.329770563201687,30.70819111482666,0.7606056073988443,1.0,leptonic_bookkeeping,validation,False,0.50562265163496
770147,data,124.83570765056163,125.91670111852694,1,3,3,146.83166389813528,3.329770563201687,30.70819111482666,0.7606056073988443,1.0,leptonic_bookkeeping,validation,False,0.50562265163496
72980,data,124.83570765056163,125.91670111852694,1,3,3,146.83166389813528,3.329770563201687,30.70819111482666,0.7606056073988443,1.0,leptonic_bookkeeping,train,False,0.50562265163496
584088,data,124.83570765056163,125.91670111852694,1,3,3,146.83166389813528,3.329770563201687,30.70819111482666,0.7606056073988443,1.0,leptonic_bookkeeping,validation,False,0.50562265163496
719962,data,124.83570765056163,125.91670111852694,1,3,3,146.83166389813528,3.329770563201687,30.70819111482666,0.7606056073988443,1.0,leptonic_bookkeeping,test,False,0.50562265163496
943643,data,124.83570765056163,125.91670111852694,1,3,3,146.83166389813528,3.329770563201687,30.70819111482666,0.7606056073988443,1.0,leptonic_bookkeeping,train,False,0.50562265163496
394544,data,124.83570765056163,125.91670111852694,1,3,3,146.83166389813528,3.329770563201687,30.70819111482666,0.7606056073988443,1.0,leptonic_bookkeeping,train,False,0.50562265163496
393191,data,124.83570765056163,125.91670111852694,1,3,3,146.83166389813528,3.329770563201687,30.70819111482666,0.7606056073988443,1.0,leptonic_bookkeeping,train,False,0.50562265163496
112893,data,124.83570765056163,125.91670111852694,1,3,3,146.83166389813528,3.329770563201687,30.70819111482666,0.7606056073988443,1.0,leptonic_bookkeeping,test,False,0.50562265163496
598933,data,124.83570765056163,125.91670111852694,1,3,3,146.83166389813528,3.329770563201687,30.70819111482666,0.7606056073988443,1.0,leptonic_bookkeeping,train,False,0.50562265163496
420594,data,124.83570765056163,125.91670111852694,1,3,3,146.83166389813528,3.329770563201687,30.70819111482666,0.7606056073988443,1.0,leptonic_bookkeeping,validation,False,0.50562265163496
427113,data,124.83570765056163,125.91670111852694,1,3,3,146.83166389813528,3.329770563201687,30.70819111482666,0.7606056073988443,1.0,leptonic_bookkeeping,train,False,0.50562265163496
154368,data,124.83570765056163,125.91670111852694,1,3,3,146.83166389813528,3.329770563201687,30.70819111482666,0.7606056073988443,1.0,leptonic_bookkeeping,test,False,0.50562265163496
884554,data,124.83570765056163,125.91670111852694,1,3,3,146.83166389813528,3.329770563201687,30.70819111482666,0.7606056073988443,1.0,leptonic_bookkeeping,test,False,0.50562265163496
558805,data,124.83570765056163,125.91670111852694,1,3,3,146.83166389813528,3.329770563201687,30.70819111482666,0.7606056073988443,1.0,leptonic_bookkeeping,train,False,0.50562265163496
234204,data,124.83570765056163,125.91670111852694,1,3,3,146.83166389813528,3.329770563201687,30.70819111482666,0.7606056073988443,1.0,leptonic_bookkeeping,validation,False,0.50562265163496
911897,data,124.83570765056163,125.91670111852694,1,3,3,146.83166389813528,3.329770563201687,30.70819111482666,0.7606056073988443,1.0,leptonic_bookkeeping,train,False,0.50562265163496
753269,data,124.83570765056163,125.91670111852694,1,3,3,146.83166389813528,3.329770563201687,30.70819111482666,0.7606056073988443,1.0,leptonic_bookkeeping,train,False,0.50562265163496
338160,data,124.83570765056163,125.91670111852694,1,3,3,146.83166389813528,3.329770563201687,30.70819111482666,0.7606056073988443,1.0,leptonic_bookkeeping,test,False,0.50562265163496
675936,data,124.83570765056163,125.91670111852694,1,3,3,146.83166389813528,3.329770563201687,30.70819111482666,0.7606056073988443,1.0,leptonic_bookkeeping,train,False,0.50562265163496
232855,data,124.83570765056163,125.91670111852694,1,3,3,146.83166389813528,3.329770563201687,30.70819111482666,0.7606056073988443,1.0,leptonic_bookkeeping,train,False,0.50562265163496
145795,data,124.83570765056163,125.91670111852694,1,3,3,146.83166389813528,3.329770563201687,30.70819111482666,0.7606056073988443,1.0,leptonic_bookkeeping,train,False,0.50562265163496
919449,data,124.83570765056163,125.91670111852694,1,3,3,146.83166389813528,3.329770563201687,30.70819111482666,0.7606056073988443,1.0,leptonic_bookkeeping,train,False,0.50562265163496
933048,data,124.83570765056163,125.91670111852694,1,3,3,146.83166389813528,3.329770563201687,30.70819111482666,0.7606056073988443,1.0,leptonic_bookkeeping,train,False,0.50562265163496
891828,data,124.83570765056163,125.91670111852694,1,3,3,146.83166389813528,3.329770563201687,30.70819111482666,0.7606056073988443,1.0,leptonic_bookkeeping,train,False,0.50562265163496
652059,data,124.83570765056163,125.91670111852694,1,3,3,146.83166389813528,3.329770563201687,30.70819111482666,0.7606056073988443,1.0,leptonic_bookkeeping,train,False,0.50562265163496
598881,data,124.83570765056163,125.91670111852694,1,3,3,146.83166389813528,3.329770563201687,30.70819111482666,0.7606056073988443,1.0,leptonic_bookkeeping,train,False,0.50562265163496
947851,data,124.83570765056163,125.91670111852694,1,3,3,146.83166389813528,3.329770563201687,30.70819111482666,0.7606056073988443,1.0,leptonic_bookkeeping,test,False,0.50562265163496
270796,data,124.83570765056163,125.91670111852694,1,3,3,146.83166389813528,3.329770563201687,30.70819111482666,0.7606056073988443,1.0,leptonic_bookkeeping,train,False,0.50562265163496
422818,data,124.83570765056163,125.91670111852694,1,3,3,146.83166389813528,3.329770563201687,30.70819111482666,0.7606056073988443,1.0,leptonic_bookkeeping,train,False,0.50562265163496
545953,data,124.83570765056163,125.91670111852694,1,3,3,146.83166389813528,3.329770563201687,30.70819111482666,0.7606056073988443,1.0,leptonic_bookkeeping,test,False,0.50562265163496
796999,data,124.83570765056163,125.91670111852694,1,3,3,146.83166389813528,3.329770563201687,30.70819111482666,0.7606056073988443,1.0,leptonic_bookkeeping,train,False,0.50562265163496
528574,data,124.83570765056163,125.91670111852694,1,3,3,146.83166389813528,3.329770563201687,30.70819111482666,0.7606056073988443,1.0,leptonic_bookkeeping,train,False,0.50562265163496
599935,data,124.83570765056163,125.91670111852694,1,3,3,146.83166389813528,3.329770563201687,30.70819111482666,0.7606056073988443,1.0,leptonic_bookkeeping,train,False,0.50562265163496
290437,data,124.83570765056163,125.91670111852694,1,3,3,146.83166389813528,3.329770563201687,30.70819111482666,0.7606056073988443,1.0,leptonic_bookkeeping,train,False,0.50562265163496
757638,data,124.83570765056163,125.91670111852694,1,3,3,146.83166389813528,3.329770563201687,30.70819111482666,0.7606056073988443,1.0,leptonic_bookkeeping,train,False,0.50562265163496
99807,data,124.83570765056163,125.91670111852694,1,3,3,146.83166389813528,3.329770563201687,30.70819111482666,0.7606056073988443,1.0,leptonic_bookkeeping,validation,False,0.50562265163496
735970,data,124.83570765056163,125.91670111852694,1,3,3,146.83166389813528,3.329770563201687,30.70819111482666,0.7606056073988443,1.0,leptonic_bookkeeping,train,False,0.50562265163496
320084,data,124.83570765056163,125.91670111852694,1,3,3,146.83166389813528,3.329770563201687,30.70819111482666,0.7606056073988443,1.0,leptonic_bookkeeping,train,False,0.50562265163496
44451,data,124.83570765056163,125.91670111852694,1,3,3,146.83166389813528,3.329770563201687,30.70819111482666,0.7606056073988443,1.0,leptonic_bookkeeping,train,False,0.50562265163496
187715,data,124.83570765056163,125.91670111852694,1,3,3,146.83166389813528,3.329770563201687,30.70819111482666,0.7606056073988443,1.0,leptonic_bookkeeping,train,False,0.50562265163496
345271,data,124.83570765056163,125.91670111852694,1,3,3,146.83166389813528,3.329770563201687,30.70819111482666,0.7606056073988443,1.0,leptonic_bookkeeping,train,False,0.50562265163496
228957,data,124.83570765056163,125.91670111852694,1,3,3,146.83166389813528,3.329770563201687,30.70819111482666,0.7606056073988443,1.0,leptonic_bookkeeping,train,False,0.50562265163496
980268,data,124.83570765056163,125.91670111852694,1,3,3,146.83166389813528,3.329770563201687,30.70819111482666,0.7606056073988443,1.0,leptonic_bookkeeping,train,False,0.50562265163496
669337,data,124.83570765056163,125.91670111852694,1,3,3,146.83166389813528,3.329770563201687,30.70819111482666,0.7606056073988443,1.0,leptonic_bookkeeping,test,False,0.50562265163496
308284,data,124.83570765056163,125.91670111852694,1,3,3,146.83166389813528,3.329770563201687,30.70819111482666,0.7606056073988443,1.0,leptonic_bookkeeping,test,False,0.50562265163496
588584,data,124.83570765056163,125.91670111852694,1,3,3,146.83166389813528,3.329770563201687,30.70819111482666,0.7606056073988443,1.0,leptonic_bookkeeping,train,False,0.50562265163496
816953,data,124.83570765056163,125.91670111852694,1,3,3,146.83166389813528,3.329770563201687,30.70819111482666,0.7606056073988443,1.0,leptonic_bookkeeping,train,False,0.50562265163496
108839,data,124.83570765056163,125.91670111852694,1,3,3,146.83166389813528,3.329770563201687,30.70819111482666,0.7606056073988443,1.0,leptonic_bookkeeping,train,False,0.50562265163496
591817,data,124.83570765056163,125.91670111852694,1,3,3,146.83166389813528,3.329770563201687,30.70819111482666,0.7606056073988443,1.0,leptonic_bookkeeping,train,False,0.50562265163496
93775,data,124.83570765056163,125.91670111852694,1,3,3,146.83166389813528,3.329770563201687,30.70819111482666,0.7606056073988443,1.0,leptonic_bookkeeping,train,False,0.50562265163496
597398,data,124.83570765056163,125.91670111852694,1,3,3,146.83166389813528,3.329770563201687,30.70819111482666,0.7606056073988443,1.0,leptonic_bookkeeping,test,False,0.50562265163496
514204,data,124.83570765056163,125.91670111852694,1,3,3,146.83166389813528,3.329770563201687,30.70819111482666,0.7606056073988443,1.0,leptonic_bookkeeping,test,False,0.50562265163496
112405,data,124.83570765056163,125.91670111852694,1,3,3,146.83166389813528,3.329770563201687,30.70819111482666,0.7606056073988443,1.0,leptonic_bookkeeping,test,False,0.50562265163496
568566,data,124.83570765056163,125.91670111852694,1,3,3,146.83166389813528,3.329770563201687,30.70819111482666,0.7606056073988443,1.0,leptonic_bookkeeping,train,False,0.50562265163496
784699,data,124.83570765056163,125.91670111852694,1,3,3,146.83166389813528,3.329770563201687,30.70819111482666,0.7606056073988443,1.0,leptonic_bookkeeping,train,False,0.50562265163496
401924,data,124.83570765056163,125.91670111852694,1,3,3,146.83166389813528,3.329770563201687,30.70819111482666,0.7606056073988443,1.0,leptonic_bookkeeping,test,False,0.50562265163496
134416,data,124.83570765056163,125.91670111852694,1,3,3,146.83166389813528,3.329770563201687,30.70819111482666,0.7606056073988443,1.0,leptonic_bookkeeping,train,False,0.50562265163496
994836,data,124.83570765056163,125.91670111852694,1,3,3,146.83166389813528,3.329770563201687,30.70819111482666,0.7606056073988443,1.0,leptonic_bookkeeping,train,False,0.50562265163496
11566,data,124.83570765056163,125.91670111852694,1,3,3,146.83166389813528,3.329770563201687,30.70819111482666,0.7606056073988443,1.0,leptonic_bookkeeping,train,False,0.50562265163496
135294,data,124.83570765056163,125.91670111852694,1,3,3,146.83166389813528,3.329770563201687,30.70819111482666,0.7606056073988443,1.0,leptonic_bookkeeping,train,False,0.50562265163496
109956,data,124.83570765056163,125.91670111852694,1,3,3,146.83166389813528,3.329770563201687,30.70819111482666,0.7606056073988443,1.0,leptonic_bookkeeping,validation,False,0.50562265163496
206377,data,124.83570765056163,125.91670111852694,1,3,3,146.83166389813528,3.329770563201687,30.70819111482666,0.7606056073988443,1.0,leptonic_bookkeeping,train,False,0.50562265163496
879871,data,124.83570765056163,125.91670111852694,1,3,3,146.83166389813528,3.329770563201687,30.70819111482666,0.7606056073988443,1.0,leptonic_bookkeeping,train,False,0.50562265163496
771579,data,124.83570765056163,125.91670111852694,1,3,3,146.83166389813528,3.329770563201687,30.70819111482666,0.7606056073988443,1.0,leptonic_bookkeeping,test,False,0.50562265163496
275052,data,124.83570765056163,125.91670111852694,1,3,3,146.83166389813528,3.329770563201687,30.70819111482666,0.7606056073988443,1.0,leptonic_bookkeeping,validation,False,0.50562265163496
820365,data,124.83570765056163,125.91670111852694,1,3,3,146.83166389813528,3.329770563201687,30.70819111482666,0.7606056073988443,1.0,leptonic_bookkeeping,train,False,0.50562265163496
823985,data,124.83570765056163,125.91670111852694,1,3,3,146.83166389813528,3.329770563201687,30.70819111482666,0.7606056073988443,1.0,leptonic_bookkeeping,test,False,0.50562265163496
813549,data,124.83570765056163,125.91670111852694,1,3,3,146.83166389813528,3.329770563201687,30.70819111482666,0.7606056073988443,1.0,leptonic_bookkeeping,test,False,0.50562265163496
583394,data,124.83570765056163,125.91670111852694,1,3,3,146.83166389813528,3.329770563201687,30.70819111482666,0.7606056073988443,1.0,leptonic_bookkeeping,train,False,0.50562265163496
300746,data,124.83570765056163,125.91670111852694,1,3,3,146.83166389813528,3.329770563201687,30.70819111482666,0.7606056073988443,1.0,leptonic_bookkeeping,train,False,0.50562265163496
569020,data,124.83570765056163,125.91670111852694,1,3,3,146.83166389813528,3.329770563201687,30.70819111482666,0.7606056073988443,1.0,leptonic_bookkeeping,train,False,0.50562265163496
133138,data,124.83570765056163,125.91670111852694,1,3,3,146.83166389813528,3.329770563201687,30.70819111482666,0.7606056073988443,1.0,leptonic_bookkeeping,test,False,0.50562265163496
201783,data,124.83570765056163,125.91670111852694,1,3,3,146.83166389813528,3.329770563201687,30.70819111482666,0.7606056073988443,1.0,leptonic_bookkeeping,train,False,0.50562265163496
504678,data,124.83570765056163,125.91670111852694,1,3,3,146.83166389813528,3.329770563201687,30.70819111482666,0.7606056073988443,1.0,leptonic_bookkeeping,test,False,0.50562265163496
292620,data,124.83570765056163,125.91670111852694,1,3,3,146.83166389813528,3.329770563201687,30.70819111482666,0.7606056073988443,1.0,leptonic_bookkeeping,train,False,0.50562265163496
294799,data,124.83570765056163,125.91670111852694,1,3,3,146.83166389813528,3.329770563201687,30.70819111482666,0.7606056073988443,1.0,leptonic_bookkeeping,train,False,0.50562265163496
638251,data,124.83570765056163,125.91670111852694,1,3,3,146.83166389813528,3.329770563201687,30.70819111482666,0.7606056073988443,1.0,leptonic_bookkeeping,test,False,0.50562265163496
151905,data,124.83570765056163,125.91670111852694,1,3,3,146.83166389813528,3.329770563201687,30.70819111482666,0.7606056073988443,1.0,leptonic_bookkeeping,validation,False,0.50562265163496
964737,data,124.83570765056163,125.91670111852694,1,3,3,146.83166389813528,3.329770563201687,30.70819111482666,0.7606056073988443,1.0,leptonic_bookkeeping,train,False,0.50562265163496
543653,data,124.83570765056163,125.91670111852694,1,3,3,146.83166389813528,3.329770563201687,30.70819111482666,0.7606056073988443,1.0,leptonic_bookkeeping,validation,False,0.50562265163496
731322,data,124.83570765056163,125.91670111852694,1,3,3,146.83166389813528,3.329770563201687,30.70819111482666,0.7606056073988443,1.0,leptonic_bookkeeping,test,False,0.50562265163496
207392,data,124.83570765056163,125.91670111852694,1,3,3,146.83166389813528,3.329770563201687,30.70819111482666,0.7606056073988443,1.0,leptonic_bookkeeping,train,False,0.50562265163496
351729,data,124.83570765056163,125.91670111852694,1,3,3,146.83166389813528,3.329770563201687,30.70819111482666,0.7606056073988443,1.0,leptonic_bookkeeping,train,False,0.50562265163496
831888,data,124.83570765056163,125.91670111852694,1,3,3,146.83166389813528,3.329770563201687,30.70819111482666,0.7606056073988443,1.0,leptonic_bookkeeping,validation,False,0.50562265163496
438626,data,124.83570765056163,125.91670111852694,1,3,3,146.83166389813528,3.329770563201687,30.70819111482666,0.7606056073988443,1.0,leptonic_bookkeeping,train,False,0.50562265163496
254399,data,124.83570765056163,125.91670111852694,1,3,3,146.83166389813528,3.329770563201687,30.70819111482666,0.7606056073988443,1.0,leptonic_bookkeeping,validation,False,0.50562265163496
626520,data,124.83570765056163,125.91670111852694,1,3,3,146.83166389813528,3.329770563201687,30.70819111482666,0.7606056073988443,1.0,leptonic_bookkeeping,validation,False,0.50562265163496
552314,data,124.83570765056163,125.91670111852694,1,3,3,146.83166389813528,3.329770563201687,30.70819111482666,0.7606056073988443,1.0,leptonic_bookkeeping,train,False,0.50562265163496
304192,data,124.83570765056163,125.91670111852694,1,3,3,146.83166389813528,3.329770563201687,30.70819111482666,0.7606056073988443,1.0,leptonic_bookkeeping,train,False,0.50562265163496
234525,data,124.83570765056163,125.91670111852694,1,3,3,146.83166389813528,3.329770563201687,30.70819111482666,0.7606056073988443,1.0,leptonic_bookkeeping,validation,False,0.50562265163496
278157,data,124.83570765056163,125.91670111852694,1,3,3,146.83166389813528,3.329770563201687,30.70819111482666,0.7606056073988443,1.0,leptonic_bookkeeping,test,False,0.50562265163496
601525,data,124.83570765056163,125.91670111852694,1,3,3,146.83166389813528,3.329770563201687,30.70819111482666,0.7606056073988443,1.0,leptonic_bookkeeping,train,False,0.50562265163496
541030,data,124.83570765056163,125.91670111852694,1,3,3,146.83166389813528,3.329770563201687,30.70819111482666,0.7606056073988443,1.0,leptonic_bookkeeping,train,False,0.50562265163496
398125,data,124.83570765056163,125.91670111852694,1,3,3,146.83166389813528,3.329770563201687,30.70819111482666,0.7606056073988443,1.0,leptonic_bookkeeping,validation,False,0.50562265163496
785300,data,124.83570765056163,125.91670111852694,1,3,3,146.83166389813528,3.329770563201687,30.70819111482666,0.7606056073988443,1.0,leptonic_bookkeeping,train,False,0.50562265163496
794117,data,124.83570765056163,125.91670111852694,1,3,3,146.83166389813528,3.329770563201687,30.70819111482666,0.7606056073988443,1.0,leptonic_bookkeeping,train,False,0.50562265163496
380236,data,124.83570765056163,125.91670111852694,1,3,3,146.83166389813528,3.329770563201687,30.70819111482666,0.7606056073988443,1.0,leptonic_bookkeeping,test,False,0.50562265163496
877543,data,124.83570765056163,125.91670111852694,1,3,3,146.83166389813528,3.329770563201687,30.70819111482666,0.7606056073988443,1.0,leptonic_bookkeeping,train,False,0.50562265163496
821367,data,124.83570765056163,125.91670111852694,1,3,3,146.83166389813528,3.329770563201687,30.70819111482666,0.7606056073988443,1.0,leptonic_bookkeeping,validation,False,0.50562265163496
492184,data,124.83570765056163,125.91670111852694,1,3,3,146.83166389813528,3.329770563201687,30.70819111482666,0.7606056073988443,1.0,leptonic_bookkeeping,validation,False,0.50562265163496
41387,data,124.83570765056163,125.91670111852694,1,3,3,146.83166389813528,3.329770563201687,30.70819111482666,0.7606056073988443,1.0,leptonic_bookkeeping,train,False,0.50562265163496
722817,data,124.83570765056163,125.91670111852694,1,3,3,146.83166389813528,3.329770563201687,30.70819111482666,0.7606056073988443,1.0,leptonic_bookkeeping,train,False,0.50562265163496
749794,data,124.83570765056163,125.91670111852694,1,3,3,146.83166389813528,3.329770563201687,30.70819111482666,0.7606056073988443,1.0,leptonic_bookkeeping,validation,False,0.50562265163496
583958,data,124.83570765056163,125.91670111852694,1,3,3,146.83166389813528,3.329770563201687,30.70819111482666,0.7606056073988443,1.0,leptonic_bookkeeping,validation,False,0.50562265163496
92388,data,124.83570765056163,125.91670111852694,1,3,3,146.83166389813528,3.329770563201687,30.70819111482666,0.7606056073988443,1.0,leptonic_bookkeeping,test,False,0.50562265163496
833039,data,124.83570765056163,125.91670111852694,1,3,3,146.83166389813528,3.329770563201687,30.70819111482666,0.7606056073988443,1.0,leptonic_bookkeeping,test,False,0.50562265163496
106595,data,124.83570765056163,125.91670111852694,1,3,3,146.83166389813528,3.329770563201687,30.70819111482666,0.7606056073988443,1.0,leptonic_bookkeeping,train,False,0.50562265163496
970352,data,124.83570765056163,125.91670111852694,1,3,3,146.83166389813528,3.329770563201687,30.70819111482666,0.7606056073988443,1.0,leptonic_bookkeeping,train,False,0.50562265163496
865164,data,124.83570765056163,125.91670111852694,1,3,3,146.83166389813528,3.329770563201687,30.70819111482666,0.7606056073988443,1.0,leptonic_bookkeeping,test,False,0.50562265163496
362804,data,124.83570765056163,125.91670111852694,1,3,3,146.83166389813528,3.329770563201687,30.70819111482666,0.7606056073988443,1.0,leptonic_bookkeeping,train,False,0.50562265163496
424220,data,124.83570765056163,125.91670111852694,1,3,3,146.83166389813528,3.329770563201687,30.70819111482666,0.7606056073988443,1.0,leptonic_bookkeeping,train,False,0.50562265163496
663048,data,124.83570765056163,125.91670111852694,1,3,3,146.83166389813528,3.329770563201687,30.70819111482666,0.7606056073988443,1.0,leptonic_bookkeeping,train,False,0.50562265163496
310225,data,124.83570765056163,125.91670111852694,1,3,3,146.83166389813528,3.329770563201687,30.70819111482666,0.7606056073988443,1.0,leptonic_bookkeeping,train,False,0.50562265163496
639327,data,124.83570765056163,125.91670111852694,1,3,3,146.83166389813528,3.329770563201687,30.70819111482666,0.7606056073988443,1.0,leptonic_bookkeeping,train,False,0.50562265163496
888451,data,124.83570765056163,125.91670111852694,1,3,3,146.83166389813528,3.329770563201687,30.70819111482666,0.7606056073988443,1.0,leptonic_bookkeeping,train,False,0.50562265163496
884646,data,124.83570765056163,125.91670111852694,1,3,3,146.83166389813528,3.329770563201687,30.70819111482666,0.7606056073988443,1.0,leptonic_bookkeeping,test,False,0.50562265163496
514242,data,124.83570765056163,125.91670111852694,1,3,3,146.83166389813528,3.329770563201687,30.70819111482666,0.7606056073988443,1.0,leptonic_bookkeeping,test,False,0.50562265163496
959956,data,124.83570765056163,125.91670111852694,1,3,3,146.83166389813528,3.329770563201687,30.70819111482666,0.7606056073988443,1.0,leptonic_bookkeeping,train,False,0.50562265163496
471119,data,124.83570765056163,125.91670111852694,1,3,3,146.83166389813528,3.329770563201687,30.70819111482666,0.7606056073988443,1.0,leptonic_bookkeeping,validation,False,0.50562265163496
952526,data,124.83570765056163,125.91670111852694,1,3,3,146.83166389813528,3.329770563201687,30.70819111482666,0.7606056073988443,1.0,leptonic_bookkeeping,train,False,0.50562265163496
229331,data,124.83570765056163,125.91670111852694,1,3,3,146.83166389813528,3.329770563201687,30.70819111482666,0.7606056073988443,1.0,leptonic_bookkeeping,train,False,0.50562265163496
847698,data,124.83570765056163,125.91670111852694,1,3,3,146.83166389813528,3.329770563201687,30.70819111482666,0.7606056073988443,1.0,leptonic_bookkeeping,train,False,0.50562265163496
3542,data,124.83570765056163,125.91670111852694,1,3,3,146.83166389813528,3.329770563201687,30.70819111482666,0.7606056073988443,1.0,leptonic_bookkeeping,train,False,0.50562265163496
497240,data,124.83570765056163,125.91670111852694,1,3,3,146.83166389813528,3.329770563201687,30.70819111482666,0.7606056073988443,1.0,leptonic_bookkeeping,train,False,0.50562265163496
675617,data,124.83570765056163,125.91670111852694,1,3,3,146.83166389813528,3.329770563201687,30.70819111482666,0.7606056073988443,1.0,leptonic_bookkeeping,train,False,0.50562265163496
418139,data,124.83570765056163,125.91670111852694,1,3,3,146.83166389813528,3.329770563201687,30.70819111482666,0.7606056073988443,1.0,leptonic_bookkeeping,train,False,0.50562265163496
300537,data,124.83570765056163,125.91670111852694,1,3,3,146.83166389813528,3.329770563201687,30.70819111482666,0.7606056073988443,1.0,leptonic_bookkeeping,train,False,0.50562265163496
687165,data,124.83570765056163,125.91670111852694,1,3,3,146.83166389813528,3.329770563201687,30.70819111482666,0.7606056073988443,1.0,leptonic_bookkeeping,validation,False,0.50562265163496
322988,data,124.83570765056163,125.91670111852694,1,3,3,146.83166389813528,3.329770563201687,30.70819111482666,0.7606056073988443,1.0,leptonic_bookkeeping,train,False,0.50562265163496
648906,data,124.83570765056163,125.91670111852694,1,3,3,146.83166389813528,3.329770563201687,30.70819111482666,0.7606056073988443,1.0,leptonic_bookkeeping,test,False,0.50562265163496
357864,data,124.83570765056163,125.91670111852694,1,3,3,146.83166389813528,3.329770563201687,30.70819111482666,0.7606056073988443,1.0,leptonic_bookkeeping,validation,False,0.50562265163496
444840,data,124.83570765056163,125.91670111852694,1,3,3,146.83166389813528,3.329770563201687,30.70819111482666,0.7606056073988443,1.0,leptonic_bookkeeping,train,False,0.50562265163496
912264,data,124.83570765056163,125.91670111852694,1,3,3,146.83166389813528,3.329770563201687,30.70819111482666,0.7606056073988443,1.0,leptonic_bookkeeping,train,False,0.50562265163496
745988,data,124.83570765056163,125.91670111852694,1,3,3,146.83166389813528,3.329770563201687,30.70819111482666,0.7606056073988443,1.0,leptonic_bookkeeping,train,False,0.50562265163496
376778,data,124.83570765056163,125.91670111852694,1,3,3,146.83166389813528,3.329770563201687,30.70819111482666,0.7606056073988443,1.0,leptonic_bookkeeping,train,False,0.50562265163496
69337,data,124.83570765056163,125.91670111852694,1,3,3,146.83166389813528,3.329770563201687,30.70819111482666,0.7606056073988443,1.0,leptonic_bookkeeping,validation,False,0.50562265163496
267081,data,124.83570765056163,125.91670111852694,1,3,3,146.83166389813528,3.329770563201687,30.70819111482666,0.7606056073988443,1.0,leptonic_bookkeeping,test,False,0.50562265163496
828741,data,124.83570765056163,125.91670111852694,1,3,3,146.83166389813528,3.329770563201687,30.70819111482666,0.7606056073988443,1.0,leptonic_bookkeeping,train,False,0.50562265163496
767443,data,124.83570765056163,125.91670111852694,1,3,3,146.83166389813528,3.329770563201687,30.70819111482666,0.7606056073988443,1.0,leptonic_bookkeeping,train,False,0.50562265163496
389747,data,124.83570765056163,125.91670111852694,1,3,3,146.83166389813528,3.329770563201687,30.70819111482666,0.7606056073988443,1.0,leptonic_bookkeeping,test,False,0.50562265163496
121708,data,124.83570765056163,125.91670111852694,1,3,3,146.83166389813528,3.329770563201687,30.70819111482666,0.7606056073988443,1.0,leptonic_bookkeeping,test,False,0.50562265163496
671201,data,124.83570765056163,125.91670111852694,1,3,3,146.83166389813528,3.329770563201687,30.70819111482666,0.7606056073988443,1.0,leptonic_bookkeeping,train,False,0.50562265163496
144518,data,124.83570765056163,125.91670111852694,1,3,3,146.83166389813528,3.329770563201687,30.70819111482666,0.7606056073988443,1.0,leptonic_bookkeeping,train,False,0.50562265163496
957626,data,124.83570765056163,125.91670111852694,1,3,3,146.83166389813528,3.329770563201687,30.70819111482666,0.7606056073988443,1.0,leptonic_bookkeeping,test,False,0.50562265163496
71587,data,124.83570765056163,125.91670111852694,1,3,3,146.83166389813528,3.329770563201687,30.70819111482666,0.7606056073988443,1.0,leptonic_bookkeeping,test,False,0.50562265163496
496932,data,124.83570765056163,125.91670111852694,1,3,3,146.83166389813528,3.329770563201687,30.70819111482666,0.7606056073988443,1.0,leptonic_bookkeeping,train,False,0.50562265163496
887073,data,124.83570765056163,125.91670111852694,1,3,3,146.83166389813528,3.329770563201687,30.70819111482666,0.7606056073988443,1.0,leptonic_bookkeeping,train,False,0.50562265163496
271524,data,124.83570765056163,125.91670111852694,1,3,3,146.83166389813528,3.329770563201687,30.70819111482666,0.7606056073988443,1.0,leptonic_bookkeeping,train,False,0.50562265163496
713827,data,124.83570765056163,125.91670111852694,1,3,3,146.83166389813528,3.329770563201687,30.70819111482666,0.7606056073988443,1.0,leptonic_bookkeeping,train,False,0.50562265163496
207033,data,124.83570765056163,125.91670111852694,1,3,3,146.83166389813528,3.329770563201687,30.70819111482666,0.7606056073988443,1.0,leptonic_bookkeeping,train,False,0.50562265163496
27825,data,124.83570765056163,125.91670111852694,1,3,3,146.83166389813528,3.329770563201687,30.70819111482666,0.7606056073988443,1.0,leptonic_bookkeeping,validation,False,0.50562265163496
438964,data,124.83570765056163,125.91670111852694,1,3,3,146.83166389813528,3.329770563201687,30.70819111482666,0.7606056073988443,1.0,leptonic_bookkeeping,train,False,0.50562265163496
795431,data,124.83570765056163,125.91670111852694,1,3,3,146.83166389813528,3.329770563201687,30.70819111482666,0.7606056073988443,1.0,leptonic_bookkeeping,train,False,0.50562265163496
998541,data,124.83570765056163,125.91670111852694,1,3,3,146.83166389813528,3.329770563201687,30.70819111482666,0.7606056073988443,1.0,leptonic_bookkeeping,test,False,0.50562265163496
798314,data,124.83570765056163,125.91670111852694,1,3,3,146.83166389813528,3.329770563201687,30.70819111482666,0.7606056073988443,1.0,leptonic_bookkeeping,train,False,0.50562265163496
486116,data,124.83570765056163,125.91670111852694,1,3,3,146.83166389813528,3.329770563201687,30.70819111482666,0.7606056073988443,1.0,leptonic_bookkeeping,train,False,0.50562265163496
377311,data,124.83570765056163,125.91670111852694,1,3,3,146.83166389813528,3.329770563201687,30.70819111482666,0.7606056073988443,1.0,leptonic_bookkeeping,train,False,0.50562265163496
683564,data,124.83570765056163,125.91670111852694,1,3,3,146.83166389813528,3.329770563201687,30.70819111482666,0.7606056073988443,1.0,leptonic_bookkeeping,train,False,0.50562265163496
279008,data,124.83570765056163,125.91670111852694,1,3,3,146.83166389813528,3.329770563201687,30.70819111482666,0.7606056073988443,1.0,leptonic_bookkeeping,train,False,0.50562265163496
18530,data,124.83570765056163,125.91670111852694,1,3,3,146.83166389813528,3.329770563201687,30.70819111482666,0.7606056073988443,1.0,leptonic_bookkeeping,validation,False,0.50562265163496
565665,data,124.83570765056163,125.91670111852694,1,3,3,146.83166389813528,3.329770563201687,30.70819111482666,0.7606056073988443,1.0,leptonic_bookkeeping,test,False,0.50562265163496
578787,data,124.83570765056163,125.91670111852694,1,3,3,146.83166389813528,3.329770563201687,30.70819111482666,0.7606056073988443,1.0,leptonic_bookkeeping,train,False,0.50562265163496
970427,data,124.83570765056163,125.91670111852694,1,3,3,146.83166389813528,3.329770563201687,30.70819111482666,0.7606056073988443,1.0,leptonic_bookkeeping,train,False,0.50562265163496
624305,data,124.83570765056163,125.91670111852694,1,3,3,146.83166389813528,3.329770563201687,30.70819111482666,0.7606056073988443,1.0,leptonic_bookkeeping,train,False,0.50562265163496
667866,data,124.83570765056163,125.91670111852694,1,3,3,146.83166389813528,3.329770563201687,30.70819111482666,0.7606056073988443,1.0,leptonic_bookkeeping,validation,False,0.50562265163496
930677,data,124.83570765056163,125.91670111852694,1,3,3,146.83166389813528,3.329770563201687,30.70819111482666,0.7606056073988443,1.0,leptonic_bookkeeping,train,False,0.50562265163496
536747,data,124.83570765056163,125.91670111852694,1,3,3,146.83166389813528,3.329770563201687,30.70819111482666,0.7606056073988443,1.0,leptonic_bookkeeping,train,False,0.50562265163496
200026,data,124.83570765056163,125.91670111852694,1,3,3,146.83166389813528,3.329770563201687,30.70819111482666,0.7606056073988443,1.0,leptonic_bookkeeping,train,False,0.50562265163496
258911,data,124.83570765056163,125.91670111852694,1,3,3,146.83166389813528,3.329770563201687,30.70819111482666,0.7606056073988443,1.0,leptonic_bookkeeping,train,False,0.50562265163496
719374,data,124.83570765056163,125.91670111852694,1,3,3,146.83166389813528,3.329770563201687,30.70819111482666,0.7606056073988443,1.0,leptonic_bookkeeping,validation,False,0.50562265163496
2908,data,124.83570765056163,125.91670111852694,1,3,3,146.83166389813528,3.329770563201687,30.70819111482666,0.7606056073988443,1.0,leptonic_bookkeeping,train,False,0.50562265163496
750720,data,124.83570765056163,125.91670111852694,1,3,3,146.83166389813528,3.329770563201687,30.70819111482666,0.7606056073988443,1.0,leptonic_bookkeeping,test,False,0.50562265163496
87023,data,124.83570765056163,125.91670111852694,1,3,3,146.83166389813528,3.329770563201687,30.70819111482666,0.7606056073988443,1.0,leptonic_bookkeeping,train,False,0.50562265163496
537943,data,124.83570765056163,125.91670111852694,1,3,3,146.83166389813528,3.329770563201687,30.70819111482666,0.7606056073988443,1.0,leptonic_bookkeeping,train,False,0.50562265163496
105795,data,124.83570765056163,125.91670111852694,1,3,3,146.83166389813528,3.329770563201687,30.70819111482666,0.7606056073988443,1.0,leptonic_bookkeeping,train,False,0.50562265163496
178565,data,124.83570765056163,125.91670111852694,1,3,3,146.83166389813528,3.329770563201687,30.70819111482666,0.7606056073988443,1.0,leptonic_bookkeeping,train,False,0.50562265163496
998483,data,124.83570765056163,125.91670111852694,1,3,3,146.83166389813528,3.329770563201687,30.70819111482666,0.7606056073988443,1.0,leptonic_bookkeeping,test,False,0.50562265163496
172138,data,124.83570765056163,125.91670111852694,1,3,3,146.83166389813528,3.329770563201687,30.70819111482666,0.7606056073988443,1.0,leptonic_bookkeeping,validation,False,0.50562265163496
681565,data,124.83570765056163,125.91670111852694,1,3,3,146.83166389813528,3.329770563201687,30.70819111482666,0.7606056073988443,1.0,leptonic_bookkeeping,train,False,0.50562265163496
576400,data,124.83570765056163,125.91670111852694,1,3,3,146.83166389813528,3.329770563201687,30.70819111482666,0.7606056073988443,1.0,leptonic_bookkeeping,test,False,0.50562265163496
97433,data,124.83570765056163,125.91670111852694,1,3,3,146.83166389813528,3.329770563201687,30.70819111482666,0.7606056073988443,1.0,leptonic_bookkeeping,train,False,0.50562265163496
231050,data,124.83570765056163,125.91670111852694,1,3,3,146.83166389813528,3.329770563201687,30.70819111482666,0.7606056073988443,1.0,leptonic_bookkeeping,train,False,0.50562265163496
707728,data,124.83570765056163,125.91670111852694,1,3,3,146.83166389813528,3.329770563201687,30.70819111482666,0.7606056073988443,1.0,leptonic_bookkeeping,validation,False,0.50562265163496
128409,data,124.83570765056163,125.91670111852694,1,3,3,146.83166389813528,3.329770563201687,30.70819111482666,0.7606056073988443,1.0,leptonic_bookkeeping,train,False,0.50562265163496
757311,data,124.83570765056163,125.91670111852694,1,3,3,146.83166389813528,3.329770563201687,30.70819111482666,0.7606056073988443,1.0,leptonic_bookkeeping,train,False,0.50562265163496
400800,data,124.83570765056163,125.91670111852694,1,3,3,146.83166389813528,3.329770563201687,30.70819111482666,0.7606056073988443,1.0,leptonic_bookkeeping,test,False,0.50562265163496
918108,data,124.83570765056163,125.91670111852694,1,3,3,146.83166389813528,3.329770563201687,30.70819111482666,0.7606056073988443,1.0,leptonic_bookkeeping,train,False,0.50562265163496
923955,data,124.83570765056163,125.91670111852694,1,3,3,146.83166389813528,3.329770563201687,30.70819111482666,0.7606056073988443,1.0,leptonic_bookkeeping,validation,False,0.50562265163496
469179,data,124.83570765056163,125.91670111852694,1,3,3,146.83166389813528,3.329770563201687,30.70819111482666,0.7606056073988443,1.0,leptonic_bookkeeping,train,False,0.50562265163496
303936,data,124.83570765056163,125.91670111852694,1,3,3,146.83166389813528,3.329770563201687,30.70819111482666,0.7606056073988443,1.0,leptonic_bookkeeping,train,False,0.50562265163496
327187,data,124.83570765056163,125.91670111852694,1,3,3,146.83166389813528,3.329770563201687,30.70819111482666,0.7606056073988443,1.0,leptonic_bookkeeping,validation,False,0.50562265163496
773027,data,124.83570765056163,125.91670111852694,1,3,3,146.83166389813528,3.329770563201687,30.70819111482666,0.7606056073988443,1.0,leptonic_bookkeeping,test,False,0.50562265163496
336621,data,124.83570765056163,125.91670111852694,1,3,3,146.83166389813528,3.329770563201687,30.70819111482666,0.7606056073988443,1.0,leptonic_bookkeeping,validation,False,0.50562265163496
946875,data,124.83570765056163,125.91670111852694,1,3,3,146.83166389813528,3.329770563201687,30.70819111482666,0.7606056073988443,1.0,leptonic_bookkeeping,test,False,0.50562265163496
195337,data,124.83570765056163,125.91670111852694,1,3,3,146.83166389813528,3.329770563201687,30.70819111482666,0.7606056073988443,1.0,leptonic_bookkeeping,test,False,0.50562265163496
359428,data,124.83570765056163,125.91670111852694,1,3,3,146.83166389813528,3.329770563201687,30.70819111482666,0.7606056073988443,1.0,leptonic_bookkeeping,test,False,0.50562265163496
34949,data,124.83570765056163,125.91670111852694,1,3,3,146.83166389813528,3.329770563201687,30.70819111482666,0.7606056073988443,1.0,leptonic_bookkeeping,train,False,0.50562265163496
60929,data,124.83570765056163,125.91670111852694,1,3,3,146.83166389813528,3.329770563201687,30.70819111482666,0.7606056073988443,1.0,leptonic_bookkeeping,test,False,0.50562265163496
46106,data,124.83570765056163,125.91670111852694,1,3,3,146.83166389813528,3.329770563201687,30.70819111482666,0.7606056073988443,1.0,leptonic_bookkeeping,train,False,0.50562265163496
864781,data,124.83570765056163,125.91670111852694,1,3,3,146.83166389813528,3.329770563201687,30.70819111482666,0.7606056073988443,1.0,leptonic_bookkeeping,test,False,0.50562265163496
688099,data,124.83570765056163,125.91670111852694,1,3,3,146.83166389813528,3.329770563201687,30.70819111482666,0.7606056073988443,1.0,leptonic_bookkeeping,validation,False,0.50562265163496
282445,data,124.83570765056163,125.91670111852694,1,3,3,146.83166389813528,3.329770563201687,30.70819111482666,0.7606056073988443,1.0,leptonic_bookkeeping,train,False,0.50562265163496
755026,data,124.83570765056163,125.91670111852694,1,3,3,146.83166389813528,3.329770563201687,30.70819111482666,0.7606056073988443,1.0,leptonic_bookkeeping,train,False,0.50562265163496
843202,data,124.83570765056163,125.91670111852694,1,3,3,146.83166389813528,3.329770563201687,30.70819111482666,0.7606056073988443,1.0,leptonic_bookkeeping,validation,False,0.50562265163496
516375,data,124.83570765056163,125.91670111852694,1,3,3,146.83166389813528,3.329770563201687,30.70819111482666,0.7606056073988443,1.0,leptonic_bookkeeping,train,False,0.50562265163496
918295,data,124.83570765056163,125.91670111852694,1,3,3,146.83166389813528,3.329770563201687,30.70819111482666,0.7606056073988443,1.0,leptonic_bookkeeping,train,False,0.50562265163496
522914,data,124.83570765056163,125.91670111852694,1,3,3,146.83166389813528,3.329770563201687,30.70819111482666,0.7606056073988443,1.0,leptonic_bookkeeping,validation,False,0.50562265163496
480662,data,124.83570765056163,125.91670111852694,1,3,3,146.83166389813528,3.329770563201687,30.70819111482666,0.7606056073988443,1.0,leptonic_bookkeeping,validation,False,0.50562265163496
520953,data,124.83570765056163,125.91670111852694,1,3,3,146.83166389813528,3.329770563201687,30.70819111482666,0.7606056073988443,1.0,leptonic_bookkeeping,train,False,0.50562265163496
70005,data,124.83570765056163,125.91670111852694,1,3,3,146.83166389813528,3.329770563201687,30.70819111482666,0.7606056073988443,1.0,leptonic_bookkeeping,validation,False,0.50562265163496
332115,data,124.83570765056163,125.91670111852694,1,3,3,146.83166389813528,3.329770563201687,30.70819111482666,0.7606056073988443,1.0,leptonic_bookkeeping,train,False,0.50562265163496
850300,data,124.83570765056163,125.91670111852694,1,3,3,146.83166389813528,3.329770563201687,30.70819111482666,0.7606056073988443,1.0,leptonic_bookkeeping,train,False,0.50562265163496
272302,data,124.83570765056163,125.91670111852694,1,3,3,146.83166389813528,3.329770563201687,30.70819111482666,0.7606056073988443,1.0,leptonic_bookkeeping,train,False,0.50562265163496
397114,data,124.83570765056163,125.91670111852694,1,3,3,146.83166389813528,3.329770563201687,30.70819111482666,0.7606056073988443,1.0,leptonic_bookkeeping,train,False,0.50562265163496
890310,data,124.83570765056163,125.91670111852694,1,3,3,146.83166389813528,3.329770563201687,30.70819111482666,0.7606056073988443,1.0,leptonic_bookkeeping,train,False,0.50562265163496
46910,data,124.83570765056163,125.91670111852694,1,3,3,146.83166389813528,3.329770563201687,30.70819111482666,0.7606056073988443,1.0,leptonic_bookkeeping,train,False,0.50562265163496
318299,data,124.83570765056163,125.91670111852694,1,3,3,146.83166389813528,3.329770563201687,30.70819111482666,0.7606056073988443,1.0,leptonic_bookkeeping,test,False,0.50562265163496
998818,data,124.83570765056163,125.91670111852694,1,3,3,146.83166389813528,3.329770563201687,30.70819111482666,0.7606056073988443,1.0,leptonic_bookkeeping,test,False,0.50562265163496
523151,data,124.83570765056163,125.91670111852694,1,3,3,146.83166389813528,3.329770563201687,30.70819111482666,0.7606056073988443,1.0,leptonic_bookkeeping,validation,False,0.50562265163496
335255,data,124.83570765056163,125.91670111852694,1,3,3,146.83166389813528,3.329770563201687,30.70819111482666,0.7606056073988443,1.0,leptonic_bookkeeping,train,False,0.50562265163496
124969,data,124.83570765056163,125.91670111852694,1,3,3,146.83166389813528,3.329770563201687,30.70819111482666,0.7606056073988443,1.0,leptonic_bookkeeping,train,False,0.50562265163496
205844,data,124.83570765056163,125.91670111852694,1,3,3,146.83166389813528,3.329770563201687,30.70819111482666,0.7606056073988443,1.0,leptonic_bookkeeping,test,False,0.50562265163496
831188,data,124.83570765056163,125.91670111852694,1,3,3,146.83166389813528,3.329770563201687,30.70819111482666,0.7606056073988443,1.0,leptonic_bookkeeping,validation,False,0.50562265163496
973158,data,124.83570765056163,125.91670111852694,1,3,3,146.83166389813528,3.329770563201687,30.70819111482666,0.7606056073988443,1.0,leptonic_bookkeeping,train,False,0.50562265163496
86176,data,124.83570765056163,125.91670111852694,1,3,3,146.83166389813528,3.329770563201687,30.70819111482666,0.7606056073988443,1.0,leptonic_bookkeeping,train,False,0.50562265163496
653815,data,124.83570765056163,125.91670111852694,1,3,3,146.83166389813528,3.329770563201687,30.70819111482666,0.7606056073988443,1.0,leptonic_bookkeeping,train,False,0.50562265163496
581027,data,124.83570765056163,125.91670111852694,1,3,3,146.83166389813528,3.329770563201687,30.70819111482666,0.7606056073988443,1.0,leptonic_bookkeeping,train,False,0.50562265163496
371091,data,124.83570765056163,125.91670111852694,1,3,3,146.83166389813528,3.329770563201687,30.70819111482666,0.7606056073988443,1.0,leptonic_bookkeeping,test,False,0.50562265163496
407073,data,124.83570765056163,125.91670111852694,1,3,3,146.83166389813528,3.329770563201687,30.70819111482666,0.7606056073988443,1.0,leptonic_bookkeeping,train,False,0.50562265163496
287575,data,124.83570765056163,125.91670111852694,1,3,3,146.83166389813528,3.329770563201687,30.70819111482666,0.7606056073988443,1.0,leptonic_bookkeeping,test,False,0.50562265163496
976401,data,124.83570765056163,125.91670111852694,1,3,3,146.83166389813528,3.329770563201687,30.70819111482666,0.7606056073988443,1.0,leptonic_bookkeeping,validation,False,0.50562265163496
731477,data,124.83570765056163,125.91670111852694,1,3,3,146.83166389813528,3.329770563201687,30.70819111482666,0.7606056073988443,1.0,leptonic_bookkeeping,test,False,0.50562265163496
669597,data,124.83570765056163,125.91670111852694,1,3,3,146.83166389813528,3.329770563201687,30.70819111482666,0.7606056073988443,1.0,leptonic_bookkeeping,test,False,0.50562265163496
682744,data,124.83570765056163,125.91670111852694,1,3,3,146.83166389813528,3.329770563201687,30.70819111482666,0.7606056073988443,1.0,leptonic_bookkeeping,train,False,0.50562265163496
272717,data,124.83570765056163,125.91670111852694,1,3,3,146.83166389813528,3.329770563201687,30.70819111482666,0.7606056073988443,1.0,leptonic_bookkeeping,train,False,0.50562265163496
298229,data,124.83570765056163,125.91670111852694,1,3,3,146.83166389813528,3.329770563201687,30.70819111482666,0.7606056073988443,1.0,leptonic_bookkeeping,test,False,0.50562265163496
518923,data,124.83570765056163,125.91670111852694,1,3,3,146.83166389813528,3.329770563201687,30.70819111482666,0.7606056073988443,1.0,leptonic_bookkeeping,train,False,0.50562265163496
717817,data,124.83570765056163,125.91670111852694,1,3,3,146.83166389813528,3.329770563201687,30.70819111482666,0.7606056073988443,1.0,leptonic_bookkeeping,validation,False,0.50562265163496
523124,data,124.83570765056163,125.91670111852694,1,3,3,146.83166389813528,3.329770563201687,30.70819111482666,0.7606056073988443,1.0,leptonic_bookkeeping,validation,False,0.50562265163496
220658,data,124.83570765056163,125.91670111852694,1,3,3,146.83166389813528,3.329770563201687,30.70819111482666,0.7606056073988443,1.0,leptonic_bookkeeping,train,False,0.50562265163496
671674,data,124.83570765056163,125.91670111852694,1,3,3,146.83166389813528,3.329770563201687,30.70819111482666,0.7606056073988443,1.0,leptonic_bookkeeping,train,False,0.50562265163496
467286,data,124.83570765056163,125.91670111852694,1,3,3,146.83166389813528,3.329770563201687,30.70819111482666,0.7606056073988443,1.0,leptonic_bookkeeping,train,False,0.50562265163496
818780,data,124.83570765056163,125.91670111852694,1,3,3,146.83166389813528,3.329770563201687,30.70819111482666,0.7606056073988443,1.0,leptonic_bookkeeping,train,False,0.50562265163496
478359,data,124.83570765056163,125.91670111852694,1,3,3,146.83166389813528,3.329770563201687,30.70819111482666,0.7606056073988443,1.0,leptonic_bookkeeping,train,False,0.50562265163496
958054,data,124.83570765056163,125.91670111852694,1,3,3,146.83166389813528,3.329770563201687,30.70819111482666,0.7606056073988443,1.0,leptonic_bookkeeping,test,False,0.50562265163496
868773,data,124.83570765056163,125.91670111852694,1,3,3,146.83166389813528,3.329770563201687,30.70819111482666,0.7606056073988443,1.0,leptonic_bookkeeping,train,False,0.50562265163496
721187,data,124.83570765056163,125.91670111852694,1,3,3,146.83166389813528,3.329770563201687,30.70819111482666,0.7606056073988443,1.0,leptonic_bookkeeping,test,False,0.50562265163496
368127,data,124.83570765056163,125.91670111852694,1,3,3,146.83166389813528,3.329770563201687,30.70819111482666,0.7606056073988443,1.0,leptonic_bookkeeping,validation,False,0.50562265163496
507005,data,124.83570765056163,125.91670111852694,1,3,3,146.83166389813528,3.329770563201687,30.70819111482666,0.7606056073988443,1.0,leptonic_bookkeeping,train,False,0.50562265163496
334146,data,124.83570765056163,125.91670111852694,1,3,3,146.83166389813528,3.329770563201687,30.70819111482666,0.7606056073988443,1.0,leptonic_bookkeeping,train,False,0.50562265163496
830080,data,124.83570765056163,125.91670111852694,1,3,3,146.83166389813528,3.329770563201687,30.70819111482666,0.7606056073988443,1.0,leptonic_bookkeeping,train,False,0.50562265163496
291735,data,124.83570765056163,125.91670111852694,1,3,3,146.83166389813528,3.329770563201687,30.70819111482666,0.7606056073988443,1.0,leptonic_bookkeeping,train,False,0.50562265163496
961036,data,124.83570765056163,125.91670111852694,1,3,3,146.83166389813528,3.329770563201687,30.70819111482666,0.7606056073988443,1.0,leptonic_bookkeeping,train,False,0.50562265163496
91018,data,124.83570765056163,125.91670111852694,1,3,3,146.83166389813528,3.329770563201687,30.70819111482666,0.7606056073988443,1.0,leptonic_bookkeeping,test,False,0.50562265163496
455480,data,124.83570765056163,125.91670111852694,1,3,3,146.83166389813528,3.329770563201687,30.70819111482666,0.7606056073988443,1.0,leptonic_bookkeeping,train,False,0.50562265163496
548570,data,124.83570765056163,125.91670111852694,1,3,3,146.83166389813528,3.329770563201687,30.70819111482666,0.7606056073988443,1.0,leptonic_bookkeeping,train,False,0.50562265163496
487792,data,124.83570765056163,125.91670111852694,1,3,3,146.83166389813528,3.329770563201687,30.70819111482666,0.7606056073988443,1.0,leptonic_bookkeeping,train,False,0.50562265163496
977738,data,124.83570765056163,125.91670111852694,1,3,3,146.83166389813528,3.329770563201687,30.70819111482666,0.7606056073988443,1.0,leptonic_bookkeeping,test,False,0.50562265163496
911039,data,124.83570765056163,125.91670111852694,1,3,3,146.83166389813528,3.329770563201687,30.70819111482666,0.7606056073988443,1.0,leptonic_bookkeeping,train,False,0.50562265163496
526567,data,124.83570765056163,125.91670111852694,1,3,3,146.83166389813528,3.329770563201687,30.70819111482666,0.7606056073988443,1.0,leptonic_bookkeeping,train,False,0.50562265163496
672827,data,124.83570765056163,125.91670111852694,1,3,3,146.83166389813528,3.329770563201687,30.70819111482666,0.7606056073988443,1.0,leptonic_bookkeeping,train,False,0.50562265163496
493395,data,124.83570765056163,125.91670111852694,1,3,3,146.83166389813528,3.329770563201687,30.70819111482666,0.7606056073988443,1.0,leptonic_bookkeeping,test,False,0.50562265163496
78765,data,124.83570765056163,125.91670111852694,1,3,3,146.83166389813528,3.329770563201687,30.70819111482666,0.7606056073988443,1.0,leptonic_bookkeeping,validation,False,0.50562265163496
540666,data,124.83570765056163,125.91670111852694,1,3,3,146.83166389813528,3.329770563201687,30.70819111482666,0.7606056073988443,1.0,leptonic_bookkeeping,train,False,0.50562265163496
689645,data,124.83570765056163,125.91670111852694,1,3,3,146.83166389813528,3.329770563201687,30.70819111482666,0.7606056073988443,1.0,leptonic_bookkeeping,test,False,0.50562265163496
769722,data,124.83570765056163,125.91670111852694,1,3,3,146.83166389813528,3.329770563201687,30.70819111482666,0.7606056073988443,1.0,leptonic_bookkeeping,validation,False,0.50562265163496
830064,data,124.83570765056163,125.91670111852694,1,3,3,146.83166389813528,3.329770563201687,30.70819111482666,0.7606056073988443,1.0,leptonic_bookkeeping,train,False,0.50562265163496
713810,data,124.83570765056163,125.91670111852694,1,3,3,146.83166389813528,3.329770563201687,30.70819111482666,0.7606056073988443,1.0,leptonic_bookkeeping,train,False,0.50562265163496
172854,data,124.83570765056163,125.91670111852694,1,3,3,146.83166389813528,3.329770563201687,30.70819111482666,0.7606056073988443,1.0,leptonic_bookkeeping,validation,False,0.50562265163496
955728,data,124.83570765056163,125.91670111852694,1,3,3,146.83166389813528,3.329770563201687,30.70819111482666,0.7606056073988443,1.0,leptonic_bookkeeping,validation,False,0.50562265163496
837665,data,124.83570765056163,125.91670111852694,1,3,3,146.83166389813528,3.329770563201687,30.70819111482666,0.7606056073988443,1.0,leptonic_bookkeeping,train,False,0.50562265163496
447725,data,124.83570765056163,125.91670111852694,1,3,3,146.83166389813528,3.329770563201687,30.70819111482666,0.7606056073988443,1.0,leptonic_bookkeeping,train,False,0.50562265163496
103232,data,124.83570765056163,125.91670111852694,1,3,3,146.83166389813528,3.329770563201687,30.70819111482666,0.7606056073988443,1.0,leptonic_bookkeeping,train,False,0.50562265163496
784416,data,124.83570765056163,125.91670111852694,1,3,3,146.83166389813528,3.329770563201687,30.70819111482666,0.7606056073988443,1.0,leptonic_bookkeeping,train,False,0.50562265163496
473536,data,124.83570765056163,125.91670111852694,1,3,3,146.83166389813528,3.329770563201687,30.70819111482666,0.7606056073988443,1.0,leptonic_bookkeeping,test,False,0.50562265163496
420137,data,124.83570765056163,125.91670111852694,1,3,3,146.83166389813528,3.329770563201687,30.70819111482666,0.7606056073988443,1.0,leptonic_bookkeeping,validation,False,0.50562265163496
838858,data,124.83570765056163,125.91670111852694,1,3,3,146.83166389813528,3.329770563201687,30.70819111482666,0.7606056073988443,1.0,leptonic_bookkeeping,train,False,0.50562265163496
157579,data,124.83570765056163,125.91670111852694,1,3,3,146.83166389813528,3.329770563201687,30.70819111482666,0.7606056073988443,1.0,leptonic_bookkeeping,train,False,0.50562265163496
30842,data,124.83570765056163,125.91670111852694,1,3,3,146.83166389813528,3.329770563201687,30.70819111482666,0.7606056073988443,1.0,leptonic_bookkeeping,test,False,0.50562265163496
112743,data,124.83570765056163,125.91670111852694,1,3,3,146.83166389813528,3.329770563201687,30.70819111482666,0.7606056073988443,1.0,leptonic_bookkeeping,test,False,0.50562265163496
92024,data,124.83570765056163,125.91670111852694,1,3,3,146.83166389813528,3.329770563201687,30.70819111482666,0.7606056073988443,1.0,leptonic_bookkeeping,test,False,0.50562265163496
564311,data,124.83570765056163,125.91670111852694,1,3,3,146.83166389813528,3.329770563201687,30.70819111482666,0.7606056073988443,1.0,leptonic_bookkeeping,validation,False,0.50562265163496
16182,data,124.83570765056163,125.91670111852694,1,3,3,146.83166389813528,3.329770563201687,30.70819111482666,0.7606056073988443,1.0,leptonic_bookkeeping,train,False,0.50562265163496
393032,data,124.83570765056163,125.91670111852694,1,3,3,146.83166389813528,3.329770563201687,30.70819111482666,0.7606056073988443,1.0,leptonic_bookkeeping,train,False,0.50562265163496
563528,data,124.83570765056163,125.91670111852694,1,3,3,146.83166389813528,3.329770563201687,30.70819111482666,0.7606056073988443,1.0,leptonic_bookkeeping,validation,False,0.50562265163496
855131,data,124.83570765056163,125.91670111852694,1,3,3,146.83166389813528,3.329770563201687,30.70819111482666,0.7606056073988443,1.0,leptonic_bookkeeping,test,False,0.50562265163496
720773,data,124.83570765056163,125.91670111852694,1,3,3,146.83166389813528,3.329770563201687,30.70819111482666,0.7606056073988443,1.0,leptonic_bookkeeping,test,False,0.50562265163496
30653,data,124.83570765056163,125.91670111852694,1,3,3,146.83166389813528,3.329770563201687,30.70819111482666,0.7606056073988443,1.0,leptonic_bookkeeping,test,False,0.50562265163496
769478,data,124.83570765056163,125.91670111852694,1,3,3,146.83166389813528,3.329770563201687,30.70819111482666,0.7606056073988443,1.0,leptonic_bookkeeping,validation,False,0.50562265163496
365879,data,124.83570765056163,125.91670111852694,1,3,3,146.83166389813528,3.329770563201687,30.70819111482666,0.7606056073988443,1.0,leptonic_bookkeeping,train,False,0.50562265163496
336940,data,124.83570765056163,125.91670111852694,1,3,3,146.83166389813528,3.329770563201687,30.70819111482666,0.7606056073988443,1.0,leptonic_bookkeeping,validation,False,0.50562265163496
800781,data,124.83570765056163,125.91670111852694,1,3,3,146.83166389813528,3.329770563201687,30.70819111482666,0.7606056073988443,1.0,leptonic_bookkeeping,validation,False,0.50562265163496
13918,data,124.83570765056163,125.91670111852694,1,3,3,146.83166389813528,3.329770563201687,30.70819111482666,0.7606056073988443,1.0,leptonic_bookkeeping,train,False,0.50562265163496
762051,data,124.83570765056163,125.91670111852694,1,3,3,146.83166389813528,3.329770563201687,30.70819111482666,0.7606056073988443,1.0,leptonic_bookkeeping,test,False,0.50562265163496
321200,data,124.83570765056163,125.91670111852694,1,3,3,146.83166389813528,3.329770563201687,30.70819111482666,0.7606056073988443,1.0,leptonic_bookkeeping,train,False,0.50562265163496
660152,data,124.83570765056163,125.91670111852694,1,3,3,146.83166389813528,3.329770563201687,30.70819111482666,0.7606056073988443,1.0,leptonic_bookkeeping,train,False,0.50562265163496
292025,data,124.83570765056163,125.91670111852694,1,3,3,146.83166389813528,3.329770563201687,30.70819111482666,0.7606056073988443,1.0,leptonic_bookkeeping,train,False,0.50562265163496
128653,data,124.83570765056163,125.91670111852694,1,3,3,146.83166389813528,3.329770563201687,30.70819111482666,0.7606056073988443,1.0,leptonic_bookkeeping,train,False,0.50562265163496
787048,data,124.83570765056163,125.91670111852694,1,3,3,146.83166389813528,3.329770563201687,30.70819111482666,0.7606056073988443,1.0,leptonic_bookkeeping,train,False,0.50562265163496
578562,data,124.83570765056163,125.91670111852694,1,3,3,146.83166389813528,3.329770563201687,30.70819111482666,0.7606056073988443,1.0,leptonic_bookkeeping,train,False,0.50562265163496
338313,data,124.83570765056163,125.91670111852694,1,3,3,146.83166389813528,3.329770563201687,30.70819111482666,0.7606056073988443,1.0,leptonic_bookkeeping,test,False,0.50562265163496
74257,data,124.83570765056163,125.91670111852694,1,3,3,146.83166389813528,3.329770563201687,30.70819111482666,0.7606056073988443,1.0,leptonic_bookkeeping,train,False,0.50562265163496
594688,data,124.83570765056163,125.91670111852694,1,3,3,146.83166389813528,3.329770563201687,30.70819111482666,0.7606056073988443,1.0,leptonic_bookkeeping,validation,False,0.50562265163496
778708,data,124.83570765056163,125.91670111852694,1,3,3,146.83166389813528,3.329770563201687,30.70819111482666,0.7606056073988443,1.0,leptonic_bookkeeping,train,False,0.50562265163496
94103,data,124.83570765056163,125.91670111852694,1,3,3,146.83166389813528,3.329770563201687,30.70819111482666,0.7606056073988443,1.0,leptonic_bookkeeping,train,False,0.50562265163496
862528,data,124.83570765056163,125.91670111852694,1,3,3,146.83166389813528,3.329770563201687,30.70819111482666,0.7606056073988443,1.0,leptonic_bookkeeping,validation,False,0.50562265163496
482265,data,124.83570765056163,125.91670111852694,1,3,3,146.83166389813528,3.329770563201687,30.70819111482666,0.7606056073988443,1.0,leptonic_bookkeeping,validation,False,0.50562265163496
478740,data,124.83570765056163,125.91670111852694,1,3,3,146.83166389813528,3.329770563201687,30.70819111482666,0.7606056073988443,1.0,leptonic_bookkeeping,train,False,0.50562265163496
249833,data,124.83570765056163,125.91670111852694,1,3,3,146.83166389813528,3.329770563201687,30.70819111482666,0.7606056073988443,1.0,leptonic_bookkeeping,train,False,0.50562265163496
796317,data,124.83570765056163,125.91670111852694,1,3,3,146.83166389813528,3.329770563201687,30.70819111482666,0.7606056073988443,1.0,leptonic_bookkeeping,train,False,0.50562265163496
165012,data,124.83570765056163,125.91670111852694,1,3,3,146.83166389813528,3.329770563201687,30.70819111482666,0.7606056073988443,1.0,leptonic_bookkeeping,train,False,0.50562265163496
75721,data,124.83570765056163,125.91670111852694,1,3,3,146.83166389813528,3.329770563201687,30.70819111482666,0.7606056073988443,1.0,leptonic_bookkeeping,train,False,0.50562265163496
461172,data,124.83570765056163,125.91670111852694,1,3,3,146.83166389813528,3.329770563201687,30.70819111482666,0.7606056073988443,1.0,leptonic_bookkeeping,validation,False,0.50562265163496
557354,data,124.83570765056163,125.91670111852694,1,3,3,146.83166389813528,3.329770563201687,30.70819111482666,0.7606056073988443,1.0,leptonic_bookkeeping,train,False,0.50562265163496
259628,data,124.83570765056163,125.91670111852694,1,3,3,146.83166389813528,3.329770563201687,30.70819111482666,0.7606056073988443,1.0,leptonic_bookkeeping,train,False,0.50562265163496
8701,data,124.83570765056163,125.91670111852694,1,3,3,146.83166389813528,3.329770563201687,30.70819111482666,0.7606056073988443,1.0,leptonic_bookkeeping,test,False,0.50562265163496
99226,data,124.83570765056163,125.91670111852694,1,3,3,146.83166389813528,3.329770563201687,30.70819111482666,0.7606056073988443,1.0,leptonic_bookkeeping,validation,False,0.50562265163496
693851,data,124.83570765056163,125.91670111852694,1,3,3,146.83166389813528,3.329770563201687,30.70819111482666,0.7606056073988443,1.0,leptonic_bookkeeping,train,False,0.50562265163496
393067,data,124.83570765056163,125.91670111852694,1,3,3,146.83166389813528,3.329770563201687,30.70819111482666,0.7606056073988443,1.0,leptonic_bookkeeping,train,False,0.50562265163496
60615,data,124.83570765056163,125.91670111852694,1,3,3,146.83166389813528,3.329770563201687,30.70819111482666,0.7606056073988443,1.0,leptonic_bookkeeping,test,False,0.50562265163496
217452,data,124.83570765056163,125.91670111852694,1,3,3,146.83166389813528,3.329770563201687,30.70819111482666,0.7606056073988443,1.0,leptonic_bookkeeping,train,False,0.50562265163496
196241,data,124.83570765056163,125.91670111852694,1,3,3,146.83166389813528,3.329770563201687,30.70819111482666,0.7606056073988443,1.0,leptonic_bookkeeping,train,False,0.50562265163496
222194,data,124.83570765056163,125.91670111852694,1,3,3,146.83166389813528,3.329770563201687,30.70819111482666,0.7606056073988443,1.0,leptonic_bookkeeping,train,False,0.50562265163496
863320,data,124.83570765056163,125.91670111852694,1,3,3,146.83166389813528,3.329770563201687,30.70819111482666,0.7606056073988443,1.0,leptonic_bookkeeping,validation,False,0.50562265163496
764979,data,124.83570765056163,125.91670111852694,1,3,3,146.83166389813528,3.329770563201687,30.70819111482666,0.7606056073988443,1.0,leptonic_bookkeeping,train,False,0.50562265163496
566653,data,124.83570765056163,125.91670111852694,1,3,3,146.83166389813528,3.329770563201687,30.70819111482666,0.7606056073988443,1.0,leptonic_bookkeeping,test,False,0.50562265163496
700357,data,124.83570765056163,125.91670111852694,1,3,3,146.83166389813528,3.329770563201687,30.70819111482666,0.7606056073988443,1.0,leptonic_bookkeeping,test,False,0.50562265163496
438542,data,124.83570765056163,125.91670111852694,1,3,3,146.83166389813528,3.329770563201687,30.70819111482666,0.7606056073988443,1.0,leptonic_bookkeeping,train,False,0.50562265163496
735126,data,124.83570765056163,125.91670111852694,1,3,3,146.83166389813528,3.329770563201687,30.70819111482666,0.7606056073988443,1.0,leptonic_bookkeeping,train,False,0.50562265163496
669559,data,124.83570765056163,125.91670111852694,1,3,3,146.83166389813528,3.329770563201687,30.70819111482666,0.7606056073988443,1.0,leptonic_bookkeeping,test,False,0.50562265163496
647870,data,124.83570765056163,125.91670111852694,1,3,3,146.83166389813528,3.329770563201687,30.70819111482666,0.7606056073988443,1.0,leptonic_bookkeeping,test,False,0.50562265163496
83592,data,124.83570765056163,125.91670111852694,1,3,3,146.83166389813528,3.329770563201687,30.70819111482666,0.7606056073988443,1.0,leptonic_bookkeeping,train,False,0.50562265163496
343549,data,124.83570765056163,125.91670111852694,1,3,3,146.83166389813528,3.329770563201687,30.70819111482666,0.7606056073988443,1.0,leptonic_bookkeeping,train,False,0.50562265163496
895758,data,124.83570765056163,125.91670111852694,1,3,3,146.83166389813528,3.329770563201687,30.70819111482666,0.7606056073988443,1.0,leptonic_bookkeeping,test,False,0.50562265163496
107087,data,124.83570765056163,125.91670111852694,1,3,3,146.83166389813528,3.329770563201687,30.70819111482666,0.7606056073988443,1.0,leptonic_bookkeeping,train,False,0.50562265163496
946844,data,124.83570765056163,125.91670111852694,1,3,3,146.83166389813528,3.329770563201687,30.70819111482666,0.7606056073988443,1.0,leptonic_bookkeeping,test,False,0.50562265163496
763057,data,124.83570765056163,125.91670111852694,1,3,3,146.83166389813528,3.329770563201687,30.70819111482666,0.7606056073988443,1.0,leptonic_bookkeeping,train,False,0.50562265163496
630828,data,124.83570765056163,125.91670111852694,1,3,3,146.83166389813528,3.329770563201687,30.70819111482666,0.7606056073988443,1.0,leptonic_bookkeeping,train,False,0.50562265163496
196590,data,124.83570765056163,125.91670111852694,1,3,3,146.83166389813528,3.329770563201687,30.70819111482666,0.7606056073988443,1.0,leptonic_bookkeeping,train,False,0.50562265163496
292773,data,124.83570765056163,125.91670111852694,1,3,3,146.83166389813528,3.329770563201687,30.70819111482666,0.7606056073988443,1.0,leptonic_bookkeeping,train,False,0.50562265163496
379826,data,124.83570765056163,125.91670111852694,1,3,3,146.83166389813528,3.329770563201687,30.70819111482666,0.7606056073988443,1.0,leptonic_bookkeeping,test,False,0.50562265163496
235780,data,124.83570765056163,125.91670111852694,1,3,3,146.83166389813528,3.329770563201687,30.70819111482666,0.7606056073988443,1.0,leptonic_bookkeeping,test,False,0.50562265163496
685467,data,124.83570765056163,125.91670111852694,1,3,3,146.83166389813528,3.329770563201687,30.70819111482666,0.7606056073988443,1.0,leptonic_bookkeeping,train,False,0.50562265163496
510392,data,124.83570765056163,125.91670111852694,1,3,3,146.83166389813528,3.329770563201687,30.70819111482666,0.7606056073988443,1.0,leptonic_bookkeeping,train,False,0.50562265163496
267632,data,124.83570765056163,125.91670111852694,1,3,3,146.83166389813528,3.329770563201687,30.70819111482666,0.7606056073988443,1.0,leptonic_bookkeeping,test,False,0.50562265163496
842505,data,124.83570765056163,125.91670111852694,1,3,3,146.83166389813528,3.329770563201687,30.70819111482666,0.7606056073988443,1.0,leptonic_bookkeeping,validation,False,0.50562265163496
794121,data,124.83570765056163,125.91670111852694,1,3,3,146.83166389813528,3.329770563201687,30.70819111482666,0.7606056073988443,1.0,leptonic_bookkeeping,train,False,0.50562265163496
656503,data,124.83570765056163,125.91670111852694,1,3,3,146.83166389813528,3.329770563201687,30.70819111482666,0.7606056073988443,1.0,leptonic_bookkeeping,validation,False,0.50562265163496
881826,data,124.83570765056163,125.91670111852694,1,3,3,146.83166389813528,3.329770563201687,30.70819111482666,0.7606056073988443,1.0,leptonic_bookkeeping,train,False,0.50562265163496
928489,data,124.83570765056163,125.91670111852694,1,3,3,146.83166389813528,3.329770563201687,30.70819111482666,0.7606056073988443,1.0,leptonic_bookkeeping,train,False,0.50562265163496
102538,data,124.83570765056163,125.91670111852694,1,3,3,146.83166389813528,3.329770563201687,30.70819111482666,0.7606056073988443,1.0,leptonic_bookkeeping,test,False,0.50562265163496
890382,data,124.83570765056163,125.91670111852694,1,3,3,146.83166389813528,3.329770563201687,30.70819111482666,0.7606056073988443,1.0,leptonic_bookkeeping,train,False,0.50562265163496
277193,data,124.83570765056163,125.91670111852694,1,3,3,146.83166389813528,3.329770563201687,30.70819111482666,0.7606056073988443,1.0,leptonic_bookkeeping,test,False,0.50562265163496
27436,data,124.83570765056163,125.91670111852694,1,3,3,146.83166389813528,3.329770563201687,30.70819111482666,0.7606056073988443,1.0,leptonic_bookkeeping,validation,False,0.50562265163496
473398,data,124.83570765056163,125.91670111852694,1,3,3,146.83166389813528,3.329770563201687,30.70819111482666,0.7606056073988443,1.0,leptonic_bookkeeping,test,False,0.50562265163496
419661,data,124.83570765056163,125.91670111852694,1,3,3,146.83166389813528,3.329770563201687,30.70819111482666,0.7606056073988443,1.0,leptonic_bookkeeping,validation,False,0.50562265163496
718332,data,124.83570765056163,125.91670111852694,1,3,3,146.83166389813528,3.329770563201687,30.70819111482666,0.7606056073988443,1.0,leptonic_bookkeeping,validation,False,0.50562265163496
633016,data,124.83570765056163,125.91670111852694,1,3,3,146.83166389813528,3.329770563201687,30.70819111482666,0.7606056073988443,1.0,leptonic_bookkeeping,train,False,0.50562265163496
908829,data,124.83570765056163,125.91670111852694,1,3,3,146.83166389813528,3.329770563201687,30.70819111482666,0.7606056073988443,1.0,leptonic_bookkeeping,train,False,0.50562265163496
218029,data,124.83570765056163,125.91670111852694,1,3,3,146.83166389813528,3.329770563201687,30.70819111482666,0.7606056073988443,1.0,leptonic_bookkeeping,train,False,0.50562265163496
31376,data,124.83570765056163,125.91670111852694,1,3,3,146.83166389813528,3.329770563201687,30.70819111482666,0.7606056073988443,1.0,leptonic_bookkeeping,train,False,0.50562265163496
405176,data,124.83570765056163,125.91670111852694,1,3,3,146.83166389813528,3.329770563201687,30.70819111482666,0.7606056073988443,1.0,leptonic_bookkeeping,train,False,0.50562265163496
93273,data,124.83570765056163,125.91670111852694,1,3,3,146.83166389813528,3.329770563201687,30.70819111482666,0.7606056073988443,1.0,leptonic_bookkeeping,train,False,0.50562265163496
582466,data,124.83570765056163,125.91670111852694,1,3,3,146.83166389813528,3.329770563201687,30.70819111482666,0.7606056073988443,1.0,leptonic_bookkeeping,train,False,0.50562265163496
906071,data,124.83570765056163,125.91670111852694,1,3,3,146.83166389813528,3.329770563201687,30.70819111482666,0.7606056073988443,1.0,leptonic_bookkeeping,test,False,0.50562265163496
859767,data,124.83570765056163,125.91670111852694,1,3,3,146.83166389813528,3.329770563201687,30.70819111482666,0.7606056073988443,1.0,leptonic_bookkeeping,train,False,0.50562265163496
674939,data,124.83570765056163,125.91670111852694,1,3,3,146.83166389813528,3.329770563201687,30.70819111482666,0.7606056073988443,1.0,leptonic_bookkeeping,train,False,0.50562265163496
265831,data,124.83570765056163,125.91670111852694,1,3,3,146.83166389813528,3.329770563201687,30.70819111482666,0.7606056073988443,1.0,leptonic_bookkeeping,validation,False,0.50562265163496
476349,data,124.83570765056163,125.91670111852694,1,3,3,146.83166389813528,3.329770563201687,30.70819111482666,0.7606056073988443,1.0,leptonic_bookkeeping,train,False,0.50562265163496
975041,data,124.83570765056163,125.91670111852694,1,3,3,146.83166389813528,3.329770563201687,30.70819111482666,0.7606056073988443,1.0,leptonic_bookkeeping,train,False,0.50562265163496
465582,data,124.83570765056163,125.91670111852694,1,3,3,146.83166389813528,3.329770563201687,30.70819111482666,0.7606056073988443,1.0,leptonic_bookkeeping,train,False,0.50562265163496
412541,data,124.83570765056163,125.91670111852694,1,3,3,146.83166389813528,3.329770563201687,30.70819111482666,0.7606056073988443,1.0,leptonic_bookkeeping,train,False,0.50562265163496
280561,data,124.83570765056163,125.91670111852694,1,3,3,146.83166389813528,3.329770563201687,30.70819111482666,0.7606056073988443,1.0,leptonic_bookkeeping,train,False,0.50562265163496
600738,data,124.83570765056163,125.91670111852694,1,3,3,146.83166389813528,3.329770563201687,30.70819111482666,0.7606056073988443,1.0,leptonic_bookkeeping,train,False,0.50562265163496
263496,data,124.83570765056163,125.91670111852694,1,3,3,146.83166389813528,3.329770563201687,30.70819111482666,0.7606056073988443,1.0,leptonic_bookkeeping,train,False,0.50562265163496
844106,data,124.83570765056163,125.91670111852694,1,3,3,146.83166389813528,3.329770563201687,30.70819111482666,0.7606056073988443,1.0,leptonic_bookkeeping,test,False,0.50562265163496
533500,data,124.83570765056163,125.91670111852694,1,3,3,146.83166389813528,3.329770563201687,30.70819111482666,0.7606056073988443,1.0,leptonic_bookkeeping,validation,False,0.50562265163496
274972,data,124.83570765056163,125.91670111852694,1,3,3,146.83166389813528,3.329770563201687,30.70819111482666,0.7606056073988443,1.0,leptonic_bookkeeping,validation,False,0.50562265163496
126150,data,124.83570765056163,125.91670111852694,1,3,3,146.83166389813528,3.329770563201687,30.70819111482666,0.7606056073988443,1.0,leptonic_bookkeeping,train,False,0.50562265163496
888293,data,124.83570765056163,125.91670111852694,1,3,3,146.83166389813528,3.329770563201687,30.70819111482666,0.7606056073988443,1.0,leptonic_bookkeeping,train,False,0.50562265163496
158249,data,124.83570765056163,125.91670111852694,1,3,3,146.83166389813528,3.329770563201687,30.70819111482666,0.7606056073988443,1.0,leptonic_bookkeeping,train,False,0.50562265163496
82344,data,124.83570765056163,125.91670111852694,1,3,3,146.83166389813528,3.329770563201687,30.70819111482666,0.7606056073988443,1.0,leptonic_bookkeeping,test,False,0.50562265163496
247388,data,124.83570765056163,125.91670111852694,1,3,3,146.83166389813528,3.329770563201687,30.70819111482666,0.7606056073988443,1.0,leptonic_bookkeeping,test,False,0.50562265163496
180021,data,124.83570765056163,125.91670111852694,1,3,3,146.83166389813528,3.329770563201687,30.70819111482666,0.7606056073988443,1.0,leptonic_bookkeeping,train,False,0.50562265163496
779376,data,124.83570765056163,125.91670111852694,1,3,3,146.83166389813528,3.329770563201687,30.70819111482666,0.7606056073988443,1.0,leptonic_bookkeeping,train,False,0.50562265163496
568421,data,124.83570765056163,125.91670111852694,1,3,3,146.83166389813528,3.329770563201687,30.70819111482666,0.7606056073988443,1.0,leptonic_bookkeeping,train,False,0.50562265163496
281821,data,124.83570765056163,125.91670111852694,1,3,3,146.83166389813528,3.329770563201687,30.70819111482666,0.7606056073988443,1.0,leptonic_bookkeeping,train,False,0.50562265163496
154845,data,124.83570765056163,125.91670111852694,1,3,3,146.83166389813528,3.329770563201687,30.70819111482666,0.7606056073988443,1.0,leptonic_bookkeeping,train,False,0.50562265163496
41259,data,124.83570765056163,125.91670111852694,1,3,3,146.83166389813528,3.329770563201687,30.70819111482666,0.7606056073988443,1.0,leptonic_bookkeeping,train,False,0.50562265163496
194160,data,124.83570765056163,125.91670111852694,1,3,3,146.83166389813528,3.329770563201687,30.70819111482666,0.7606056073988443,1.0,leptonic_bookkeeping,test,False,0.50562265163496
569319,data,124.83570765056163,125.91670111852694,1,3,3,146.83166389813528,3.329770563201687,30.70819111482666,0.7606056073988443,1.0,leptonic_bookkeeping,train,False,0.50562265163496
27538,data,124.83570765056163,125.91670111852694,1,3,3,146.83166389813528,3.329770563201687,30.70819111482666,0.7606056073988443,1.0,leptonic_bookkeeping,validation,False,0.50562265163496
181606,data,124.83570765056163,125.91670111852694,1,3,3,146.83166389813528,3.329770563201687,30.70819111482666,0.7606056073988443,1.0,leptonic_bookkeeping,validation,False,0.50562265163496
71307,data,124.83570765056163,125.91670111852694,1,3,3,146.83166389813528,3.329770563201687,30.70819111482666,0.7606056073988443,1.0,leptonic_bookkeeping,test,False,0.50562265163496
865717,data,124.83570765056163,125.91670111852694,1,3,3,146.83166389813528,3.329770563201687,30.70819111482666,0.7606056073988443,1.0,leptonic_bookkeeping,test,False,0.50562265163496
289736,data,124.83570765056163,125.91670111852694,1,3,3,146.83166389813528,3.329770563201687,30.70819111482666,0.7606056073988443,1.0,leptonic_bookkeeping,train,False,0.50562265163496
615768,data,124.83570765056163,125.91670111852694,1,3,3,146.83166389813528,3.329770563201687,30.70819111482666,0.7606056073988443,1.0,leptonic_bookkeeping,validation,False,0.50562265163496
970895,data,124.83570765056163,125.91670111852694,1,3,3,146.83166389813528,3.329770563201687,30.70819111482666,0.7606056073988443,1.0,leptonic_bookkeeping,train,False,0.50562265163496
804839,data,124.83570765056163,125.91670111852694,1,3,3,146.83166389813528,3.329770563201687,30.70819111482666,0.7606056073988443,1.0,leptonic_bookkeeping,train,False,0.50562265163496
770808,data,124.83570765056163,125.91670111852694,1,3,3,146.83166389813528,3.329770563201687,30.70819111482666,0.7606056073988443,1.0,leptonic_bookkeeping,validation,False,0.50562265163496
853368,data,124.83570765056163,125.91670111852694,1,3,3,146.83166389813528,3.329770563201687,30.70819111482666,0.7606056073988443,1.0,leptonic_bookkeeping,validation,False,0.50562265163496
215434,data,124.83570765056163,125.91670111852694,1,3,3,146.83166389813528,3.329770563201687,30.70819111482666,0.7606056073988443,1.0,leptonic_bookkeeping,test,False,0.50562265163496
427560,data,124.83570765056163,125.91670111852694,1,3,3,146.83166389813528,3.329770563201687,30.70819111482666,0.7606056073988443,1.0,leptonic_bookkeeping,train,False,0.50562265163496
374657,data,124.83570765056163,125.91670111852694,1,3,3,146.83166389813528,3.329770563201687,30.70819111482666,0.7606056073988443,1.0,leptonic_bookkeeping,train,False,0.50562265163496
419326,data,124.83570765056163,125.91670111852694,1,3,3,146.83166389813528,3.329770563201687,30.70819111482666,0.7606056073988443,1.0,leptonic_bookkeeping,validation,False,0.50562265163496
935969,data,124.83570765056163,125.91670111852694,1,3,3,146.83166389813528,3.329770563201687,30.70819111482666,0.7606056073988443,1.0,leptonic_bookkeeping,validation,False,0.50562265163496
417988,data,124.83570765056163,125.91670111852694,1,3,3,146.83166389813528,3.329770563201687,30.70819111482666,0.7606056073988443,1.0,leptonic_bookkeeping,train,False,0.50562265163496
594436,data,124.83570765056163,125.91670111852694,1,3,3,146.83166389813528,3.329770563201687,30.70819111482666,0.7606056073988443,1.0,leptonic_bookkeeping,validation,False,0.50562265163496
875687,data,124.83570765056163,125.91670111852694,1,3,3,146.83166389813528,3.329770563201687,30.70819111482666,0.7606056073988443,1.0,leptonic_bookkeeping,test,False,0.50562265163496
127694,data,124.83570765056163,125.91670111852694,1,3,3,146.83166389813528,3.329770563201687,30.70819111482666,0.7606056073988443,1.0,leptonic_bookkeeping,train,False,0.50562265163496
566058,data,124.83570765056163,125.91670111852694,1,3,3,146.83166389813528,3.329770563201687,30.70819111482666,0.7606056073988443,1.0,leptonic_bookkeeping,test,False,0.50562265163496
356421,data,124.83570765056163,125.91670111852694,1,3,3,146.83166389813528,3.329770563201687,30.70819111482666,0.7606056073988443,1.0,leptonic_bookkeeping,train,False,0.50562265163496
842563,data,124.83570765056163,125.91670111852694,1,3,3,146.83166389813528,3.329770563201687,30.70819111482666,0.7606056073988443,1.0,leptonic_bookkeeping,validation,False,0.50562265163496
885704,data,124.83570765056163,125.91670111852694,1,3,3,146.83166389813528,3.329770563201687,30.70819111482666,0.7606056073988443,1.0,leptonic_bookkeeping,test,False,0.50562265163496
230038,data,124.83570765056163,125.91670111852694,1,3,3,146.83166389813528,3.329770563201687,30.70819111482666,0.7606056073988443,1.0,leptonic_bookkeeping,train,False,0.50562265163496
409620,data,124.83570765056163,125.91670111852694,1,3,3,146.83166389813528,3.329770563201687,30.70819111482666,0.7606056073988443,1.0,leptonic_bookkeeping,validation,False,0.50562265163496
447847,data,124.83570765056163,125.91670111852694,1,3,3,146.83166389813528,3.329770563201687,30.70819111482666,0.7606056073988443,1.0,leptonic_bookkeeping,train,False,0.50562265163496
946169,data,124.83570765056163,125.91670111852694,1,3,3,146.83166389813528,3.329770563201687,30.70819111482666,0.7606056073988443,1.0,leptonic_bookkeeping,validation,False,0.50562265163496
228908,data,124.83570765056163,125.91670111852694,1,3,3,146.83166389813528,3.329770563201687,30.70819111482666,0.7606056073988443,1.0,leptonic_bookkeeping,train,False,0.50562265163496
36354,data,124.83570765056163,125.91670111852694,1,3,3,146.83166389813528,3.329770563201687,30.70819111482666,0.7606056073988443,1.0,leptonic_bookkeeping,train,False,0.50562265163496
926186,data,124.83570765056163,125.91670111852694,1,3,3,146.83166389813528,3.329770563201687,30.70819111482666,0.7606056073988443,1.0,leptonic_bookkeeping,test,False,0.50562265163496
766275,data,124.83570765056163,125.91670111852694,1,3,3,146.83166389813528,3.329770563201687,30.70819111482666,0.7606056073988443,1.0,leptonic_bookkeeping,train,False,0.50562265163496
495084,data,124.83570765056163,125.91670111852694,1,3,3,146.83166389813528,3.329770563201687,30.70819111482666,0.7606056073988443,1.0,leptonic_bookkeeping,train,False,0.50562265163496
364886,data,124.83570765056163,125.91670111852694,1,3,3,146.83166389813528,3.329770563201687,30.70819111482666,0.7606056073988443,1.0,leptonic_bookkeeping,train,False,0.50562265163496
573081,data,124.83570765056163,125.91670111852694,1,3,3,146.83166389813528,3.329770563201687,30.70819111482666,0.7606056073988443,1.0,leptonic_bookkeeping,train,False,0.50562265163496
388716,data,124.83570765056163,125.91670111852694,1,3,3,146.83166389813528,3.329770563201687,30.70819111482666,0.7606056073988443,1.0,leptonic_bookkeeping,validation,False,0.50562265163496
890907,data,124.83570765056163,125.91670111852694,1,3,3,146.83166389813528,3.329770563201687,30.70819111482666,0.7606056073988443,1.0,leptonic_bookkeeping,train,False,0.50562265163496
860568,data,124.83570765056163,125.91670111852694,1,3,3,146.83166389813528,3.329770563201687,30.70819111482666,0.7606056073988443,1.0,leptonic_bookkeeping,train,False,0.50562265163496
45842,data,124.83570765056163,125.91670111852694,1,3,3,146.83166389813528,3.329770563201687,30.70819111482666,0.7606056073988443,1.0,leptonic_bookkeeping,train,False,0.50562265163496
378052,data,124.83570765056163,125.91670111852694,1,3,3,146.83166389813528,3.329770563201687,30.70819111482666,0.7606056073988443,1.0,leptonic_bookkeeping,validation,False,0.50562265163496
848100,data,124.83570765056163,125.91670111852694,1,3,3,146.83166389813528,3.329770563201687,30.70819111482666,0.7606056073988443,1.0,leptonic_bookkeeping,train,False,0.50562265163496
32062,data,124.83570765056163,125.91670111852694,1,3,3,146.83166389813528,3.329770563201687,30.70819111482666,0.7606056073988443,1.0,leptonic_bookkeeping,train,False,0.50562265163496
377469,data,124.83570765056163,125.91670111852694,1,3,3,146.83166389813528,3.329770563201687,30.70819111482666,0.7606056073988443,1.0,leptonic_bookkeeping,validation,False,0.50562265163496
284163,data,124.83570765056163,125.91670111852694,1,3,3,146.83166389813528,3.329770563201687,30.70819111482666,0.7606056073988443,1.0,leptonic_bookkeeping,train,False,0.50562265163496
6275,data,124.83570765056163,125.91670111852694,1,3,3,146.83166389813528,3.329770563201687,30.70819111482666,0.7606056073988443,1.0,leptonic_bookkeeping,validation,False,0.50562265163496
802371,data,124.83570765056163,125.91670111852694,1,3,3,146.83166389813528,3.329770563201687,30.70819111482666,0.7606056073988443,1.0,leptonic_bookkeeping,test,False,0.50562265163496
219982,data,124.83570765056163,125.91670111852694,1,3,3,146.83166389813528,3.329770563201687,30.70819111482666,0.7606056073988443,1.0,leptonic_bookkeeping,train,False,0.50562265163496
565747,data,124.83570765056163,125.91670111852694,1,3,3,146.83166389813528,3.329770563201687,30.70819111482666,0.7606056073988443,1.0,leptonic_bookkeeping,test,False,0.50562265163496
577723,data,124.83570765056163,125.91670111852694,1,3,3,146.83166389813528,3.329770563201687,30.70819111482666,0.7606056073988443,1.0,leptonic_bookkeeping,train,False,0.50562265163496
47397,data,124.83570765056163,125.91670111852694,1,3,3,146.83166389813528,3.329770563201687,30.70819111482666,0.7606056073988443,1.0,leptonic_bookkeeping,train,False,0.50562265163496
466390,data,124.83570765056163,125.91670111852694,1,3,3,146.83166389813528,3.329770563201687,30.70819111482666,0.7606056073988443,1.0,leptonic_bookkeeping,train,False,0.50562265163496
333243,data,124.83570765056163,125.91670111852694,1,3,3,146.83166389813528,3.329770563201687,30.70819111482666,0.7606056073988443,1.0,leptonic_bookkeeping,train,False,0.50562265163496
597067,data,124.83570765056163,125.91670111852694,1,3,3,146.83166389813528,3.329770563201687,30.70819111482666,0.7606056073988443,1.0,leptonic_bookkeeping,test,False,0.50562265163496
791811,data,124.83570765056163,125.91670111852694,1,3,3,146.83166389813528,3.329770563201687,30.70819111482666,0.7606056073988443,1.0,leptonic_bookkeeping,test,False,0.50562265163496
972714,data,124.83570765056163,125.91670111852694,1,3,3,146.83166389813528,3.329770563201687,30.70819111482666,0.7606056073988443,1.0,leptonic_bookkeeping,train,False,0.50562265163496
375037,data,124.83570765056163,125.91670111852694,1,3,3,146.83166389813528,3.329770563201687,30.70819111482666,0.7606056073988443,1.0,leptonic_bookkeeping,train,False,0.50562265163496
309555,data,124.83570765056163,125.91670111852694,1,3,3,146.83166389813528,3.329770563201687,30.70819111482666,0.7606056073988443,1.0,leptonic_bookkeeping,train,False,0.50562265163496
752335,data,124.83570765056163,125.91670111852694,1,3,3,146.83166389813528,3.329770563201687,30.70819111482666,0.7606056073988443,1.0,leptonic_bookkeeping,test,False,0.50562265163496
459359,data,124.83570765056163,125.91670111852694,1,3,3,146.83166389813528,3.329770563201687,30.70819111482666,0.7606056073988443,1.0,leptonic_bookkeeping,train,False,0.50562265163496
893763,data,124.83570765056163,125.91670111852694,1,3,3,146.83166389813528,3.329770563201687,30.70819111482666,0.7606056073988443,1.0,leptonic_bookkeeping,validation,False,0.50562265163496
9835,data,124.83570765056163,125.91670111852694,1,3,3,146.83166389813528,3.329770563201687,30.70819111482666,0.7606056073988443,1.0,leptonic_bookkeeping,test,False,0.50562265163496
158662,data,124.83570765056163,125.91670111852694,1,3,3,146.83166389813528,3.329770563201687,30.70819111482666,0.7606056073988443,1.0,leptonic_bookkeeping,train,False,0.50562265163496
846696,data,124.83570765056163,125.91670111852694,1,3,3,146.83166389813528,3.329770563201687,30.70819111482666,0.7606056073988443,1.0,leptonic_bookkeeping,train,False,0.50562265163496
173075,data,124.83570765056163,125.91670111852694,1,3,3,146.83166389813528,3.329770563201687,30.70819111482666,0.7606056073988443,1.0,leptonic_bookkeeping,validation,False,0.50562265163496
754854,data,124.83570765056163,125.91670111852694,1,3,3,146.83166389813528,3.329770563201687,30.70819111482666,0.7606056073988443,1.0,leptonic_bookkeeping,train,False,0.50562265163496
82775,data,124.83570765056163,125.91670111852694,1,3,3,146.83166389813528,3.329770563201687,30.70819111482666,0.7606056073988443,1.0,leptonic_bookkeeping,train,False,0.50562265163496
625732,data,124.83570765056163,125.91670111852694,1,3,3,146.83166389813528,3.329770563201687,30.70819111482666,0.7606056073988443,1.0,leptonic_bookkeeping,validation,False,0.50562265163496
88212,data,124.83570765056163,125.91670111852694,1,3,3,146.83166389813528,3.329770563201687,30.70819111482666,0.7606056073988443,1.0,leptonic_bookkeeping,train,False,0.50562265163496
702899,data,124.83570765056163,125.91670111852694,1,3,3,146.83166389813528,3.329770563201687,30.70819111482666,0.7606056073988443,1.0,leptonic_bookkeeping,train,False,0.50562265163496
545168,data,124.83570765056163,125.91670111852694,1,3,3,146.83166389813528,3.329770563201687,30.70819111482666,0.7606056073988443,1.0,leptonic_bookkeeping,test,False,0.50562265163496
5104,data,124.83570765056163,125.91670111852694,1,3,3,146.83166389813528,3.329770563201687,30.70819111482666,0.7606056073988443,1.0,leptonic_bookkeeping,train,False,0.50562265163496
631209,data,124.83570765056163,125.91670111852694,1,3,3,146.83166389813528,3.329770563201687,30.70819111482666,0.7606056073988443,1.0,leptonic_bookkeeping,train,False,0.50562265163496
573268,data,124.83570765056163,125.91670111852694,1,3,3,146.83166389813528,3.329770563201687,30.70819111482666,0.7606056073988443,1.0,leptonic_bookkeeping,validation,False,0.50562265163496
136080,data,124.83570765056163,125.91670111852694,1,3,3,146.83166389813528,3.329770563201687,30.70819111482666,0.7606056073988443,1.0,leptonic_bookkeeping,train,False,0.50562265163496
313791,data,124.83570765056163,125.91670111852694,1,3,3,146.83166389813528,3.329770563201687,30.70819111482666,0.7606056073988443,1.0,leptonic_bookkeeping,train,False,0.50562265163496
916508,data,124.83570765056163,125.91670111852694,1,3,3,146.83166389813528,3.329770563201687,30.70819111482666,0.7606056073988443,1.0,leptonic_bookkeeping,test,False,0.50562265163496
697441,data,124.83570765056163,125.91670111852694,1,3,3,146.83166389813528,3.329770563201687,30.70819111482666,0.7606056073988443,1.0,leptonic_bookkeeping,validation,False,0.50562265163496
104031,data,124.83570765056163,125.91670111852694,1,3,3,146.83166389813528,3.329770563201687,30.70819111482666,0.7606056073988443,1.0,leptonic_bookkeeping,train,False,0.50562265163496
409650,data,124.83570765056163,125.91670111852694,1,3,3,146.83166389813528,3.329770563201687,30.70819111482666,0.7606056073988443,1.0,leptonic_bookkeeping,validation,False,0.50562265163496
747022,data,124.83570765056163,125.91670111852694,1,3,3,146.83166389813528,3.329770563201687,30.70819111482666,0.7606056073988443,1.0,leptonic_bookkeeping,train,False,0.50562265163496
426147,data,124.83570765056163,125.91670111852694,1,3,3,146.83166389813528,3.329770563201687,30.70819111482666,0.7606056073988443,1.0,leptonic_bookkeeping,train,False,0.50562265163496
688683,data,124.83570765056163,125.91670111852694,1,3,3,146.83166389813528,3.329770563201687,30.70819111482666,0.7606056073988443,1.0,leptonic_bookkeeping,test,False,0.50562265163496
533623,data,124.83570765056163,125.91670111852694,1,3,3,146.83166389813528,3.329770563201687,30.70819111482666,0.7606056073988443,1.0,leptonic_bookkeeping,validation,False,0.50562265163496
535507,data,124.83570765056163,125.91670111852694,1,3,3,146.83166389813528,3.329770563201687,30.70819111482666,0.7606056073988443,1.0,leptonic_bookkeeping,test,False,0.50562265163496
477725,data,124.83570765056163,125.91670111852694,1,3,3,146.83166389813528,3.329770563201687,30.70819111482666,0.7606056073988443,1.0,leptonic_bookkeeping,train,False,0.50562265163496
766928,data,124.83570765056163,125.91670111852694,1,3,3,146.83166389813528,3.329770563201687,30.70819111482666,0.7606056073988443,1.0,leptonic_bookkeeping,train,False,0.50562265163496
57985,data,124.83570765056163,125.91670111852694,1,3,3,146.83166389813528,3.329770563201687,30.70819111482666,0.7606056073988443,1.0,leptonic_bookkeeping,validation,False,0.50562265163496
537597,data,124.83570765056163,125.91670111852694,1,3,3,146.83166389813528,3.329770563201687,30.70819111482666,0.7606056073988443,1.0,leptonic_bookkeeping,train,False,0.50562265163496
776784,data,124.83570765056163,125.91670111852694,1,3,3,146.83166389813528,3.329770563201687,30.70819111482666,0.7606056073988443,1.0,leptonic_bookkeeping,train,False,0.50562265163496
680105,data,124.83570765056163,125.91670111852694,1,3,3,146.83166389813528,3.329770563201687,30.70819111482666,0.7606056073988443,1.0,leptonic_bookkeeping,test,False,0.50562265163496
276357,data,124.83570765056163,125.91670111852694,1,3,3,146.83166389813528,3.329770563201687,30.70819111482666,0.7606056073988443,1.0,leptonic_bookkeeping,test,False,0.50562265163496
931790,data,124.83570765056163,125.91670111852694,1,3,3,146.83166389813528,3.329770563201687,30.70819111482666,0.7606056073988443,1.0,leptonic_bookkeeping,train,False,0.50562265163496
95147,data,124.83570765056163,125.91670111852694,1,3,3,146.83166389813528,3.329770563201687,30.70819111482666,0.7606056073988443,1.0,leptonic_bookkeeping,train,False,0.50562265163496
474299,data,124.83570765056163,125.91670111852694,1,3,3,146.83166389813528,3.329770563201687,30.70819111482666,0.7606056073988443,1.0,leptonic_bookkeeping,train,False,0.50562265163496
662616,data,124.83570765056163,125.91670111852694,1,3,3,146.83166389813528,3.329770563201687,30.70819111482666,0.7606056073988443,1.0,leptonic_bookkeeping,train,False,0.50562265163496
828424,data,124.83570765056163,125.91670111852694,1,3,3,146.83166389813528,3.329770563201687,30.70819111482666,0.7606056073988443,1.0,leptonic_bookkeeping,train,False,0.50562265163496
657558,data,124.83570765056163,125.91670111852694,1,3,3,146.83166389813528,3.329770563201687,30.70819111482666,0.7606056073988443,1.0,leptonic_bookkeeping,validation,False,0.50562265163496
768938,data,124.83570765056163,125.91670111852694,1,3,3,146.83166389813528,3.329770563201687,30.70819111482666,0.7606056073988443,1.0,leptonic_bookkeeping,train,False,0.50562265163496
571462,data,124.83570765056163,125.91670111852694,1,3,3,146.83166389813528,3.329770563201687,30.70819111482666,0.7606056073988443,1.0,leptonic_bookkeeping,train,False,0.50562265163496
938533,data,124.83570765056163,125.91670111852694,1,3,3,146.83166389813528,3.329770563201687,30.70819111482666,0.7606056073988443,1.0,leptonic_bookkeeping,train,False,0.50562265163496
813959,data,124.83570765056163,125.91670111852694,1,3,3,146.83166389813528,3.329770563201687,30.70819111482666,0.7606056073988443,1.0,leptonic_bookkeeping,test,False,0.50562265163496
952112,data,124.83570765056163,125.91670111852694,1,3,3,146.83166389813528,3.329770563201687,30.70819111482666,0.7606056073988443,1.0,leptonic_bookkeeping,train,False,0.50562265163496
262333,data,124.83570765056163,125.91670111852694,1,3,3,146.83166389813528,3.329770563201687,30.70819111482666,0.7606056073988443,1.0,leptonic_bookkeeping,train,False,0.50562265163496
22535,data,124.83570765056163,125.91670111852694,1,3,3,146.83166389813528,3.329770563201687,30.70819111482666,0.7606056073988443,1.0,leptonic_bookkeeping,train,False,0.50562265163496
531910,data,124.83570765056163,125.91670111852694,1,3,3,146.83166389813528,3.329770563201687,30.70819111482666,0.7606056073988443,1.0,leptonic_bookkeeping,train,False,0.50562265163496
427175,data,124.83570765056163,125.91670111852694,1,3,3,146.83166389813528,3.329770563201687,30.70819111482666,0.7606056073988443,1.0,leptonic_bookkeeping,train,False,0.50562265163496
516797,data,124.83570765056163,125.91670111852694,1,3,3,146.83166389813528,3.329770563201687,30.70819111482666,0.7606056073988443,1.0,leptonic_bookkeeping,train,False,0.50562265163496
683827,data,124.83570765056163,125.91670111852694,1,3,3,146.83166389813528,3.329770563201687,30.70819111482666,0.7606056073988443,1.0,leptonic_bookkeeping,train,False,0.50562265163496
768221,data,124.83570765056163,125.91670111852694,1,3,3,146.83166389813528,3.329770563201687,30.70819111482666,0.7606056073988443,1.0,leptonic_bookkeeping,train,False,0.50562265163496
904057,data,124.83570765056163,125.91670111852694,1,3,3,146.83166389813528,3.329770563201687,30.70819111482666,0.7606056073988443,1.0,leptonic_bookkeeping,validation,False,0.50562265163496
591342,data,124.83570765056163,125.91670111852694,1,3,3,146.83166389813528,3.329770563201687,30.70819111482666,0.7606056073988443,1.0,leptonic_bookkeeping,train,False,0.50562265163496
37788,data,124.83570765056163,125.91670111852694,1,3,3,146.83166389813528,3.329770563201687,30.70819111482666,0.7606056073988443,1.0,leptonic_bookkeeping,validation,False,0.50562265163496
715121,data,124.83570765056163,125.91670111852694,1,3,3,146.83166389813528,3.329770563201687,30.70819111482666,0.7606056073988443,1.0,leptonic_bookkeeping,train,False,0.50562265163496
866564,data,124.83570765056163,125.91670111852694,1,3,3,146.83166389813528,3.329770563201687,30.70819111482666,0.7606056073988443,1.0,leptonic_bookkeeping,train,False,0.50562265163496
161048,data,124.83570765056163,125.91670111852694,1,3,3,146.83166389813528,3.329770563201687,30.70819111482666,0.7606056073988443,1.0,leptonic_bookkeeping,validation,False,0.50562265163496
680041,data,124.83570765056163,125.91670111852694,1,3,3,146.83166389813528,3.329770563201687,30.70819111482666,0.7606056073988443,1.0,leptonic_bookkeeping,test,False,0.50562265163496
192487,data,124.83570765056163,125.91670111852694,1,3,3,146.83166389813528,3.329770563201687,30.70819111482666,0.7606056073988443,1.0,leptonic_bookkeeping,validation,False,0.50562265163496
865527,data,124.83570765056163,125.91670111852694,1,3,3,146.83166389813528,3.329770563201687,30.70819111482666,0.7606056073988443,1.0,leptonic_bookkeeping,test,False,0.50562265163496
333229,data,124.83570765056163,125.91670111852694,1,3,3,146.83166389813528,3.329770563201687,30.70819111482666,0.7606056073988443,1.0,leptonic_bookkeeping,train,False,0.50562265163496
848747,data,124.83570765056163,125.91670111852694,1,3,3,146.83166389813528,3.329770563201687,30.70819111482666,0.7606056073988443,1.0,leptonic_bookkeeping,train,False,0.50562265163496
856886,data,124.83570765056163,125.91670111852694,1,3,3,146.83166389813528,3.329770563201687,30.70819111482666,0.7606056073988443,1.0,leptonic_bookkeeping,train,False,0.50562265163496
589933,data,124.83570765056163,125.91670111852694,1,3,3,146.83166389813528,3.329770563201687,30.70819111482666,0.7606056073988443,1.0,leptonic_bookkeeping,train,False,0.50562265163496
949401,data,124.83570765056163,125.91670111852694,1,3,3,146.83166389813528,3.329770563201687,30.70819111482666,0.7606056073988443,1.0,leptonic_bookkeeping,train,False,0.50562265163496
290735,data,124.83570765056163,125.91670111852694,1,3,3,146.83166389813528,3.329770563201687,30.70819111482666,0.7606056073988443,1.0,leptonic_bookkeeping,train,False,0.50562265163496
993794,data,124.83570765056163,125.91670111852694,1,3,3,146.83166389813528,3.329770563201687,30.70819111482666,0.7606056073988443,1.0,leptonic_bookkeeping,train,False,0.50562265163496
242608,data,124.83570765056163,125.91670111852694,1,3,3,146.83166389813528,3.329770563201687,30.70819111482666,0.7606056073988443,1.0,leptonic_bookkeeping,train,False,0.50562265163496
753245,data,124.83570765056163,125.91670111852694,1,3,3,146.83166389813528,3.329770563201687,30.70819111482666,0.7606056073988443,1.0,leptonic_bookkeeping,train,False,0.50562265163496
616932,data,124.83570765056163,125.91670111852694,1,3,3,146.83166389813528,3.329770563201687,30.70819111482666,0.7606056073988443,1.0,leptonic_bookkeeping,test,False,0.50562265163496
156753,data,124.83570765056163,125.91670111852694,1,3,3,146.83166389813528,3.329770563201687,30.70819111482666,0.7606056073988443,1.0,leptonic_bookkeeping,train,False,0.50562265163496
463020,data,124.83570765056163,125.91670111852694,1,3,3,146.83166389813528,3.329770563201687,30.70819111482666,0.7606056073988443,1.0,leptonic_bookkeeping,test,False,0.50562265163496
242619,data,124.83570765056163,125.91670111852694,1,3,3,146.83166389813528,3.329770563201687,30.70819111482666,0.7606056073988443,1.0,leptonic_bookkeeping,train,False,0.50562265163496
810141,data,124.83570765056163,125.91670111852694,1,3,3,146.83166389813528,3.329770563201687,30.70819111482666,0.7606056073988443,1.0,leptonic_bookkeeping,train,False,0.50562265163496
401552,data,124.83570765056163,125.91670111852694,1,3,3,146.83166389813528,3.329770563201687,30.70819111482666,0.7606056073988443,1.0,leptonic_bookkeeping,test,False,0.50562265163496
96816,data,124.83570765056163,125.91670111852694,1,3,3,146.83166389813528,3.329770563201687,30.70819111482666,0.7606056073988443,1.0,leptonic_bookkeeping,train,False,0.50562265163496
260277,data,124.83570765056163,125.91670111852694,1,3,3,146.83166389813528,3.329770563201687,30.70819111482666,0.7606056073988443,1.0,leptonic_bookkeeping,train,False,0.50562265163496
576321,data,124.83570765056163,125.91670111852694,1,3,3,146.83166389813528,3.329770563201687,30.70819111482666,0.7606056073988443,1.0,leptonic_bookkeeping,test,False,0.50562265163496
740451,data,124.83570765056163,125.91670111852694,1,3,3,146.83166389813528,3.329770563201687,30.70819111482666,0.7606056073988443,1.0,leptonic_bookkeeping,test,False,0.50562265163496
452420,data,124.83570765056163,125.91670111852694,1,3,3,146.83166389813528,3.329770563201687,30.70819111482666,0.7606056073988443,1.0,leptonic_bookkeeping,test,False,0.50562265163496
131512,data,124.83570765056163,125.91670111852694,1,3,3,146.83166389813528,3.329770563201687,30.70819111482666,0.7606056073988443,1.0,leptonic_bookkeeping,validation,False,0.50562265163496
818877,data,124.83570765056163,125.91670111852694,1,3,3,146.83166389813528,3.329770563201687,30.70819111482666,0.7606056073988443,1.0,leptonic_bookkeeping,train,False,0.50562265163496
50111,data,124.83570765056163,125.91670111852694,1,3,3,146.83166389813528,3.329770563201687,30.70819111482666,0.7606056073988443,1.0,leptonic_bookkeeping,test,False,0.50562265163496
886206,data,124.83570765056163,125.91670111852694,1,3,3,146.83166389813528,3.329770563201687,30.70819111482666,0.7606056073988443,1.0,leptonic_bookkeeping,test,False,0.50562265163496
866840,data,124.83570765056163,125.91670111852694,1,3,3,146.83166389813528,3.329770563201687,30.70819111482666,0.7606056073988443,1.0,leptonic_bookkeeping,train,False,0.50562265163496
469538,data,124.83570765056163,125.91670111852694,1,3,3,146.83166389813528,3.329770563201687,30.70819111482666,0.7606056073988443,1.0,leptonic_bookkeeping,train,False,0.50562265163496
291439,data,124.83570765056163,125.91670111852694,1,3,3,146.83166389813528,3.329770563201687,30.70819111482666,0.7606056073988443,1.0,leptonic_bookkeeping,train,False,0.50562265163496
489928,data,124.83570765056163,125.91670111852694,1,3,3,146.83166389813528,3.329770563201687,30.70819111482666,0.7606056073988443,1.0,leptonic_bookkeeping,train,False,0.50562265163496
695575,data,124.83570765056163,125.91670111852694,1,3,3,146.83166389813528,3.329770563201687,30.70819111482666,0.7606056073988443,1.0,leptonic_bookkeeping,train,False,0.50562265163496
424469,data,124.83570765056163,125.91670111852694,1,3,3,146.83166389813528,3.329770563201687,30.70819111482666,0.7606056073988443,1.0,leptonic_bookkeeping,train,False,0.50562265163496
812279,data,124.83570765056163,125.91670111852694,1,3,3,146.83166389813528,3.329770563201687,30.70819111482666,0.7606056073988443,1.0,leptonic_bookkeeping,validation,False,0.50562265163496
769338,data,124.83570765056163,125.91670111852694,1,3,3,146.83166389813528,3.329770563201687,30.70819111482666,0.7606056073988443,1.0,leptonic_bookkeeping,validation,False,0.50562265163496
184992,data,124.83570765056163,125.91670111852694,1,3,3,146.83166389813528,3.329770563201687,30.70819111482666,0.7606056073988443,1.0,leptonic_bookkeeping,test,False,0.50562265163496
507902,data,124.83570765056163,125.91670111852694,1,3,3,146.83166389813528,3.329770563201687,30.70819111482666,0.7606056073988443,1.0,leptonic_bookkeeping,train,False,0.50562265163496
441755,data,124.83570765056163,125.91670111852694,1,3,3,146.83166389813528,3.329770563201687,30.70819111482666,0.7606056073988443,1.0,leptonic_bookkeeping,test,False,0.50562265163496
540179,data,124.83570765056163,125.91670111852694,1,3,3,146.83166389813528,3.329770563201687,30.70819111482666,0.7606056073988443,1.0,leptonic_bookkeeping,train,False,0.50562265163496
734234,data,124.83570765056163,125.91670111852694,1,3,3,146.83166389813528,3.329770563201687,30.70819111482666,0.7606056073988443,1.0,leptonic_bookkeeping,train,False,0.50562265163496
46604,data,124.83570765056163,125.91670111852694,1,3,3,146.83166389813528,3.329770563201687,30.70819111482666,0.7606056073988443,1.0,leptonic_bookkeeping,train,False,0.50562265163496
319210,data,124.83570765056163,125.91670111852694,1,3,3,146.83166389813528,3.329770563201687,30.70819111482666,0.7606056073988443,1.0,leptonic_bookkeeping,test,False,0.50562265163496
239274,data,124.83570765056163,125.91670111852694,1,3,3,146.83166389813528,3.329770563201687,30.70819111482666,0.7606056073988443,1.0,leptonic_bookkeeping,train,False,0.50562265163496
320624,data,124.83570765056163,125.91670111852694,1,3,3,146.83166389813528,3.329770563201687,30.70819111482666,0.7606056073988443,1.0,leptonic_bookkeeping,train,False,0.50562265163496
119020,data,124.83570765056163,125.91670111852694,1,3,3,146.83166389813528,3.329770563201687,30.70819111482666,0.7606056073988443,1.0,leptonic_bookkeeping,train,False,0.50562265163496
214893,data,124.83570765056163,125.91670111852694,1,3,3,146.83166389813528,3.329770563201687,30.70819111482666,0.7606056073988443,1.0,leptonic_bookkeeping,test,False,0.50562265163496
623748,data,124.83570765056163,125.91670111852694,1,3,3,146.83166389813528,3.329770563201687,30.70819111482666,0.7606056073988443,1.0,leptonic_bookkeeping,train,False,0.50562265163496
372948,data,124.83570765056163,125.91670111852694,1,3,3,146.83166389813528,3.329770563201687,30.70819111482666,0.7606056073988443,1.0,leptonic_bookkeeping,train,False,0.50562265163496
270379,data,124.83570765056163,125.91670111852694,1,3,3,146.83166389813528,3.329770563201687,30.70819111482666,0.7606056073988443,1.0,leptonic_bookkeeping,train,False,0.50562265163496
988800,data,124.83570765056163,125.91670111852694,1,3,3,146.83166389813528,3.329770563201687,30.70819111482666,0.7606056073988443,1.0,leptonic_bookkeeping,test,False,0.50562265163496
413539,data,124.83570765056163,125.91670111852694,1,3,3,146.83166389813528,3.329770563201687,30.70819111482666,0.7606056073988443,1.0,leptonic_bookkeeping,train,False,0.50562265163496
171391,data,124.83570765056163,125.91670111852694,1,3,3,146.83166389813528,3.329770563201687,30.70819111482666,0.7606056073988443,1.0,leptonic_bookkeeping,validation,False,0.50562265163496
403338,data,124.83570765056163,125.91670111852694,1,3,3,146.83166389813528,3.329770563201687,30.70819111482666,0.7606056073988443,1.0,leptonic_bookkeeping,train,False,0.50562265163496
312105,data,124.83570765056163,125.91670111852694,1,3,3,146.83166389813528,3.329770563201687,30.70819111482666,0.7606056073988443,1.0,leptonic_bookkeeping,train,False,0.50562265163496
613095,data,124.83570765056163,125.91670111852694,1,3,3,146.83166389813528,3.329770563201687,30.70819111482666,0.7606056073988443,1.0,leptonic_bookkeeping,train,False,0.50562265163496
73107,data,124.83570765056163,125.91670111852694,1,3,3,146.83166389813528,3.329770563201687,30.70819111482666,0.7606056073988443,1.0,leptonic_bookkeeping,train,False,0.50562265163496
960544,data,124.83570765056163,125.91670111852694,1,3,3,146.83166389813528,3.329770563201687,30.70819111482666,0.7606056073988443,1.0,leptonic_bookkeeping,train,False,0.50562265163496
672154,data,124.83570765056163,125.91670111852694,1,3,3,146.83166389813528,3.329770563201687,30.70819111482666,0.7606056073988443,1.0,leptonic_bookkeeping,train,False,0.50562265163496
117116,data,124.83570765056163,125.91670111852694,1,3,3,146.83166389813528,3.329770563201687,30.70819111482666,0.7606056073988443,1.0,leptonic_bookkeeping,train,False,0.50562265163496
252439,data,124.83570765056163,125.91670111852694,1,3,3,146.83166389813528,3.329770563201687,30.70819111482666,0.7606056073988443,1.0,leptonic_bookkeeping,train,False,0.50562265163496
456863,data,124.83570765056163,125.91670111852694,1,3,3,146.83166389813528,3.329770563201687,30.70819111482666,0.7606056073988443,1.0,leptonic_bookkeeping,train,False,0.50562265163496
854793,data,124.83570765056163,125.91670111852694,1,3,3,146.83166389813528,3.329770563201687,30.70819111482666,0.7606056073988443,1.0,leptonic_bookkeeping,test,False,0.50562265163496
835005,data,124.83570765056163,125.91670111852694,1,3,3,146.83166389813528,3.329770563201687,30.70819111482666,0.7606056073988443,1.0,leptonic_bookkeeping,test,False,0.50562265163496
63615,data,124.83570765056163,125.91670111852694,1,3,3,146.83166389813528,3.329770563201687,30.70819111482666,0.7606056073988443,1.0,leptonic_bookkeeping,train,False,0.50562265163496
978303,data,124.83570765056163,125.91670111852694,1,3,3,146.83166389813528,3.329770563201687,30.70819111482666,0.7606056073988443,1.0,leptonic_bookkeeping,test,False,0.50562265163496
138584,data,124.83570765056163,125.91670111852694,1,3,3,146.83166389813528,3.329770563201687,30.70819111482666,0.7606056073988443,1.0,leptonic_bookkeeping,train,False,0.50562265163496
533203,data,124.83570765056163,125.91670111852694,1,3,3,146.83166389813528,3.329770563201687,30.70819111482666,0.7606056073988443,1.0,leptonic_bookkeeping,validation,False,0.50562265163496
471947,data,124.83570765056163,125.91670111852694,1,3,3,146.83166389813528,3.329770563201687,30.70819111482666,0.7606056073988443,1.0,leptonic_bookkeeping,validation,False,0.50562265163496
723322,data,124.83570765056163,125.91670111852694,1,3,3,146.83166389813528,3.329770563201687,30.70819111482666,0.7606056073988443,1.0,leptonic_bookkeeping,train,False,0.50562265163496
500106,data,124.83570765056163,125.91670111852694,1,3,3,146.83166389813528,3.329770563201687,30.70819111482666,0.7606056073988443,1.0,leptonic_bookkeeping,train,False,0.50562265163496
749535,data,124.83570765056163,125.91670111852694,1,3,3,146.83166389813528,3.329770563201687,30.70819111482666,0.7606056073988443,1.0,leptonic_bookkeeping,validation,False,0.50562265163496
961972,data,124.83570765056163,125.91670111852694,1,3,3,146.83166389813528,3.329770563201687,30.70819111482666,0.7606056073988443,1.0,leptonic_bookkeeping,train,False,0.50562265163496
830355,data,124.83570765056163,125.91670111852694,1,3,3,146.83166389813528,3.329770563201687,30.70819111482666,0.7606056073988443,1.0,leptonic_bookkeeping,train,False,0.50562265163496
290956,data,124.83570765056163,125.91670111852694,1,3,3,146.83166389813528,3.329770563201687,30.70819111482666,0.7606056073988443,1.0,leptonic_bookkeeping,train,False,0.50562265163496
294193,data,124.83570765056163,125.91670111852694,1,3,3,146.83166389813528,3.329770563201687,30.70819111482666,0.7606056073988443,1.0,leptonic_bookkeeping,train,False,0.50562265163496
322608,data,124.83570765056163,125.91670111852694,1,3,3,146.83166389813528,3.329770563201687,30.70819111482666,0.7606056073988443,1.0,leptonic_bookkeeping,train,False,0.50562265163496
724494,data,124.83570765056163,125.91670111852694,1,3,3,146.83166389813528,3.329770563201687,30.70819111482666,0.7606056073988443,1.0,leptonic_bookkeeping,train,False,0.50562265163496
104508,data,124.83570765056163,125.91670111852694,1,3,3,146.83166389813528,3.329770563201687,30.70819111482666,0.7606056073988443,1.0,leptonic_bookkeeping,train,False,0.50562265163496
873203,data,124.83570765056163,125.91670111852694,1,3,3,146.83166389813528,3.329770563201687,30.70819111482666,0.7606056073988443,1.0,leptonic_bookkeeping,validation,False,0.50562265163496
173972,data,124.83570765056163,125.91670111852694,1,3,3,146.83166389813528,3.329770563201687,30.70819111482666,0.7606056073988443,1.0,leptonic_bookkeeping,test,False,0.50562265163496
392676,data,124.83570765056163,125.91670111852694,1,3,3,146.83166389813528,3.329770563201687,30.70819111482666,0.7606056073988443,1.0,leptonic_bookkeeping,train,False,0.50562265163496
261882,data,124.83570765056163,125.91670111852694,1,3,3,146.83166389813528,3.329770563201687,30.70819111482666,0.7606056073988443,1.0,leptonic_bookkeeping,train,False,0.50562265163496
446763,data,124.83570765056163,125.91670111852694,1,3,3,146.83166389813528,3.329770563201687,30.70819111482666,0.7606056073988443,1.0,leptonic_bookkeeping,train,False,0.50562265163496
356305,data,124.83570765056163,125.91670111852694,1,3,3,146.83166389813528,3.329770563201687,30.70819111482666,0.7606056073988443,1.0,leptonic_bookkeeping,train,False,0.50562265163496
760185,data,124.83570765056163,125.91670111852694,1,3,3,146.83166389813528,3.329770563201687,30.70819111482666,0.7606056073988443,1.0,leptonic_bookkeeping,validation,False,0.50562265163496
753352,data,124.83570765056163,125.91670111852694,1,3,3,146.83166389813528,3.329770563201687,30.70819111482666,0.7606056073988443,1.0,leptonic_bookkeeping,train,False,0.50562265163496
860780,data,124.83570765056163,125.91670111852694,1,3,3,146.83166389813528,3.329770563201687,30.70819111482666,0.7606056073988443,1.0,leptonic_bookkeeping,train,False,0.50562265163496
350087,data,124.83570765056163,125.91670111852694,1,3,3,146.83166389813528,3.329770563201687,30.70819111482666,0.7606056073988443,1.0,leptonic_bookkeeping,test,False,0.50562265163496
536897,data,124.83570765056163,125.91670111852694,1,3,3,146.83166389813528,3.329770563201687,30.70819111482666,0.7606056073988443,1.0,leptonic_bookkeeping,train,False,0.50562265163496
946025,data,124.83570765056163,125.91670111852694,1,3,3,146.83166389813528,3.329770563201687,30.70819111482666,0.7606056073988443,1.0,leptonic_bookkeeping,validation,False,0.50562265163496
607588,data,124.83570765056163,125.91670111852694,1,3,3,146.83166389813528,3.329770563201687,30.70819111482666,0.7606056073988443,1.0,leptonic_bookkeeping,test,False,0.50562265163496
635513,data,124.83570765056163,125.91670111852694,1,3,3,146.83166389813528,3.329770563201687,30.70819111482666,0.7606056073988443,1.0,leptonic_bookkeeping,validation,False,0.50562265163496
519582,data,124.83570765056163,125.91670111852694,1,3,3,146.83166389813528,3.329770563201687,30.70819111482666,0.7606056073988443,1.0,leptonic_bookkeeping,train,False,0.50562265163496
996118,data,124.83570765056163,125.91670111852694,1,3,3,146.83166389813528,3.329770563201687,30.70819111482666,0.7606056073988443,1.0,leptonic_bookkeeping,validation,False,0.50562265163496
958371,data,124.83570765056163,125.91670111852694,1,3,3,146.83166389813528,3.329770563201687,30.70819111482666,0.7606056073988443,1.0,leptonic_bookkeeping,test,False,0.50562265163496
157303,data,124.83570765056163,125.91670111852694,1,3,3,146.83166389813528,3.329770563201687,30.70819111482666,0.7606056073988443,1.0,leptonic_bookkeeping,train,False,0.50562265163496
813713,data,124.83570765056163,125.91670111852694,1,3,3,146.83166389813528,3.329770563201687,30.70819111482666,0.7606056073988443,1.0,leptonic_bookkeeping,test,False,0.50562265163496
975899,data,124.83570765056163,125.91670111852694,1,3,3,146.83166389813528,3.329770563201687,30.70819111482666,0.7606056073988443,1.0,leptonic_bookkeeping,validation,False,0.50562265163496
456992,data,124.83570765056163,125.91670111852694,1,3,3,146.83166389813528,3.329770563201687,30.70819111482666,0.7606056073988443,1.0,leptonic_bookkeeping,train,False,0.50562265163496
352737,data,124.83570765056163,125.91670111852694,1,3,3,146.83166389813528,3.329770563201687,30.70819111482666,0.7606056073988443,1.0,leptonic_bookkeeping,train,False,0.50562265163496
558152,data,124.83570765056163,125.91670111852694,1,3,3,146.83166389813528,3.329770563201687,30.70819111482666,0.7606056073988443,1.0,leptonic_bookkeeping,train,False,0.50562265163496
606625,data,124.83570765056163,125.91670111852694,1,3,3,146.83166389813528,3.329770563201687,30.70819111482666,0.7606056073988443,1.0,leptonic_bookkeeping,test,False,0.50562265163496
738126,data,124.83570765056163,125.91670111852694,1,3,3,146.83166389813528,3.329770563201687,30.70819111482666,0.7606056073988443,1.0,leptonic_bookkeeping,train,False,0.50562265163496
150153,data,124.83570765056163,125.91670111852694,1,3,3,146.83166389813528,3.329770563201687,30.70819111482666,0.7606056073988443,1.0,leptonic_bookkeeping,train,False,0.50562265163496
219637,data,124.83570765056163,125.91670111852694,1,3,3,146.83166389813528,3.329770563201687,30.70819111482666,0.7606056073988443,1.0,leptonic_bookkeeping,train,False,0.50562265163496
449302,data,124.83570765056163,125.91670111852694,1,3,3,146.83166389813528,3.329770563201687,30.70819111482666,0.7606056073988443,1.0,leptonic_bookkeeping,train,False,0.50562265163496
390214,data,124.83570765056163,125.91670111852694,1,3,3,146.83166389813528,3.329770563201687,30.70819111482666,0.7606056073988443,1.0,leptonic_bookkeeping,test,False,0.50562265163496
750541,data,124.83570765056163,125.91670111852694,1,3,3,146.83166389813528,3.329770563201687,30.70819111482666,0.7606056073988443,1.0,leptonic_bookkeeping,test,False,0.50562265163496
497502,data,124.83570765056163,125.91670111852694,1,3,3,146.83166389813528,3.329770563201687,30.70819111482666,0.7606056073988443,1.0,leptonic_bookkeeping,train,False,0.50562265163496
900285,data,124.83570765056163,125.91670111852694,1,3,3,146.83166389813528,3.329770563201687,30.70819111482666,0.7606056073988443,1.0,leptonic_bookkeeping,train,False,0.50562265163496
250212,data,124.83570765056163,125.91670111852694,1,3,3,146.83166389813528,3.329770563201687,30.70819111482666,0.7606056073988443,1.0,leptonic_bookkeeping,train,False,0.50562265163496
86493,data,124.83570765056163,125.91670111852694,1,3,3,146.83166389813528,3.329770563201687,30.70819111482666,0.7606056073988443,1.0,leptonic_bookkeeping,train,False,0.50562265163496
662629,data,124.83570765056163,125.91670111852694,1,3,3,146.83166389813528,3.329770563201687,30.70819111482666,0.7606056073988443,1.0,leptonic_bookkeeping,train,False,0.50562265163496
302259,data,124.83570765056163,125.91670111852694,1,3,3,146.83166389813528,3.329770563201687,30.70819111482666,0.7606056073988443,1.0,leptonic_bookkeeping,train,False,0.50562265163496
932880,data,124.83570765056163,125.91670111852694,1,3,3,146.83166389813528,3.329770563201687,30.70819111482666,0.7606056073988443,1.0,leptonic_bookkeeping,train,False,0.50562265163496
920484,data,124.83570765056163,125.91670111852694,1,3,3,146.83166389813528,3.329770563201687,30.70819111482666,0.7606056073988443,1.0,leptonic_bookkeeping,train,False,0.50562265163496
186935,data,124.83570765056163,125.91670111852694,1,3,3,146.83166389813528,3.329770563201687,30.70819111482666,0.7606056073988443,1.0,leptonic_bookkeeping,train,False,0.50562265163496
716380,data,124.83570765056163,125.91670111852694,1,3,3,146.83166389813528,3.329770563201687,30.70819111482666,0.7606056073988443,1.0,leptonic_bookkeeping,train,False,0.50562265163496
371303,data,124.83570765056163,125.91670111852694,1,3,3,146.83166389813528,3.329770563201687,30.70819111482666,0.7606056073988443,1.0,leptonic_bookkeeping,train,False,0.50562265163496
679769,data,124.83570765056163,125.91670111852694,1,3,3,146.83166389813528,3.329770563201687,30.70819111482666,0.7606056073988443,1.0,leptonic_bookkeeping,test,False,0.50562265163496
837281,data,124.83570765056163,125.91670111852694,1,3,3,146.83166389813528,3.329770563201687,30.70819111482666,0.7606056073988443,1.0,leptonic_bookkeeping,train,False,0.50562265163496
121149,data,124.83570765056163,125.91670111852694,1,3,3,146.83166389813528,3.329770563201687,30.70819111482666,0.7606056073988443,1.0,leptonic_bookkeeping,validation,False,0.50562265163496
496700,data,124.83570765056163,125.91670111852694,1,3,3,146.83166389813528,3.329770563201687,30.70819111482666,0.7606056073988443,1.0,leptonic_bookkeeping,train,False,0.50562265163496
525171,data,124.83570765056163,125.91670111852694,1,3,3,146.83166389813528,3.329770563201687,30.70819111482666,0.7606056073988443,1.0,leptonic_bookkeeping,test,False,0.50562265163496
272639,data,124.83570765056163,125.91670111852694,1,3,3,146.83166389813528,3.329770563201687,30.70819111482666,0.7606056073988443,1.0,leptonic_bookkeeping,train,False,0.50562265163496
303346,data,124.83570765056163,125.91670111852694,1,3,3,146.83166389813528,3.329770563201687,30.70819111482666,0.7606056073988443,1.0,leptonic_bookkeeping,train,False,0.50562265163496
421539,data,124.83570765056163,125.91670111852694,1,3,3,146.83166389813528,3.329770563201687,30.70819111482666,0.7606056073988443,1.0,leptonic_bookkeeping,test,False,0.50562265163496
984926,data,124.83570765056163,125.91670111852694,1,3,3,146.83166389813528,3.329770563201687,30.70819111482666,0.7606056073988443,1.0,leptonic_bookkeeping,train,False,0.50562265163496
181474,data,124.83570765056163,125.91670111852694,1,3,3,146.83166389813528,3.329770563201687,30.70819111482666,0.7606056073988443,1.0,leptonic_bookkeeping,validation,False,0.50562265163496
276254,data,124.83570765056163,125.91670111852694,1,3,3,146.83166389813528,3.329770563201687,30.70819111482666,0.7606056073988443,1.0,leptonic_bookkeeping,validation,False,0.50562265163496
922149,data,124.83570765056163,125.91670111852694,1,3,3,146.83166389813528,3.329770563201687,30.70819111482666,0.7606056073988443,1.0,leptonic_bookkeeping,train,False,0.50562265163496
938242,data,124.83570765056163,125.91670111852694,1,3,3,146.83166389813528,3.329770563201687,30.70819111482666,0.7606056073988443,1.0,leptonic_bookkeeping,train,False,0.50562265163496
835867,data,124.83570765056163,125.91670111852694,1,3,3,146.83166389813528,3.329770563201687,30.70819111482666,0.7606056073988443,1.0,leptonic_bookkeeping,train,False,0.50562265163496
413753,data,124.83570765056163,125.91670111852694,1,3,3,146.83166389813528,3.329770563201687,30.70819111482666,0.7606056073988443,1.0,leptonic_bookkeeping,train,False,0.50562265163496
683635,data,124.83570765056163,125.91670111852694,1,3,3,146.83166389813528,3.329770563201687,30.70819111482666,0.7606056073988443,1.0,leptonic_bookkeeping,train,False,0.50562265163496
859880,data,124.83570765056163,125.91670111852694,1,3,3,146.83166389813528,3.329770563201687,30.70819111482666,0.7606056073988443,1.0,leptonic_bookkeeping,train,False,0.50562265163496
214347,data,124.83570765056163,125.91670111852694,1,3,3,146.83166389813528,3.329770563201687,30.70819111482666,0.7606056073988443,1.0,leptonic_bookkeeping,validation,False,0.50562265163496
523761,data,124.83570765056163,125.91670111852694,1,3,3,146.83166389813528,3.329770563201687,30.70819111482666,0.7606056073988443,1.0,leptonic_bookkeeping,test,False,0.50562265163496
799345,data,124.83570765056163,125.91670111852694,1,3,3,146.83166389813528,3.329770563201687,30.70819111482666,0.7606056073988443,1.0,leptonic_bookkeeping,train,False,0.50562265163496
970466,data,124.83570765056163,125.91670111852694,1,3,3,146.83166389813528,3.329770563201687,30.70819111482666,0.7606056073988443,1.0,leptonic_bookkeeping,train,False,0.50562265163496
708958,data,124.83570765056163,125.91670111852694,1,3,3,146.83166389813528,3.329770563201687,30.70819111482666,0.7606056073988443,1.0,leptonic_bookkeeping,validation,False,0.50562265163496
671437,data,124.83570765056163,125.91670111852694,1,3,3,146.83166389813528,3.329770563201687,30.70819111482666,0.7606056073988443,1.0,leptonic_bookkeeping,train,False,0.50562265163496
450192,data,124.83570765056163,125.91670111852694,1,3,3,146.83166389813528,3.329770563201687,30.70819111482666,0.7606056073988443,1.0,leptonic_bookkeeping,validation,False,0.50562265163496
697903,data,124.83570765056163,125.91670111852694,1,3,3,146.83166389813528,3.329770563201687,30.70819111482666,0.7606056073988443,1.0,leptonic_bookkeeping,validation,False,0.50562265163496
312350,data,124.83570765056163,125.91670111852694,1,3,3,146.83166389813528,3.329770563201687,30.70819111482666,0.7606056073988443,1.0,leptonic_bookkeeping,train,False,0.50562265163496
156160,data,124.83570765056163,125.91670111852694,1,3,3,146.83166389813528,3.329770563201687,30.70819111482666,0.7606056073988443,1.0,leptonic_bookkeeping,train,False,0.50562265163496
698793,data,124.83570765056163,125.91670111852694,1,3,3,146.83166389813528,3.329770563201687,30.70819111482666,0.7606056073988443,1.0,leptonic_bookkeeping,validation,False,0.50562265163496
909748,data,124.83570765056163,125.91670111852694,1,3,3,146.83166389813528,3.329770563201687,30.70819111482666,0.7606056073988443,1.0,leptonic_bookkeeping,train,False,0.50562265163496
533746,data,124.83570765056163,125.91670111852694,1,3,3,146.83166389813528,3.329770563201687,30.70819111482666,0.7606056073988443,1.0,leptonic_bookkeeping,validation,False,0.50562265163496
24699,data,124.83570765056163,125.91670111852694,1,3,3,146.83166389813528,3.329770563201687,30.70819111482666,0.7606056073988443,1.0,leptonic_bookkeeping,train,False,0.50562265163496
598892,data,124.83570765056163,125.91670111852694,1,3,3,146.83166389813528,3.329770563201687,30.70819111482666,0.7606056073988443,1.0,leptonic_bookkeeping,train,False,0.50562265163496
485337,data,124.83570765056163,125.91670111852694,1,3,3,146.83166389813528,3.329770563201687,30.70819111482666,0.7606056073988443,1.0,leptonic_bookkeeping,train,False,0.50562265163496
290730,data,124.83570765056163,125.91670111852694,1,3,3,146.83166389813528,3.329770563201687,30.70819111482666,0.7606056073988443,1.0,leptonic_bookkeeping,train,False,0.50562265163496
581196,data,124.83570765056163,125.91670111852694,1,3,3,146.83166389813528,3.329770563201687,30.70819111482666,0.7606056073988443,1.0,leptonic_bookkeeping,train,False,0.50562265163496
992804,data,124.83570765056163,125.91670111852694,1,3,3,146.83166389813528,3.329770563201687,30.70819111482666,0.7606056073988443,1.0,leptonic_bookkeeping,train,False,0.50562265163496
997547,data,124.83570765056163,125.91670111852694,1,3,3,146.83166389813528,3.329770563201687,30.70819111482666,0.7606056073988443,1.0,leptonic_bookkeeping,validation,False,0.50562265163496
370147,data,124.83570765056163,125.91670111852694,1,3,3,146.83166389813528,3.329770563201687,30.70819111482666,0.7606056073988443,1.0,leptonic_bookkeeping,test,False,0.50562265163496
580014,data,124.83570765056163,125.91670111852694,1,3,3,146.83166389813528,3.329770563201687,30.70819111482666,0.7606056073988443,1.0,leptonic_bookkeeping,train,False,0.50562265163496
727358,data,124.83570765056163,125.91670111852694,1,3,3,146.83166389813528,3.329770563201687,30.70819111482666,0.7606056073988443,1.0,leptonic_bookkeeping,train,False,0.50562265163496
946638,data,124.83570765056163,125.91670111852694,1,3,3,146.83166389813528,3.329770563201687,30.70819111482666,0.7606056073988443,1.0,leptonic_bookkeeping,test,False,0.50562265163496
719373,data,124.83570765056163,125.91670111852694,1,3,3,146.83166389813528,3.329770563201687,30.70819111482666,0.7606056073988443,1.0,leptonic_bookkeeping,validation,False,0.50562265163496
776543,data,124.83570765056163,125.91670111852694,1,3,3,146.83166389813528,3.329770563201687,30.70819111482666,0.7606056073988443,1.0,leptonic_bookkeeping,train,False,0.50562265163496
744901,data,124.83570765056163,125.91670111852694,1,3,3,146.83166389813528,3.329770563201687,30.70819111482666,0.7606056073988443,1.0,leptonic_bookkeeping,train,False,0.50562265163496
967627,data,124.83570765056163,125.91670111852694,1,3,3,146.83166389813528,3.329770563201687,30.70819111482666,0.7606056073988443,1.0,leptonic_bookkeeping,test,False,0.50562265163496
496826,data,124.83570765056163,125.91670111852694,1,3,3,146.83166389813528,3.329770563201687,30.70819111482666,0.7606056073988443,1.0,leptonic_bookkeeping,train,False,0.50562265163496
141934,data,124.83570765056163,125.91670111852694,1,3,3,146.83166389813528,3.329770563201687,30.70819111482666,0.7606056073988443,1.0,leptonic_bookkeeping,validation,False,0.50562265163496
615061,data,124.83570765056163,125.91670111852694,1,3,3,146.83166389813528,3.329770563201687,30.70819111482666,0.7606056073988443,1.0,leptonic_bookkeeping,validation,False,0.50562265163496
293005,data,124.83570765056163,125.91670111852694,1,3,3,146.83166389813528,3.329770563201687,30.70819111482666,0.7606056073988443,1.0,leptonic_bookkeeping,train,False,0.50562265163496
465632,data,124.83570765056163,125.91670111852694,1,3,3,146.83166389813528,3.329770563201687,30.70819111482666,0.7606056073988443,1.0,leptonic_bookkeeping,train,False,0.50562265163496
718129,data,124.83570765056163,125.91670111852694,1,3,3,146.83166389813528,3.329770563201687,30.70819111482666,0.7606056073988443,1.0,leptonic_bookkeeping,validation,False,0.50562265163496
521736,data,124.83570765056163,125.91670111852694,1,3,3,146.83166389813528,3.329770563201687,30.70819111482666,0.7606056073988443,1.0,leptonic_bookkeeping,validation,False,0.50562265163496
230060,data,124.83570765056163,125.91670111852694,1,3,3,146.83166389813528,3.329770563201687,30.70819111482666,0.7606056073988443,1.0,leptonic_bookkeeping,train,False,0.50562265163496
424589,data,124.83570765056163,125.91670111852694,1,3,3,146.83166389813528,3.329770563201687,30.70819111482666,0.7606056073988443,1.0,leptonic_bookkeeping,train,False,0.50562265163496
215000,data,124.83570765056163,125.91670111852694,1,3,3,146.83166389813528,3.329770563201687,30.70819111482666,0.7606056073988443,1.0,leptonic_bookkeeping,test,False,0.50562265163496
492204,data,124.83570765056163,125.91670111852694,1,3,3,146.83166389813528,3.329770563201687,30.70819111482666,0.7606056073988443,1.0,leptonic_bookkeeping,validation,False,0.50562265163496
842870,data,124.83570765056163,125.91670111852694,1,3,3,146.83166389813528,3.329770563201687,30.70819111482666,0.7606056073988443,1.0,leptonic_bookkeeping,validation,False,0.50562265163496
299841,data,124.83570765056163,125.91670111852694,1,3,3,146.83166389813528,3.329770563201687,30.70819111482666,0.7606056073988443,1.0,leptonic_bookkeeping,train,False,0.50562265163496
672903,data,124.83570765056163,125.91670111852694,1,3,3,146.83166389813528,3.329770563201687,30.70819111482666,0.7606056073988443,1.0,leptonic_bookkeeping,train,False,0.50562265163496
707358,data,124.83570765056163,125.91670111852694,1,3,3,146.83166389813528,3.329770563201687,30.70819111482666,0.7606056073988443,1.0,leptonic_bookkeeping,validation,False,0.50562265163496
151502,data,124.83570765056163,125.91670111852694,1,3,3,146.83166389813528,3.329770563201687,30.70819111482666,0.7606056073988443,1.0,leptonic_bookkeeping,validation,False,0.50562265163496
102534,data,124.83570765056163,125.91670111852694,1,3,3,146.83166389813528,3.329770563201687,30.70819111482666,0.7606056073988443,1.0,leptonic_bookkeeping,test,False,0.50562265163496
879880,data,124.83570765056163,125.91670111852694,1,3,3,146.83166389813528,3.329770563201687,30.70819111482666,0.7606056073988443,1.0,leptonic_bookkeeping,train,False,0.50562265163496
472565,data,124.83570765056163,125.91670111852694,1,3,3,146.83166389813528,3.329770563201687,30.70819111482666,0.7606056073988443,1.0,leptonic_bookkeeping,test,False,0.50562265163496
320447,data,124.83570765056163,125.91670111852694,1,3,3,146.83166389813528,3.329770563201687,30.70819111482666,0.7606056073988443,1.0,leptonic_bookkeeping,train,False,0.50562265163496
701159,data,124.83570765056163,125.91670111852694,1,3,3,146.83166389813528,3.329770563201687,30.70819111482666,0.7606056073988443,1.0,leptonic_bookkeeping,train,False,0.50562265163496
910540,data,124.83570765056163,125.91670111852694,1,3,3,146.83166389813528,3.329770563201687,30.70819111482666,0.7606056073988443,1.0,leptonic_bookkeeping,train,False,0.50562265163496
17668,data,124.83570765056163,125.91670111852694,1,3,3,146.83166389813528,3.329770563201687,30.70819111482666,0.7606056073988443,1.0,leptonic_bookkeeping,validation,False,0.50562265163496
715705,data,124.83570765056163,125.91670111852694,1,3,3,146.83166389813528,3.329770563201687,30.70819111482666,0.7606056073988443,1.0,leptonic_bookkeeping,train,False,0.50562265163496
938892,data,124.83570765056163,125.91670111852694,1,3,3,146.83166389813528,3.329770563201687,30.70819111482666,0.7606056073988443,1.0,leptonic_bookkeeping,train,False,0.50562265163496
163438,data,124.83570765056163,125.91670111852694,1,3,3,146.83166389813528,3.329770563201687,30.70819111482666,0.7606056073988443,1.0,leptonic_bookkeeping,test,False,0.50562265163496
681231,data,124.83570765056163,125.91670111852694,1,3,3,146.83166389813528,3.329770563201687,30.70819111482666,0.7606056073988443,1.0,leptonic_bookkeeping,train,False,0.50562265163496
23455,data,124.83570765056163,125.91670111852694,1,3,3,146.83166389813528,3.329770563201687,30.70819111482666,0.7606056073988443,1.0,leptonic_bookkeeping,train,False,0.50562265163496
132346,data,124.83570765056163,125.91670111852694,1,3,3,146.83166389813528,3.329770563201687,30.70819111482666,0.7606056073988443,1.0,leptonic_bookkeeping,test,False,0.50562265163496
242884,data,124.83570765056163,125.91670111852694,1,3,3,146.83166389813528,3.329770563201687,30.70819111482666,0.7606056073988443,1.0,leptonic_bookkeeping,train,False,0.50562265163496
338359,data,124.83570765056163,125.91670111852694,1,3,3,146.83166389813528,3.329770563201687,30.70819111482666,0.7606056073988443,1.0,leptonic_bookkeeping,test,False,0.50562265163496
417035,data,124.83570765056163,125.91670111852694,1,3,3,146.83166389813528,3.329770563201687,30.70819111482666,0.7606056073988443,1.0,leptonic_bookkeeping,train,False,0.50562265163496
601272,data,124.83570765056163,125.91670111852694,1,3,3,146.83166389813528,3.329770563201687,30.70819111482666,0.7606056073988443,1.0,leptonic_bookkeeping,train,False,0.50562265163496
900315,data,124.83570765056163,125.91670111852694,1,3,3,146.83166389813528,3.329770563201687,30.70819111482666,0.7606056073988443,1.0,leptonic_bookkeeping,train,False,0.50562265163496
7505,data,124.83570765056163,125.91670111852694,1,3,3,146.83166389813528,3.329770563201687,30.70819111482666,0.7606056073988443,1.0,leptonic_bookkeeping,validation,False,0.50562265163496
817086,data,124.83570765056163,125.91670111852694,1,3,3,146.83166389813528,3.329770563201687,30.70819111482666,0.7606056073988443,1.0,leptonic_bookkeeping,train,False,0.50562265163496
354026,data,124.83570765056163,125.91670111852694,1,3,3,146.83166389813528,3.329770563201687,30.70819111482666,0.7606056073988443,1.0,leptonic_bookkeeping,train,False,0.50562265163496
496261,data,124.83570765056163,125.91670111852694,1,3,3,146.83166389813528,3.329770563201687,30.70819111482666,0.7606056073988443,1.0,leptonic_bookkeeping,train,False,0.50562265163496
804593,data,124.83570765056163,125.91670111852694,1,3,3,146.83166389813528,3.329770563201687,30.70819111482666,0.7606056073988443,1.0,leptonic_bookkeeping,train,False,0.50562265163496
811401,data,124.83570765056163,125.91670111852694,1,3,3,146.83166389813528,3.329770563201687,30.70819111482666,0.7606056073988443,1.0,leptonic_bookkeeping,validation,False,0.50562265163496
956020,data,124.83570765056163,125.91670111852694,1,3,3,146.83166389813528,3.329770563201687,30.70819111482666,0.7606056073988443,1.0,leptonic_bookkeeping,validation,False,0.50562265163496
868562,data,124.83570765056163,125.91670111852694,1,3,3,146.83166389813528,3.329770563201687,30.70819111482666,0.7606056073988443,1.0,leptonic_bookkeeping,train,False,0.50562265163496
112008,data,124.83570765056163,125.91670111852694,1,3,3,146.83166389813528,3.329770563201687,30.70819111482666,0.7606056073988443,1.0,leptonic_bookkeeping,test,False,0.50562265163496
389734,data,124.83570765056163,125.91670111852694,1,3,3,146.83166389813528,3.329770563201687,30.70819111482666,0.7606056073988443,1.0,leptonic_bookkeeping,test,False,0.50562265163496
164274,data,124.83570765056163,125.91670111852694,1,3,3,146.83166389813528,3.329770563201687,30.70819111482666,0.7606056073988443,1.0,leptonic_bookkeeping,test,False,0.50562265163496
227879,data,124.83570765056163,125.91670111852694,1,3,3,146.83166389813528,3.329770563201687,30.70819111482666,0.7606056073988443,1.0,leptonic_bookkeeping,train,False,0.50562265163496
78056,data,124.83570765056163,125.91670111852694,1,3,3,146.83166389813528,3.329770563201687,30.70819111482666,0.7606056073988443,1.0,leptonic_bookkeeping,train,False,0.50562265163496
669632,data,124.83570765056163,125.91670111852694,1,3,3,146.83166389813528,3.329770563201687,30.70819111482666,0.7606056073988443,1.0,leptonic_bookkeeping,test,False,0.50562265163496
972271,data,124.83570765056163,125.91670111852694,1,3,3,146.83166389813528,3.329770563201687,30.70819111482666,0.7606056073988443,1.0,leptonic_bookkeeping,train,False,0.50562265163496
752400,data,124.83570765056163,125.91670111852694,1,3,3,146.83166389813528,3.329770563201687,30.70819111482666,0.7606056073988443,1.0,leptonic_bookkeeping,test,False,0.50562265163496
7722,data,124.83570765056163,125.91670111852694,1,3,3,146.83166389813528,3.329770563201687,30.70819111482666,0.7606056073988443,1.0,leptonic_bookkeeping,validation,False,0.50562265163496
274402,data,124.83570765056163,125.91670111852694,1,3,3,146.83166389813528,3.329770563201687,30.70819111482666,0.7606056073988443,1.0,leptonic_bookkeeping,validation,False,0.50562265163496
295368,data,124.83570765056163,125.91670111852694,1,3,3,146.83166389813528,3.329770563201687,30.70819111482666,0.7606056073988443,1.0,leptonic_bookkeeping,validation,False,0.50562265163496
949848,data,124.83570765056163,125.91670111852694,1,3,3,146.83166389813528,3.329770563201687,30.70819111482666,0.7606056073988443,1.0,leptonic_bookkeeping,train,False,0.50562265163496
878659,data,124.83570765056163,125.91670111852694,1,3,3,146.83166389813528,3.329770563201687,30.70819111482666,0.7606056073988443,1.0,leptonic_bookkeeping,train,False,0.50562265163496
528040,data,124.83570765056163,125.91670111852694,1,3,3,146.83166389813528,3.329770563201687,30.70819111482666,0.7606056073988443,1.0,leptonic_bookkeeping,train,False,0.50562265163496
504578,data,124.83570765056163,125.91670111852694,1,3,3,146.83166389813528,3.329770563201687,30.70819111482666,0.7606056073988443,1.0,leptonic_bookkeeping,test,False,0.50562265163496
106298,data,124.83570765056163,125.91670111852694,1,3,3,146.83166389813528,3.329770563201687,30.70819111482666,0.7606056073988443,1.0,leptonic_bookkeeping,train,False,0.50562265163496
549106,data,124.83570765056163,125.91670111852694,1,3,3,146.83166389813528,3.329770563201687,30.70819111482666,0.7606056073988443,1.0,leptonic_bookkeeping,train,False,0.50562265163496
163868,data,124.83570765056163,125.91670111852694,1,3,3,146.83166389813528,3.329770563201687,30.70819111482666,0.7606056073988443,1.0,leptonic_bookkeeping,test,False,0.50562265163496
305171,data,124.83570765056163,125.91670111852694,1,3,3,146.83166389813528,3.329770563201687,30.70819111482666,0.7606056073988443,1.0,leptonic_bookkeeping,validation,False,0.50562265163496
215316,data,124.83570765056163,125.91670111852694,1,3,3,146.83166389813528,3.329770563201687,30.70819111482666,0.7606056073988443,1.0,leptonic_bookkeeping,test,False,0.50562265163496
693300,data,124.83570765056163,125.91670111852694,1,3,3,146.83166389813528,3.329770563201687,30.70819111482666,0.7606056073988443,1.0,leptonic_bookkeeping,train,False,0.50562265163496
149526,data,124.83570765056163,125.91670111852694,1,3,3,146.83166389813528,3.329770563201687,30.70819111482666,0.7606056073988443,1.0,leptonic_bookkeeping,train,False,0.50562265163496
370774,data,124.83570765056163,125.91670111852694,1,3,3,146.83166389813528,3.329770563201687,30.70819111482666,0.7606056073988443,1.0,leptonic_bookkeeping,test,False,0.50562265163496
440033,data,124.83570765056163,125.91670111852694,1,3,3,146.83166389813528,3.329770563201687,30.70819111482666,0.7606056073988443,1.0,leptonic_bookkeeping,validation,False,0.50562265163496
734771,data,124.83570765056163,125.91670111852694,1,3,3,146.83166389813528,3.329770563201687,30.70819111482666,0.7606056073988443,1.0,leptonic_bookkeeping,train,False,0.50562265163496
257521,data,124.83570765056163,125.91670111852694,1,3,3,146.83166389813528,3.329770563201687,30.70819111482666,0.7606056073988443,1.0,leptonic_bookkeeping,test,False,0.50562265163496
831670,data,124.83570765056163,125.91670111852694,1,3,3,146.83166389813528,3.329770563201687,30.70819111482666,0.7606056073988443,1.0,leptonic_bookkeeping,validation,False,0.50562265163496
357837,data,124.83570765056163,125.91670111852694,1,3,3,146.83166389813528,3.329770563201687,30.70819111482666,0.7606056073988443,1.0,leptonic_bookkeeping,validation,False,0.50562265163496
467389,data,124.83570765056163,125.91670111852694,1,3,3,146.83166389813528,3.329770563201687,30.70819111482666,0.7606056073988443,1.0,leptonic_bookkeeping,train,False,0.50562265163496
419259,data,124.83570765056163,125.91670111852694,1,3,3,146.83166389813528,3.329770563201687,30.70819111482666,0.7606056073988443,1.0,leptonic_bookkeeping,validation,False,0.50562265163496
469297,data,124.83570765056163,125.91670111852694,1,3,3,146.83166389813528,3.329770563201687,30.70819111482666,0.7606056073988443,1.0,leptonic_bookkeeping,train,False,0.50562265163496
751013,data,124.83570765056163,125.91670111852694,1,3,3,146.83166389813528,3.329770563201687,30.70819111482666,0.7606056073988443,1.0,leptonic_bookkeeping,test,False,0.50562265163496
172514,data,124.83570765056163,125.91670111852694,1,3,3,146.83166389813528,3.329770563201687,30.70819111482666,0.7606056073988443,1.0,leptonic_bookkeeping,validation,False,0.50562265163496
618126,data,124.83570765056163,125.91670111852694,1,3,3,146.83166389813528,3.329770563201687,30.70819111482666,0.7606056073988443,1.0,leptonic_bookkeeping,test,False,0.50562265163496
628611,data,124.83570765056163,125.91670111852694,1,3,3,146.83166389813528,3.329770563201687,30.70819111482666,0.7606056073988443,1.0,leptonic_bookkeeping,test,False,0.50562265163496
462932,data,124.83570765056163,125.91670111852694,1,3,3,146.83166389813528,3.329770563201687,30.70819111482666,0.7606056073988443,1.0,leptonic_bookkeeping,test,False,0.50562265163496
58721,data,124.83570765056163,125.91670111852694,1,3,3,146.83166389813528,3.329770563201687,30.70819111482666,0.7606056073988443,1.0,leptonic_bookkeeping,validation,False,0.50562265163496
771273,data,124.83570765056163,125.91670111852694,1,3,3,146.83166389813528,3.329770563201687,30.70819111482666,0.7606056073988443,1.0,leptonic_bookkeeping,test,False,0.50562265163496
944235,data,124.83570765056163,125.91670111852694,1,3,3,146.83166389813528,3.329770563201687,30.70819111482666,0.7606056073988443,1.0,leptonic_bookkeeping,train,False,0.50562265163496
930992,data,124.83570765056163,125.91670111852694,1,3,3,146.83166389813528,3.329770563201687,30.70819111482666,0.7606056073988443,1.0,leptonic_bookkeeping,train,False,0.50562265163496
874464,data,124.83570765056163,125.91670111852694,1,3,3,146.83166389813528,3.329770563201687,30.70819111482666,0.7606056073988443,1.0,leptonic_bookkeeping,test,False,0.50562265163496
872006,data,124.83570765056163,125.91670111852694,1,3,3,146.83166389813528,3.329770563201687,30.70819111482666,0.7606056073988443,1.0,leptonic_bookkeeping,train,False,0.50562265163496
274018,data,124.83570765056163,125.91670111852694,1,3,3,146.83166389813528,3.329770563201687,30.70819111482666,0.7606056073988443,1.0,leptonic_bookkeeping,train,False,0.50562265163496
772786,data,124.83570765056163,125.91670111852694,1,3,3,146.83166389813528,3.329770563201687,30.70819111482666,0.7606056073988443,1.0,leptonic_bookkeeping,test,False,0.50562265163496
34625,data,124.83570765056163,125.91670111852694,1,3,3,146.83166389813528,3.329770563201687,30.70819111482666,0.7606056073988443,1.0,leptonic_bookkeeping,train,False,0.50562265163496
492217,data,124.83570765056163,125.91670111852694,1,3,3,146.83166389813528,3.329770563201687,30.70819111482666,0.7606056073988443,1.0,leptonic_bookkeeping,validation,False,0.50562265163496
975940,data,124.83570765056163,125.91670111852694,1,3,3,146.83166389813528,3.329770563201687,30.70819111482666,0.7606056073988443,1.0,leptonic_bookkeeping,validation,False,0.50562265163496
664240,data,124.83570765056163,125.91670111852694,1,3,3,146.83166389813528,3.329770563201687,30.70819111482666,0.7606056073988443,1.0,leptonic_bookkeeping,train,False,0.50562265163496
12599,data,124.83570765056163,125.91670111852694,1,3,3,146.83166389813528,3.329770563201687,30.70819111482666,0.7606056073988443,1.0,leptonic_bookkeeping,train,False,0.50562265163496
607306,data,124.83570765056163,125.91670111852694,1,3,3,146.83166389813528,3.329770563201687,30.70819111482666,0.7606056073988443,1.0,leptonic_bookkeeping,test,False,0.50562265163496
910288,data,124.83570765056163,125.91670111852694,1,3,3,146.83166389813528,3.329770563201687,30.70819111482666,0.7606056073988443,1.0,leptonic_bookkeeping,train,False,0.50562265163496
399679,data,124.83570765056163,125.91670111852694,1,3,3,146.83166389813528,3.329770563201687,30.70819111482666,0.7606056073988443,1.0,leptonic_bookkeeping,validation,False,0.50562265163496
394551,data,124.83570765056163,125.91670111852694,1,3,3,146.83166389813528,3.329770563201687,30.70819111482666,0.7606056073988443,1.0,leptonic_bookkeeping,train,False,0.50562265163496
85009,data,124.83570765056163,125.91670111852694,1,3,3,146.83166389813528,3.329770563201687,30.70819111482666,0.7606056073988443,1.0,leptonic_bookkeeping,train,False,0.50562265163496
10858,data,124.83570765056163,125.91670111852694,1,3,3,146.83166389813528,3.329770563201687,30.70819111482666,0.7606056073988443,1.0,leptonic_bookkeeping,train,False,0.50562265163496
179612,data,124.83570765056163,125.91670111852694,1,3,3,146.83166389813528,3.329770563201687,30.70819111482666,0.7606056073988443,1.0,leptonic_bookkeeping,train,False,0.50562265163496
890497,data,124.83570765056163,125.91670111852694,1,3,3,146.83166389813528,3.329770563201687,30.70819111482666,0.7606056073988443,1.0,leptonic_bookkeeping,train,False,0.50562265163496
64462,data,124.83570765056163,125.91670111852694,1,3,3,146.83166389813528,3.329770563201687,30.70819111482666,0.7606056073988443,1.0,leptonic_bookkeeping,train,False,0.50562265163496
700336,data,124.83570765056163,125.91670111852694,1,3,3,146.83166389813528,3.329770563201687,30.70819111482666,0.7606056073988443,1.0,leptonic_bookkeeping,test,False,0.50562265163496
730671,data,124.83570765056163,125.91670111852694,1,3,3,146.83166389813528,3.329770563201687,30.70819111482666,0.7606056073988443,1.0,leptonic_bookkeeping,test,False,0.50562265163496
629518,data,124.83570765056163,125.91670111852694,1,3,3,146.83166389813528,3.329770563201687,30.70819111482666,0.7606056073988443,1.0,leptonic_bookkeeping,train,False,0.50562265163496
254545,data,124.83570765056163,125.91670111852694,1,3,3,146.83166389813528,3.329770563201687,30.70819111482666,0.7606056073988443,1.0,leptonic_bookkeeping,validation,False,0.50562265163496
525877,data,124.83570765056163,125.91670111852694,1,3,3,146.83166389813528,3.329770563201687,30.70819111482666,0.7606056073988443,1.0,leptonic_bookkeeping,train,False,0.50562265163496
436616,data,124.83570765056163,125.91670111852694,1,3,3,146.83166389813528,3.329770563201687,30.70819111482666,0.7606056073988443,1.0,leptonic_bookkeeping,train,False,0.50562265163496
810551,data,124.83570765056163,125.91670111852694,1,3,3,146.83166389813528,3.329770563201687,30.70819111482666,0.7606056073988443,1.0,leptonic_bookkeeping,validation,False,0.50562265163496
564351,data,124.83570765056163,125.91670111852694,1,3,3,146.83166389813528,3.329770563201687,30.70819111482666,0.7606056073988443,1.0,leptonic_bookkeeping,validation,False,0.50562265163496
90923,data,124.83570765056163,125.91670111852694,1,3,3,146.83166389813528,3.329770563201687,30.70819111482666,0.7606056073988443,1.0,leptonic_bookkeeping,test,False,0.50562265163496
943065,data,124.83570765056163,125.91670111852694,1,3,3,146.83166389813528,3.329770563201687,30.70819111482666,0.7606056073988443,1.0,leptonic_bookkeeping,train,False,0.50562265163496
938987,data,124.83570765056163,125.91670111852694,1,3,3,146.83166389813528,3.329770563201687,30.70819111482666,0.7606056073988443,1.0,leptonic_bookkeeping,train,False,0.50562265163496
438535,data,124.83570765056163,125.91670111852694,1,3,3,146.83166389813528,3.329770563201687,30.70819111482666,0.7606056073988443,1.0,leptonic_bookkeeping,train,False,0.50562265163496
302771,data,124.83570765056163,125.91670111852694,1,3,3,146.83166389813528,3.329770563201687,30.70819111482666,0.7606056073988443,1.0,leptonic_bookkeeping,train,False,0.50562265163496
574899,data,124.83570765056163,125.91670111852694,1,3,3,146.83166389813528,3.329770563201687,30.70819111482666,0.7606056073988443,1.0,leptonic_bookkeeping,validation,False,0.50562265163496
931059,data,124.83570765056163,125.91670111852694,1,3,3,146.83166389813528,3.329770563201687,30.70819111482666,0.7606056073988443,1.0,leptonic_bookkeeping,train,False,0.50562265163496
562740,data,124.83570765056163,125.91670111852694,1,3,3,146.83166389813528,3.329770563201687,30.70819111482666,0.7606056073988443,1.0,leptonic_bookkeeping,train,False,0.50562265163496
55200,data,124.83570765056163,125.91670111852694,1,3,3,146.83166389813528,3.329770563201687,30.70819111482666,0.7606056073988443,1.0,leptonic_bookkeeping,train,False,0.50562265163496
893957,data,124.83570765056163,125.91670111852694,1,3,3,146.83166389813528,3.329770563201687,30.70819111482666,0.7606056073988443,1.0,leptonic_bookkeeping,validation,False,0.50562265163496
197966,data,124.83570765056163,125.91670111852694,1,3,3,146.83166389813528,3.329770563201687,30.70819111482666,0.7606056073988443,1.0,leptonic_bookkeeping,train,False,0.50562265163496
569982,data,124.83570765056163,125.91670111852694,1,3,3,146.83166389813528,3.329770563201687,30.70819111482666,0.7606056073988443,1.0,leptonic_bookkeeping,train,False,0.50562265163496
300407,data,124.83570765056163,125.91670111852694,1,3,3,146.83166389813528,3.329770563201687,30.70819111482666,0.7606056073988443,1.0,leptonic_bookkeeping,train,False,0.50562265163496
355439,data,124.83570765056163,125.91670111852694,1,3,3,146.83166389813528,3.329770563201687,30.70819111482666,0.7606056073988443,1.0,leptonic_bookkeeping,train,False,0.50562265163496
489105,data,124.83570765056163,125.91670111852694,1,3,3,146.83166389813528,3.329770563201687,30.70819111482666,0.7606056073988443,1.0,leptonic_bookkeeping,train,False,0.50562265163496
8278,data,124.83570765056163,125.91670111852694,1,3,3,146.83166389813528,3.329770563201687,30.70819111482666,0.7606056073988443,1.0,leptonic_bookkeeping,test,False,0.50562265163496
325237,data,124.83570765056163,125.91670111852694,1,3,3,146.83166389813528,3.329770563201687,30.70819111482666,0.7606056073988443,1.0,leptonic_bookkeeping,train,False,0.50562265163496
968269,data,124.83570765056163,125.91670111852694,1,3,3,146.83166389813528,3.329770563201687,30.70819111482666,0.7606056073988443,1.0,leptonic_bookkeeping,test,False,0.50562265163496
292496,data,124.83570765056163,125.91670111852694,1,3,3,146.83166389813528,3.329770563201687,30.70819111482666,0.7606056073988443,1.0,leptonic_bookkeeping,train,False,0.50562265163496
109134,data,124.83570765056163,125.91670111852694,1,3,3,146.83166389813528,3.329770563201687,30.70819111482666,0.7606056073988443,1.0,leptonic_bookkeeping,train,False,0.50562265163496
789441,data,124.83570765056163,125.91670111852694,1,3,3,146.83166389813528,3.329770563201687,30.70819111482666,0.7606056073988443,1.0,leptonic_bookkeeping,train,False,0.50562265163496
36331,data,124.83570765056163,125.91670111852694,1,3,3,146.83166389813528,3.329770563201687,30.70819111482666,0.7606056073988443,1.0,leptonic_bookkeeping,train,False,0.50562265163496
260582,data,124.83570765056163,125.91670111852694,1,3,3,146.83166389813528,3.329770563201687,30.70819111482666,0.7606056073988443,1.0,leptonic_bookkeeping,train,False,0.50562265163496
828869,data,124.83570765056163,125.91670111852694,1,3,3,146.83166389813528,3.329770563201687,30.70819111482666,0.7606056073988443,1.0,leptonic_bookkeeping,train,False,0.50562265163496
847586,data,124.83570765056163,125.91670111852694,1,3,3,146.83166389813528,3.329770563201687,30.70819111482666,0.7606056073988443,1.0,leptonic_bookkeeping,train,False,0.50562265163496
666192,data,124.83570765056163,125.91670111852694,1,3,3,146.83166389813528,3.329770563201687,30.70819111482666,0.7606056073988443,1.0,leptonic_bookkeeping,validation,False,0.50562265163496
963225,data,124.83570765056163,125.91670111852694,1,3,3,146.83166389813528,3.329770563201687,30.70819111482666,0.7606056073988443,1.0,leptonic_bookkeeping,train,False,0.50562265163496
179708,data,124.83570765056163,125.91670111852694,1,3,3,146.83166389813528,3.329770563201687,30.70819111482666,0.7606056073988443,1.0,leptonic_bookkeeping,train,False,0.50562265163496
672509,data,124.83570765056163,125.91670111852694,1,3,3,146.83166389813528,3.329770563201687,30.70819111482666,0.7606056073988443,1.0,leptonic_bookkeeping,train,False,0.50562265163496
217620,data,124.83570765056163,125.91670111852694,1,3,3,146.83166389813528,3.329770563201687,30.70819111482666,0.7606056073988443,1.0,leptonic_bookkeeping,train,False,0.50562265163496
896087,data,124.83570765056163,125.91670111852694,1,3,3,146.83166389813528,3.329770563201687,30.70819111482666,0.7606056073988443,1.0,leptonic_bookkeeping,test,False,0.50562265163496
642903,data,124.83570765056163,125.91670111852694,1,3,3,146.83166389813528,3.329770563201687,30.70819111482666,0.7606056073988443,1.0,leptonic_bookkeeping,train,False,0.50562265163496
666471,data,124.83570765056163,125.91670111852694,1,3,3,146.83166389813528,3.329770563201687,30.70819111482666,0.7606056073988443,1.0,leptonic_bookkeeping,validation,False,0.50562265163496
97716,data,124.83570765056163,125.91670111852694,1,3,3,146.83166389813528,3.329770563201687,30.70819111482666,0.7606056073988443,1.0,leptonic_bookkeeping,train,False,0.50562265163496
438577,data,124.83570765056163,125.91670111852694,1,3,3,146.83166389813528,3.329770563201687,30.70819111482666,0.7606056073988443,1.0,leptonic_bookkeeping,train,False,0.50562265163496
369015,data,124.83570765056163,125.91670111852694,1,3,3,146.83166389813528,3.329770563201687,30.70819111482666,0.7606056073988443,1.0,leptonic_bookkeeping,validation,False,0.50562265163496
966675,data,124.83570765056163,125.91670111852694,1,3,3,146.83166389813528,3.329770563201687,30.70819111482666,0.7606056073988443,1.0,leptonic_bookkeeping,validation,False,0.50562265163496
571538,data,124.83570765056163,125.91670111852694,1,3,3,146.83166389813528,3.329770563201687,30.70819111482666,0.7606056073988443,1.0,leptonic_bookkeeping,train,False,0.50562265163496
603030,data,124.83570765056163,125.91670111852694,1,3,3,146.83166389813528,3.329770563201687,30.70819111482666,0.7606056073988443,1.0,leptonic_bookkeeping,train,False,0.50562265163496
259360,data,124.83570765056163,125.91670111852694,1,3,3,146.83166389813528,3.329770563201687,30.70819111482666,0.7606056073988443,1.0,leptonic_bookkeeping,train,False,0.50562265163496
