event_id,process,diphoton_pt,m_gammagamma,n_leptons,n_jets,n_bjets,jet_pt_sum,jet_eta_max,bjet_pt_max,bjet_eta_max,weight,channel,partition
104313,ggH,158.5016353661498,124.89528917588326,0,6,1,131.91079641305774,3.7192860760724056,27.68390466916924,1.8393393509137426,1.0,hadronic,train
699184,ggH,124.83570765056163,123.94966038564371,1,3,3,146.83166389813528,3.329770563201687,30.70819111482666,0.7606056073988443,1.0,leptonic_bookkeeping,test
137372,ggH,124.83570765056163,123.94966038564371,1,3,3,146.83166389813528,3.329770563201687,30.70819111482666,0.7606056073988443,1.0,leptonic_bookkeeping,train
779868,ggH,124.83570765056163,123.94966038564371,1,3,3,146.83166389813528,3.329770563201687,30.70819111482666,0.7606056073988443,1.0,leptonic_bookkeeping,validation
773477,ggH,124.83570765056163,123.94966038564371,1,3,3,146.83166389813528,3.329770563201687,30.70819111482666,0.7606056073988443,1.0,leptonic_bookkeeping,train
30126,ggH,124.83570765056163,123.94966038564371,1,3,3,146.83166389813528,3.329770563201687,30.70819111482666,0.7606056073988443,1.0,leptonic_bookkeeping,test
628473,ggH,124.83570765056163,123.94966038564371,1,3,3,146.83166389813528,3.329770563201687,30.70819111482666,0.7606056073988443,1.0,leptonic_bookkeeping,test
916419,ggH,124.83570765056163,123.94966038564371,1,3,3,146.83166389813528,3.329770563201687,30.70819111482666,0.7606056073988443,1.0,leptonic_bookkeeping,test
956048,ggH,124.83570765056163,123.94966038564371,1,3,3,146.83166389813528,3.329770563201687,30.70819111482666,0.7606056073988443,1.0,leptonic_bookkeeping,validation
689732,ggH,124.83570765056163,123.94966038564371,1,3,3,146.83166389813528,3.329770563201687,30.70819111482666,0.7606056073988443,1.0,leptonic_bookkeeping,test
899703,ggH,124.83570765056163,123.94966038564371,1,3,3,146.83166389813528,3.329770563201687,30.70819111482666,0.7606056073988443,1.0,leptonic_bookkeeping,train
168657,ggH,124.83570765056163,123.94966038564371,1,3,3,146.83166389813528,3.329770563201687,30.70819111482666,0.7606056073988443,1.0,leptonic_bookkeeping,train
383983,ggH,124.83570765056163,123.94966038564371,1,3,3,146.83166389813528,3.329770563201687,30.70819111482666,0.7606056073988443,1.0,leptonic_bookkeeping,train
286213,ggH,124.83570765056163,123.94966038564371,1,3,3,146.83166389813528,3.329770563201687,30.70819111482666,0.7606056073988443,1.0,leptonic_bookkeeping,validation
252145,ggH,124.83570765056163,123.94966038564371,1,3,3,146.83166389813528,3.329770563201687,30.70819111482666,0.7606056073988443,1.0,leptonic_bookkeeping,train
622821,ggH,124.83570765056163,123.94966038564371,1,3,3,146.83166389813528,3.329770563201687,30.70819111482666,0.7606056073988443,1.0,leptonic_bookkeeping,train
548128,ggH,124.83570765056163,123.94966038564371,1,3,3,146.83166389813528,3.329770563201687,30.70819111482666,0.7606056073988443,1.0,leptonic_bookkeeping,train
718167,ggH,124.83570765056163,123.94966038564371,1,3,3,146.83166389813528,3.329770563201687,30.70819111482666,0.7606056073988443,1.0,leptonic_bookkeeping,validation
522143,ggH,124.83570765056163,123.94966038564371,1,3,3,146.83166389813528,3.329770563201687,30.70819111482666,0.7606056073988443,1.0,leptonic_bookkeeping,validation
758433,ggH,124.83570765056163,123.94966038564371,1,3,3,146.83166389813528,3.329770563201687,30.70819111482666,0.7606056073988443,1.0,leptonic_bookkeeping,train
999664,ggH,124.83570765056163,123.94966038564371,1,3,3,146.83166389813528,3.329770563201687,30.70819111482666,0.7606056073988443,1.0,leptonic_bookkeeping,test
439396,ggH,124.83570765056163,123.94966038564371,1,3,3,146.83166389813528,3.329770563201687,30.70819111482666,0.7606056073988443,1.0,leptonic_bookkeeping,validation
894669,ggH,124.83570765056163,123.94966038564371,1,3,3,146.83166389813528,3.329770563201687,30.70819111482666,0.7606056073988443,1.0,leptonic_bookkeeping,validation
167940,ggH,124.83570765056163,123.94966038564371,1,3,3,146.83166389813528,3.329770563201687,30.70819111482666,0.7606056073988443,1.0,leptonic_bookkeeping,train
430667,ggH,124.83570765056163,123.94966038564371,1,3,3,146.83166389813528,3.329770563201687,30.70819111482666,0.7606056073988443,1.0,leptonic_bookkeeping,validation
459006,ggH,124.83570765056163,123.94966038564371,1,3,3,146.83166389813528,3.329770563201687,30.70819111482666,0.7606056073988443,1.0,leptonic_bookkeeping,train
537074,ggH,124.83570765056163,123.94966038564371,1,3,3,146.83166389813528,3.329770563201687,30.70819111482666,0.7606056073988443,1.0,leptonic_bookkeeping,train
461121,ggH,124.83570765056163,123.94966038564371,1,3,3,146.83166389813528,3.329770563201687,30.70819111482666,0.7606056073988443,1.0,leptonic_bookkeeping,validation
550575,ggH,124.83570765056163,123.94966038564371,1,3,3,146.83166389813528,3.329770563201687,30.70819111482666,0.7606056073988443,1.0,leptonic_bookkeeping,train
252237,ggH,124.83570765056163,123.94966038564371,1,3,3,146.83166389813528,3.329770563201687,30.70819111482666,0.7606056073988443,1.0,leptonic_bookkeeping,train
864231,ggH,124.83570765056163,123.94966038564371,1,3,3,146.83166389813528,3.329770563201687,30.70819111482666,0.7606056073988443,1.0,leptonic_bookkeeping,test
788296,ggH,124.83570765056163,123.94966038564371,1,3,3,146.83166389813528,3.329770563201687,30.70819111482666,0.7606056073988443,1.0,leptonic_bookkeeping,train
56456,ggH,124.83570765056163,123.94966038564371,1,3,3,146.83166389813528,3.329770563201687,30.70819111482666,0.7606056073988443,1.0,leptonic_bookkeeping,train
428819,ggH,124.83570765056163,123.94966038564371,1,3,3,146.83166389813528,3.329770563201687,30.70819111482666,0.7606056073988443,1.0,leptonic_bookkeeping,train
220793,ggH,124.83570765056163,123.94966038564371,1,3,3,146.83166389813528,3.329770563201687,30.70819111482666,0.7606056073988443,1.0,leptonic_bookkeeping,train
926888,ggH,124.83570765056163,123.94966038564371,1,3,3,146.83166389813528,3.329770563201687,30.70819111482666,0.7606056073988443,1.0,leptonic_bookkeeping,test
822417,ggH,124.83570765056163,123.94966038564371,1,3,3,146.83166389813528,3.329770563201687,30.70819111482666,0.7606056073988443,1.0,leptonic_bookkeeping,validation
343315,ggH,124.83570765056163,123.94966038564371,1,3,3,146.83166389813528,3.329770563201687,30.70819111482666,0.7606056073988443,1.0,leptonic_bookkeeping,train
304256,ggH,124.83570765056163,123.94966038564371,1,3,3,146.83166389813528,3.329770563201687,30.70819111482666,0.7606056073988443,1.0,leptonic_bookkeeping,train
687911,ggH,124.83570765056163,123.94966038564371,1,3,3,146.83166389813528,3.329770563201687,30.70819111482666,0.7606056073988443,1.0,leptonic_bookkeeping,validation
65256,ggH,124.83570765056163,123.94966038564371,1,3,3,146.83166389813528,3.329770563201687,30.70819111482666,0.7606056073988443,1.0,leptonic_bookkeeping,train
692387,ggH,124.83570765056163,123.94966038564371,1,3,3,146.83166389813528,3.329770563201687,30.70819111482666,0.7606056073988443,1.0,leptonic_bookkeeping,train
132661,ggH,124.83570765056163,123.94966038564371,1,3,3,146.83166389813528,3.329770563201687,30.70819111482666,0.7606056073988443,1.0,leptonic_bookkeeping,test
328452,ggH,124.83570765056163,123.94966038564371,1,3,3,146.83166389813528,3.329770563201687,30.70819111482666,0.7606056073988443,1.0,leptonic_bookkeeping,test
235389,ggH,124.83570765056163,123.94966038564371,1,3,3,146.83166389813528,3.329770563201687,30.70819111482666,0.7606056073988443,1.0,leptonic_bookkeeping,test
468098,ggH,124.83570765056163,123.94966038564371,1,3,3,146.83166389813528,3.329770563201687,30.70819111482666,0.7606056073988443,1.0,leptonic_bookkeeping,train
324310,ggH,124.83570765056163,123.94966038564371,1,3,3,146.83166389813528,3.329770563201687,30.70819111482666,0.7606056073988443,1.0,leptonic_bookkeeping,train
192233,ggH,124.83570765056163,123.94966038564371,1,3,3,146.83166389813528,3.329770563201687,30.70819111482666,0.7606056073988443,1.0,leptonic_bookkeeping,validation
956858,ggH,124.83570765056163,123.94966038564371,1,3,3,146.83166389813528,3.329770563201687,30.70819111482666,0.7606056073988443,1.0,leptonic_bookkeeping,test
265280,ggH,124.83570765056163,123.94966038564371,1,3,3,146.83166389813528,3.329770563201687,30.70819111482666,0.7606056073988443,1.0,leptonic_bookkeeping,validation
799721,ggH,124.83570765056163,123.94966038564371,1,3,3,146.83166389813528,3.329770563201687,30.70819111482666,0.7606056073988443,1.0,leptonic_bookkeeping,train
545632,ggH,124.83570765056163,123.94966038564371,1,3,3,146.83166389813528,3.329770563201687,30.70819111482666,0.7606056073988443,1.0,leptonic_bookkeeping,test
615094,ggH,124.83570765056163,123.94966038564371,1,3,3,146.83166389813528,3.329770563201687,30.70819111482666,0.7606056073988443,1.0,leptonic_bookkeeping,validation
301536,ggH,124.83570765056163,123.94966038564371,1,3,3,146.83166389813528,3.329770563201687,30.70819111482666,0.7606056073988443,1.0,leptonic_bookkeeping,train
920830,ggH,124.83570765056163,123.94966038564371,1,3,3,146.83166389813528,3.329770563201687,30.70819111482666,0.7606056073988443,1.0,leptonic_bookkeeping,train
716012,ggH,124.83570765056163,123.94966038564371,1,3,3,146.83166389813528,3.329770563201687,30.70819111482666,0.7606056073988443,1.0,leptonic_bookkeeping,train
956622,ggH,124.83570765056163,123.94966038564371,1,3,3,146.83166389813528,3.329770563201687,30.70819111482666,0.7606056073988443,1.0,leptonic_bookkeeping,validation
359470,ggH,124.83570765056163,123.94966038564371,1,3,3,146.83166389813528,3.329770563201687,30.70819111482666,0.7606056073988443,1.0,leptonic_bookkeeping,test
340603,ggH,124.83570765056163,123.94966038564371,1,3,3,146.83166389813528,3.329770563201687,30.70819111482666,0.7606056073988443,1.0,leptonic_bookkeeping,train
357433,ggH,124.83570765056163,123.94966038564371,1,3,3,146.83166389813528,3.329770563201687,30.70819111482666,0.7606056073988443,1.0,leptonic_bookkeeping,validation
982450,ggH,124.83570765056163,123.94966038564371,1,3,3,146.83166389813528,3.329770563201687,30.70819111482666,0.7606056073988443,1.0,leptonic_bookkeeping,train
673685,ggH,124.83570765056163,123.94966038564371,1,3,3,146.83166389813528,3.329770563201687,30.70819111482666,0.7606056073988443,1.0,leptonic_bookkeeping,train
222219,ggH,124.83570765056163,123.94966038564371,1,3,3,146.83166389813528,3.329770563201687,30.70819111482666,0.7606056073988443,1.0,leptonic_bookkeeping,train
307104,ggH,124.83570765056163,123.94966038564371,1,3,3,146.83166389813528,3.329770563201687,30.70819111482666,0.7606056073988443,1.0,leptonic_bookkeeping,validation
2242,ggH,124.83570765056163,123.94966038564371,1,3,3,146.83166389813528,3.329770563201687,30.70819111482666,0.7606056073988443,1.0,leptonic_bookkeeping,train
794265,ggH,124.83570765056163,123.94966038564371,1,3,3,146.83166389813528,3.329770563201687,30.70819111482666,0.7606056073988443,1.0,leptonic_bookkeeping,train
903724,ggH,124.83570765056163,123.94966038564371,1,3,3,146.83166389813528,3.329770563201687,30.70819111482666,0.7606056073988443,1.0,leptonic_bookkeeping,validation
432500,ggH,124.83570765056163,123.94966038564371,1,3,3,146.83166389813528,3.329770563201687,30.70819111482666,0.7606056073988443,1.0,leptonic_bookkeeping,test
816284,ggH,124.83570765056163,123.94966038564371,1,3,3,146.83166389813528,3.329770563201687,30.70819111482666,0.7606056073988443,1.0,leptonic_bookkeeping,train
545449,ggH,124.83570765056163,123.94966038564371,1,3,3,146.83166389813528,3.329770563201687,30.70819111482666,0.7606056073988443,1.0,leptonic_bookkeeping,test
724071,ggH,124.83570765056163,123.94966038564371,1,3,3,146.83166389813528,3.329770563201687,30.70819111482666,0.7606056073988443,1.0,leptonic_bookkeeping,train
260988,ggH,124.83570765056163,123.94966038564371,1,3,3,146.83166389813528,3.329770563201687,30.70819111482666,0.7606056073988443,1.0,leptonic_bookkeeping,train
854455,ggH,124.83570765056163,123.94966038564371,1,3,3,146.83166389813528,3.329770563201687,30.70819111482666,0.7606056073988443,1.0,leptonic_bookkeeping,test
139441,ggH,124.83570765056163,123.94966038564371,1,3,3,146.83166389813528,3.329770563201687,30.70819111482666,0.7606056073988443,1.0,leptonic_bookkeeping,train
295157,ggH,124.83570765056163,123.94966038564371,1,3,3,146.83166389813528,3.329770563201687,30.70819111482666,0.7606056073988443,1.0,leptonic_bookkeeping,validation
611273,ggH,124.83570765056163,123.94966038564371,1,3,3,146.83166389813528,3.329770563201687,30.70819111482666,0.7606056073988443,1.0,leptonic_bookkeeping,train
732046,ggH,124.83570765056163,123.94966038564371,1,3,3,146.83166389813528,3.329770563201687,30.70819111482666,0.7606056073988443,1.0,leptonic_bookkeeping,train
561276,ggH,124.83570765056163,123.94966038564371,1,3,3,146.83166389813528,3.329770563201687,30.70819111482666,0.7606056073988443,1.0,leptonic_bookkeeping,train
745698,ggH,124.83570765056163,123.94966038564371,1,3,3,146.83166389813528,3.329770563201687,30.70819111482666,0.7606056073988443,1.0,leptonic_bookkeeping,train
354227,ggH,124.83570765056163,123.94966038564371,1,3,3,146.83166389813528,3.329770563201687,30.70819111482666,0.7606056073988443,1.0,leptonic_bookkeeping,train
294763,ggH,124.83570765056163,123.94966038564371,1,3,3,146.83166389813528,3.329770563201687,30.70819111482666,0.7606056073988443,1.0,leptonic_bookkeeping,train
809466,ggH,124.83570765056163,123.94966038564371,1,3,3,146.83166389813528,3.329770563201687,30.70819111482666,0.7606056073988443,1.0,leptonic_bookkeeping,train
363849,ggH,124.83570765056163,123.94966038564371,1,3,3,146.83166389813528,3.329770563201687,30.70819111482666,0.7606056073988443,1.0,leptonic_bookkeeping,train
78705,ggH,124.83570765056163,123.94966038564371,1,3,3,146.83166389813528,3.329770563201687,30.70819111482666,0.7606056073988443,1.0,leptonic_bookkeeping,validation
201908,ggH,124.83570765056163,123.94966038564371,1,3,3,146.83166389813528,3.329770563201687,30.70819111482666,0.7606056073988443,1.0,leptonic_bookkeeping,train
405639,ggH,124.83570765056163,123.94966038564371,1,3,3,146.83166389813528,3.329770563201687,30.70819111482666,0.7606056073988443,1.0,leptonic_bookkeeping,train
312344,ggH,124.83570765056163,123.94966038564371,1,3,3,146.83166389813528,3.329770563201687,30.70819111482666,0.7606056073988443,1.0,leptonic_bookkeeping,train
130829,ggH,124.83570765056163,123.94966038564371,1,3,3,146.83166389813528,3.329770563201687,30.70819111482666,0.7606056073988443,1.0,leptonic_bookkeeping,validation
741315,ggH,124.83570765056163,123.94966038564371,1,3,3,146.83166389813528,3.329770563201687,30.70819111482666,0.7606056073988443,1.0,leptonic_bookkeeping,test
126925,ggH,124.83570765056163,123.94966038564371,1,3,3,146.83166389813528,3.329770563201687,30.70819111482666,0.7606056073988443,1.0,leptonic_bookkeeping,train
625277,ggH,124.83570765056163,123.94966038564371,1,3,3,146.83166389813528,3.329770563201687,30.70819111482666,0.7606056073988443,1.0,leptonic_bookkeeping,validation
697261,ggH,124.83570765056163,123.94966038564371,1,3,3,146.83166389813528,3.329770563201687,30.70819111482666,0.7606056073988443,1.0,leptonic_bookkeeping,validation
921571,ggH,124.83570765056163,123.94966038564371,1,3,3,146.83166389813528,3.329770563201687,30.70819111482666,0.7606056073988443,1.0,leptonic_bookkeeping,train
701305,ggH,124.83570765056163,123.94966038564371,1,3,3,146.83166389813528,3.329770563201687,30.70819111482666,0.7606056073988443,1.0,leptonic_bookkeeping,train
89866,ggH,124.83570765056163,123.94966038564371,1,3,3,146.83166389813528,3.329770563201687,30.70819111482666,0.7606056073988443,1.0,leptonic_bookkeeping,validation
378524,ggH,124.83570765056163,123.94966038564371,1,3,3,146.83166389813528,3.329770563201687,30.70819111482666,0.7606056073988443,1.0,leptonic_bookkeeping,validation
527222,ggH,124.83570765056163,123.94966038564371,1,3,3,146.83166389813528,3.329770563201687,30.70819111482666,0.7606056073988443,1.0,leptonic_bookkeeping,train
225199,ggH,124.83570765056163,123.94966038564371,1,3,3,146.83166389813528,3.329770563201687,30.70819111482666,0.7606056073988443,1.0,leptonic_bookkeeping,test
500983,ggH,124.83570765056163,123.94966038564371,1,3,3,146.83166389813528,3.329770563201687,30.70819111482666,0.7606056073988443,1.0,leptonic_bookkeeping,train
925288,ggH,124.83570765056163,123.94966038564371,1,3,3,146.83166389813528,3.329770563201687,30.70819111482666,0.7606056073988443,1.0,leptonic_bookkeeping,validation
128319,ggH,124.83570765056163,123.94966038564371,1,3,3,146.83166389813528,3.329770563201687,30.70819111482666,0.7606056073988443,1.0,leptonic_bookkeeping,train
992425,ggH,124.83570765056163,123.94966038564371,1,3,3,146.83166389813528,3.329770563201687,30.70819111482666,0.7606056073988443,1.0,leptonic_bookkeeping,train
844556,ggH,124.83570765056163,123.94966038564371,1,3,3,146.83166389813528,3.329770563201687,30.70819111482666,0.7606056073988443,1.0,leptonic_bookkeeping,test
189629,ggH,124.83570765056163,123.94966038564371,1,3,3,146.83166389813528,3.329770563201687,30.70819111482666,0.7606056073988443,1.0,leptonic_bookkeeping,train
525690,ggH,124.83570765056163,123.94966038564371,1,3,3,146.83166389813528,3.329770563201687,30.70819111482666,0.7606056073988443,1.0,leptonic_bookkeeping,test
8103,ggH,124.83570765056163,123.94966038564371,1,3,3,146.83166389813528,3.329770563201687,30.70819111482666,0.7606056073988443,1.0,leptonic_bookkeeping,validation
713571,ggH,124.83570765056163,123.94966038564371,1,3,3,146.83166389813528,3.329770563201687,30.70819111482666,0.7606056073988443,1.0,leptonic_bookkeeping,train
700826,ggH,124.83570765056163,123.94966038564371,1,3,3,146.83166389813528,3.329770563201687,30.70819111482666,0.7606056073988443,1.0,leptonic_bookkeeping,test
444132,ggH,124.83570765056163,123.94966038564371,1,3,3,146.83166389813528,3.329770563201687,30.70819111482666,0.7606056073988443,1.0,leptonic_bookkeeping,train
180297,ggH,124.83570765056163,123.94966038564371,1,3,3,146.83166389813528,3.329770563201687,30.70819111482666,0.7606056073988443,1.0,leptonic_bookkeeping,train
783652,ggH,124.83570765056163,123.94966038564371,1,3,3,146.83166389813528,3.329770563201687,30.70819111482666,0.7606056073988443,1.0,leptonic_bookkeeping,train
166202,ggH,124.83570765056163,123.94966038564371,1,3,3,146.83166389813528,3.329770563201687,30.70819111482666,0.7606056073988443,1.0,leptonic_bookkeeping,train
263610,ggH,124.83570765056163,123.94966038564371,1,3,3,146.83166389813528,3.329770563201687,30.70819111482666,0.7606056073988443,1.0,leptonic_bookkeeping,train
292704,ggH,124.83570765056163,123.94966038564371,1,3,3,146.83166389813528,3.329770563201687,30.70819111482666,0.7606056073988443,1.0,leptonic_bookkeeping,train
722854,ggH,124.83570765056163,123.94966038564371,1,3,3,146.83166389813528,3.329770563201687,30.70819111482666,0.7606056073988443,1.0,leptonic_bookkeeping,train
741252,ggH,124.83570765056163,123.94966038564371,1,3,3,146.83166389813528,3.329770563201687,30.70819111482666,0.7606056073988443,1.0,leptonic_bookkeeping,test
695861,ggH,124.83570765056163,123.94966038564371,1,3,3,146.83166389813528,3.329770563201687,30.70819111482666,0.7606056073988443,1.0,leptonic_bookkeeping,train
260349,ggH,124.83570765056163,123.94966038564371,1,3,3,146.83166389813528,3.329770563201687,30.70819111482666,0.7606056073988443,1.0,leptonic_bookkeeping,train
292902,ggH,124.83570765056163,123.94966038564371,1,3,3,146.83166389813528,3.329770563201687,30.70819111482666,0.7606056073988443,1.0,leptonic_bookkeeping,train
877255,ggH,124.83570765056163,123.94966038564371,1,3,3,146.83166389813528,3.329770563201687,30.70819111482666,0.7606056073988443,1.0,leptonic_bookkeeping,train
611063,ggH,124.83570765056163,123.94966038564371,1,3,3,146.83166389813528,3.329770563201687,30.70819111482666,0.7606056073988443,1.0,leptonic_bookkeeping,train
280979,ggH,124.83570765056163,123.94966038564371,1,3,3,146.83166389813528,3.329770563201687,30.70819111482666,0.7606056073988443,1.0,leptonic_bookkeeping,train
427745,ggH,124.83570765056163,123.94966038564371,1,3,3,146.83166389813528,3.329770563201687,30.70819111482666,0.7606056073988443,1.0,leptonic_bookkeeping,train
149173,ggH,124.83570765056163,123.94966038564371,1,3,3,146.83166389813528,3.329770563201687,30.70819111482666,0.7606056073988443,1.0,leptonic_bookkeeping,train
320421,ggH,124.83570765056163,123.94966038564371,1,3,3,146.83166389813528,3.329770563201687,30.70819111482666,0.7606056073988443,1.0,leptonic_bookkeeping,train
363387,ggH,124.83570765056163,123.94966038564371,1,3,3,146.83166389813528,3.329770563201687,30.70819111482666,0.7606056073988443,1.0,leptonic_bookkeeping,train
146187,ggH,124.83570765056163,123.94966038564371,1,3,3,146.83166389813528,3.329770563201687,30.70819111482666,0.7606056073988443,1.0,leptonic_bookkeeping,train
222949,ggH,124.83570765056163,123.94966038564371,1,3,3,146.83166389813528,3.329770563201687,30.70819111482666,0.7606056073988443,1.0,leptonic_bookkeeping,validation
789030,ggH,124.83570765056163,123.94966038564371,1,3,3,146.83166389813528,3.329770563201687,30.70819111482666,0.7606056073988443,1.0,leptonic_bookkeeping,train
504904,ggH,124.83570765056163,123.94966038564371,1,3,3,146.83166389813528,3.329770563201687,30.70819111482666,0.7606056073988443,1.0,leptonic_bookkeeping,test
33717,ggH,124.83570765056163,123.94966038564371,1,3,3,146.83166389813528,3.329770563201687,30.70819111482666,0.7606056073988443,1.0,leptonic_bookkeeping,train
862627,ggH,124.83570765056163,123.94966038564371,1,3,3,146.83166389813528,3.329770563201687,30.70819111482666,0.7606056073988443,1.0,leptonic_bookkeeping,validation
330584,ggH,124.83570765056163,123.94966038564371,1,3,3,146.83166389813528,3.329770563201687,30.70819111482666,0.7606056073988443,1.0,leptonic_bookkeeping,train
408674,ggH,124.83570765056163,123.94966038564371,1,3,3,146.83166389813528,3.329770563201687,30.70819111482666,0.7606056073988443,1.0,leptonic_bookkeeping,validation
649210,ggH,124.83570765056163,123.94966038564371,1,3,3,146.83166389813528,3.329770563201687,30.70819111482666,0.7606056073988443,1.0,leptonic_bookkeeping,test
616793,ggH,124.83570765056163,123.94966038564371,1,3,3,146.83166389813528,3.329770563201687,30.70819111482666,0.7606056073988443,1.0,leptonic_bookkeeping,test
658835,ggH,124.83570765056163,123.94966038564371,1,3,3,146.83166389813528,3.329770563201687,30.70819111482666,0.7606056073988443,1.0,leptonic_bookkeeping,test
985105,ggH,124.83570765056163,123.94966038564371,1,3,3,146.83166389813528,3.329770563201687,30.70819111482666,0.7606056073988443,1.0,leptonic_bookkeeping,train
741276,ggH,124.83570765056163,123.94966038564371,1,3,3,146.83166389813528,3.329770563201687,30.70819111482666,0.7606056073988443,1.0,leptonic_bookkeeping,test
496584,ggH,124.83570765056163,123.94966038564371,1,3,3,146.83166389813528,3.329770563201687,30.70819111482666,0.7606056073988443,1.0,leptonic_bookkeeping,train
622948,ggH,124.83570765056163,123.94966038564371,1,3,3,146.83166389813528,3.329770563201687,30.70819111482666,0.7606056073988443,1.0,leptonic_bookkeeping,train
188775,ggH,124.83570765056163,123.94966038564371,1,3,3,146.83166389813528,3.329770563201687,30.70819111482666,0.7606056073988443,1.0,leptonic_bookkeeping,train
293439,ggH,124.83570765056163,123.94966038564371,1,3,3,146.83166389813528,3.329770563201687,30.70819111482666,0.7606056073988443,1.0,leptonic_bookkeeping,train
981556,ggH,124.83570765056163,123.94966038564371,1,3,3,146.83166389813528,3.329770563201687,30.70819111482666,0.7606056073988443,1.0,leptonic_bookkeeping,train
526102,ggH,124.83570765056163,123.94966038564371,1,3,3,146.83166389813528,3.329770563201687,30.70819111482666,0.7606056073988443,1.0,leptonic_bookkeeping,train
384806,ggH,124.83570765056163,123.94966038564371,1,3,3,146.83166389813528,3.329770563201687,30.70819111482666,0.7606056073988443,1.0,leptonic_bookkeeping,train
765566,ggH,124.83570765056163,123.94966038564371,1,3,3,146.83166389813528,3.329770563201687,30.70819111482666,0.7606056073988443,1.0,leptonic_bookkeeping,train
761641,ggH,124.83570765056163,123.94966038564371,1,3,3,146.83166389813528,3.329770563201687,30.70819111482666,0.7606056073988443,1.0,leptonic_bookkeeping,test
886961,ggH,124.83570765056163,123.94966038564371,1,3,3,146.83166389813528,3.329770563201687,30.70819111482666,0.7606056073988443,1.0,leptonic_bookkeeping,train
63684,ggH,124.83570765056163,123.94966038564371,1,3,3,146.83166389813528,3.329770563201687,30.70819111482666,0.7606056073988443,1.0,leptonic_bookkeeping,train
323472,ggH,124.83570765056163,123.94966038564371,1,3,3,146.83166389813528,3.329770563201687,30.70819111482666,0.7606056073988443,1.0,leptonic_bookkeeping,train
194691,ggH,124.83570765056163,123.94966038564371,1,3,3,146.83166389813528,3.329770563201687,30.70819111482666,0.7606056073988443,1.0,leptonic_bookkeeping,test
950421,ggH,124.83570765056163,123.94966038564371,1,3,3,146.83166389813528,3.329770563201687,30.70819111482666,0.7606056073988443,1.0,leptonic_bookkeeping,train
764731,ggH,124.83570765056163,123.94966038564371,1,3,3,146.83166389813528,3.329770563201687,30.70819111482666,0.7606056073988443,1.0,leptonic_bookkeeping,train
291710,ggH,124.83570765056163,123.94966038564371,1,3,3,146.83166389813528,3.329770563201687,30.70819111482666,0.7606056073988443,1.0,leptonic_bookkeeping,train
398774,ggH,124.83570765056163,123.94966038564371,1,3,3,146.83166389813528,3.329770563201687,30.70819111482666,0.7606056073988443,1.0,leptonic_bookkeeping,validation
384818,ggH,124.83570765056163,123.94966038564371,1,3,3,146.83166389813528,3.329770563201687,30.70819111482666,0.7606056073988443,1.0,leptonic_bookkeeping,train
112375,ggH,124.83570765056163,123.94966038564371,1,3,3,146.83166389813528,3.329770563201687,30.70819111482666,0.7606056073988443,1.0,leptonic_bookkeeping,test
54210,ggH,124.83570765056163,123.94966038564371,1,3,3,146.83166389813528,3.329770563201687,30.70819111482666,0.7606056073988443,1.0,leptonic_bookkeeping,train
483113,ggH,124.83570765056163,123.94966038564371,1,3,3,146.83166389813528,3.329770563201687,30.70819111482666,0.7606056073988443,1.0,leptonic_bookkeeping,test
817100,ggH,124.83570765056163,123.94966038564371,1,3,3,146.83166389813528,3.329770563201687,30.70819111482666,0.7606056073988443,1.0,leptonic_bookkeeping,train
576777,ggH,124.83570765056163,123.94966038564371,1,3,3,146.83166389813528,3.329770563201687,30.70819111482666,0.7606056073988443,1.0,leptonic_bookkeeping,test
618848,ggH,124.83570765056163,123.94966038564371,1,3,3,146.83166389813528,3.329770563201687,30.70819111482666,0.7606056073988443,1.0,leptonic_bookkeeping,train
522269,ggH,124.83570765056163,123.94966038564371,1,3,3,146.83166389813528,3.329770563201687,30.70819111482666,0.7606056073988443,1.0,leptonic_bookkeeping,validation
865314,ggH,124.83570765056163,123.94966038564371,1,3,3,146.83166389813528,3.329770563201687,30.70819111482666,0.7606056073988443,1.0,leptonic_bookkeeping,test
573015,ggH,124.83570765056163,123.94966038564371,1,3,3,146.83166389813528,3.329770563201687,30.70819111482666,0.7606056073988443,1.0,leptonic_bookkeeping,train
867488,ggH,124.83570765056163,123.94966038564371,1,3,3,146.83166389813528,3.329770563201687,30.70819111482666,0.7606056073988443,1.0,leptonic_bookkeeping,train
641101,ggH,124.83570765056163,123.94966038564371,1,3,3,146.83166389813528,3.329770563201687,30.70819111482666,0.7606056073988443,1.0,leptonic_bookkeeping,train
129627,ggH,124.83570765056163,123.94966038564371,1,3,3,146.83166389813528,3.329770563201687,30.70819111482666,0.7606056073988443,1.0,leptonic_bookkeeping,train
52328,ggH,124.83570765056163,123.94966038564371,1,3,3,146.83166389813528,3.329770563201687,30.70819111482666,0.7606056073988443,1.0,leptonic_bookkeeping,train
937622,ggH,124.83570765056163,123.94966038564371,1,3,3,146.83166389813528,3.329770563201687,30.70819111482666,0.7606056073988443,1.0,leptonic_bookkeeping,test
561935,ggH,124.83570765056163,123.94966038564371,1,3,3,146.83166389813528,3.329770563201687,30.70819111482666,0.7606056073988443,1.0,leptonic_bookkeeping,train
584952,ggH,124.83570765056163,123.94966038564371,1,3,3,146.83166389813528,3.329770563201687,30.70819111482666,0.7606056073988443,1.0,leptonic_bookkeeping,validation
376128,ggH,124.83570765056163,123.94966038564371,1,3,3,146.83166389813528,3.329770563201687,30.70819111482666,0.7606056073988443,1.0,leptonic_bookkeeping,train
76334,ggH,124.83570765056163,123.94966038564371,1,3,3,146.83166389813528,3.329770563201687,30.70819111482666,0.7606056073988443,1.0,leptonic_bookkeeping,train
199143,ggH,124.83570765056163,123.94966038564371,1,3,3,146.83166389813528,3.329770563201687,30.70819111482666,0.7606056073988443,1.0,leptonic_bookkeeping,train
124072,ggH,124.83570765056163,123.94966038564371,1,3,3,146.83166389813528,3.329770563201687,30.70819111482666,0.7606056073988443,1.0,leptonic_bookkeeping,train
752010,ggH,124.83570765056163,123.94966038564371,1,3,3,146.83166389813528,3.329770563201687,30.70819111482666,0.7606056073988443,1.0,leptonic_bookkeeping,test
871887,ggH,124.83570765056163,123.94966038564371,1,3,3,146.83166389813528,3.329770563201687,30.70819111482666,0.7606056073988443,1.0,leptonic_bookkeeping,train
863073,ggH,124.83570765056163,123.94966038564371,1,3,3,146.83166389813528,3.329770563201687,30.70819111482666,0.7606056073988443,1.0,leptonic_bookkeeping,validation
119096,ggH,124.83570765056163,123.94966038564371,1,3,3,146.83166389813528,3.329770563201687,30.70819111482666,0.7606056073988443,1.0,leptonic_bookkeeping,train
424422,ggH,124.83570765056163,123.94966038564371,1,3,3,146.83166389813528,3.329770563201687,30.70819111482666,0.7606056073988443,1.0,leptonic_bookkeeping,train
140929,ggH,124.83570765056163,123.94966038564371,1,3,3,146.83166389813528,3.329770563201687,30.70819111482666,0.7606056073988443,1.0,leptonic_bookkeeping,validation
994448,ggH,124.83570765056163,123.94966038564371,1,3,3,146.83166389813528,3.329770563201687,30.70819111482666,0.7606056073988443,1.0,leptonic_bookkeeping,train
270347,ggH,124.83570765056163,123.94966038564371,1,3,3,146.83166389813528,3.329770563201687,30.70819111482666,0.7606056073988443,1.0,leptonic_bookkeeping,train
690826,ggH,124.83570765056163,123.94966038564371,1,3,3,146.83166389813528,3.329770563201687,30.70819111482666,0.7606056073988443,1.0,leptonic_bookkeeping,train
818677,ggH,124.83570765056163,123.94966038564371,1,3,3,146.83166389813528,3.329770563201687,30.70819111482666,0.7606056073988443,1.0,leptonic_bookkeeping,train
715436,ggH,124.83570765056163,123.94966038564371,1,3,3,146.83166389813528,3.329770563201687,30.70819111482666,0.7606056073988443,1.0,leptonic_bookkeeping,train
469803,ggH,124.83570765056163,123.94966038564371,1,3,3,146.83166389813528,3.329770563201687,30.70819111482666,0.7606056073988443,1.0,leptonic_bookkeeping,train
921019,ggH,124.83570765056163,123.94966038564371,1,3,3,146.83166389813528,3.329770563201687,30.70819111482666,0.7606056073988443,1.0,leptonic_bookkeeping,train
666384,ggH,124.83570765056163,123.94966038564371,1,3,3,146.83166389813528,3.329770563201687,30.70819111482666,0.7606056073988443,1.0,leptonic_bookkeeping,validation
713396,ggH,124.83570765056163,123.94966038564371,1,3,3,146.83166389813528,3.329770563201687,30.70819111482666,0.7606056073988443,1.0,leptonic_bookkeeping,train
311782,ggH,124.83570765056163,123.94966038564371,1,3,3,146.83166389813528,3.329770563201687,30.70819111482666,0.7606056073988443,1.0,leptonic_bookkeeping,train
589651,ggH,124.83570765056163,123.94966038564371,1,3,3,146.83166389813528,3.329770563201687,30.70819111482666,0.7606056073988443,1.0,leptonic_bookkeeping,train
562536,ggH,124.83570765056163,123.94966038564371,1,3,3,146.83166389813528,3.329770563201687,30.70819111482666,0.7606056073988443,1.0,leptonic_bookkeeping,train
53456,ggH,124.83570765056163,123.94966038564371,1,3,3,146.83166389813528,3.329770563201687,30.70819111482666,0.7606056073988443,1.0,leptonic_bookkeeping,train
467648,ggH,124.83570765056163,123.94966038564371,1,3,3,146.83166389813528,3.329770563201687,30.70819111482666,0.7606056073988443,1.0,leptonic_bookkeeping,train
480456,ggH,124.83570765056163,123.94966038564371,1,3,3,146.83166389813528,3.329770563201687,30.70819111482666,0.7606056073988443,1.0,leptonic_bookkeeping,validation
689942,ggH,124.83570765056163,123.94966038564371,1,3,3,146.83166389813528,3.329770563201687,30.70819111482666,0.7606056073988443,1.0,leptonic_bookkeeping,test
387195,ggH,124.83570765056163,123.94966038564371,1,3,3,146.83166389813528,3.329770563201687,30.70819111482666,0.7606056073988443,1.0,leptonic_bookkeeping,train
780746,ggH,124.83570765056163,123.94966038564371,1,3,3,146.83166389813528,3.329770563201687,30.70819111482666,0.7606056073988443,1.0,leptonic_bookkeeping,validation
31837,ggH,124.83570765056163,123.94966038564371,1,3,3,146.83166389813528,3.329770563201687,30.70819111482666,0.7606056073988443,1.0,leptonic_bookkeeping,train
557035,ggH,124.83570765056163,123.94966038564371,1,3,3,146.83166389813528,3.329770563201687,30.70819111482666,0.7606056073988443,1.0,leptonic_bookkeeping,train
834450,ggH,124.83570765056163,123.94966038564371,1,3,3,146.83166389813528,3.329770563201687,30.70819111482666,0.7606056073988443,1.0,leptonic_bookkeeping,test
467142,ggH,124.83570765056163,123.94966038564371,1,3,3,146.83166389813528,3.329770563201687,30.70819111482666,0.7606056073988443,1.0,leptonic_bookkeeping,train
62542,ggH,124.83570765056163,123.94966038564371,1,3,3,146.83166389813528,3.329770563201687,30.70819111482666,0.7606056073988443,1.0,leptonic_bookkeeping,train
221313,ggH,124.83570765056163,123.94966038564371,1,3,3,146.83166389813528,3.329770563201687,30.70819111482666,0.7606056073988443,1.0,leptonic_bookkeeping,train
369205,ggH,124.83570765056163,123.94966038564371,1,3,3,146.83166389813528,3.329770563201687,30.70819111482666,0.7606056073988443,1.0,leptonic_bookkeeping,test
328408,ggH,124.83570765056163,123.94966038564371,1,3,3,146.83166389813528,3.329770563201687,30.70819111482666,0.7606056073988443,1.0,leptonic_bookkeeping,test
952143,ggH,124.83570765056163,123.94966038564371,1,3,3,146.83166389813528,3.329770563201687,30.70819111482666,0.7606056073988443,1.0,leptonic_bookkeeping,train
712924,ggH,124.83570765056163,123.94966038564371,1,3,3,146.83166389813528,3.329770563201687,30.70819111482666,0.7606056073988443,1.0,leptonic_bookkeeping,train
698031,ggH,124.83570765056163,123.94966038564371,1,3,3,146.83166389813528,3.329770563201687,30.70819111482666,0.7606056073988443,1.0,leptonic_bookkeeping,validation
91772,ggH,124.83570765056163,123.94966038564371,1,3,3,146.83166389813528,3.329770563201687,30.70819111482666,0.7606056073988443,1.0,leptonic_bookkeeping,test
569705,ggH,124.83570765056163,123.94966038564371,1,3,3,146.83166389813528,3.329770563201687,30.70819111482666,0.7606056073988443,1.0,leptonic_bookkeeping,train
832943,ggH,124.83570765056163,123.94966038564371,1,3,3,146.83166389813528,3.329770563201687,30.70819111482666,0.7606056073988443,1.0,leptonic_bookkeeping,validation
550078,ggH,124.83570765056163,123.94966038564371,1,3,3,146.83166389813528,3.329770563201687,30.70819111482666,0.7606056073988443,1.0,leptonic_bookkeeping,train
624246,ggH,124.83570765056163,123.94966038564371,1,3,3,146.83166389813528,3.329770563201687,30.70819111482666,0.7606056073988443,1.0,leptonic_bookkeeping,train
462182,ggH,124.83570765056163,123.94966038564371,1,3,3,146.83166389813528,3.329770563201687,30.70819111482666,0.7606056073988443,1.0,leptonic_bookkeeping,test
556391,ggH,124.83570765056163,123.94966038564371,1,3,3,146.83166389813528,3.329770563201687,30.70819111482666,0.7606056073988443,1.0,leptonic_bookkeeping,test
882652,ggH,124.83570765056163,123.94966038564371,1,3,3,146.83166389813528,3.329770563201687,30.70819111482666,0.7606056073988443,1.0,leptonic_bookkeeping,validation
886847,ggH,124.83570765056163,123.94966038564371,1,3,3,146.83166389813528,3.329770563201687,30.70819111482666,0.7606056073988443,1.0,leptonic_bookkeeping,train
10501,ggH,124.83570765056163,123.94966038564371,1,3,3,146.83166389813528,3.329770563201687,30.70819111482666,0.7606056073988443,1.0,leptonic_bookkeeping,train
979725,ggH,124.83570765056163,123.94966038564371,1,3,3,146.83166389813528,3.329770563201687,30.70819111482666,0.7606056073988443,1.0,leptonic_bookkeeping,train
421039,ggH,124.83570765056163,123.94966038564371,1,3,3,146.83166389813528,3.329770563201687,30.70819111482666,0.7606056073988443,1.0,leptonic_bookkeeping,test
357124,ggH,124.83570765056163,123.94966038564371,1,3,3,146.83166389813528,3.329770563201687,30.70819111482666,0.7606056073988443,1.0,leptonic_bookkeeping,validation
769923,ggH,124.83570765056163,123.94966038564371,1,3,3,146.83166389813528,3.329770563201687,30.70819111482666,0.7606056073988443,1.0,leptonic_bookkeeping,validation
123063,ggH,124.83570765056163,123.94966038564371,1,3,3,146.83166389813528,3.329770563201687,30.70819111482666,0.7606056073988443,1.0,leptonic_bookkeeping,test
591742,ggH,124.83570765056163,123.94966038564371,1,3,3,146.83166389813528,3.329770563201687,30.70819111482666,0.7606056073988443,1.0,leptonic_bookkeeping,train
44094,ggH,124.83570765056163,123.94966038564371,1,3,3,146.83166389813528,3.329770563201687,30.70819111482666,0.7606056073988443,1.0,leptonic_bookkeeping,train
31051,ggH,124.83570765056163,123.94966038564371,1,3,3,146.83166389813528,3.329770563201687,30.70819111482666,0.7606056073988443,1.0,leptonic_bookkeeping,train
170369,ggH,124.83570765056163,123.94966038564371,1,3,3,146.83166389813528,3.329770563201687,30.70819111482666,0.7606056073988443,1.0,leptonic_bookkeeping,train
838445,ggH,124.83570765056163,123.94966038564371,1,3,3,146.83166389813528,3.329770563201687,30.70819111482666,0.7606056073988443,1.0,leptonic_bookkeeping,train
66912,ggH,124.83570765056163,123.94966038564371,1,3,3,146.83166389813528,3.329770563201687,30.70819111482666,0.7606056073988443,1.0,leptonic_bookkeeping,train
667630,ggH,124.83570765056163,123.94966038564371,1,3,3,146.83166389813528,3.329770563201687,30.70819111482666,0.7606056073988443,1.0,leptonic_bookkeeping,validation
501050,ggH,124.83570765056163,123.94966038564371,1,3,3,146.83166389813528,3.329770563201687,30.70819111482666,0.7606056073988443,1.0,leptonic_bookkeeping,validation
669649,ggH,124.83570765056163,123.94966038564371,1,3,3,146.83166389813528,3.329770563201687,30.70819111482666,0.7606056073988443,1.0,leptonic_bookkeeping,test
485233,ggH,124.83570765056163,123.94966038564371,1,3,3,146.83166389813528,3.329770563201687,30.70819111482666,0.7606056073988443,1.0,leptonic_bookkeeping,train
13284,ggH,124.83570765056163,123.94966038564371,1,3,3,146.83166389813528,3.329770563201687,30.70819111482666,0.7606056073988443,1.0,leptonic_bookkeeping,train
836340,ggH,124.83570765056163,123.94966038564371,1,3,3,146.83166389813528,3.329770563201687,30.70819111482666,0.7606056073988443,1.0,leptonic_bookkeeping,train
352395,ggH,124.83570765056163,123.94966038564371,1,3,3,146.83166389813528,3.329770563201687,30.70819111482666,0.7606056073988443,1.0,leptonic_bookkeeping,train
634727,ggH,124.83570765056163,123.94966038564371,1,3,3,146.83166389813528,3.329770563201687,30.70819111482666,0.7606056073988443,1.0,leptonic_bookkeeping,train
785988,ggH,124.83570765056163,123.94966038564371,1,3,3,146.83166389813528,3.329770563201687,30.70819111482666,0.7606056073988443,1.0,leptonic_bookkeeping,train
950766,ggH,124.83570765056163,123.94966038564371,1,3,3,146.83166389813528,3.329770563201687,30.70819111482666,0.7606056073988443,1.0,leptonic_bookkeeping,train
581293,ggH,124.83570765056163,123.94966038564371,1,3,3,146.83166389813528,3.329770563201687,30.70819111482666,0.7606056073988443,1.0,leptonic_bookkeeping,train
443281,ggH,124.83570765056163,123.94966038564371,1,3,3,146.83166389813528,3.329770563201687,30.70819111482666,0.7606056073988443,1.0,leptonic_bookkeeping,test
715907,ggH,124.83570765056163,123.94966038564371,1,3,3,146.83166389813528,3.329770563201687,30.70819111482666,0.7606056073988443,1.0,leptonic_bookkeeping,train
565657,ggH,124.83570765056163,123.94966038564371,1,3,3,146.83166389813528,3.329770563201687,30.70819111482666,0.7606056073988443,1.0,leptonic_bookkeeping,test
20893,ggH,124.83570765056163,123.94966038564371,1,3,3,146.83166389813528,3.329770563201687,30.70819111482666,0.7606056073988443,1.0,leptonic_bookkeeping,train
382553,ggH,124.83570765056163,123.94966038564371,1,3,3,146.83166389813528,3.329770563201687,30.70819111482666,0.7606056073988443,1.0,leptonic_bookkeeping,train
411313,ggH,124.83570765056163,123.94966038564371,1,3,3,146.83166389813528,3.329770563201687,30.70819111482666,0.7606056073988443,1.0,leptonic_bookkeeping,test
220485,ggH,124.83570765056163,123.94966038564371,1,3,3,146.83166389813528,3.329770563201687,30.70819111482666,0.7606056073988443,1.0,leptonic_bookkeeping,train
545466,ggH,124.83570765056163,123.94966038564371,1,3,3,146.83166389813528,3.329770563201687,30.70819111482666,0.7606056073988443,1.0,leptonic_bookkeeping,test
10405,ggH,124.83570765056163,123.94966038564371,1,3,3,146.83166389813528,3.329770563201687,30.70819111482666,0.7606056073988443,1.0,leptonic_bookkeeping,train
291733,ggH,124.83570765056163,123.94966038564371,1,3,3,146.83166389813528,3.329770563201687,30.70819111482666,0.7606056073988443,1.0,leptonic_bookkeeping,train
690152,ggH,124.83570765056163,123.94966038564371,1,3,3,146.83166389813528,3.329770563201687,30.70819111482666,0.7606056073988443,1.0,leptonic_bookkeeping,test
709776,ggH,124.83570765056163,123.94966038564371,1,3,3,146.83166389813528,3.329770563201687,30.70819111482666,0.7606056073988443,1.0,leptonic_bookkeeping,test
637037,ggH,124.83570765056163,123.94966038564371,1,3,3,146.83166389813528,3.329770563201687,30.70819111482666,0.7606056073988443,1.0,leptonic_bookkeeping,validation
329863,ggH,124.83570765056163,123.94966038564371,1,3,3,146.83166389813528,3.329770563201687,30.70819111482666,0.7606056073988443,1.0,leptonic_bookkeeping,test
425184,ggH,124.83570765056163,123.94966038564371,1,3,3,146.83166389813528,3.329770563201687,30.70819111482666,0.7606056073988443,1.0,leptonic_bookkeeping,train
552783,ggH,124.83570765056163,123.94966038564371,1,3,3,146.83166389813528,3.329770563201687,30.70819111482666,0.7606056073988443,1.0,leptonic_bookkeeping,validation
954668,ggH,124.83570765056163,123.94966038564371,1,3,3,146.83166389813528,3.329770563201687,30.70819111482666,0.7606056073988443,1.0,leptonic_bookkeeping,validation
315425,ggH,124.83570765056163,123.94966038564371,1,3,3,146.83166389813528,3.329770563201687,30.70819111482666,0.7606056073988443,1.0,leptonic_bookkeeping,train
490422,ggH,124.83570765056163,123.94966038564371,1,3,3,146.83166389813528,3.329770563201687,30.70819111482666,0.7606056073988443,1.0,leptonic_bookkeeping,train
382160,ggH,124.83570765056163,123.94966038564371,1,3,3,146.83166389813528,3.329770563201687,30.70819111482666,0.7606056073988443,1.0,leptonic_bookkeeping,train
434393,ggH,124.83570765056163,123.94966038564371,1,3,3,146.83166389813528,3.329770563201687,30.70819111482666,0.7606056073988443,1.0,leptonic_bookkeeping,train
53384,ggH,124.83570765056163,123.94966038564371,1,3,3,146.83166389813528,3.329770563201687,30.70819111482666,0.7606056073988443,1.0,leptonic_bookkeeping,train
18052,ggH,124.83570765056163,123.94966038564371,1,3,3,146.83166389813528,3.329770563201687,30.70819111482666,0.7606056073988443,1.0,leptonic_bookkeeping,validation
846802,ggH,124.83570765056163,123.94966038564371,1,3,3,146.83166389813528,3.329770563201687,30.70819111482666,0.7606056073988443,1.0,leptonic_bookkeeping,train
393765,ggH,124.83570765056163,123.94966038564371,1,3,3,146.83166389813528,3.329770563201687,30.70819111482666,0.7606056073988443,1.0,leptonic_bookkeeping,train
865108,ggH,124.83570765056163,123.94966038564371,1,3,3,146.83166389813528,3.329770563201687,30.70819111482666,0.7606056073988443,1.0,leptonic_bookkeeping,test
92413,ggH,124.83570765056163,123.94966038564371,1,3,3,146.83166389813528,3.329770563201687,30.70819111482666,0.7606056073988443,1.0,leptonic_bookkeeping,test
399848,ggH,124.83570765056163,123.94966038564371,1,3,3,146.83166389813528,3.329770563201687,30.70819111482666,0.7606056073988443,1.0,leptonic_bookkeeping,validation
127288,ggH,124.83570765056163,123.94966038564371,1,3,3,146.83166389813528,3.329770563201687,30.70819111482666,0.7606056073988443,1.0,leptonic_bookkeeping,train
183091,ggH,124.83570765056163,123.94966038564371,1,3,3,146.83166389813528,3.329770563201687,30.70819111482666,0.7606056073988443,1.0,leptonic_bookkeeping,validation
968006,ggH,124.83570765056163,123.94966038564371,1,3,3,146.83166389813528,3.329770563201687,30.70819111482666,0.7606056073988443,1.0,leptonic_bookkeeping,test
664698,ggH,124.83570765056163,123.94966038564371,1,3,3,146.83166389813528,3.329770563201687,30.70819111482666,0.7606056073988443,1.0,leptonic_bookkeeping,train
260000,ggH,124.83570765056163,123.94966038564371,1,3,3,146.83166389813528,3.329770563201687,30.70819111482666,0.7606056073988443,1.0,leptonic_bookkeeping,train
735252,ggH,124.83570765056163,123.94966038564371,1,3,3,146.83166389813528,3.329770563201687,30.70819111482666,0.7606056073988443,1.0,leptonic_bookkeeping,train
911960,ggH,124.83570765056163,123.94966038564371,1,3,3,146.83166389813528,3.329770563201687,30.70819111482666,0.7606056073988443,1.0,leptonic_bookkeeping,train
754120,ggH,124.83570765056163,123.94966038564371,1,3,3,146.83166389813528,3.329770563201687,30.70819111482666,0.7606056073988443,1.0,leptonic_bookkeeping,train
620560,ggH,124.83570765056163,123.94966038564371,1,3,3,146.83166389813528,3.329770563201687,30.70819111482666,0.7606056073988443,1.0,leptonic_bookkeeping,train
909831,ggH,124.83570765056163,123.94966038564371,1,3,3,146.83166389813528,3.329770563201687,30.70819111482666,0.7606056073988443,1.0,leptonic_bookkeeping,train
365667,ggH,124.83570765056163,123.94966038564371,1,3,3,146.83166389813528,3.329770563201687,30.70819111482666,0.7606056073988443,1.0,leptonic_bookkeeping,train
36107,ggH,124.83570765056163,123.94966038564371,1,3,3,146.83166389813528,3.329770563201687,30.70819111482666,0.7606056073988443,1.0,leptonic_bookkeeping,train
30746,ggH,124.83570765056163,123.94966038564371,1,3,3,146.83166389813528,3.329770563201687,30.70819111482666,0.7606056073988443,1.0,leptonic_bookkeeping,test
172814,ggH,124.83570765056163,123.94966038564371,1,3,3,146.83166389813528,3.329770563201687,30.70819111482666,0.7606056073988443,1.0,leptonic_bookkeeping,validation
142052,ggH,124.83570765056163,123.94966038564371,1,3,3,146.83166389813528,3.329770563201687,30.70819111482666,0.7606056073988443,1.0,leptonic_bookkeeping,validation
945053,ggH,124.83570765056163,123.94966038564371,1,3,3,146.83166389813528,3.329770563201687,30.70819111482666,0.7606056073988443,1.0,leptonic_bookkeeping,validation
157942,ggH,124.83570765056163,123.94966038564371,1,3,3,146.83166389813528,3.329770563201687,30.70819111482666,0.7606056073988443,1.0,leptonic_bookkeeping,train
560108,ggH,124.83570765056163,123.94966038564371,1,3,3,146.83166389813528,3.329770563201687,30.70819111482666,0.7606056073988443,1.0,leptonic_bookkeeping,train
650034,ggH,124.83570765056163,123.94966038564371,1,3,3,146.83166389813528,3.329770563201687,30.70819111482666,0.7606056073988443,1.0,leptonic_bookkeeping,train
172416,ggH,124.83570765056163,123.94966038564371,1,3,3,146.83166389813528,3.329770563201687,30.70819111482666,0.7606056073988443,1.0,leptonic_bookkeeping,validation
514810,ggH,124.83570765056163,123.94966038564371,1,3,3,146.83166389813528,3.329770563201687,30.70819111482666,0.7606056073988443,1.0,leptonic_bookkeeping,test
116219,ggH,124.83570765056163,123.94966038564371,1,3,3,146.83166389813528,3.329770563201687,30.70819111482666,0.7606056073988443,1.0,leptonic_bookkeeping,train
672544,ggH,124.83570765056163,123.94966038564371,1,3,3,146.83166389813528,3.329770563201687,30.70819111482666,0.7606056073988443,1.0,leptonic_bookkeeping,train
861262,ggH,124.83570765056163,123.94966038564371,1,3,3,146.83166389813528,3.329770563201687,30.70819111482666,0.7606056073988443,1.0,leptonic_bookkeeping,train
967837,ggH,124.83570765056163,123.94966038564371,1,3,3,146.83166389813528,3.329770563201687,30.70819111482666,0.7606056073988443,1.0,leptonic_bookkeeping,test
210807,ggH,124.83570765056163,123.94966038564371,1,3,3,146.83166389813528,3.329770563201687,30.70819111482666,0.7606056073988443,1.0,leptonic_bookkeeping,train
954550,ggH,124.83570765056163,123.94966038564371,1,3,3,146.83166389813528,3.329770563201687,30.70819111482666,0.7606056073988443,1.0,leptonic_bookkeeping,train
87462,ggH,124.83570765056163,123.94966038564371,1,3,3,146.83166389813528,3.329770563201687,30.70819111482666,0.7606056073988443,1.0,leptonic_bookkeeping,train
93422,ggH,124.83570765056163,123.94966038564371,1,3,3,146.83166389813528,3.329770563201687,30.70819111482666,0.7606056073988443,1.0,leptonic_bookkeeping,train
795248,ggH,124.83570765056163,123.94966038564371,1,3,3,146.83166389813528,3.329770563201687,30.70819111482666,0.7606056073988443,1.0,leptonic_bookkeeping,train
639321,ggH,124.83570765056163,123.94966038564371,1,3,3,146.83166389813528,3.329770563201687,30.70819111482666,0.7606056073988443,1.0,leptonic_bookkeeping,train
646348,ggH,124.83570765056163,123.94966038564371,1,3,3,146.83166389813528,3.329770563201687,30.70819111482666,0.7606056073988443,1.0,leptonic_bookkeeping,validation
77293,ggH,124.83570765056163,123.94966038564371,1,3,3,146.83166389813528,3.329770563201687,30.70819111482666,0.7606056073988443,1.0,leptonic_bookkeeping,train
808394,ggH,124.83570765056163,123.94966038564371,1,3,3,146.83166389813528,3.329770563201687,30.70819111482666,0.7606056073988443,1.0,leptonic_bookkeeping,train
474493,ggH,124.83570765056163,123.94966038564371,1,3,3,146.83166389813528,3.329770563201687,30.70819111482666,0.7606056073988443,1.0,leptonic_bookkeeping,train
65455,ggH,124.83570765056163,123.94966038564371,1,3,3,146.83166389813528,3.329770563201687,30.70819111482666,0.7606056073988443,1.0,leptonic_bookkeeping,train
606252,ggH,124.83570765056163,123.94966038564371,1,3,3,146.83166389813528,3.329770563201687,30.70819111482666,0.7606056073988443,1.0,leptonic_bookkeeping,test
949210,ggH,124.83570765056163,123.94966038564371,1,3,3,146.83166389813528,3.329770563201687,30.70819111482666,0.7606056073988443,1.0,leptonic_bookkeeping,train
884528,ggH,124.83570765056163,123.94966038564371,1,3,3,146.83166389813528,3.329770563201687,30.70819111482666,0.7606056073988443,1.0,leptonic_bookkeeping,validation
451326,ggH,124.83570765056163,123.94966038564371,1,3,3,146.83166389813528,3.329770563201687,30.70819111482666,0.7606056073988443,1.0,leptonic_bookkeeping,validation
221469,ggH,124.83570765056163,123.94966038564371,1,3,3,146.83166389813528,3.329770563201687,30.70819111482666,0.7606056073988443,1.0,leptonic_bookkeeping,train
706664,ggH,124.83570765056163,123.94966038564371,1,3,3,146.83166389813528,3.329770563201687,30.70819111482666,0.7606056073988443,1.0,leptonic_bookkeeping,train
840929,ggH,124.83570765056163,123.94966038564371,1,3,3,146.83166389813528,3.329770563201687,30.70819111482666,0.7606056073988443,1.0,leptonic_bookkeeping,train
721986,ggH,124.83570765056163,123.94966038564371,1,3,3,146.83166389813528,3.329770563201687,30.70819111482666,0.7606056073988443,1.0,leptonic_bookkeeping,train
921991,ggH,124.83570765056163,123.94966038564371,1,3,3,146.83166389813528,3.329770563201687,30.70819111482666,0.7606056073988443,1.0,leptonic_bookkeeping,train
230563,ggH,124.83570765056163,123.94966038564371,1,3,3,146.83166389813528,3.329770563201687,30.70819111482666,0.7606056073988443,1.0,leptonic_bookkeeping,train
145242,ggH,124.83570765056163,123.94966038564371,1,3,3,146.83166389813528,3.329770563201687,30.70819111482666,0.7606056073988443,1.0,leptonic_bookkeeping,train
543874,ggH,124.83570765056163,123.94966038564371,1,3,3,146.83166389813528,3.329770563201687,30.70819111482666,0.7606056073988443,1.0,leptonic_bookkeeping,validation
893501,ggH,124.83570765056163,123.94966038564371,1,3,3,146.83166389813528,3.329770563201687,30.70819111482666,0.7606056073988443,1.0,leptonic_bookkeeping,validation
721863,ggH,124.83570765056163,123.94966038564371,1,3,3,146.83166389813528,3.329770563201687,30.70819111482666,0.7606056073988443,1.0,leptonic_bookkeeping,train
739875,ggH,124.83570765056163,123.94966038564371,1,3,3,146.83166389813528,3.329770563201687,30.70819111482666,0.7606056073988443,1.0,leptonic_bookkeeping,validation
664576,ggH,124.83570765056163,123.94966038564371,1,3,3,146.83166389813528,3.329770563201687,30.70819111482666,0.7606056073988443,1.0,leptonic_bookkeeping,train
630550,ggH,124.83570765056163,123.94966038564371,1,3,3,146.83166389813528,3.329770563201687,30.70819111482666,0.7606056073988443,1.0,leptonic_bookkeeping,train
606353,ggH,124.83570765056163,123.94966038564371,1,3,3,146.83166389813528,3.329770563201687,30.70819111482666,0.7606056073988443,1.0,leptonic_bookkeeping,test
272634,ggH,124.83570765056163,123.94966038564371,1,3,3,146.83166389813528,3.329770563201687,30.70819111482666,0.7606056073988443,1.0,leptonic_bookkeeping,train
176623,ggH,124.83570765056163,123.94966038564371,1,3,3,146.83166389813528,3.329770563201687,30.70819111482666,0.7606056073988443,1.0,leptonic_bookkeeping,train
286394,ggH,124.83570765056163,123.94966038564371,1,3,3,146.83166389813528,3.329770563201687,30.70819111482666,0.7606056073988443,1.0,leptonic_bookkeeping,validation
198643,ggH,124.83570765056163,123.94966038564371,1,3,3,146.83166389813528,3.329770563201687,30.70819111482666,0.7606056073988443,1.0,leptonic_bookkeeping,train
819146,ggH,124.83570765056163,123.94966038564371,1,3,3,146.83166389813528,3.329770563201687,30.70819111482666,0.7606056073988443,1.0,leptonic_bookkeeping,train
363057,ggH,124.83570765056163,123.94966038564371,1,3,3,146.83166389813528,3.329770563201687,30.70819111482666,0.7606056073988443,1.0,leptonic_bookkeeping,train
869163,ggH,124.83570765056163,123.94966038564371,1,3,3,146.83166389813528,3.329770563201687,30.70819111482666,0.7606056073988443,1.0,leptonic_bookkeeping,train
395147,ggH,124.83570765056163,123.94966038564371,1,3,3,146.83166389813528,3.329770563201687,30.70819111482666,0.7606056073988443,1.0,leptonic_bookkeeping,train
868366,ggH,124.83570765056163,123.94966038564371,1,3,3,146.83166389813528,3.329770563201687,30.70819111482666,0.7606056073988443,1.0,leptonic_bookkeeping,train
113243,ggH,124.83570765056163,123.94966038564371,1,3,3,146.83166389813528,3.329770563201687,30.70819111482666,0.7606056073988443,1.0,leptonic_bookkeeping,test
115471,ggH,124.83570765056163,123.94966038564371,1,3,3,146.83166389813528,3.329770563201687,30.70819111482666,0.7606056073988443,1.0,leptonic_bookkeeping,train
301277,ggH,124.83570765056163,123.94966038564371,1,3,3,146.83166389813528,3.329770563201687,30.70819111482666,0.7606056073988443,1.0,leptonic_bookkeeping,train
380048,ggH,124.83570765056163,123.94966038564371,1,3,3,146.83166389813528,3.329770563201687,30.70819111482666,0.7606056073988443,1.0,leptonic_bookkeeping,test
464481,ggH,124.83570765056163,123.94966038564371,1,3,3,146.83166389813528,3.329770563201687,30.70819111482666,0.7606056073988443,1.0,leptonic_bookkeeping,train
606647,ggH,124.83570765056163,123.94966038564371,1,3,3,146.83166389813528,3.329770563201687,30.70819111482666,0.7606056073988443,1.0,leptonic_bookkeeping,test
868089,ggH,124.83570765056163,123.94966038564371,1,3,3,146.83166389813528,3.329770563201687,30.70819111482666,0.7606056073988443,1.0,leptonic_bookkeeping,train
738112,ggH,124.83570765056163,123.94966038564371,1,3,3,146.83166389813528,3.329770563201687,30.70819111482666,0.7606056073988443,1.0,leptonic_bookkeeping,train
776636,ggH,124.83570765056163,123.94966038564371,1,3,3,146.83166389813528,3.329770563201687,30.70819111482666,0.7606056073988443,1.0,leptonic_bookkeeping,train
571441,ggH,124.83570765056163,123.94966038564371,1,3,3,146.83166389813528,3.329770563201687,30.70819111482666,0.7606056073988443,1.0,leptonic_bookkeeping,train
199308,ggH,124.83570765056163,123.94966038564371,1,3,3,146.83166389813528,3.329770563201687,30.70819111482666,0.7606056073988443,1.0,leptonic_bookkeeping,train
760776,ggH,124.83570765056163,123.94966038564371,1,3,3,146.83166389813528,3.329770563201687,30.70819111482666,0.7606056073988443,1.0,leptonic_bookkeeping,validation
575006,ggH,124.83570765056163,123.94966038564371,1,3,3,146.83166389813528,3.329770563201687,30.70819111482666,0.7606056073988443,1.0,leptonic_bookkeeping,validation
606692,ggH,124.83570765056163,123.94966038564371,1,3,3,146.83166389813528,3.329770563201687,30.70819111482666,0.7606056073988443,1.0,leptonic_bookkeeping,test
340037,ggH,124.83570765056163,123.94966038564371,1,3,3,146.83166389813528,3.329770563201687,30.70819111482666,0.7606056073988443,1.0,leptonic_bookkeeping,test
328407,ggH,124.83570765056163,123.94966038564371,1,3,3,146.83166389813528,3.329770563201687,30.70819111482666,0.7606056073988443,1.0,leptonic_bookkeeping,test
389316,ggH,124.83570765056163,123.94966038564371,1,3,3,146.83166389813528,3.329770563201687,30.70819111482666,0.7606056073988443,1.0,leptonic_bookkeeping,validation
912743,ggH,124.83570765056163,123.94966038564371,1,3,3,146.83166389813528,3.329770563201687,30.70819111482666,0.7606056073988443,1.0,leptonic_bookkeeping,train
781822,ggH,124.83570765056163,123.94966038564371,1,3,3,146.83166389813528,3.329770563201687,30.70819111482666,0.7606056073988443,1.0,leptonic_bookkeeping,test
82382,ggH,124.83570765056163,123.94966038564371,1,3,3,146.83166389813528,3.329770563201687,30.70819111482666,0.7606056073988443,1.0,leptonic_bookkeeping,test
732160,ggH,124.83570765056163,123.94966038564371,1,3,3,146.83166389813528,3.329770563201687,30.70819111482666,0.7606056073988443,1.0,leptonic_bookkeeping,train
526014,ggH,124.83570765056163,123.94966038564371,1,3,3,146.83166389813528,3.329770563201687,30.70819111482666,0.7606056073988443,1.0,leptonic_bookkeeping,train
947083,ggH,124.83570765056163,123.94966038564371,1,3,3,146.83166389813528,3.329770563201687,30.70819111482666,0.7606056073988443,1.0,leptonic_bookkeeping,test
760895,ggH,124.83570765056163,123.94966038564371,1,3,3,146.83166389813528,3.329770563201687,30.70819111482666,0.7606056073988443,1.0,leptonic_bookkeeping,test
740541,ggH,124.83570765056163,123.94966038564371,1,3,3,146.83166389813528,3.329770563201687,30.70819111482666,0.7606056073988443,1.0,leptonic_bookkeeping,test
228832,ggH,124.83570765056163,123.94966038564371,1,3,3,146.83166389813528,3.329770563201687,30.70819111482666,0.7606056073988443,1.0,leptonic_bookkeeping,train
460938,ggH,124.83570765056163,123.94966038564371,1,3,3,146.83166389813528,3.329770563201687,30.70819111482666,0.7606056073988443,1.0,leptonic_bookkeeping,validation
31931,ggH,124.83570765056163,123.94966038564371,1,3,3,146.83166389813528,3.329770563201687,30.70819111482666,0.7606056073988443,1.0,leptonic_bookkeeping,train
945333,ggH,124.83570765056163,123.94966038564371,1,3,3,146.83166389813528,3.329770563201687,30.70819111482666,0.7606056073988443,1.0,leptonic_bookkeeping,validation
808276,ggH,124.83570765056163,123.94966038564371,1,3,3,146.83166389813528,3.329770563201687,30.70819111482666,0.7606056073988443,1.0,leptonic_bookkeeping,train
144077,ggH,124.83570765056163,123.94966038564371,1,3,3,146.83166389813528,3.329770563201687,30.70819111482666,0.7606056073988443,1.0,leptonic_bookkeeping,test
51737,ggH,124.83570765056163,123.94966038564371,1,3,3,146.83166389813528,3.329770563201687,30.70819111482666,0.7606056073988443,1.0,leptonic_bookkeeping,train
9794,ggH,124.83570765056163,123.94966038564371,1,3,3,146.83166389813528,3.329770563201687,30.70819111482666,0.7606056073988443,1.0,leptonic_bookkeeping,test
526421,ggH,124.83570765056163,123.94966038564371,1,3,3,146.83166389813528,3.329770563201687,30.70819111482666,0.7606056073988443,1.0,leptonic_bookkeeping,train
302941,ggH,124.83570765056163,123.94966038564371,1,3,3,146.83166389813528,3.329770563201687,30.70819111482666,0.7606056073988443,1.0,leptonic_bookkeeping,train
429472,ggH,124.83570765056163,123.94966038564371,1,3,3,146.83166389813528,3.329770563201687,30.70819111482666,0.7606056073988443,1.0,leptonic_bookkeeping,validation
383849,ggH,124.83570765056163,123.94966038564371,1,3,3,146.83166389813528,3.329770563201687,30.70819111482666,0.7606056073988443,1.0,leptonic_bookkeeping,train
253996,ggH,124.83570765056163,123.94966038564371,1,3,3,146.83166389813528,3.329770563201687,30.70819111482666,0.7606056073988443,1.0,leptonic_bookkeeping,validation
22226,ggH,124.83570765056163,123.94966038564371,1,3,3,146.83166389813528,3.329770563201687,30.70819111482666,0.7606056073988443,1.0,leptonic_bookkeeping,train
984487,ggH,124.83570765056163,123.94966038564371,1,3,3,146.83166389813528,3.329770563201687,30.70819111482666,0.7606056073988443,1.0,leptonic_bookkeeping,train
161438,ggH,124.83570765056163,123.94966038564371,1,3,3,146.83166389813528,3.329770563201687,30.70819111482666,0.7606056073988443,1.0,leptonic_bookkeeping,validation
294536,ggH,124.83570765056163,123.94966038564371,1,3,3,146.83166389813528,3.329770563201687,30.70819111482666,0.7606056073988443,1.0,leptonic_bookkeeping,train
791421,ggH,124.83570765056163,123.94966038564371,1,3,3,146.83166389813528,3.329770563201687,30.70819111482666,0.7606056073988443,1.0,leptonic_bookkeeping,validation
908644,ggH,124.83570765056163,123.94966038564371,1,3,3,146.83166389813528,3.329770563201687,30.70819111482666,0.7606056073988443,1.0,leptonic_bookkeeping,train
433985,ggH,124.83570765056163,123.94966038564371,1,3,3,146.83166389813528,3.329770563201687,30.70819111482666,0.7606056073988443,1.0,leptonic_bookkeeping,train
238535,ggH,124.83570765056163,123.94966038564371,1,3,3,146.83166389813528,3.329770563201687,30.70819111482666,0.7606056073988443,1.0,leptonic_bookkeeping,train
935347,ggH,124.83570765056163,123.94966038564371,1,3,3,146.83166389813528,3.329770563201687,30.70819111482666,0.7606056073988443,1.0,leptonic_bookkeeping,validation
500035,ggH,124.83570765056163,123.94966038564371,1,3,3,146.83166389813528,3.329770563201687,30.70819111482666,0.7606056073988443,1.0,leptonic_bookkeeping,train
735288,ggH,124.83570765056163,123.94966038564371,1,3,3,146.83166389813528,3.329770563201687,30.70819111482666,0.7606056073988443,1.0,leptonic_bookkeeping,train
502134,ggH,124.83570765056163,123.94966038564371,1,3,3,146.83166389813528,3.329770563201687,30.70819111482666,0.7606056073988443,1.0,leptonic_bookkeeping,validation
685781,ggH,124.83570765056163,123.94966038564371,1,3,3,146.83166389813528,3.329770563201687,30.70819111482666,0.7606056073988443,1.0,leptonic_bookkeeping,train
34420,ggH,124.83570765056163,123.94966038564371,1,3,3,146.83166389813528,3.329770563201687,30.70819111482666,0.7606056073988443,1.0,leptonic_bookkeeping,train
148379,ggH,124.83570765056163,123.94966038564371,1,3,3,146.83166389813528,3.329770563201687,30.70819111482666,0.7606056073988443,1.0,leptonic_bookkeeping,train
848832,ggH,124.83570765056163,123.94966038564371,1,3,3,146.83166389813528,3.329770563201687,30.70819111482666,0.7606056073988443,1.0,leptonic_bookkeeping,train
416097,ggH,124.83570765056163,123.94966038564371,1,3,3,146.83166389813528,3.329770563201687,30.70819111482666,0.7606056073988443,1.0,leptonic_bookkeeping,train
326197,ggH,124.83570765056163,123.94966038564371,1,3,3,146.83166389813528,3.329770563201687,30.70819111482666,0.7606056073988443,1.0,leptonic_bookkeeping,validation
975650,ggH,124.83570765056163,123.94966038564371,1,3,3,146.83166389813528,3.329770563201687,30.70819111482666,0.7606056073988443,1.0,leptonic_bookkeeping,validation
864196,ggH,124.83570765056163,123.94966038564371,1,3,3,146.83166389813528,3.329770563201687,30.70819111482666,0.7606056073988443,1.0,leptonic_bookkeeping,test
969541,ggH,124.83570765056163,123.94966038564371,1,3,3,146.83166389813528,3.329770563201687,30.70819111482666,0.7606056073988443,1.0,leptonic_bookkeeping,train
838551,ggH,124.83570765056163,123.94966038564371,1,3,3,146.83166389813528,3.329770563201687,30.70819111482666,0.7606056073988443,1.0,leptonic_bookkeeping,train
219845,ggH,124.83570765056163,123.94966038564371,1,3,3,146.83166389813528,3.329770563201687,30.70819111482666,0.7606056073988443,1.0,leptonic_bookkeeping,train
939675,ggH,124.83570765056163,123.94966038564371,1,3,3,146.83166389813528,3.329770563201687,30.70819111482666,0.7606056073988443,1.0,leptonic_bookkeeping,train
374570,ggH,124.83570765056163,123.94966038564371,1,3,3,146.83166389813528,3.329770563201687,30.70819111482666,0.7606056073988443,1.0,leptonic_bookkeeping,train
235363,ggH,124.83570765056163,123.94966038564371,1,3,3,146.83166389813528,3.329770563201687,30.70819111482666,0.7606056073988443,1.0,leptonic_bookkeeping,test
240728,ggH,124.83570765056163,123.94966038564371,1,3,3,146.83166389813528,3.329770563201687,30.70819111482666,0.7606056073988443,1.0,leptonic_bookkeeping,train
595882,ggH,124.83570765056163,123.94966038564371,1,3,3,146.83166389813528,3.329770563201687,30.70819111482666,0.7606056073988443,1.0,leptonic_bookkeeping,test
855106,ggH,124.83570765056163,123.94966038564371,1,3,3,146.83166389813528,3.329770563201687,30.70819111482666,0.7606056073988443,1.0,leptonic_bookkeeping,test
162952,ggH,124.83570765056163,123.94966038564371,1,3,3,146.83166389813528,3.329770563201687,30.70819111482666,0.7606056073988443,1.0,leptonic_bookkeeping,test
674344,ggH,124.83570765056163,123.94966038564371,1,3,3,146.83166389813528,3.329770563201687,30.70819111482666,0.7606056073988443,1.0,leptonic_bookkeeping,train
819602,ggH,124.83570765056163,123.94966038564371,1,3,3,146.83166389813528,3.329770563201687,30.70819111482666,0.7606056073988443,1.0,leptonic_bookkeeping,train
514326,ggH,124.83570765056163,123.94966038564371,1,3,3,146.83166389813528,3.329770563201687,30.70819111482666,0.7606056073988443,1.0,leptonic_bookkeeping,test
164365,ggH,124.83570765056163,123.94966038564371,1,3,3,146.83166389813528,3.329770563201687,30.70819111482666,0.7606056073988443,1.0,leptonic_bookkeeping,test
477049,ggH,124.83570765056163,123.94966038564371,1,3,3,146.83166389813528,3.329770563201687,30.70819111482666,0.7606056073988443,1.0,leptonic_bookkeeping,train
13452,ggH,124.83570765056163,123.94966038564371,1,3,3,146.83166389813528,3.329770563201687,30.70819111482666,0.7606056073988443,1.0,leptonic_bookkeeping,train
157267,ggH,124.83570765056163,123.94966038564371,1,3,3,146.83166389813528,3.329770563201687,30.70819111482666,0.7606056073988443,1.0,leptonic_bookkeeping,train
695486,ggH,124.83570765056163,123.94966038564371,1,3,3,146.83166389813528,3.329770563201687,30.70819111482666,0.7606056073988443,1.0,leptonic_bookkeeping,train
21963,ggH,124.83570765056163,123.94966038564371,1,3,3,146.83166389813528,3.329770563201687,30.70819111482666,0.7606056073988443,1.0,leptonic_bookkeeping,train
769376,ggH,124.83570765056163,123.94966038564371,1,3,3,146.83166389813528,3.329770563201687,30.70819111482666,0.7606056073988443,1.0,leptonic_bookkeeping,validation
692452,ggH,124.83570765056163,123.94966038564371,1,3,3,146.83166389813528,3.329770563201687,30.70819111482666,0.7606056073988443,1.0,leptonic_bookkeeping,train
575765,ggH,124.83570765056163,123.94966038564371,1,3,3,146.83166389813528,3.329770563201687,30.70819111482666,0.7606056073988443,1.0,leptonic_bookkeeping,test
750754,ggH,124.83570765056163,123.94966038564371,1,3,3,146.83166389813528,3.329770563201687,30.70819111482666,0.7606056073988443,1.0,leptonic_bookkeeping,test
651571,ggH,124.83570765056163,123.94966038564371,1,3,3,146.83166389813528,3.329770563201687,30.70819111482666,0.7606056073988443,1.0,leptonic_bookkeeping,train
584353,ggH,124.83570765056163,123.94966038564371,1,3,3,146.83166389813528,3.329770563201687,30.70819111482666,0.7606056073988443,1.0,leptonic_bookkeeping,validation
295300,ggH,124.83570765056163,123.94966038564371,1,3,3,146.83166389813528,3.329770563201687,30.70819111482666,0.7606056073988443,1.0,leptonic_bookkeeping,validation
526470,ggH,124.83570765056163,123.94966038564371,1,3,3,146.83166389813528,3.329770563201687,30.70819111482666,0.7606056073988443,1.0,leptonic_bookkeeping,train
425993,ggH,124.83570765056163,123.94966038564371,1,3,3,146.83166389813528,3.329770563201687,30.70819111482666,0.7606056073988443,1.0,leptonic_bookkeeping,train
139677,ggH,124.83570765056163,123.94966038564371,1,3,3,146.83166389813528,3.329770563201687,30.70819111482666,0.7606056073988443,1.0,leptonic_bookkeeping,train
388606,ggH,124.83570765056163,123.94966038564371,1,3,3,146.83166389813528,3.329770563201687,30.70819111482666,0.7606056073988443,1.0,leptonic_bookkeeping,validation
45574,ggH,124.83570765056163,123.94966038564371,1,3,3,146.83166389813528,3.329770563201687,30.70819111482666,0.7606056073988443,1.0,leptonic_bookkeeping,train
836067,ggH,124.83570765056163,123.94966038564371,1,3,3,146.83166389813528,3.329770563201687,30.70819111482666,0.7606056073988443,1.0,leptonic_bookkeeping,train
308334,ggH,124.83570765056163,123.94966038564371,1,3,3,146.83166389813528,3.329770563201687,30.70819111482666,0.7606056073988443,1.0,leptonic_bookkeeping,test
505696,ggH,124.83570765056163,123.94966038564371,1,3,3,146.83166389813528,3.329770563201687,30.70819111482666,0.7606056073988443,1.0,leptonic_bookkeeping,train
709708,ggH,124.83570765056163,123.94966038564371,1,3,3,146.83166389813528,3.329770563201687,30.70819111482666,0.7606056073988443,1.0,leptonic_bookkeeping,test
96347,ggH,124.83570765056163,123.94966038564371,1,3,3,146.83166389813528,3.329770563201687,30.70819111482666,0.7606056073988443,1.0,leptonic_bookkeeping,train
189497,ggH,124.83570765056163,123.94966038564371,1,3,3,146.83166389813528,3.329770563201687,30.70819111482666,0.7606056073988443,1.0,leptonic_bookkeeping,train
819469,ggH,124.83570765056163,123.94966038564371,1,3,3,146.83166389813528,3.329770563201687,30.70819111482666,0.7606056073988443,1.0,leptonic_bookkeeping,train
78188,ggH,124.83570765056163,123.94966038564371,1,3,3,146.83166389813528,3.329770563201687,30.70819111482666,0.7606056073988443,1.0,leptonic_bookkeeping,train
123676,ggH,124.83570765056163,123.94966038564371,1,3,3,146.83166389813528,3.329770563201687,30.70819111482666,0.7606056073988443,1.0,leptonic_bookkeeping,test
235345,ggH,124.83570765056163,123.94966038564371,1,3,3,146.83166389813528,3.329770563201687,30.70819111482666,0.7606056073988443,1.0,leptonic_bookkeeping,test
641007,ggH,124.83570765056163,123.94966038564371,1,3,3,146.83166389813528,3.329770563201687,30.70819111482666,0.7606056073988443,1.0,leptonic_bookkeeping,train
327589,ggH,124.83570765056163,123.94966038564371,1,3,3,146.83166389813528,3.329770563201687,30.70819111482666,0.7606056073988443,1.0,leptonic_bookkeeping,validation
741232,ggH,124.83570765056163,123.94966038564371,1,3,3,146.83166389813528,3.329770563201687,30.70819111482666,0.7606056073988443,1.0,leptonic_bookkeeping,test
124098,ggH,124.83570765056163,123.94966038564371,1,3,3,146.83166389813528,3.329770563201687,30.70819111482666,0.7606056073988443,1.0,leptonic_bookkeeping,train
85202,ggH,124.83570765056163,123.94966038564371,1,3,3,146.83166389813528,3.329770563201687,30.70819111482666,0.7606056073988443,1.0,leptonic_bookkeeping,train
137721,ggH,124.83570765056163,123.94966038564371,1,3,3,146.83166389813528,3.329770563201687,30.70819111482666,0.7606056073988443,1.0,leptonic_bookkeeping,train
657213,ggH,124.83570765056163,123.94966038564371,1,3,3,146.83166389813528,3.329770563201687,30.70819111482666,0.7606056073988443,1.0,leptonic_bookkeeping,validation
457053,ggH,124.83570765056163,123.94966038564371,1,3,3,146.83166389813528,3.329770563201687,30.70819111482666,0.7606056073988443,1.0,leptonic_bookkeeping,train
217665,ggH,124.83570765056163,123.94966038564371,1,3,3,146.83166389813528,3.329770563201687,30.70819111482666,0.7606056073988443,1.0,leptonic_bookkeeping,train
573486,ggH,124.83570765056163,123.94966038564371,1,3,3,146.83166389813528,3.329770563201687,30.70819111482666,0.7606056073988443,1.0,leptonic_bookkeeping,validation
294627,ggH,124.83570765056163,123.94966038564371,1,3,3,146.83166389813528,3.329770563201687,30.70819111482666,0.7606056073988443,1.0,leptonic_bookkeeping,train
872714,ggH,124.83570765056163,123.94966038564371,1,3,3,146.83166389813528,3.329770563201687,30.70819111482666,0.7606056073988443,1.0,leptonic_bookkeeping,validation
658196,ggH,124.83570765056163,123.94966038564371,1,3,3,146.83166389813528,3.329770563201687,30.70819111482666,0.7606056073988443,1.0,leptonic_bookkeeping,test
391611,ggH,124.83570765056163,123.94966038564371,1,3,3,146.83166389813528,3.329770563201687,30.70819111482666,0.7606056073988443,1.0,leptonic_bookkeeping,test
448903,ggH,124.83570765056163,123.94966038564371,1,3,3,146.83166389813528,3.329770563201687,30.70819111482666,0.7606056073988443,1.0,leptonic_bookkeeping,train
494049,ggH,124.83570765056163,123.94966038564371,1,3,3,146.83166389813528,3.329770563201687,30.70819111482666,0.7606056073988443,1.0,leptonic_bookkeeping,test
981247,ggH,124.83570765056163,123.94966038564371,1,3,3,146.83166389813528,3.329770563201687,30.70819111482666,0.7606056073988443,1.0,leptonic_bookkeeping,train
926858,ggH,124.83570765056163,123.94966038564371,1,3,3,146.83166389813528,3.329770563201687,30.70819111482666,0.7606056073988443,1.0,leptonic_bookkeeping,test
18901,ggH,124.83570765056163,123.94966038564371,1,3,3,146.83166389813528,3.329770563201687,30.70819111482666,0.7606056073988443,1.0,leptonic_bookkeeping,test
976943,ggH,124.83570765056163,123.94966038564371,1,3,3,146.83166389813528,3.329770563201687,30.70819111482666,0.7606056073988443,1.0,leptonic_bookkeeping,validation
269630,ggH,124.83570765056163,123.94966038564371,1,3,3,146.83166389813528,3.329770563201687,30.70819111482666,0.7606056073988443,1.0,leptonic_bookkeeping,train
131737,ggH,124.83570765056163,123.94966038564371,1,3,3,146.83166389813528,3.329770563201687,30.70819111482666,0.7606056073988443,1.0,leptonic_bookkeeping,validation
821055,ggH,124.83570765056163,123.94966038564371,1,3,3,146.83166389813528,3.329770563201687,30.70819111482666,0.7606056073988443,1.0,leptonic_bookkeeping,validation
155664,ggH,124.83570765056163,123.94966038564371,1,3,3,146.83166389813528,3.329770563201687,30.70819111482666,0.7606056073988443,1.0,leptonic_bookkeeping,train
275763,ggH,124.83570765056163,123.94966038564371,1,3,3,146.83166389813528,3.329770563201687,30.70819111482666,0.7606056073988443,1.0,leptonic_bookkeeping,validation
615122,ggH,124.83570765056163,123.94966038564371,1,3,3,146.83166389813528,3.329770563201687,30.70819111482666,0.7606056073988443,1.0,leptonic_bookkeeping,validation
674404,ggH,124.83570765056163,123.94966038564371,1,3,3,146.83166389813528,3.329770563201687,30.70819111482666,0.7606056073988443,1.0,leptonic_bookkeeping,train
930406,ggH,124.83570765056163,123.94966038564371,1,3,3,146.83166389813528,3.329770563201687,30.70819111482666,0.7606056073988443,1.0,leptonic_bookkeeping,train
157956,ggH,124.83570765056163,123.94966038564371,1,3,3,146.83166389813528,3.329770563201687,30.70819111482666,0.7606056073988443,1.0,leptonic_bookkeeping,train
638682,ggH,124.83570765056163,123.94966038564371,1,3,3,146.83166389813528,3.329770563201687,30.70819111482666,0.7606056073988443,1.0,leptonic_bookkeeping,test
965190,ggH,124.83570765056163,123.94966038564371,1,3,3,146.83166389813528,3.329770563201687,30.70819111482666,0.7606056073988443,1.0,leptonic_bookkeeping,validation
713047,ggH,124.83570765056163,123.94966038564371,1,3,3,146.83166389813528,3.329770563201687,30.70819111482666,0.7606056073988443,1.0,leptonic_bookkeeping,train
252511,ggH,124.83570765056163,123.94966038564371,1,3,3,146.83166389813528,3.329770563201687,30.70819111482666,0.7606056073988443,1.0,leptonic_bookkeeping,train
904578,ggH,124.83570765056163,123.94966038564371,1,3,3,146.83166389813528,3.329770563201687,30.70819111482666,0.7606056073988443,1.0,leptonic_bookkeeping,validation
514550,ggH,124.83570765056163,123.94966038564371,1,3,3,146.83166389813528,3.329770563201687,30.70819111482666,0.7606056073988443,1.0,leptonic_bookkeeping,test
270854,ggH,124.83570765056163,123.94966038564371,1,3,3,146.83166389813528,3.329770563201687,30.70819111482666,0.7606056073988443,1.0,leptonic_bookkeeping,train
738091,ggH,124.83570765056163,123.94966038564371,1,3,3,146.83166389813528,3.329770563201687,30.70819111482666,0.7606056073988443,1.0,leptonic_bookkeeping,train
51172,ggH,124.83570765056163,123.94966038564371,1,3,3,146.83166389813528,3.329770563201687,30.70819111482666,0.7606056073988443,1.0,leptonic_bookkeeping,test
230516,ggH,124.83570765056163,123.94966038564371,1,3,3,146.83166389813528,3.329770563201687,30.70819111482666,0.7606056073988443,1.0,leptonic_bookkeeping,train
549525,ggH,124.83570765056163,123.94966038564371,1,3,3,146.83166389813528,3.329770563201687,30.70819111482666,0.7606056073988443,1.0,leptonic_bookkeeping,train
887682,ggH,124.83570765056163,123.94966038564371,1,3,3,146.83166389813528,3.329770563201687,30.70819111482666,0.7606056073988443,1.0,leptonic_bookkeeping,train
840531,ggH,124.83570765056163,123.94966038564371,1,3,3,146.83166389813528,3.329770563201687,30.70819111482666,0.7606056073988443,1.0,leptonic_bookkeeping,train
411045,ggH,124.83570765056163,123.94966038564371,1,3,3,146.83166389813528,3.329770563201687,30.70819111482666,0.7606056073988443,1.0,leptonic_bookkeeping,test
861635,ggH,124.83570765056163,123.94966038564371,1,3,3,146.83166389813528,3.329770563201687,30.70819111482666,0.7606056073988443,1.0,leptonic_bookkeeping,train
898035,ggH,124.83570765056163,123.94966038564371,1,3,3,146.83166389813528,3.329770563201687,30.70819111482666,0.7606056073988443,1.0,leptonic_bookkeeping,train
193424,ggH,124.83570765056163,123.94966038564371,1,3,3,146.83166389813528,3.329770563201687,30.70819111482666,0.7606056073988443,1.0,leptonic_bookkeeping,validation
647891,ggH,124.83570765056163,123.94966038564371,1,3,3,146.83166389813528,3.329770563201687,30.70819111482666,0.7606056073988443,1.0,leptonic_bookkeeping,test
757909,ggH,124.83570765056163,123.94966038564371,1,3,3,146.83166389813528,3.329770563201687,30.70819111482666,0.7606056073988443,1.0,leptonic_bookkeeping,train
476167,ggH,124.83570765056163,123.94966038564371,1,3,3,146.83166389813528,3.329770563201687,30.70819111482666,0.7606056073988443,1.0,leptonic_bookkeeping,train
378369,ggH,124.83570765056163,123.94966038564371,1,3,3,146.83166389813528,3.329770563201687,30.70819111482666,0.7606056073988443,1.0,leptonic_bookkeeping,validation
215693,ggH,124.83570765056163,123.94966038564371,1,3,3,146.83166389813528,3.329770563201687,30.70819111482666,0.7606056073988443,1.0,leptonic_bookkeeping,test
452574,ggH,124.83570765056163,123.94966038564371,1,3,3,146.83166389813528,3.329770563201687,30.70819111482666,0.7606056073988443,1.0,leptonic_bookkeeping,test
599208,ggH,124.83570765056163,123.94966038564371,1,3,3,146.83166389813528,3.329770563201687,30.70819111482666,0.7606056073988443,1.0,leptonic_bookkeeping,train
354821,ggH,124.83570765056163,123.94966038564371,1,3,3,146.83166389813528,3.329770563201687,30.70819111482666,0.7606056073988443,1.0,leptonic_bookkeeping,train
432284,ggH,124.83570765056163,123.94966038564371,1,3,3,146.83166389813528,3.329770563201687,30.70819111482666,0.7606056073988443,1.0,leptonic_bookkeeping,test
271662,ggH,124.83570765056163,123.94966038564371,1,3,3,146.83166389813528,3.329770563201687,30.70819111482666,0.7606056073988443,1.0,leptonic_bookkeeping,train
762029,ggH,124.83570765056163,123.94966038564371,1,3,3,146.83166389813528,3.329770563201687,30.70819111482666,0.7606056073988443,1.0,leptonic_bookkeeping,test
530667,ggH,124.83570765056163,123.94966038564371,1,3,3,146.83166389813528,3.329770563201687,30.70819111482666,0.7606056073988443,1.0,leptonic_bookkeeping,train
643028,ggH,124.83570765056163,123.94966038564371,1,3,3,146.83166389813528,3.329770563201687,30.70819111482666,0.7606056073988443,1.0,leptonic_bookkeeping,train
429642,ggH,124.83570765056163,123.94966038564371,1,3,3,146.83166389813528,3.329770563201687,30.70819111482666,0.7606056073988443,1.0,leptonic_bookkeeping,validation
754216,ggH,124.83570765056163,123.94966038564371,1,3,3,146.83166389813528,3.329770563201687,30.70819111482666,0.7606056073988443,1.0,leptonic_bookkeeping,train
199093,ggH,124.83570765056163,123.94966038564371,1,3,3,146.83166389813528,3.329770563201687,30.70819111482666,0.7606056073988443,1.0,leptonic_bookkeeping,train
26015,ggH,124.83570765056163,123.94966038564371,1,3,3,146.83166389813528,3.329770563201687,30.70819111482666,0.7606056073988443,1.0,leptonic_bookkeeping,train
949035,ggH,124.83570765056163,123.94966038564371,1,3,3,146.83166389813528,3.329770563201687,30.70819111482666,0.7606056073988443,1.0,leptonic_bookkeeping,train
582137,ggH,124.83570765056163,123.94966038564371,1,3,3,146.83166389813528,3.329770563201687,30.70819111482666,0.7606056073988443,1.0,leptonic_bookkeeping,train
651743,ggH,124.83570765056163,123.94966038564371,1,3,3,146.83166389813528,3.329770563201687,30.70819111482666,0.7606056073988443,1.0,leptonic_bookkeeping,train
360349,ggH,124.83570765056163,123.94966038564371,1,3,3,146.83166389813528,3.329770563201687,30.70819111482666,0.7606056073988443,1.0,leptonic_bookkeeping,test
303980,ggH,124.83570765056163,123.94966038564371,1,3,3,146.83166389813528,3.329770563201687,30.70819111482666,0.7606056073988443,1.0,leptonic_bookkeeping,train
280531,ggH,124.83570765056163,123.94966038564371,1,3,3,146.83166389813528,3.329770563201687,30.70819111482666,0.7606056073988443,1.0,leptonic_bookkeeping,train
747451,ggH,124.83570765056163,123.94966038564371,1,3,3,146.83166389813528,3.329770563201687,30.70819111482666,0.7606056073988443,1.0,leptonic_bookkeeping,train
882,ggH,124.83570765056163,123.94966038564371,1,3,3,146.83166389813528,3.329770563201687,30.70819111482666,0.7606056073988443,1.0,leptonic_bookkeeping,train
197125,ggH,124.83570765056163,123.94966038564371,1,3,3,146.83166389813528,3.329770563201687,30.70819111482666,0.7606056073988443,1.0,leptonic_bookkeeping,train
863008,ggH,124.83570765056163,123.94966038564371,1,3,3,146.83166389813528,3.329770563201687,30.70819111482666,0.7606056073988443,1.0,leptonic_bookkeeping,validation
687185,ggH,124.83570765056163,123.94966038564371,1,3,3,146.83166389813528,3.329770563201687,30.70819111482666,0.7606056073988443,1.0,leptonic_bookkeeping,validation
375570,ggH,124.83570765056163,123.94966038564371,1,3,3,146.83166389813528,3.329770563201687,30.70819111482666,0.7606056073988443,1.0,leptonic_bookkeeping,train
594880,ggH,124.83570765056163,123.94966038564371,1,3,3,146.83166389813528,3.329770563201687,30.70819111482666,0.7606056073988443,1.0,leptonic_bookkeeping,validation
850589,ggH,124.83570765056163,123.94966038564371,1,3,3,146.83166389813528,3.329770563201687,30.70819111482666,0.7606056073988443,1.0,leptonic_bookkeeping,train
748232,ggH,124.83570765056163,123.94966038564371,1,3,3,146.83166389813528,3.329770563201687,30.70819111482666,0.7606056073988443,1.0,leptonic_bookkeeping,train
577714,ggH,124.83570765056163,123.94966038564371,1,3,3,146.83166389813528,3.329770563201687,30.70819111482666,0.7606056073988443,1.0,leptonic_bookkeeping,train
768718,ggH,124.83570765056163,123.94966038564371,1,3,3,146.83166389813528,3.329770563201687,30.70819111482666,0.7606056073988443,1.0,leptonic_bookkeeping,train
802896,ggH,124.83570765056163,123.94966038564371,1,3,3,146.83166389813528,3.329770563201687,30.70819111482666,0.7606056073988443,1.0,leptonic_bookkeeping,test
770962,ggH,124.83570765056163,123.94966038564371,1,3,3,146.83166389813528,3.329770563201687,30.70819111482666,0.7606056073988443,1.0,leptonic_bookkeeping,validation
761622,ggH,124.83570765056163,123.94966038564371,1,3,3,146.83166389813528,3.329770563201687,30.70819111482666,0.7606056073988443,1.0,leptonic_bookkeeping,test
826586,ggH,124.83570765056163,123.94966038564371,1,3,3,146.83166389813528,3.329770563201687,30.70819111482666,0.7606056073988443,1.0,leptonic_bookkeeping,train
779654,ggH,124.83570765056163,123.94966038564371,1,3,3,146.83166389813528,3.329770563201687,30.70819111482666,0.7606056073988443,1.0,leptonic_bookkeeping,validation
352464,ggH,124.83570765056163,123.94966038564371,1,3,3,146.83166389813528,3.329770563201687,30.70819111482666,0.7606056073988443,1.0,leptonic_bookkeeping,train
439178,ggH,124.83570765056163,123.94966038564371,1,3,3,146.83166389813528,3.329770563201687,30.70819111482666,0.7606056073988443,1.0,leptonic_bookkeeping,validation
792192,ggH,124.83570765056163,123.94966038564371,1,3,3,146.83166389813528,3.329770563201687,30.70819111482666,0.7606056073988443,1.0,leptonic_bookkeeping,test
927295,ggH,124.83570765056163,123.94966038564371,1,3,3,146.83166389813528,3.329770563201687,30.70819111482666,0.7606056073988443,1.0,leptonic_bookkeeping,test
686825,ggH,124.83570765056163,123.94966038564371,1,3,3,146.83166389813528,3.329770563201687,30.70819111482666,0.7606056073988443,1.0,leptonic_bookkeeping,validation
825977,ggH,124.83570765056163,123.94966038564371,1,3,3,146.83166389813528,3.329770563201687,30.70819111482666,0.7606056073988443,1.0,leptonic_bookkeeping,train
841263,ggH,124.83570765056163,123.94966038564371,1,3,3,146.83166389813528,3.329770563201687,30.70819111482666,0.7606056073988443,1.0,leptonic_bookkeeping,validation
246750,ggH,124.83570765056163,123.94966038564371,1,3,3,146.83166389813528,3.329770563201687,30.70819111482666,0.7606056073988443,1.0,leptonic_bookkeeping,test
493713,ggH,124.83570765056163,123.94966038564371,1,3,3,146.83166389813528,3.329770563201687,30.70819111482666,0.7606056073988443,1.0,leptonic_bookkeeping,test
157906,ggH,124.83570765056163,123.94966038564371,1,3,3,146.83166389813528,3.329770563201687,30.70819111482666,0.7606056073988443,1.0,leptonic_bookkeeping,train
906821,ggH,124.83570765056163,123.94966038564371,1,3,3,146.83166389813528,3.329770563201687,30.70819111482666,0.7606056073988443,1.0,leptonic_bookkeeping,test
172831,ggH,124.83570765056163,123.94966038564371,1,3,3,146.83166389813528,3.329770563201687,30.70819111482666,0.7606056073988443,1.0,leptonic_bookkeeping,validation
35817,ggH,124.83570765056163,123.94966038564371,1,3,3,146.83166389813528,3.329770563201687,30.70819111482666,0.7606056073988443,1.0,leptonic_bookkeeping,train
850275,ggH,124.83570765056163,123.94966038564371,1,3,3,146.83166389813528,3.329770563201687,30.70819111482666,0.7606056073988443,1.0,leptonic_bookkeeping,train
226944,ggH,124.83570765056163,123.94966038564371,1,3,3,146.83166389813528,3.329770563201687,30.70819111482666,0.7606056073988443,1.0,leptonic_bookkeeping,train
755662,ggH,124.83570765056163,123.94966038564371,1,3,3,146.83166389813528,3.329770563201687,30.70819111482666,0.7606056073988443,1.0,leptonic_bookkeeping,train
307549,ggH,124.83570765056163,123.94966038564371,1,3,3,146.83166389813528,3.329770563201687,30.70819111482666,0.7606056073988443,1.0,leptonic_bookkeeping,test
23293,ggH,124.83570765056163,123.94966038564371,1,3,3,146.83166389813528,3.329770563201687,30.70819111482666,0.7606056073988443,1.0,leptonic_bookkeeping,train
840798,ggH,124.83570765056163,123.94966038564371,1,3,3,146.83166389813528,3.329770563201687,30.70819111482666,0.7606056073988443,1.0,leptonic_bookkeeping,train
192249,ggH,124.83570765056163,123.94966038564371,1,3,3,146.83166389813528,3.329770563201687,30.70819111482666,0.7606056073988443,1.0,leptonic_bookkeeping,validation
394662,ggH,124.83570765056163,123.94966038564371,1,3,3,146.83166389813528,3.329770563201687,30.70819111482666,0.7606056073988443,1.0,leptonic_bookkeeping,train
18038,ggH,124.83570765056163,123.94966038564371,1,3,3,146.83166389813528,3.329770563201687,30.70819111482666,0.7606056073988443,1.0,leptonic_bookkeeping,validation
747586,ggH,124.83570765056163,123.94966038564371,1,3,3,146.83166389813528,3.329770563201687,30.70819111482666,0.7606056073988443,1.0,leptonic_bookkeeping,train
993921,ggH,124.83570765056163,123.94966038564371,1,3,3,146.83166389813528,3.329770563201687,30.70819111482666,0.7606056073988443,1.0,leptonic_bookkeeping,train
746169,ggH,124.83570765056163,123.94966038564371,1,3,3,146.83166389813528,3.329770563201687,30.70819111482666,0.7606056073988443,1.0,leptonic_bookkeeping,train
644651,ggH,124.83570765056163,123.94966038564371,1,3,3,146.83166389813528,3.329770563201687,30.70819111482666,0.7606056073988443,1.0,leptonic_bookkeeping,train
845406,ggH,124.83570765056163,123.94966038564371,1,3,3,146.83166389813528,3.329770563201687,30.70819111482666,0.7606056073988443,1.0,leptonic_bookkeeping,train
988797,ggH,124.83570765056163,123.94966038564371,1,3,3,146.83166389813528,3.329770563201687,30.70819111482666,0.7606056073988443,1.0,leptonic_bookkeeping,test
43654,ggH,124.83570765056163,123.94966038564371,1,3,3,146.83166389813528,3.329770563201687,30.70819111482666,0.7606056073988443,1.0,leptonic_bookkeeping,train
121341,ggH,124.83570765056163,123.94966038564371,1,3,3,146.83166389813528,3.329770563201687,30.70819111482666,0.7606056073988443,1.0,leptonic_bookkeeping,validation
888349,ggH,124.83570765056163,123.94966038564371,1,3,3,146.83166389813528,3.329770563201687,30.70819111482666,0.7606056073988443,1.0,leptonic_bookkeeping,train
92795,ggH,124.83570765056163,123.94966038564371,1,3,3,146.83166389813528,3.329770563201687,30.70819111482666,0.7606056073988443,1.0,leptonic_bookkeeping,train
449120,ggH,124.83570765056163,123.94966038564371,1,3,3,146.83166389813528,3.329770563201687,30.70819111482666,0.7606056073988443,1.0,leptonic_bookkeeping,train
937343,ggH,124.83570765056163,123.94966038564371,1,3,3,146.83166389813528,3.329770563201687,30.70819111482666,0.7606056073988443,1.0,leptonic_bookkeeping,test
248790,ggH,124.83570765056163,123.94966038564371,1,3,3,146.83166389813528,3.329770563201687,30.70819111482666,0.7606056073988443,1.0,leptonic_bookkeeping,train
629932,ggH,124.83570765056163,123.94966038564371,1,3,3,146.83166389813528,3.329770563201687,30.70819111482666,0.7606056073988443,1.0,leptonic_bookkeeping,train
722118,ggH,124.83570765056163,123.94966038564371,1,3,3,146.83166389813528,3.329770563201687,30.70819111482666,0.7606056073988443,1.0,leptonic_bookkeeping,train
375534,ggH,124.83570765056163,123.94966038564371,1,3,3,146.83166389813528,3.329770563201687,30.70819111482666,0.7606056073988443,1.0,leptonic_bookkeeping,train
510497,ggH,124.83570765056163,123.94966038564371,1,3,3,146.83166389813528,3.329770563201687,30.70819111482666,0.7606056073988443,1.0,leptonic_bookkeeping,train
952239,ggH,124.83570765056163,123.94966038564371,1,3,3,146.83166389813528,3.329770563201687,30.70819111482666,0.7606056073988443,1.0,leptonic_bookkeeping,train
592737,ggH,124.83570765056163,123.94966038564371,1,3,3,146.83166389813528,3.329770563201687,30.70819111482666,0.7606056073988443,1.0,leptonic_bookkeeping,train
325883,ggH,124.83570765056163,123.94966038564371,1,3,3,146.83166389813528,3.329770563201687,30.70819111482666,0.7606056073988443,1.0,leptonic_bookkeeping,validation
581771,ggH,124.83570765056163,123.94966038564371,1,3,3,146.83166389813528,3.329770563201687,30.70819111482666,0.7606056073988443,1.0,leptonic_bookkeeping,train
136301,ggH,124.83570765056163,123.94966038564371,1,3,3,146.83166389813528,3.329770563201687,30.70819111482666,0.7606056073988443,1.0,leptonic_bookkeeping,train
995684,ggH,124.83570765056163,123.94966038564371,1,3,3,146.83166389813528,3.329770563201687,30.70819111482666,0.7606056073988443,1.0,leptonic_bookkeeping,train
87139,ggH,124.83570765056163,123.94966038564371,1,3,3,146.83166389813528,3.329770563201687,30.70819111482666,0.7606056073988443,1.0,leptonic_bookkeeping,train
330710,ggH,124.83570765056163,123.94966038564371,1,3,3,146.83166389813528,3.329770563201687,30.70819111482666,0.7606056073988443,1.0,leptonic_bookkeeping,train
369828,ggH,124.83570765056163,123.94966038564371,1,3,3,146.83166389813528,3.329770563201687,30.70819111482666,0.7606056073988443,1.0,leptonic_bookkeeping,test
859400,ggH,124.83570765056163,123.94966038564371,1,3,3,146.83166389813528,3.329770563201687,30.70819111482666,0.7606056073988443,1.0,leptonic_bookkeeping,train
317290,ggH,124.83570765056163,123.94966038564371,1,3,3,146.83166389813528,3.329770563201687,30.70819111482666,0.7606056073988443,1.0,leptonic_bookkeeping,validation
852982,ggH,124.83570765056163,123.94966038564371,1,3,3,146.83166389813528,3.329770563201687,30.70819111482666,0.7606056073988443,1.0,leptonic_bookkeeping,validation
540365,ggH,124.83570765056163,123.94966038564371,1,3,3,146.83166389813528,3.329770563201687,30.70819111482666,0.7606056073988443,1.0,leptonic_bookkeeping,train
442468,ggH,124.83570765056163,123.94966038564371,1,3,3,146.83166389813528,3.329770563201687,30.70819111482666,0.7606056073988443,1.0,leptonic_bookkeeping,test
965900,ggH,124.83570765056163,123.94966038564371,1,3,3,146.83166389813528,3.329770563201687,30.70819111482666,0.7606056073988443,1.0,leptonic_bookkeeping,validation
24487,ggH,124.83570765056163,123.94966038564371,1,3,3,146.83166389813528,3.329770563201687,30.70819111482666,0.7606056073988443,1.0,leptonic_bookkeeping,train
963157,ggH,124.83570765056163,123.94966038564371,1,3,3,146.83166389813528,3.329770563201687,30.70819111482666,0.7606056073988443,1.0,leptonic_bookkeeping,train
763008,ggH,124.83570765056163,123.94966038564371,1,3,3,146.83166389813528,3.329770563201687,30.70819111482666,0.7606056073988443,1.0,leptonic_bookkeeping,train
674207,ggH,124.83570765056163,123.94966038564371,1,3,3,146.83166389813528,3.329770563201687,30.70819111482666,0.7606056073988443,1.0,leptonic_bookkeeping,train
539577,ggH,124.83570765056163,123.94966038564371,1,3,3,146.83166389813528,3.329770563201687,30.70819111482666,0.7606056073988443,1.0,leptonic_bookkeeping,train
694424,ggH,124.83570765056163,123.94966038564371,1,3,3,146.83166389813528,3.329770563201687,30.70819111482666,0.7606056073988443,1.0,leptonic_bookkeeping,train
271307,ggH,124.83570765056163,123.94966038564371,1,3,3,146.83166389813528,3.329770563201687,30.70819111482666,0.7606056073988443,1.0,leptonic_bookkeeping,train
105116,ggH,124.83570765056163,123.94966038564371,1,3,3,146.83166389813528,3.329770563201687,30.70819111482666,0.7606056073988443,1.0,leptonic_bookkeeping,train
165857,ggH,124.83570765056163,123.94966038564371,1,3,3,146.83166389813528,3.329770563201687,30.70819111482666,0.7606056073988443,1.0,leptonic_bookkeeping,train
520397,ggH,124.83570765056163,123.94966038564371,1,3,3,146.83166389813528,3.329770563201687,30.70819111482666,0.7606056073988443,1.0,leptonic_bookkeeping,train
251873,ggH,124.83570765056163,123.94966038564371,1,3,3,146.83166389813528,3.329770563201687,30.70819111482666,0.7606056073988443,1.0,leptonic_bookkeeping,train
646647,ggH,124.83570765056163,123.94966038564371,1,3,3,146.83166389813528,3.329770563201687,30.70819111482666,0.7606056073988443,1.0,leptonic_bookkeeping,validation
929516,ggH,124.83570765056163,123.94966038564371,1,3,3,146.83166389813528,3.329770563201687,30.70819111482666,0.7606056073988443,1.0,leptonic_bookkeeping,train
999676,ggH,124.83570765056163,123.94966038564371,1,3,3,146.83166389813528,3.329770563201687,30.70819111482666,0.7606056073988443,1.0,leptonic_bookkeeping,test
83167,ggH,124.83570765056163,123.94966038564371,1,3,3,146.83166389813528,3.329770563201687,30.70819111482666,0.7606056073988443,1.0,leptonic_bookkeeping,train
728838,ggH,124.83570765056163,123.94966038564371,1,3,3,146.83166389813528,3.329770563201687,30.70819111482666,0.7606056073988443,1.0,leptonic_bookkeeping,validation
123480,ggH,124.83570765056163,123.94966038564371,1,3,3,146.83166389813528,3.329770563201687,30.70819111482666,0.7606056073988443,1.0,leptonic_bookkeeping,test
400745,ggH,124.83570765056163,123.94966038564371,1,3,3,146.83166389813528,3.329770563201687,30.70819111482666,0.7606056073988443,1.0,leptonic_bookkeeping,test
656569,ggH,124.83570765056163,123.94966038564371,1,3,3,146.83166389813528,3.329770563201687,30.70819111482666,0.7606056073988443,1.0,leptonic_bookkeeping,validation
849555,ggH,124.83570765056163,123.94966038564371,1,3,3,146.83166389813528,3.329770563201687,30.70819111482666,0.7606056073988443,1.0,leptonic_bookkeeping,train
669763,ggH,124.83570765056163,123.94966038564371,1,3,3,146.83166389813528,3.329770563201687,30.70819111482666,0.7606056073988443,1.0,leptonic_bookkeeping,test
856074,ggH,124.83570765056163,123.94966038564371,1,3,3,146.83166389813528,3.329770563201687,30.70819111482666,0.7606056073988443,1.0,leptonic_bookkeeping,train
806812,ggH,124.83570765056163,123.94966038564371,1,3,3,146.83166389813528,3.329770563201687,30.70819111482666,0.7606056073988443,1.0,leptonic_bookkeeping,train
531518,ggH,124.83570765056163,123.94966038564371,1,3,3,146.83166389813528,3.329770563201687,30.70819111482666,0.7606056073988443,1.0,leptonic_bookkeeping,train
104460,ggH,124.83570765056163,123.94966038564371,1,3,3,146.83166389813528,3.329770563201687,30.70819111482666,0.7606056073988443,1.0,leptonic_bookkeeping,train
585558,ggH,124.83570765056163,123.94966038564371,1,3,3,146.83166389813528,3.329770563201687,30.70819111482666,0.7606056073988443,1.0,leptonic_bookkeeping,validation
30388,ggH,124.83570765056163,123.94966038564371,1,3,3,146.83166389813528,3.329770563201687,30.70819111482666,0.7606056073988443,1.0,leptonic_bookkeeping,test
740593,ggH,124.83570765056163,123.94966038564371,1,3,3,146.83166389813528,3.329770563201687,30.70819111482666,0.7606056073988443,1.0,leptonic_bookkeeping,test
225827,ggH,124.83570765056163,123.94966038564371,1,3,3,146.83166389813528,3.329770563201687,30.70819111482666,0.7606056073988443,1.0,leptonic_bookkeeping,test
560778,ggH,124.83570765056163,123.94966038564371,1,3,3,146.83166389813528,3.329770563201687,30.70819111482666,0.7606056073988443,1.0,leptonic_bookkeeping,train
305323,ggH,124.83570765056163,123.94966038564371,1,3,3,146.83166389813528,3.329770563201687,30.70819111482666,0.7606056073988443,1.0,leptonic_bookkeeping,validation
813135,ggH,124.83570765056163,123.94966038564371,1,3,3,146.83166389813528,3.329770563201687,30.70819111482666,0.7606056073988443,1.0,leptonic_bookkeeping,test
618699,ggH,124.83570765056163,123.94966038564371,1,3,3,146.83166389813528,3.329770563201687,30.70819111482666,0.7606056073988443,1.0,leptonic_bookkeeping,train
354153,ggH,124.83570765056163,123.94966038564371,1,3,3,146.83166389813528,3.329770563201687,30.70819111482666,0.7606056073988443,1.0,leptonic_bookkeeping,train
801203,ggH,124.83570765056163,123.94966038564371,1,3,3,146.83166389813528,3.329770563201687,30.70819111482666,0.7606056073988443,1.0,leptonic_bookkeeping,validation
850846,ggH,124.83570765056163,123.94966038564371,1,3,3,146.83166389813528,3.329770563201687,30.70819111482666,0.7606056073988443,1.0,leptonic_bookkeeping,train
738100,ggH,124.83570765056163,123.94966038564371,1,3,3,146.83166389813528,3.329770563201687,30.70819111482666,0.7606056073988443,1.0,leptonic_bookkeeping,train
827962,ggH,124.83570765056163,123.94966038564371,1,3,3,146.83166389813528,3.329770563201687,30.70819111482666,0.7606056073988443,1.0,leptonic_bookkeeping,train
757946,ggH,124.83570765056163,123.94966038564371,1,3,3,146.83166389813528,3.329770563201687,30.70819111482666,0.7606056073988443,1.0,leptonic_bookkeeping,train
906878,ggH,124.83570765056163,123.94966038564371,1,3,3,146.83166389813528,3.329770563201687,30.70819111482666,0.7606056073988443,1.0,leptonic_bookkeeping,test
273788,ggH,124.83570765056163,123.94966038564371,1,3,3,146.83166389813528,3.329770563201687,30.70819111482666,0.7606056073988443,1.0,leptonic_bookkeeping,train
750725,ggH,124.83570765056163,123.94966038564371,1,3,3,146.83166389813528,3.329770563201687,30.70819111482666,0.7606056073988443,1.0,leptonic_bookkeeping,test
878217,ggH,124.83570765056163,123.94966038564371,1,3,3,146.83166389813528,3.329770563201687,30.70819111482666,0.7606056073988443,1.0,leptonic_bookkeeping,train
503506,ggH,124.83570765056163,123.94966038564371,1,3,3,146.83166389813528,3.329770563201687,30.70819111482666,0.7606056073988443,1.0,leptonic_bookkeeping,test
533178,ggH,124.83570765056163,123.94966038564371,1,3,3,146.83166389813528,3.329770563201687,30.70819111482666,0.7606056073988443,1.0,leptonic_bookkeeping,validation
39068,ggH,124.83570765056163,123.94966038564371,1,3,3,146.83166389813528,3.329770563201687,30.70819111482666,0.7606056073988443,1.0,leptonic_bookkeeping,validation
370675,ggH,124.83570765056163,123.94966038564371,1,3,3,146.83166389813528,3.329770563201687,30.70819111482666,0.7606056073988443,1.0,leptonic_bookkeeping,test
942603,ggH,124.83570765056163,123.94966038564371,1,3,3,146.83166389813528,3.329770563201687,30.70819111482666,0.7606056073988443,1.0,leptonic_bookkeeping,train
841063,ggH,124.83570765056163,123.94966038564371,1,3,3,146.83166389813528,3.329770563201687,30.70819111482666,0.7606056073988443,1.0,leptonic_bookkeeping,train
67362,ggH,124.83570765056163,123.94966038564371,1,3,3,146.83166389813528,3.329770563201687,30.70819111482666,0.7606056073988443,1.0,leptonic_bookkeeping,train
767135,ggH,124.83570765056163,123.94966038564371,1,3,3,146.83166389813528,3.329770563201687,30.70819111482666,0.7606056073988443,1.0,leptonic_bookkeeping,train
315154,ggH,124.83570765056163,123.94966038564371,1,3,3,146.83166389813528,3.329770563201687,30.70819111482666,0.7606056073988443,1.0,leptonic_bookkeeping,train
379814,ggH,124.83570765056163,123.94966038564371,1,3,3,146.83166389813528,3.329770563201687,30.70819111482666,0.7606056073988443,1.0,leptonic_bookkeeping,test
23032,ggH,124.83570765056163,123.94966038564371,1,3,3,146.83166389813528,3.329770563201687,30.70819111482666,0.7606056073988443,1.0,leptonic_bookkeeping,train
831417,ggH,124.83570765056163,123.94966038564371,1,3,3,146.83166389813528,3.329770563201687,30.70819111482666,0.7606056073988443,1.0,leptonic_bookkeeping,validation
219740,ggH,124.83570765056163,123.94966038564371,1,3,3,146.83166389813528,3.329770563201687,30.70819111482666,0.7606056073988443,1.0,leptonic_bookkeeping,train
106273,ggH,124.83570765056163,123.94966038564371,1,3,3,146.83166389813528,3.329770563201687,30.70819111482666,0.7606056073988443,1.0,leptonic_bookkeeping,train
634716,ggH,124.83570765056163,123.94966038564371,1,3,3,146.83166389813528,3.329770563201687,30.70819111482666,0.7606056073988443,1.0,leptonic_bookkeeping,train
533812,ggH,124.83570765056163,123.94966038564371,1,3,3,146.83166389813528,3.329770563201687,30.70819111482666,0.7606056073988443,1.0,leptonic_bookkeeping,validation
450152,ggH,124.83570765056163,123.94966038564371,1,3,3,146.83166389813528,3.329770563201687,30.70819111482666,0.7606056073988443,1.0,leptonic_bookkeeping,validation
370529,ggH,124.83570765056163,123.94966038564371,1,3,3,146.83166389813528,3.329770563201687,30.70819111482666,0.7606056073988443,1.0,leptonic_bookkeeping,test
218244,ggH,124.83570765056163,123.94966038564371,1,3,3,146.83166389813528,3.329770563201687,30.70819111482666,0.7606056073988443,1.0,leptonic_bookkeeping,train
811487,ggH,124.83570765056163,123.94966038564371,1,3,3,146.83166389813528,3.329770563201687,30.70819111482666,0.7606056073988443,1.0,leptonic_bookkeeping,validation
196320,ggH,124.83570765056163,123.94966038564371,1,3,3,146.83166389813528,3.329770563201687,30.70819111482666,0.7606056073988443,1.0,leptonic_bookkeeping,train
363495,ggH,124.83570765056163,123.94966038564371,1,3,3,146.83166389813528,3.329770563201687,30.70819111482666,0.7606056073988443,1.0,leptonic_bookkeeping,train
93879,ggH,124.83570765056163,123.94966038564371,1,3,3,146.83166389813528,3.329770563201687,30.70819111482666,0.7606056073988443,1.0,leptonic_bookkeeping,train
505061,ggH,124.83570765056163,123.94966038564371,1,3,3,146.83166389813528,3.329770563201687,30.70819111482666,0.7606056073988443,1.0,leptonic_bookkeeping,test
658706,ggH,124.83570765056163,123.94966038564371,1,3,3,146.83166389813528,3.329770563201687,30.70819111482666,0.7606056073988443,1.0,leptonic_bookkeeping,test
825601,ggH,124.83570765056163,123.94966038564371,1,3,3,146.83166389813528,3.329770563201687,30.70819111482666,0.7606056073988443,1.0,leptonic_bookkeeping,train
297537,ggH,124.83570765056163,123.94966038564371,1,3,3,146.83166389813528,3.329770563201687,30.70819111482666,0.7606056073988443,1.0,leptonic_bookkeeping,test
772229,ggH,124.83570765056163,123.94966038564371,1,3,3,146.83166389813528,3.329770563201687,30.70819111482666,0.7606056073988443,1.0,leptonic_bookkeeping,test
711039,ggH,124.83570765056163,123.94966038564371,1,3,3,146.83166389813528,3.329770563201687,30.70819111482666,0.7606056073988443,1.0,leptonic_bookkeeping,test
360968,ggH,124.83570765056163,123.94966038564371,1,3,3,146.83166389813528,3.329770563201687,30.70819111482666,0.7606056073988443,1.0,leptonic_bookkeeping,train
566973,ggH,124.83570765056163,123.94966038564371,1,3,3,146.83166389813528,3.329770563201687,30.70819111482666,0.7606056073988443,1.0,leptonic_bookkeeping,test
621623,ggH,124.83570765056163,123.94966038564371,1,3,3,146.83166389813528,3.329770563201687,30.70819111482666,0.7606056073988443,1.0,leptonic_bookkeeping,train
348664,ggH,124.83570765056163,123.94966038564371,1,3,3,146.83166389813528,3.329770563201687,30.70819111482666,0.7606056073988443,1.0,leptonic_bookkeeping,test
314256,ggH,124.83570765056163,123.94966038564371,1,3,3,146.83166389813528,3.329770563201687,30.70819111482666,0.7606056073988443,1.0,leptonic_bookkeeping,train
143510,ggH,124.83570765056163,123.94966038564371,1,3,3,146.83166389813528,3.329770563201687,30.70819111482666,0.7606056073988443,1.0,leptonic_bookkeeping,test
85990,ggH,124.83570765056163,123.94966038564371,1,3,3,146.83166389813528,3.329770563201687,30.70819111482666,0.7606056073988443,1.0,leptonic_bookkeeping,train
522308,ggH,124.83570765056163,123.94966038564371,1,3,3,146.83166389813528,3.329770563201687,30.70819111482666,0.7606056073988443,1.0,leptonic_bookkeeping,validation
790060,ggH,124.83570765056163,123.94966038564371,1,3,3,146.83166389813528,3.329770563201687,30.70819111482666,0.7606056073988443,1.0,leptonic_bookkeeping,validation
693464,ggH,124.83570765056163,123.94966038564371,1,3,3,146.83166389813528,3.329770563201687,30.70819111482666,0.7606056073988443,1.0,leptonic_bookkeeping,train
88337,ggH,124.83570765056163,123.94966038564371,1,3,3,146.83166389813528,3.329770563201687,30.70819111482666,0.7606056073988443,1.0,leptonic_bookkeeping,train
551264,ggH,124.83570765056163,123.94966038564371,1,3,3,146.83166389813528,3.329770563201687,30.70819111482666,0.7606056073988443,1.0,leptonic_bookkeeping,train
739818,ggH,124.83570765056163,123.94966038564371,1,3,3,146.83166389813528,3.329770563201687,30.70819111482666,0.7606056073988443,1.0,leptonic_bookkeeping,validation
824653,ggH,124.83570765056163,123.94966038564371,1,3,3,146.83166389813528,3.329770563201687,30.70819111482666,0.7606056073988443,1.0,leptonic_bookkeeping,test
350920,ggH,124.83570765056163,123.94966038564371,1,3,3,146.83166389813528,3.329770563201687,30.70819111482666,0.7606056073988443,1.0,leptonic_bookkeeping,train
353151,ggH,124.83570765056163,123.94966038564371,1,3,3,146.83166389813528,3.329770563201687,30.70819111482666,0.7606056073988443,1.0,leptonic_bookkeeping,train
924104,ggH,124.83570765056163,123.94966038564371,1,3,3,146.83166389813528,3.329770563201687,30.70819111482666,0.7606056073988443,1.0,leptonic_bookkeeping,validation
46191,ggH,124.83570765056163,123.94966038564371,1,3,3,146.83166389813528,3.329770563201687,30.70819111482666,0.7606056073988443,1.0,leptonic_bookkeeping,train
539654,ggH,124.83570765056163,123.94966038564371,1,3,3,146.83166389813528,3.329770563201687,30.70819111482666,0.7606056073988443,1.0,leptonic_bookkeeping,train
503172,ggH,124.83570765056163,123.94966038564371,1,3,3,146.83166389813528,3.329770563201687,30.70819111482666,0.7606056073988443,1.0,leptonic_bookkeeping,test
940368,ggH,124.83570765056163,123.94966038564371,1,3,3,146.83166389813528,3.329770563201687,30.70819111482666,0.7606056073988443,1.0,leptonic_bookkeeping,train
921680,ggH,124.83570765056163,123.94966038564371,1,3,3,146.83166389813528,3.329770563201687,30.70819111482666,0.7606056073988443,1.0,leptonic_bookkeeping,train
495364,ggH,124.83570765056163,123.94966038564371,1,3,3,146.83166389813528,3.329770563201687,30.70819111482666,0.7606056073988443,1.0,leptonic_bookkeeping,train
887886,ggH,124.83570765056163,123.94966038564371,1,3,3,146.83166389813528,3.329770563201687,30.70819111482666,0.7606056073988443,1.0,leptonic_bookkeeping,train
249007,ggH,124.83570765056163,123.94966038564371,1,3,3,146.83166389813528,3.329770563201687,30.70819111482666,0.7606056073988443,1.0,leptonic_bookkeeping,train
983253,ggH,124.83570765056163,123.94966038564371,1,3,3,146.83166389813528,3.329770563201687,30.70819111482666,0.7606056073988443,1.0,leptonic_bookkeeping,train
659277,ggH,124.83570765056163,123.94966038564371,1,3,3,146.83166389813528,3.329770563201687,30.70819111482666,0.7606056073988443,1.0,leptonic_bookkeeping,test
361876,ggH,124.83570765056163,123.94966038564371,1,3,3,146.83166389813528,3.329770563201687,30.70819111482666,0.7606056073988443,1.0,leptonic_bookkeeping,train
726056,ggH,124.83570765056163,123.94966038564371,1,3,3,146.83166389813528,3.329770563201687,30.70819111482666,0.7606056073988443,1.0,leptonic_bookkeeping,train
467444,ggH,124.83570765056163,123.94966038564371,1,3,3,146.83166389813528,3.329770563201687,30.70819111482666,0.7606056073988443,1.0,leptonic_bookkeeping,train
579551,ggH,124.83570765056163,123.94966038564371,1,3,3,146.83166389813528,3.329770563201687,30.70819111482666,0.7606056073988443,1.0,leptonic_bookkeeping,train
246660,ggH,124.83570765056163,123.94966038564371,1,3,3,146.83166389813528,3.329770563201687,30.70819111482666,0.7606056073988443,1.0,leptonic_bookkeeping,test
733902,ggH,124.83570765056163,123.94966038564371,1,3,3,146.83166389813528,3.329770563201687,30.70819111482666,0.7606056073988443,1.0,leptonic_bookkeeping,train
547492,ggH,124.83570765056163,123.94966038564371,1,3,3,146.83166389813528,3.329770563201687,30.70819111482666,0.7606056073988443,1.0,leptonic_bookkeeping,train
699159,ggH,124.83570765056163,123.94966038564371,1,3,3,146.83166389813528,3.329770563201687,30.70819111482666,0.7606056073988443,1.0,leptonic_bookkeeping,test
288244,ggH,124.83570765056163,123.94966038564371,1,3,3,146.83166389813528,3.329770563201687,30.70819111482666,0.7606056073988443,1.0,leptonic_bookkeeping,test
337904,ggH,124.83570765056163,123.94966038564371,1,3,3,146.83166389813528,3.329770563201687,30.70819111482666,0.7606056073988443,1.0,leptonic_bookkeeping,validation
515181,ggH,124.83570765056163,123.94966038564371,1,3,3,146.83166389813528,3.329770563201687,30.70819111482666,0.7606056073988443,1.0,leptonic_bookkeeping,test
694751,ggH,124.83570765056163,123.94966038564371,1,3,3,146.83166389813528,3.329770563201687,30.70819111482666,0.7606056073988443,1.0,leptonic_bookkeeping,train
407357,ggH,124.83570765056163,123.94966038564371,1,3,3,146.83166389813528,3.329770563201687,30.70819111482666,0.7606056073988443,1.0,leptonic_bookkeeping,train
583303,ggH,124.83570765056163,123.94966038564371,1,3,3,146.83166389813528,3.329770563201687,30.70819111482666,0.7606056073988443,1.0,leptonic_bookkeeping,train
446730,ggH,124.83570765056163,123.94966038564371,1,3,3,146.83166389813528,3.329770563201687,30.70819111482666,0.7606056073988443,1.0,leptonic_bookkeeping,train
792578,ggH,124.83570765056163,123.94966038564371,1,3,3,146.83166389813528,3.329770563201687,30.70819111482666,0.7606056073988443,1.0,leptonic_bookkeeping,test
761030,ggH,124.83570765056163,123.94966038564371,1,3,3,146.83166389813528,3.329770563201687,30.70819111482666,0.7606056073988443,1.0,leptonic_bookkeeping,test
771121,ggH,124.83570765056163,123.94966038564371,1,3,3,146.83166389813528,3.329770563201687,30.70819111482666,0.7606056073988443,1.0,leptonic_bookkeeping,validation
786331,ggH,124.83570765056163,123.94966038564371,1,3,3,146.83166389813528,3.329770563201687,30.70819111482666,0.7606056073988443,1.0,leptonic_bookkeeping,train
265783,ggH,124.83570765056163,123.94966038564371,1,3,3,146.83166389813528,3.329770563201687,30.70819111482666,0.7606056073988443,1.0,leptonic_bookkeeping,validation
556887,ggH,124.83570765056163,123.94966038564371,1,3,3,146.83166389813528,3.329770563201687,30.70819111482666,0.7606056073988443,1.0,leptonic_bookkeeping,train
627678,ggH,124.83570765056163,123.94966038564371,1,3,3,146.83166389813528,3.329770563201687,30.70819111482666,0.7606056073988443,1.0,leptonic_bookkeeping,test
972691,ggH,124.83570765056163,123.94966038564371,1,3,3,146.83166389813528,3.329770563201687,30.70819111482666,0.7606056073988443,1.0,leptonic_bookkeeping,train
877784,ggH,124.83570765056163,123.94966038564371,1,3,3,146.83166389813528,3.329770563201687,30.70819111482666,0.7606056073988443,1.0,leptonic_bookkeeping,train
578614,ggH,124.83570765056163,123.94966038564371,1,3,3,146.83166389813528,3.329770563201687,30.70819111482666,0.7606056073988443,1.0,leptonic_bookkeeping,train
208237,ggH,124.83570765056163,123.94966038564371,1,3,3,146.83166389813528,3.329770563201687,30.70819111482666,0.7606056073988443,1.0,leptonic_bookkeeping,train
797824,ggH,124.83570765056163,123.94966038564371,1,3,3,146.83166389813528,3.329770563201687,30.70819111482666,0.7606056073988443,1.0,leptonic_bookkeeping,train
484846,ggH,124.83570765056163,123.94966038564371,1,3,3,146.83166389813528,3.329770563201687,30.70819111482666,0.7606056073988443,1.0,leptonic_bookkeeping,train
461728,ggH,124.83570765056163,123.94966038564371,1,3,3,146.83166389813528,3.329770563201687,30.70819111482666,0.7606056073988443,1.0,leptonic_bookkeeping,validation
258363,ggH,124.83570765056163,123.94966038564371,1,3,3,146.83166389813528,3.329770563201687,30.70819111482666,0.7606056073988443,1.0,leptonic_bookkeeping,train
536494,ggH,124.83570765056163,123.94966038564371,1,3,3,146.83166389813528,3.329770563201687,30.70819111482666,0.7606056073988443,1.0,leptonic_bookkeeping,train
936195,ggH,124.83570765056163,123.94966038564371,1,3,3,146.83166389813528,3.329770563201687,30.70819111482666,0.7606056073988443,1.0,leptonic_bookkeeping,test
836860,ggH,124.83570765056163,123.94966038564371,1,3,3,146.83166389813528,3.329770563201687,30.70819111482666,0.7606056073988443,1.0,leptonic_bookkeeping,train
997842,ggH,124.83570765056163,123.94966038564371,1,3,3,146.83166389813528,3.329770563201687,30.70819111482666,0.7606056073988443,1.0,leptonic_bookkeeping,validation
720580,ggH,124.83570765056163,123.94966038564371,1,3,3,146.83166389813528,3.329770563201687,30.70819111482666,0.7606056073988443,1.0,leptonic_bookkeeping,test
401709,ggH,124.83570765056163,123.94966038564371,1,3,3,146.83166389813528,3.329770563201687,30.70819111482666,0.7606056073988443,1.0,leptonic_bookkeeping,test
590374,ggH,124.83570765056163,123.94966038564371,1,3,3,146.83166389813528,3.329770563201687,30.70819111482666,0.7606056073988443,1.0,leptonic_bookkeeping,train
244294,ggH,124.83570765056163,123.94966038564371,1,3,3,146.83166389813528,3.329770563201687,30.70819111482666,0.7606056073988443,1.0,leptonic_bookkeeping,validation
626425,ggH,124.83570765056163,123.94966038564371,1,3,3,146.83166389813528,3.329770563201687,30.70819111482666,0.7606056073988443,1.0,leptonic_bookkeeping,validation
101441,ggH,124.83570765056163,123.94966038564371,1,3,3,146.83166389813528,3.329770563201687,30.70819111482666,0.7606056073988443,1.0,leptonic_bookkeeping,test
935525,ggH,124.83570765056163,123.94966038564371,1,3,3,146.83166389813528,3.329770563201687,30.70819111482666,0.7606056073988443,1.0,leptonic_bookkeeping,validation
77776,ggH,124.83570765056163,123.94966038564371,1,3,3,146.83166389813528,3.329770563201687,30.70819111482666,0.7606056073988443,1.0,leptonic_bookkeeping,train
179369,ggH,124.83570765056163,123.94966038564371,1,3,3,146.83166389813528,3.329770563201687,30.70819111482666,0.7606056073988443,1.0,leptonic_bookkeeping,train
540648,ggH,124.83570765056163,123.94966038564371,1,3,3,146.83166389813528,3.329770563201687,30.70819111482666,0.7606056073988443,1.0,leptonic_bookkeeping,train
638687,ggH,124.83570765056163,123.94966038564371,1,3,3,146.83166389813528,3.329770563201687,30.70819111482666,0.7606056073988443,1.0,leptonic_bookkeeping,test
588814,ggH,124.83570765056163,123.94966038564371,1,3,3,146.83166389813528,3.329770563201687,30.70819111482666,0.7606056073988443,1.0,leptonic_bookkeeping,train
618516,ggH,124.83570765056163,123.94966038564371,1,3,3,146.83166389813528,3.329770563201687,30.70819111482666,0.7606056073988443,1.0,leptonic_bookkeeping,test
747539,ggH,124.83570765056163,123.94966038564371,1,3,3,146.83166389813528,3.329770563201687,30.70819111482666,0.7606056073988443,1.0,leptonic_bookkeeping,train
935037,ggH,124.83570765056163,123.94966038564371,1,3,3,146.83166389813528,3.329770563201687,30.70819111482666,0.7606056073988443,1.0,leptonic_bookkeeping,validation
666361,ggH,124.83570765056163,123.94966038564371,1,3,3,146.83166389813528,3.329770563201687,30.70819111482666,0.7606056073988443,1.0,leptonic_bookkeeping,validation
707442,ggH,124.83570765056163,123.94966038564371,1,3,3,146.83166389813528,3.329770563201687,30.70819111482666,0.7606056073988443,1.0,leptonic_bookkeeping,validation
733311,ggH,124.83570765056163,123.94966038564371,1,3,3,146.83166389813528,3.329770563201687,30.70819111482666,0.7606056073988443,1.0,leptonic_bookkeeping,train
642734,ggH,124.83570765056163,123.94966038564371,1,3,3,146.83166389813528,3.329770563201687,30.70819111482666,0.7606056073988443,1.0,leptonic_bookkeeping,train
518046,ggH,124.83570765056163,123.94966038564371,1,3,3,146.83166389813528,3.329770563201687,30.70819111482666,0.7606056073988443,1.0,leptonic_bookkeeping,train
783191,ggH,124.83570765056163,123.94966038564371,1,3,3,146.83166389813528,3.329770563201687,30.70819111482666,0.7606056073988443,1.0,leptonic_bookkeeping,test
766173,ggH,124.83570765056163,123.94966038564371,1,3,3,146.83166389813528,3.329770563201687,30.70819111482666,0.7606056073988443,1.0,leptonic_bookkeeping,train
134163,ggH,124.83570765056163,123.94966038564371,1,3,3,146.83166389813528,3.329770563201687,30.70819111482666,0.7606056073988443,1.0,leptonic_bookkeeping,train
424584,ggH,124.83570765056163,123.94966038564371,1,3,3,146.83166389813528,3.329770563201687,30.70819111482666,0.7606056073988443,1.0,leptonic_bookkeeping,train
481014,ggH,124.83570765056163,123.94966038564371,1,3,3,146.83166389813528,3.329770563201687,30.70819111482666,0.7606056073988443,1.0,leptonic_bookkeeping,validation
496481,ggH,124.83570765056163,123.94966038564371,1,3,3,146.83166389813528,3.329770563201687,30.70819111482666,0.7606056073988443,1.0,leptonic_bookkeeping,train
741956,ggH,124.83570765056163,123.94966038564371,1,3,3,146.83166389813528,3.329770563201687,30.70819111482666,0.7606056073988443,1.0,leptonic_bookkeeping,test
970201,ggH,124.83570765056163,123.94966038564371,1,3,3,146.83166389813528,3.329770563201687,30.70819111482666,0.7606056073988443,1.0,leptonic_bookkeeping,train
398856,ggH,124.83570765056163,123.94966038564371,1,3,3,146.83166389813528,3.329770563201687,30.70819111482666,0.7606056073988443,1.0,leptonic_bookkeeping,validation
405308,ggH,124.83570765056163,123.94966038564371,1,3,3,146.83166389813528,3.329770563201687,30.70819111482666,0.7606056073988443,1.0,leptonic_bookkeeping,train
356943,ggH,124.83570765056163,123.94966038564371,1,3,3,146.83166389813528,3.329770563201687,30.70819111482666,0.7606056073988443,1.0,leptonic_bookkeeping,validation
595634,ggH,124.83570765056163,123.94966038564371,1,3,3,146.83166389813528,3.329770563201687,30.70819111482666,0.7606056073988443,1.0,leptonic_bookkeeping,validation
454890,ggH,124.83570765056163,123.94966038564371,1,3,3,146.83166389813528,3.329770563201687,30.70819111482666,0.7606056073988443,1.0,leptonic_bookkeeping,train
671298,ggH,124.83570765056163,123.94966038564371,1,3,3,146.83166389813528,3.329770563201687,30.70819111482666,0.7606056073988443,1.0,leptonic_bookkeeping,train
514789,ggH,124.83570765056163,123.94966038564371,1,3,3,146.83166389813528,3.329770563201687,30.70819111482666,0.7606056073988443,1.0,leptonic_bookkeeping,test
764081,ggH,124.83570765056163,123.94966038564371,1,3,3,146.83166389813528,3.329770563201687,30.70819111482666,0.7606056073988443,1.0,leptonic_bookkeeping,train
9176,ggH,124.83570765056163,123.94966038564371,1,3,3,146.83166389813528,3.329770563201687,30.70819111482666,0.7606056073988443,1.0,leptonic_bookkeeping,test
285960,ggH,124.83570765056163,123.94966038564371,1,3,3,146.83166389813528,3.329770563201687,30.70819111482666,0.7606056073988443,1.0,leptonic_bookkeeping,validation
112004,ggH,124.83570765056163,123.94966038564371,1,3,3,146.83166389813528,3.329770563201687,30.70819111482666,0.7606056073988443,1.0,leptonic_bookkeeping,test
60748,ggH,124.83570765056163,123.94966038564371,1,3,3,146.83166389813528,3.329770563201687,30.70819111482666,0.7606056073988443,1.0,leptonic_bookkeeping,test
310465,ggH,124.83570765056163,123.94966038564371,1,3,3,146.83166389813528,3.329770563201687,30.70819111482666,0.7606056073988443,1.0,leptonic_bookkeeping,train
525822,ggH,124.83570765056163,123.94966038564371,1,3,3,146.83166389813528,3.329770563201687,30.70819111482666,0.7606056073988443,1.0,leptonic_bookkeeping,train
347427,ggH,124.83570765056163,123.94966038564371,1,3,3,146.83166389813528,3.329770563201687,30.70819111482666,0.7606056073988443,1.0,leptonic_bookkeeping,validation
791539,ggH,124.83570765056163,123.94966038564371,1,3,3,146.83166389813528,3.329770563201687,30.70819111482666,0.7606056073988443,1.0,leptonic_bookkeeping,validation
151413,ggH,124.83570765056163,123.94966038564371,1,3,3,146.83166389813528,3.329770563201687,30.70819111482666,0.7606056073988443,1.0,leptonic_bookkeeping,validation
877293,ggH,124.83570765056163,123.94966038564371,1,3,3,146.83166389813528,3.329770563201687,30.70819111482666,0.7606056073988443,1.0,leptonic_bookkeeping,train
486590,ggH,124.83570765056163,123.94966038564371,1,3,3,146.83166389813528,3.329770563201687,30.70819111482666,0.7606056073988443,1.0,leptonic_bookkeeping,train
236250,ggH,124.83570765056163,123.94966038564371,1,3,3,146.83166389813528,3.329770563201687,30.70819111482666,0.7606056073988443,1.0,leptonic_bookkeeping,test
791388,ggH,124.83570765056163,123.94966038564371,1,3,3,146.83166389813528,3.329770563201687,30.70819111482666,0.7606056073988443,1.0,leptonic_bookkeeping,validation
594221,ggH,124.83570765056163,123.94966038564371,1,3,3,146.83166389813528,3.329770563201687,30.70819111482666,0.7606056073988443,1.0,leptonic_bookkeeping,validation
563265,ggH,124.83570765056163,123.94966038564371,1,3,3,146.83166389813528,3.329770563201687,30.70819111482666,0.7606056073988443,1.0,leptonic_bookkeeping,validation
340263,ggH,124.83570765056163,123.94966038564371,1,3,3,146.83166389813528,3.329770563201687,30.70819111482666,0.7606056073988443,1.0,leptonic_bookkeeping,train
94958,ggH,124.83570765056163,123.94966038564371,1,3,3,146.83166389813528,3.329770563201687,30.70819111482666,0.7606056073988443,1.0,leptonic_bookkeeping,train
432641,ggH,124.83570765056163,123.94966038564371,1,3,3,146.83166389813528,3.329770563201687,30.70819111482666,0.7606056073988443,1.0,leptonic_bookkeeping,test
163993,ggH,124.83570765056163,123.94966038564371,1,3,3,146.83166389813528,3.329770563201687,30.70819111482666,0.7606056073988443,1.0,leptonic_bookkeeping,test
559694,ggH,124.83570765056163,123.94966038564371,1,3,3,146.83166389813528,3.329770563201687,30.70819111482666,0.7606056073988443,1.0,leptonic_bookkeeping,train
158747,ggH,124.83570765056163,123.94966038564371,1,3,3,146.83166389813528,3.329770563201687,30.70819111482666,0.7606056073988443,1.0,leptonic_bookkeeping,train
766902,ggH,124.83570765056163,123.94966038564371,1,3,3,146.83166389813528,3.329770563201687,30.70819111482666,0.7606056073988443,1.0,leptonic_bookkeeping,train
926156,ggH,124.83570765056163,123.94966038564371,1,3,3,146.83166389813528,3.329770563201687,30.70819111482666,0.7606056073988443,1.0,leptonic_bookkeeping,test
13379,ggH,124.83570765056163,123.94966038564371,1,3,3,146.83166389813528,3.329770563201687,30.70819111482666,0.7606056073988443,1.0,leptonic_bookkeeping,train
571849,ggH,124.83570765056163,123.94966038564371,1,3,3,146.83166389813528,3.329770563201687,30.70819111482666,0.7606056073988443,1.0,leptonic_bookkeeping,train
278542,ggH,124.83570765056163,123.94966038564371,1,3,3,146.83166389813528,3.329770563201687,30.70819111482666,0.7606056073988443,1.0,leptonic_bookkeeping,train
222175,ggH,124.83570765056163,123.94966038564371,1,3,3,146.83166389813528,3.329770563201687,30.70819111482666,0.7606056073988443,1.0,leptonic_bookkeeping,train
466313,ggH,124.83570765056163,123.94966038564371,1,3,3,146.83166389813528,3.329770563201687,30.70819111482666,0.7606056073988443,1.0,leptonic_bookkeeping,train
787901,ggH,124.83570765056163,123.94966038564371,1,3,3,146.83166389813528,3.329770563201687,30.70819111482666,0.7606056073988443,1.0,leptonic_bookkeeping,train
452466,ggH,124.83570765056163,123.94966038564371,1,3,3,146.83166389813528,3.329770563201687,30.70819111482666,0.7606056073988443,1.0,leptonic_bookkeeping,test
658814,ggH,124.83570765056163,123.94966038564371,1,3,3,146.83166389813528,3.329770563201687,30.70819111482666,0.7606056073988443,1.0,leptonic_bookkeeping,test
656800,ggH,124.83570765056163,123.94966038564371,1,3,3,146.83166389813528,3.329770563201687,30.70819111482666,0.7606056073988443,1.0,leptonic_bookkeeping,validation
201581,ggH,124.83570765056163,123.94966038564371,1,3,3,146.83166389813528,3.329770563201687,30.70819111482666,0.7606056073988443,1.0,leptonic_bookkeeping,train
582536,ggH,124.83570765056163,123.94966038564371,1,3,3,146.83166389813528,3.329770563201687,30.70819111482666,0.7606056073988443,1.0,leptonic_bookkeeping,train
482147,ggH,124.83570765056163,123.94966038564371,1,3,3,146.83166389813528,3.329770563201687,30.70819111482666,0.7606056073988443,1.0,leptonic_bookkeeping,validation
367575,ggH,124.83570765056163,123.94966038564371,1,3,3,146.83166389813528,3.329770563201687,30.70819111482666,0.7606056073988443,1.0,leptonic_bookkeeping,validation
371937,ggH,124.83570765056163,123.94966038564371,1,3,3,146.83166389813528,3.329770563201687,30.70819111482666,0.7606056073988443,1.0,leptonic_bookkeeping,train
435615,ggH,124.83570765056163,123.94966038564371,1,3,3,146.83166389813528,3.329770563201687,30.70819111482666,0.7606056073988443,1.0,leptonic_bookkeeping,train
833016,ggH,124.83570765056163,123.94966038564371,1,3,3,146.83166389813528,3.329770563201687,30.70819111482666,0.7606056073988443,1.0,leptonic_bookkeeping,test
440630,ggH,124.83570765056163,123.94966038564371,1,3,3,146.83166389813528,3.329770563201687,30.70819111482666,0.7606056073988443,1.0,leptonic_bookkeeping,validation
313857,ggH,124.83570765056163,123.94966038564371,1,3,3,146.83166389813528,3.329770563201687,30.70819111482666,0.7606056073988443,1.0,leptonic_bookkeeping,train
735432,ggH,124.83570765056163,123.94966038564371,1,3,3,146.83166389813528,3.329770563201687,30.70819111482666,0.7606056073988443,1.0,leptonic_bookkeeping,train
211225,ggH,124.83570765056163,123.94966038564371,1,3,3,146.83166389813528,3.329770563201687,30.70819111482666,0.7606056073988443,1.0,leptonic_bookkeeping,train
895360,ggH,124.83570765056163,123.94966038564371,1,3,3,146.83166389813528,3.329770563201687,30.70819111482666,0.7606056073988443,1.0,leptonic_bookkeeping,test
22179,ggH,124.83570765056163,123.94966038564371,1,3,3,146.83166389813528,3.329770563201687,30.70819111482666,0.7606056073988443,1.0,leptonic_bookkeeping,train
639746,ggH,124.83570765056163,123.94966038564371,1,3,3,146.83166389813528,3.329770563201687,30.70819111482666,0.7606056073988443,1.0,leptonic_bookkeeping,train
129574,ggH,124.83570765056163,123.94966038564371,1,3,3,146.83166389813528,3.329770563201687,30.70819111482666,0.7606056073988443,1.0,leptonic_bookkeeping,train
109080,ggH,124.83570765056163,123.94966038564371,1,3,3,146.83166389813528,3.329770563201687,30.70819111482666,0.7606056073988443,1.0,leptonic_bookkeeping,train
808033,ggH,124.83570765056163,123.94966038564371,1,3,3,146.83166389813528,3.329770563201687,30.70819111482666,0.7606056073988443,1.0,leptonic_bookkeeping,train
349638,ggH,124.83570765056163,123.94966038564371,1,3,3,146.83166389813528,3.329770563201687,30.70819111482666,0.7606056073988443,1.0,leptonic_bookkeeping,test
658315,ggH,124.83570765056163,123.94966038564371,1,3,3,146.83166389813528,3.329770563201687,30.70819111482666,0.7606056073988443,1.0,leptonic_bookkeeping,test
791297,ggH,124.83570765056163,123.94966038564371,1,3,3,146.83166389813528,3.329770563201687,30.70819111482666,0.7606056073988443,1.0,leptonic_bookkeeping,validation
129306,ggH,124.83570765056163,123.94966038564371,1,3,3,146.83166389813528,3.329770563201687,30.70819111482666,0.7606056073988443,1.0,leptonic_bookkeeping,train
109486,ggH,124.83570765056163,123.94966038564371,1,3,3,146.83166389813528,3.329770563201687,30.70819111482666,0.7606056073988443,1.0,leptonic_bookkeeping,validation
233594,ggH,124.83570765056163,123.94966038564371,1,3,3,146.83166389813528,3.329770563201687,30.70819111482666,0.7606056073988443,1.0,leptonic_bookkeeping,validation
974863,ggH,124.83570765056163,123.94966038564371,1,3,3,146.83166389813528,3.329770563201687,30.70819111482666,0.7606056073988443,1.0,leptonic_bookkeeping,train
343084,ggH,124.83570765056163,123.94966038564371,1,3,3,146.83166389813528,3.329770563201687,30.70819111482666,0.7606056073988443,1.0,leptonic_bookkeeping,train
532137,ggH,124.83570765056163,123.94966038564371,1,3,3,146.83166389813528,3.329770563201687,30.70819111482666,0.7606056073988443,1.0,leptonic_bookkeeping,validation
179560,ggH,124.83570765056163,123.94966038564371,1,3,3,146.83166389813528,3.329770563201687,30.70819111482666,0.7606056073988443,1.0,leptonic_bookkeeping,train
789506,ggH,124.83570765056163,123.94966038564371,1,3,3,146.83166389813528,3.329770563201687,30.70819111482666,0.7606056073988443,1.0,leptonic_bookkeeping,train
761662,ggH,124.83570765056163,123.94966038564371,1,3,3,146.83166389813528,3.329770563201687,30.70819111482666,0.7606056073988443,1.0,leptonic_bookkeeping,test
350991,ggH,124.83570765056163,123.94966038564371,1,3,3,146.83166389813528,3.329770563201687,30.70819111482666,0.7606056073988443,1.0,leptonic_bookkeeping,train
120173,ggH,124.83570765056163,123.94966038564371,1,3,3,146.83166389813528,3.329770563201687,30.70819111482666,0.7606056073988443,1.0,leptonic_bookkeeping,validation
26266,ggH,124.83570765056163,123.94966038564371,1,3,3,146.83166389813528,3.329770563201687,30.70819111482666,0.7606056073988443,1.0,leptonic_bookkeeping,train
534213,ggH,124.83570765056163,123.94966038564371,1,3,3,146.83166389813528,3.329770563201687,30.70819111482666,0.7606056073988443,1.0,leptonic_bookkeeping,test
621216,ggH,124.83570765056163,123.94966038564371,1,3,3,146.83166389813528,3.329770563201687,30.70819111482666,0.7606056073988443,1.0,leptonic_bookkeeping,train
955826,ggH,124.83570765056163,123.94966038564371,1,3,3,146.83166389813528,3.329770563201687,30.70819111482666,0.7606056073988443,1.0,leptonic_bookkeeping,validation
550956,ggH,124.83570765056163,123.94966038564371,1,3,3,146.83166389813528,3.329770563201687,30.70819111482666,0.7606056073988443,1.0,leptonic_bookkeeping,train
90823,ggH,124.83570765056163,123.94966038564371,1,3,3,146.83166389813528,3.329770563201687,30.70819111482666,0.7606056073988443,1.0,leptonic_bookkeeping,test
173561,ggH,124.83570765056163,123.94966038564371,1,3,3,146.83166389813528,3.329770563201687,30.70819111482666,0.7606056073988443,1.0,leptonic_bookkeeping,test
585406,ggH,124.83570765056163,123.94966038564371,1,3,3,146.83166389813528,3.329770563201687,30.70819111482666,0.7606056073988443,1.0,leptonic_bookkeeping,validation
434416,ggH,124.83570765056163,123.94966038564371,1,3,3,146.83166389813528,3.329770563201687,30.70819111482666,0.7606056073988443,1.0,leptonic_bookkeeping,train
974360,ggH,124.83570765056163,123.94966038564371,1,3,3,146.83166389813528,3.329770563201687,30.70819111482666,0.7606056073988443,1.0,leptonic_bookkeeping,train
41763,ggH,124.83570765056163,123.94966038564371,1,3,3,146.83166389813528,3.329770563201687,30.70819111482666,0.7606056073988443,1.0,leptonic_bookkeeping,train
617094,ggH,124.83570765056163,123.94966038564371,1,3,3,146.83166389813528,3.329770563201687,30.70819111482666,0.7606056073988443,1.0,leptonic_bookkeeping,test
732972,ggH,124.83570765056163,123.94966038564371,1,3,3,146.83166389813528,3.329770563201687,30.70819111482666,0.7606056073988443,1.0,leptonic_bookkeeping,train
24098,ggH,124.83570765056163,123.94966038564371,1,3,3,146.83166389813528,3.329770563201687,30.70819111482666,0.7606056073988443,1.0,leptonic_bookkeeping,train
896291,ggH,124.83570765056163,123.94966038564371,1,3,3,146.83166389813528,3.329770563201687,30.70819111482666,0.7606056073988443,1.0,leptonic_bookkeeping,test
821119,ggH,124.83570765056163,123.94966038564371,1,3,3,146.83166389813528,3.329770563201687,30.70819111482666,0.7606056073988443,1.0,leptonic_bookkeeping,validation
214860,ggH,124.83570765056163,123.94966038564371,1,3,3,146.83166389813528,3.329770563201687,30.70819111482666,0.7606056073988443,1.0,leptonic_bookkeeping,test
174261,ggH,124.83570765056163,123.94966038564371,1,3,3,146.83166389813528,3.329770563201687,30.70819111482666,0.7606056073988443,1.0,leptonic_bookkeeping,test
904914,ggH,124.83570765056163,123.94966038564371,1,3,3,146.83166389813528,3.329770563201687,30.70819111482666,0.7606056073988443,1.0,leptonic_bookkeeping,validation
774316,ggH,124.83570765056163,123.94966038564371,1,3,3,146.83166389813528,3.329770563201687,30.70819111482666,0.7606056073988443,1.0,leptonic_bookkeeping,train
359509,ggH,124.83570765056163,123.94966038564371,1,3,3,146.83166389813528,3.329770563201687,30.70819111482666,0.7606056073988443,1.0,leptonic_bookkeeping,test
577175,ggH,124.83570765056163,123.94966038564371,1,3,3,146.83166389813528,3.329770563201687,30.70819111482666,0.7606056073988443,1.0,leptonic_bookkeeping,test
849800,ggH,124.83570765056163,123.94966038564371,1,3,3,146.83166389813528,3.329770563201687,30.70819111482666,0.7606056073988443,1.0,leptonic_bookkeeping,train
578774,ggH,124.83570765056163,123.94966038564371,1,3,3,146.83166389813528,3.329770563201687,30.70819111482666,0.7606056073988443,1.0,leptonic_bookkeeping,train
181951,ggH,124.83570765056163,123.94966038564371,1,3,3,146.83166389813528,3.329770563201687,30.70819111482666,0.7606056073988443,1.0,leptonic_bookkeeping,validation
923432,ggH,124.83570765056163,123.94966038564371,1,3,3,146.83166389813528,3.329770563201687,30.70819111482666,0.7606056073988443,1.0,leptonic_bookkeeping,train
842021,ggH,124.83570765056163,123.94966038564371,1,3,3,146.83166389813528,3.329770563201687,30.70819111482666,0.7606056073988443,1.0,leptonic_bookkeeping,validation
213755,ggH,124.83570765056163,123.94966038564371,1,3,3,146.83166389813528,3.329770563201687,30.70819111482666,0.7606056073988443,1.0,leptonic_bookkeeping,validation
56457,ggH,124.83570765056163,123.94966038564371,1,3,3,146.83166389813528,3.329770563201687,30.70819111482666,0.7606056073988443,1.0,leptonic_bookkeeping,train
620614,ggH,124.83570765056163,123.94966038564371,1,3,3,146.83166389813528,3.329770563201687,30.70819111482666,0.7606056073988443,1.0,leptonic_bookkeeping,train
906386,ggH,124.83570765056163,123.94966038564371,1,3,3,146.83166389813528,3.329770563201687,30.70819111482666,0.7606056073988443,1.0,leptonic_bookkeeping,test
233518,ggH,124.83570765056163,123.94966038564371,1,3,3,146.83166389813528,3.329770563201687,30.70819111482666,0.7606056073988443,1.0,leptonic_bookkeeping,validation
235097,ggH,124.83570765056163,123.94966038564371,1,3,3,146.83166389813528,3.329770563201687,30.70819111482666,0.7606056073988443,1.0,leptonic_bookkeeping,test
411017,ggH,124.83570765056163,123.94966038564371,1,3,3,146.83166389813528,3.329770563201687,30.70819111482666,0.7606056073988443,1.0,leptonic_bookkeeping,test
614197,ggH,124.83570765056163,123.94966038564371,1,3,3,146.83166389813528,3.329770563201687,30.70819111482666,0.7606056073988443,1.0,leptonic_bookkeeping,train
846044,ggH,124.83570765056163,123.94966038564371,1,3,3,146.83166389813528,3.329770563201687,30.70819111482666,0.7606056073988443,1.0,leptonic_bookkeeping,train
432765,ggH,124.83570765056163,123.94966038564371,1,3,3,146.83166389813528,3.329770563201687,30.70819111482666,0.7606056073988443,1.0,leptonic_bookkeeping,test
737550,ggH,124.83570765056163,123.94966038564371,1,3,3,146.83166389813528,3.329770563201687,30.70819111482666,0.7606056073988443,1.0,leptonic_bookkeeping,train
650375,ggH,124.83570765056163,123.94966038564371,1,3,3,146.83166389813528,3.329770563201687,30.70819111482666,0.7606056073988443,1.0,leptonic_bookkeeping,train
871985,ggH,124.83570765056163,123.94966038564371,1,3,3,146.83166389813528,3.329770563201687,30.70819111482666,0.7606056073988443,1.0,leptonic_bookkeeping,train
260441,ggH,124.83570765056163,123.94966038564371,1,3,3,146.83166389813528,3.329770563201687,30.70819111482666,0.7606056073988443,1.0,leptonic_bookkeeping,train
223518,ggH,124.83570765056163,123.94966038564371,1,3,3,146.83166389813528,3.329770563201687,30.70819111482666,0.7606056073988443,1.0,leptonic_bookkeeping,validation
922343,ggH,124.83570765056163,123.94966038564371,1,3,3,146.83166389813528,3.329770563201687,30.70819111482666,0.7606056073988443,1.0,leptonic_bookkeeping,train
912815,ggH,124.83570765056163,123.94966038564371,1,3,3,146.83166389813528,3.329770563201687,30.70819111482666,0.7606056073988443,1.0,leptonic_bookkeeping,train
597652,ggH,124.83570765056163,123.94966038564371,1,3,3,146.83166389813528,3.329770563201687,30.70819111482666,0.7606056073988443,1.0,leptonic_bookkeeping,test
623287,ggH,124.83570765056163,123.94966038564371,1,3,3,146.83166389813528,3.329770563201687,30.70819111482666,0.7606056073988443,1.0,leptonic_bookkeeping,train
862392,ggH,124.83570765056163,123.94966038564371,1,3,3,146.83166389813528,3.329770563201687,30.70819111482666,0.7606056073988443,1.0,leptonic_bookkeeping,validation
868484,ggH,124.83570765056163,123.94966038564371,1,3,3,146.83166389813528,3.329770563201687,30.70819111482666,0.7606056073988443,1.0,leptonic_bookkeeping,train
488676,ggH,124.83570765056163,123.94966038564371,1,3,3,146.83166389813528,3.329770563201687,30.70819111482666,0.7606056073988443,1.0,leptonic_bookkeeping,train
929049,ggH,124.83570765056163,123.94966038564371,1,3,3,146.83166389813528,3.329770563201687,30.70819111482666,0.7606056073988443,1.0,leptonic_bookkeeping,train
240863,ggH,124.83570765056163,123.94966038564371,1,3,3,146.83166389813528,3.329770563201687,30.70819111482666,0.7606056073988443,1.0,leptonic_bookkeeping,train
219660,ggH,124.83570765056163,123.94966038564371,1,3,3,146.83166389813528,3.329770563201687,30.70819111482666,0.7606056073988443,1.0,leptonic_bookkeeping,train
959140,ggH,124.83570765056163,123.94966038564371,1,3,3,146.83166389813528,3.329770563201687,30.70819111482666,0.7606056073988443,1.0,leptonic_bookkeeping,train
331779,ggH,124.83570765056163,123.94966038564371,1,3,3,146.83166389813528,3.329770563201687,30.70819111482666,0.7606056073988443,1.0,leptonic_bookkeeping,train
4872,ggH,124.83570765056163,123.94966038564371,1,3,3,146.83166389813528,3.329770563201687,30.70819111482666,0.7606056073988443,1.0,leptonic_bookkeeping,train
325417,ggH,124.83570765056163,123.94966038564371,1,3,3,146.83166389813528,3.329770563201687,30.70819111482666,0.7606056073988443,1.0,leptonic_bookkeeping,train
360154,ggH,124.83570765056163,123.94966038564371,1,3,3,146.83166389813528,3.329770563201687,30.70819111482666,0.7606056073988443,1.0,leptonic_bookkeeping,test
965030,ggH,124.83570765056163,123.94966038564371,1,3,3,146.83166389813528,3.329770563201687,30.70819111482666,0.7606056073988443,1.0,leptonic_bookkeeping,validation
263032,ggH,124.83570765056163,123.94966038564371,1,3,3,146.83166389813528,3.329770563201687,30.70819111482666,0.7606056073988443,1.0,leptonic_bookkeeping,train
363332,ggH,124.83570765056163,123.94966038564371,1,3,3,146.83166389813528,3.329770563201687,30.70819111482666,0.7606056073988443,1.0,leptonic_bookkeeping,train
63134,ggH,124.83570765056163,123.94966038564371,1,3,3,146.83166389813528,3.329770563201687,30.70819111482666,0.7606056073988443,1.0,leptonic_bookkeeping,train
146794,ggH,124.83570765056163,123.94966038564371,1,3,3,146.83166389813528,3.329770563201687,30.70819111482666,0.7606056073988443,1.0,leptonic_bookkeeping,train
8769,ggH,124.83570765056163,123.94966038564371,1,3,3,146.83166389813528,3.329770563201687,30.70819111482666,0.7606056073988443,1.0,leptonic_bookkeeping,test
2807,ggH,124.83570765056163,123.94966038564371,1,3,3,146.83166389813528,3.329770563201687,30.70819111482666,0.7606056073988443,1.0,leptonic_bookkeeping,train
156023,ggH,124.83570765056163,123.94966038564371,1,3,3,146.83166389813528,3.329770563201687,30.70819111482666,0.7606056073988443,1.0,leptonic_bookkeeping,train
790117,ggH,124.83570765056163,123.94966038564371,1,3,3,146.83166389813528,3.329770563201687,30.70819111482666,0.7606056073988443,1.0,leptonic_bookkeeping,validation
512233,ggH,124.83570765056163,123.94966038564371,1,3,3,146.83166389813528,3.329770563201687,30.70819111482666,0.7606056073988443,1.0,leptonic_bookkeeping,validation
149481,ggH,124.83570765056163,123.94966038564371,1,3,3,146.83166389813528,3.329770563201687,30.70819111482666,0.7606056073988443,1.0,leptonic_bookkeeping,train
592485,ggH,124.83570765056163,123.94966038564371,1,3,3,146.83166389813528,3.329770563201687,30.70819111482666,0.7606056073988443,1.0,leptonic_bookkeeping,train
124708,ggH,124.83570765056163,123.94966038564371,1,3,3,146.83166389813528,3.329770563201687,30.70819111482666,0.7606056073988443,1.0,leptonic_bookkeeping,train
868422,ggH,124.83570765056163,123.94966038564371,1,3,3,146.83166389813528,3.329770563201687,30.70819111482666,0.7606056073988443,1.0,leptonic_bookkeeping,train
862149,ggH,124.83570765056163,123.94966038564371,1,3,3,146.83166389813528,3.329770563201687,30.70819111482666,0.7606056073988443,1.0,leptonic_bookkeeping,validation
284960,ggH,124.83570765056163,123.94966038564371,1,3,3,146.83166389813528,3.329770563201687,30.70819111482666,0.7606056073988443,1.0,leptonic_bookkeeping,validation
671885,ggH,124.83570765056163,123.94966038564371,1,3,3,146.83166389813528,3.329770563201687,30.70819111482666,0.7606056073988443,1.0,leptonic_bookkeeping,train
857662,ggH,124.83570765056163,123.94966038564371,1,3,3,146.83166389813528,3.329770563201687,30.70819111482666,0.7606056073988443,1.0,leptonic_bookkeeping,train
363159,ggH,124.83570765056163,123.94966038564371,1,3,3,146.83166389813528,3.329770563201687,30.70819111482666,0.7606056073988443,1.0,leptonic_bookkeeping,train
907547,ggH,124.83570765056163,123.94966038564371,1,3,3,146.83166389813528,3.329770563201687,30.70819111482666,0.7606056073988443,1.0,leptonic_bookkeeping,train
766637,ggH,124.83570765056163,123.94966038564371,1,3,3,146.83166389813528,3.329770563201687,30.70819111482666,0.7606056073988443,1.0,leptonic_bookkeeping,train
816206,ggH,124.83570765056163,123.94966038564371,1,3,3,146.83166389813528,3.329770563201687,30.70819111482666,0.7606056073988443,1.0,leptonic_bookkeeping,train
258990,ggH,124.83570765056163,123.94966038564371,1,3,3,146.83166389813528,3.329770563201687,30.70819111482666,0.7606056073988443,1.0,leptonic_bookkeeping,train
795775,ggH,124.83570765056163,123.94966038564371,1,3,3,146.83166389813528,3.329770563201687,30.70819111482666,0.7606056073988443,1.0,leptonic_bookkeeping,train
729170,ggH,124.83570765056163,123.94966038564371,1,3,3,146.83166389813528,3.329770563201687,30.70819111482666,0.7606056073988443,1.0,leptonic_bookkeeping,validation
128140,ggH,124.83570765056163,123.94966038564371,1,3,3,146.83166389813528,3.329770563201687,30.70819111482666,0.7606056073988443,1.0,leptonic_bookkeeping,train
533634,ggH,124.83570765056163,123.94966038564371,1,3,3,146.83166389813528,3.329770563201687,30.70819111482666,0.7606056073988443,1.0,leptonic_bookkeeping,validation
60955,ggH,124.83570765056163,123.94966038564371,1,3,3,146.83166389813528,3.329770563201687,30.70819111482666,0.7606056073988443,1.0,leptonic_bookkeeping,test
840289,ggH,124.83570765056163,123.94966038564371,1,3,3,146.83166389813528,3.329770563201687,30.70819111482666,0.7606056073988443,1.0,leptonic_bookkeeping,train
881718,ggH,124.83570765056163,123.94966038564371,1,3,3,146.83166389813528,3.329770563201687,30.70819111482666,0.7606056073988443,1.0,leptonic_bookkeeping,train
236387,ggH,124.83570765056163,123.94966038564371,1,3,3,146.83166389813528,3.329770563201687,30.70819111482666,0.7606056073988443,1.0,leptonic_bookkeeping,test
45785,ggH,124.83570765056163,123.94966038564371,1,3,3,146.83166389813528,3.329770563201687,30.70819111482666,0.7606056073988443,1.0,leptonic_bookkeeping,train
801033,ggH,124.83570765056163,123.94966038564371,1,3,3,146.83166389813528,3.329770563201687,30.70819111482666,0.7606056073988443,1.0,leptonic_bookkeeping,validation
18617,ggH,124.83570765056163,123.94966038564371,1,3,3,146.83166389813528,3.329770563201687,30.70819111482666,0.7606056073988443,1.0,leptonic_bookkeeping,test
801739,ggH,124.83570765056163,123.94966038564371,1,3,3,146.83166389813528,3.329770563201687,30.70819111482666,0.7606056073988443,1.0,leptonic_bookkeeping,validation
262739,ggH,124.83570765056163,123.94966038564371,1,3,3,146.83166389813528,3.329770563201687,30.70819111482666,0.7606056073988443,1.0,leptonic_bookkeeping,train
556545,ggH,124.83570765056163,123.94966038564371,1,3,3,146.83166389813528,3.329770563201687,30.70819111482666,0.7606056073988443,1.0,leptonic_bookkeeping,test
317591,ggH,124.83570765056163,123.94966038564371,1,3,3,146.83166389813528,3.329770563201687,30.70819111482666,0.7606056073988443,1.0,leptonic_bookkeeping,test
752175,ggH,124.83570765056163,123.94966038564371,1,3,3,146.83166389813528,3.329770563201687,30.70819111482666,0.7606056073988443,1.0,leptonic_bookkeeping,test
369193,ggH,124.83570765056163,123.94966038564371,1,3,3,146.83166389813528,3.329770563201687,30.70819111482666,0.7606056073988443,1.0,leptonic_bookkeeping,test
997372,ggH,124.83570765056163,123.94966038564371,1,3,3,146.83166389813528,3.329770563201687,30.70819111482666,0.7606056073988443,1.0,leptonic_bookkeeping,validation
670465,ggH,124.83570765056163,123.94966038564371,1,3,3,146.83166389813528,3.329770563201687,30.70819111482666,0.7606056073988443,1.0,leptonic_bookkeeping,train
480680,ggH,124.83570765056163,123.94966038564371,1,3,3,146.83166389813528,3.329770563201687,30.70819111482666,0.7606056073988443,1.0,leptonic_bookkeeping,validation
153803,ggH,124.83570765056163,123.94966038564371,1,3,3,146.83166389813528,3.329770563201687,30.70819111482666,0.7606056073988443,1.0,leptonic_bookkeeping,test
629237,ggH,124.83570765056163,123.94966038564371,1,3,3,146.83166389813528,3.329770563201687,30.70819111482666,0.7606056073988443,1.0,leptonic_bookkeeping,train
79022,ggH,124.83570765056163,123.94966038564371,1,3,3,146.83166389813528,3.329770563201687,30.70819111482666,0.7606056073988443,1.0,leptonic_bookkeeping,validation
640441,ggH,124.83570765056163,123.94966038564371,1,3,3,146.83166389813528,3.329770563201687,30.70819111482666,0.7606056073988443,1.0,leptonic_bookkeeping,train
612467,ggH,124.83570765056163,123.94966038564371,1,3,3,146.83166389813528,3.329770563201687,30.70819111482666,0.7606056073988443,1.0,leptonic_bookkeeping,train
410413,ggH,124.83570765056163,123.94966038564371,1,3,3,146.83166389813528,3.329770563201687,30.70819111482666,0.7606056073988443,1.0,leptonic_bookkeeping,test
628829,ggH,124.83570765056163,123.94966038564371,1,3,3,146.83166389813528,3.329770563201687,30.70819111482666,0.7606056073988443,1.0,leptonic_bookkeeping,test
877089,ggH,124.83570765056163,123.94966038564371,1,3,3,146.83166389813528,3.329770563201687,30.70819111482666,0.7606056073988443,1.0,leptonic_bookkeeping,train
44688,ggH,124.83570765056163,123.94966038564371,1,3,3,146.83166389813528,3.329770563201687,30.70819111482666,0.7606056073988443,1.0,leptonic_bookkeeping,train
477684,ggH,124.83570765056163,123.94966038564371,1,3,3,146.83166389813528,3.329770563201687,30.70819111482666,0.7606056073988443,1.0,leptonic_bookkeeping,train
243915,ggH,124.83570765056163,123.94966038564371,1,3,3,146.83166389813528,3.329770563201687,30.70819111482666,0.7606056073988443,1.0,leptonic_bookkeeping,validation
724288,ggH,124.83570765056163,123.94966038564371,1,3,3,146.83166389813528,3.329770563201687,30.70819111482666,0.7606056073988443,1.0,leptonic_bookkeeping,train
15507,ggH,124.83570765056163,123.94966038564371,1,3,3,146.83166389813528,3.329770563201687,30.70819111482666,0.7606056073988443,1.0,leptonic_bookkeeping,train
663113,ggH,124.83570765056163,123.94966038564371,1,3,3,146.83166389813528,3.329770563201687,30.70819111482666,0.7606056073988443,1.0,leptonic_bookkeeping,train
95371,ggH,124.83570765056163,123.94966038564371,1,3,3,146.83166389813528,3.329770563201687,30.70819111482666,0.7606056073988443,1.0,leptonic_bookkeeping,train
71548,ggH,124.83570765056163,123.94966038564371,1,3,3,146.83166389813528,3.329770563201687,30.70819111482666,0.7606056073988443,1.0,leptonic_bookkeeping,test
187916,ggH,124.83570765056163,123.94966038564371,1,3,3,146.83166389813528,3.329770563201687,30.70819111482666,0.7606056073988443,1.0,leptonic_bookkeeping,train
410749,ggH,124.83570765056163,123.94966038564371,1,3,3,146.83166389813528,3.329770563201687,30.70819111482666,0.7606056073988443,1.0,leptonic_bookkeeping,test
623877,ggH,124.83570765056163,123.94966038564371,1,3,3,146.83166389813528,3.329770563201687,30.70819111482666,0.7606056073988443,1.0,leptonic_bookkeeping,train
551316,ggH,124.83570765056163,123.94966038564371,1,3,3,146.83166389813528,3.329770563201687,30.70819111482666,0.7606056073988443,1.0,leptonic_bookkeeping,train
164941,ggH,124.83570765056163,123.94966038564371,1,3,3,146.83166389813528,3.329770563201687,30.70819111482666,0.7606056073988443,1.0,leptonic_bookkeeping,test
302970,ggH,124.83570765056163,123.94966038564371,1,3,3,146.83166389813528,3.329770563201687,30.70819111482666,0.7606056073988443,1.0,leptonic_bookkeeping,train
829118,ggH,124.83570765056163,123.94966038564371,1,3,3,146.83166389813528,3.329770563201687,30.70819111482666,0.7606056073988443,1.0,leptonic_bookkeeping,train
764780,ggH,124.83570765056163,123.94966038564371,1,3,3,146.83166389813528,3.329770563201687,30.70819111482666,0.7606056073988443,1.0,leptonic_bookkeeping,train
468220,ggH,124.83570765056163,123.94966038564371,1,3,3,146.83166389813528,3.329770563201687,30.70819111482666,0.7606056073988443,1.0,leptonic_bookkeeping,train
374736,ggH,124.83570765056163,123.94966038564371,1,3,3,146.83166389813528,3.329770563201687,30.70819111482666,0.7606056073988443,1.0,leptonic_bookkeeping,train
72760,ggH,124.83570765056163,123.94966038564371,1,3,3,146.83166389813528,3.329770563201687,30.70819111482666,0.7606056073988443,1.0,leptonic_bookkeeping,train
885210,ggH,124.83570765056163,123.94966038564371,1,3,3,146.83166389813528,3.329770563201687,30.70819111482666,0.7606056073988443,1.0,leptonic_bookkeeping,test
391391,ggH,124.83570765056163,123.94966038564371,1,3,3,146.83166389813528,3.329770563201687,30.70819111482666,0.7606056073988443,1.0,leptonic_bookkeeping,test
37253,ggH,124.83570765056163,123.94966038564371,1,3,3,146.83166389813528,3.329770563201687,30.70819111482666,0.7606056073988443,1.0,leptonic_bookkeeping,validation
519037,ggH,124.83570765056163,123.94966038564371,1,3,3,146.83166389813528,3.329770563201687,30.70819111482666,0.7606056073988443,1.0,leptonic_bookkeeping,train
507467,ggH,124.83570765056163,123.94966038564371,1,3,3,146.83166389813528,3.329770563201687,30.70819111482666,0.7606056073988443,1.0,leptonic_bookkeeping,train
571321,ggH,124.83570765056163,123.94966038564371,1,3,3,146.83166389813528,3.329770563201687,30.70819111482666,0.7606056073988443,1.0,leptonic_bookkeeping,train
796375,ggH,124.83570765056163,123.94966038564371,1,3,3,146.83166389813528,3.329770563201687,30.70819111482666,0.7606056073988443,1.0,leptonic_bookkeeping,train
527724,ggH,124.83570765056163,123.94966038564371,1,3,3,146.83166389813528,3.329770563201687,30.70819111482666,0.7606056073988443,1.0,leptonic_bookkeeping,train
270494,ggH,124.83570765056163,123.94966038564371,1,3,3,146.83166389813528,3.329770563201687,30.70819111482666,0.7606056073988443,1.0,leptonic_bookkeeping,train
803709,ggH,124.83570765056163,123.94966038564371,1,3,3,146.83166389813528,3.329770563201687,30.70819111482666,0.7606056073988443,1.0,leptonic_bookkeeping,test
542600,ggH,124.83570765056163,123.94966038564371,1,3,3,146.83166389813528,3.329770563201687,30.70819111482666,0.7606056073988443,1.0,leptonic_bookkeeping,validation
210903,ggH,124.83570765056163,123.94966038564371,1,3,3,146.83166389813528,3.329770563201687,30.70819111482666,0.7606056073988443,1.0,leptonic_bookkeeping,train
314832,ggH,124.83570765056163,123.94966038564371,1,3,3,146.83166389813528,3.329770563201687,30.70819111482666,0.7606056073988443,1.0,leptonic_bookkeeping,train
914362,ggH,124.83570765056163,123.94966038564371,1,3,3,146.83166389813528,3.329770563201687,30.70819111482666,0.7606056073988443,1.0,leptonic_bookkeeping,validation
490380,ggH,124.83570765056163,123.94966038564371,1,3,3,146.83166389813528,3.329770563201687,30.70819111482666,0.7606056073988443,1.0,leptonic_bookkeeping,train
217810,ggH,124.83570765056163,123.94966038564371,1,3,3,146.83166389813528,3.329770563201687,30.70819111482666,0.7606056073988443,1.0,leptonic_bookkeeping,train
865333,ggH,124.83570765056163,123.94966038564371,1,3,3,146.83166389813528,3.329770563201687,30.70819111482666,0.7606056073988443,1.0,leptonic_bookkeeping,test
440013,ggH,124.83570765056163,123.94966038564371,1,3,3,146.83166389813528,3.329770563201687,30.70819111482666,0.7606056073988443,1.0,leptonic_bookkeeping,validation
795398,ggH,124.83570765056163,123.94966038564371,1,3,3,146.83166389813528,3.329770563201687,30.70819111482666,0.7606056073988443,1.0,leptonic_bookkeeping,train
391319,ggH,124.83570765056163,123.94966038564371,1,3,3,146.83166389813528,3.329770563201687,30.70819111482666,0.7606056073988443,1.0,leptonic_bookkeeping,test
254134,ggH,124.83570765056163,123.94966038564371,1,3,3,146.83166389813528,3.329770563201687,30.70819111482666,0.7606056073988443,1.0,leptonic_bookkeeping,validation
106217,ggH,124.83570765056163,123.94966038564371,1,3,3,146.83166389813528,3.329770563201687,30.70819111482666,0.7606056073988443,1.0,leptonic_bookkeeping,train
150512,ggH,124.83570765056163,123.94966038564371,1,3,3,146.83166389813528,3.329770563201687,30.70819111482666,0.7606056073988443,1.0,leptonic_bookkeeping,train
87435,ggH,124.83570765056163,123.94966038564371,1,3,3,146.83166389813528,3.329770563201687,30.70819111482666,0.7606056073988443,1.0,leptonic_bookkeeping,train
965590,ggH,124.83570765056163,123.94966038564371,1,3,3,146.83166389813528,3.329770563201687,30.70819111482666,0.7606056073988443,1.0,leptonic_bookkeeping,validation
858608,ggH,124.83570765056163,123.94966038564371,1,3,3,146.83166389813528,3.329770563201687,30.70819111482666,0.7606056073988443,1.0,leptonic_bookkeeping,train
593231,ggH,124.83570765056163,123.94966038564371,1,3,3,146.83166389813528,3.329770563201687,30.70819111482666,0.7606056073988443,1.0,leptonic_bookkeeping,train
879988,ggH,124.83570765056163,123.94966038564371,1,3,3,146.83166389813528,3.329770563201687,30.70819111482666,0.7606056073988443,1.0,leptonic_bookkeeping,train
836893,ggH,124.83570765056163,123.94966038564371,1,3,3,146.83166389813528,3.329770563201687,30.70819111482666,0.7606056073988443,1.0,leptonic_bookkeeping,train
779779,ggH,124.83570765056163,123.94966038564371,1,3,3,146.83166389813528,3.329770563201687,30.70819111482666,0.7606056073988443,1.0,leptonic_bookkeeping,validation
156958,ggH,124.83570765056163,123.94966038564371,1,3,3,146.83166389813528,3.329770563201687,30.70819111482666,0.7606056073988443,1.0,leptonic_bookkeeping,train
537289,ggH,124.83570765056163,123.94966038564371,1,3,3,146.83166389813528,3.329770563201687,30.70819111482666,0.7606056073988443,1.0,leptonic_bookkeeping,train
757366,ggH,124.83570765056163,123.94966038564371,1,3,3,146.83166389813528,3.329770563201687,30.70819111482666,0.7606056073988443,1.0,leptonic_bookkeeping,train
870156,ggH,124.83570765056163,123.94966038564371,1,3,3,146.83166389813528,3.329770563201687,30.70819111482666,0.7606056073988443,1.0,leptonic_bookkeeping,train
876028,ggH,124.83570765056163,123.94966038564371,1,3,3,146.83166389813528,3.329770563201687,30.70819111482666,0.7606056073988443,1.0,leptonic_bookkeeping,test
937036,ggH,124.83570765056163,123.94966038564371,1,3,3,146.83166389813528,3.329770563201687,30.70819111482666,0.7606056073988443,1.0,leptonic_bookkeeping,test
583556,ggH,124.83570765056163,123.94966038564371,1,3,3,146.83166389813528,3.329770563201687,30.70819111482666,0.7606056073988443,1.0,leptonic_bookkeeping,validation
22639,ggH,124.83570765056163,123.94966038564371,1,3,3,146.83166389813528,3.329770563201687,30.70819111482666,0.7606056073988443,1.0,leptonic_bookkeeping,train
214514,ggH,124.83570765056163,123.94966038564371,1,3,3,146.83166389813528,3.329770563201687,30.70819111482666,0.7606056073988443,1.0,leptonic_bookkeeping,test
194426,ggH,124.83570765056163,123.94966038564371,1,3,3,146.83166389813528,3.329770563201687,30.70819111482666,0.7606056073988443,1.0,leptonic_bookkeeping,test
707033,ggH,124.83570765056163,123.94966038564371,1,3,3,146.83166389813528,3.329770563201687,30.70819111482666,0.7606056073988443,1.0,leptonic_bookkeeping,train
976990,ggH,124.83570765056163,123.94966038564371,1,3,3,146.83166389813528,3.329770563201687,30.70819111482666,0.7606056073988443,1.0,leptonic_bookkeeping,validation
32540,ggH,124.83570765056163,123.94966038564371,1,3,3,146.83166389813528,3.329770563201687,30.70819111482666,0.7606056073988443,1.0,leptonic_bookkeeping,train
17561,ggH,124.83570765056163,123.94966038564371,1,3,3,146.83166389813528,3.329770563201687,30.70819111482666,0.7606056073988443,1.0,leptonic_bookkeeping,validation
498711,ggH,124.83570765056163,123.94966038564371,1,3,3,146.83166389813528,3.329770563201687,30.70819111482666,0.7606056073988443,1.0,leptonic_bookkeeping,train
791114,ggH,124.83570765056163,123.94966038564371,1,3,3,146.83166389813528,3.329770563201687,30.70819111482666,0.7606056073988443,1.0,leptonic_bookkeeping,validation
632419,ggH,124.83570765056163,123.94966038564371,1,3,3,146.83166389813528,3.329770563201687,30.70819111482666,0.7606056073988443,1.0,leptonic_bookkeeping,train
903628,ggH,124.83570765056163,123.94966038564371,1,3,3,146.83166389813528,3.329770563201687,30.70819111482666,0.7606056073988443,1.0,leptonic_bookkeeping,validation
973076,ggH,124.83570765056163,123.94966038564371,1,3,3,146.83166389813528,3.329770563201687,30.70819111482666,0.7606056073988443,1.0,leptonic_bookkeeping,train
878745,ggH,124.83570765056163,123.94966038564371,1,3,3,146.83166389813528,3.329770563201687,30.70819111482666,0.7606056073988443,1.0,leptonic_bookkeeping,train
852567,ggH,124.83570765056163,123.94966038564371,1,3,3,146.83166389813528,3.329770563201687,30.70819111482666,0.7606056073988443,1.0,leptonic_bookkeeping,validation
200654,ggH,124.83570765056163,123.94966038564371,1,3,3,146.83166389813528,3.329770563201687,30.70819111482666,0.7606056073988443,1.0,leptonic_bookkeeping,train
158916,ggH,124.83570765056163,123.94966038564371,1,3,3,146.83166389813528,3.329770563201687,30.70819111482666,0.7606056073988443,1.0,leptonic_bookkeeping,train
352523,ggH,124.83570765056163,123.94966038564371,1,3,3,146.83166389813528,3.329770563201687,30.70819111482666,0.7606056073988443,1.0,leptonic_bookkeeping,train
17755,ggH,124.83570765056163,123.94966038564371,1,3,3,146.83166389813528,3.329770563201687,30.70819111482666,0.7606056073988443,1.0,leptonic_bookkeeping,validation
980835,ggH,124.83570765056163,123.94966038564371,1,3,3,146.83166389813528,3.329770563201687,30.70819111482666,0.7606056073988443,1.0,leptonic_bookkeeping,train
105800,ggH,124.83570765056163,123.94966038564371,1,3,3,146.83166389813528,3.329770563201687,30.70819111482666,0.7606056073988443,1.0,leptonic_bookkeeping,train
342182,ggH,124.83570765056163,123.94966038564371,1,3,3,146.83166389813528,3.329770563201687,30.70819111482666,0.7606056073988443,1.0,leptonic_bookkeeping,train
566449,ggH,124.83570765056163,123.94966038564371,1,3,3,146.83166389813528,3.329770563201687,30.70819111482666,0.7606056073988443,1.0,leptonic_bookkeeping,test
58766,ggH,124.83570765056163,123.94966038564371,1,3,3,146.83166389813528,3.329770563201687,30.70819111482666,0.7606056073988443,1.0,leptonic_bookkeeping,validation
665417,ggH,124.83570765056163,123.94966038564371,1,3,3,146.83166389813528,3.329770563201687,30.70819111482666,0.7606056073988443,1.0,leptonic_bookkeeping,train
861578,ggH,124.83570765056163,123.94966038564371,1,3,3,146.83166389813528,3.329770563201687,30.70819111482666,0.7606056073988443,1.0,leptonic_bookkeeping,train
661778,ggH,124.83570765056163,123.94966038564371,1,3,3,146.83166389813528,3.329770563201687,30.70819111482666,0.7606056073988443,1.0,leptonic_bookkeeping,train
702824,ggH,124.83570765056163,123.94966038564371,1,3,3,146.83166389813528,3.329770563201687,30.70819111482666,0.7606056073988443,1.0,leptonic_bookkeeping,train
60145,ggH,124.83570765056163,123.94966038564371,1,3,3,146.83166389813528,3.329770563201687,30.70819111482666,0.7606056073988443,1.0,leptonic_bookkeeping,test
555555,ggH,124.83570765056163,123.94966038564371,1,3,3,146.83166389813528,3.329770563201687,30.70819111482666,0.7606056073988443,1.0,leptonic_bookkeeping,test
492368,ggH,124.83570765056163,123.94966038564371,1,3,3,146.83166389813528,3.329770563201687,30.70819111482666,0.7606056073988443,1.0,leptonic_bookkeeping,validation
48592,ggH,124.83570765056163,123.94966038564371,1,3,3,146.83166389813528,3.329770563201687,30.70819111482666,0.7606056073988443,1.0,leptonic_bookkeeping,validation
242668,ttH,124.83570765056163,123.94966038564371,1,3,3,146.83166389813528,3.329770563201687,30.70819111482666,0.7606056073988443,1.0,leptonic_bookkeeping,train
278887,ttH,124.83570765056163,123.94966038564371,1,3,3,146.83166389813528,3.329770563201687,30.70819111482666,0.7606056073988443,1.0,leptonic_bookkeeping,train
983853,ttH,124.83570765056163,123.94966038564371,1,3,3,146.83166389813528,3.329770563201687,30.70819111482666,0.7606056073988443,1.0,leptonic_bookkeeping,train
62343,ttH,124.83570765056163,123.94966038564371,1,3,3,146.83166389813528,3.329770563201687,30.70819111482666,0.7606056073988443,1.0,leptonic_bookkeeping,train
465694,ttH,124.83570765056163,123.94966038564371,1,3,3,146.83166389813528,3.329770563201687,30.70819111482666,0.7606056073988443,1.0,leptonic_bookkeeping,train
915820,ttH,124.83570765056163,123.94966038564371,1,3,3,146.83166389813528,3.329770563201687,30.70819111482666,0.7606056073988443,1.0,leptonic_bookkeeping,test
332445,ttH,124.83570765056163,123.94966038564371,1,3,3,146.83166389813528,3.329770563201687,30.70819111482666,0.7606056073988443,1.0,leptonic_bookkeeping,train
743117,ttH,124.83570765056163,123.94966038564371,1,3,3,146.83166389813528,3.329770563201687,30.70819111482666,0.7606056073988443,1.0,leptonic_bookkeeping,train
760724,ttH,124.83570765056163,123.94966038564371,1,3,3,146.83166389813528,3.329770563201687,30.70819111482666,0.7606056073988443,1.0,leptonic_bookkeeping,validation
614048,ttH,124.83570765056163,123.94966038564371,1,3,3,146.83166389813528,3.329770563201687,30.70819111482666,0.7606056073988443,1.0,leptonic_bookkeeping,train
796888,ttH,124.83570765056163,123.94966038564371,1,3,3,146.83166389813528,3.329770563201687,30.70819111482666,0.7606056073988443,1.0,leptonic_bookkeeping,train
610676,ttH,124.83570765056163,123.94966038564371,1,3,3,146.83166389813528,3.329770563201687,30.70819111482666,0.7606056073988443,1.0,leptonic_bookkeeping,train
471802,ttH,124.83570765056163,123.94966038564371,1,3,3,146.83166389813528,3.329770563201687,30.70819111482666,0.7606056073988443,1.0,leptonic_bookkeeping,validation
597491,ttH,124.83570765056163,123.94966038564371,1,3,3,146.83166389813528,3.329770563201687,30.70819111482666,0.7606056073988443,1.0,leptonic_bookkeeping,test
252207,ttH,124.83570765056163,123.94966038564371,1,3,3,146.83166389813528,3.329770563201687,30.70819111482666,0.7606056073988443,1.0,leptonic_bookkeeping,train
3208,ttH,124.83570765056163,123.94966038564371,1,3,3,146.83166389813528,3.329770563201687,30.70819111482666,0.7606056073988443,1.0,leptonic_bookkeeping,train
436586,ttH,124.83570765056163,123.94966038564371,1,3,3,146.83166389813528,3.329770563201687,30.70819111482666,0.7606056073988443,1.0,leptonic_bookkeeping,train
168978,ttH,124.83570765056163,123.94966038564371,1,3,3,146.83166389813528,3.329770563201687,30.70819111482666,0.7606056073988443,1.0,leptonic_bookkeeping,train
742874,ttH,124.83570765056163,123.94966038564371,1,3,3,146.83166389813528,3.329770563201687,30.70819111482666,0.7606056073988443,1.0,leptonic_bookkeeping,train
345024,ttH,124.83570765056163,123.94966038564371,1,3,3,146.83166389813528,3.329770563201687,30.70819111482666,0.7606056073988443,1.0,leptonic_bookkeeping,train
460377,ttH,124.83570765056163,123.94966038564371,1,3,3,146.83166389813528,3.329770563201687,30.70819111482666,0.7606056073988443,1.0,leptonic_bookkeeping,validation
447890,ttH,124.83570765056163,123.94966038564371,1,3,3,146.83166389813528,3.329770563201687,30.70819111482666,0.7606056073988443,1.0,leptonic_bookkeeping,train
622819,ttH,124.83570765056163,123.94966038564371,1,3,3,146.83166389813528,3.329770563201687,30.70819111482666,0.7606056073988443,1.0,leptonic_bookkeeping,train
615489,ttH,124.83570765056163,123.94966038564371,1,3,3,146.83166389813528,3.329770563201687,30.70819111482666,0.7606056073988443,1.0,leptonic_bookkeeping,validation
425568,ttH,124.83570765056163,123.94966038564371,1,3,3,146.83166389813528,3.329770563201687,30.70819111482666,0.7606056073988443,1.0,leptonic_bookkeeping,train
70902,ttH,124.83570765056163,123.94966038564371,1,3,3,146.83166389813528,3.329770563201687,30.70819111482666,0.7606056073988443,1.0,leptonic_bookkeeping,test
58847,ttH,124.83570765056163,123.94966038564371,1,3,3,146.83166389813528,3.329770563201687,30.70819111482666,0.7606056073988443,1.0,leptonic_bookkeeping,validation
749419,ttH,124.83570765056163,123.94966038564371,1,3,3,146.83166389813528,3.329770563201687,30.70819111482666,0.7606056073988443,1.0,leptonic_bookkeeping,validation
560536,ttH,124.83570765056163,123.94966038564371,1,3,3,146.83166389813528,3.329770563201687,30.70819111482666,0.7606056073988443,1.0,leptonic_bookkeeping,train
489653,ttH,124.83570765056163,123.94966038564371,1,3,3,146.83166389813528,3.329770563201687,30.70819111482666,0.7606056073988443,1.0,leptonic_bookkeeping,train
685262,ttH,124.83570765056163,123.94966038564371,1,3,3,146.83166389813528,3.329770563201687,30.70819111482666,0.7606056073988443,1.0,leptonic_bookkeeping,train
388520,ttH,124.83570765056163,123.94966038564371,1,3,3,146.83166389813528,3.329770563201687,30.70819111482666,0.7606056073988443,1.0,leptonic_bookkeeping,validation
194222,ttH,124.83570765056163,123.94966038564371,1,3,3,146.83166389813528,3.329770563201687,30.70819111482666,0.7606056073988443,1.0,leptonic_bookkeeping,test
444149,ttH,124.83570765056163,123.94966038564371,1,3,3,146.83166389813528,3.329770563201687,30.70819111482666,0.7606056073988443,1.0,leptonic_bookkeeping,train
871255,ttH,124.83570765056163,123.94966038564371,1,3,3,146.83166389813528,3.329770563201687,30.70819111482666,0.7606056073988443,1.0,leptonic_bookkeeping,train
84039,ttH,124.83570765056163,123.94966038564371,1,3,3,146.83166389813528,3.329770563201687,30.70819111482666,0.7606056073988443,1.0,leptonic_bookkeeping,train
772274,ttH,124.83570765056163,123.94966038564371,1,3,3,146.83166389813528,3.329770563201687,30.70819111482666,0.7606056073988443,1.0,leptonic_bookkeeping,test
267701,ttH,124.83570765056163,123.94966038564371,1,3,3,146.83166389813528,3.329770563201687,30.70819111482666,0.7606056073988443,1.0,leptonic_bookkeeping,test
589693,ttH,124.83570765056163,123.94966038564371,1,3,3,146.83166389813528,3.329770563201687,30.70819111482666,0.7606056073988443,1.0,leptonic_bookkeeping,train
294331,ttH,124.83570765056163,123.94966038564371,1,3,3,146.83166389813528,3.329770563201687,30.70819111482666,0.7606056073988443,1.0,leptonic_bookkeeping,train
566161,ttH,124.83570765056163,123.94966038564371,1,3,3,146.83166389813528,3.329770563201687,30.70819111482666,0.7606056073988443,1.0,leptonic_bookkeeping,test
377919,ttH,124.83570765056163,123.94966038564371,1,3,3,146.83166389813528,3.329770563201687,30.70819111482666,0.7606056073988443,1.0,leptonic_bookkeeping,validation
917106,ttH,124.83570765056163,123.94966038564371,1,3,3,146.83166389813528,3.329770563201687,30.70819111482666,0.7606056073988443,1.0,leptonic_bookkeeping,test
663314,ttH,124.83570765056163,123.94966038564371,1,3,3,146.83166389813528,3.329770563201687,30.70819111482666,0.7606056073988443,1.0,leptonic_bookkeeping,train
501139,ttH,124.83570765056163,123.94966038564371,1,3,3,146.83166389813528,3.329770563201687,30.70819111482666,0.7606056073988443,1.0,leptonic_bookkeeping,validation
389393,ttH,124.83570765056163,123.94966038564371,1,3,3,146.83166389813528,3.329770563201687,30.70819111482666,0.7606056073988443,1.0,leptonic_bookkeeping,validation
57932,ttH,124.83570765056163,123.94966038564371,1,3,3,146.83166389813528,3.329770563201687,30.70819111482666,0.7606056073988443,1.0,leptonic_bookkeeping,validation
712060,ttH,124.83570765056163,123.94966038564371,1,3,3,146.83166389813528,3.329770563201687,30.70819111482666,0.7606056073988443,1.0,leptonic_bookkeeping,train
848806,ttH,124.83570765056163,123.94966038564371,1,3,3,146.83166389813528,3.329770563201687,30.70819111482666,0.7606056073988443,1.0,leptonic_bookkeeping,train
309959,ttH,124.83570765056163,123.94966038564371,1,3,3,146.83166389813528,3.329770563201687,30.70819111482666,0.7606056073988443,1.0,leptonic_bookkeeping,train
299093,ttH,124.83570765056163,123.94966038564371,1,3,3,146.83166389813528,3.329770563201687,30.70819111482666,0.7606056073988443,1.0,leptonic_bookkeeping,train
605162,ttH,124.83570765056163,123.94966038564371,1,3,3,146.83166389813528,3.329770563201687,30.70819111482666,0.7606056073988443,1.0,leptonic_bookkeeping,validation
531119,ttH,124.83570765056163,123.94966038564371,1,3,3,146.83166389813528,3.329770563201687,30.70819111482666,0.7606056073988443,1.0,leptonic_bookkeeping,train
355263,ttH,124.83570765056163,123.94966038564371,1,3,3,146.83166389813528,3.329770563201687,30.70819111482666,0.7606056073988443,1.0,leptonic_bookkeeping,train
175376,ttH,124.83570765056163,123.94966038564371,1,3,3,146.83166389813528,3.329770563201687,30.70819111482666,0.7606056073988443,1.0,leptonic_bookkeeping,train
272595,ttH,124.83570765056163,123.94966038564371,1,3,3,146.83166389813528,3.329770563201687,30.70819111482666,0.7606056073988443,1.0,leptonic_bookkeeping,train
828761,ttH,124.83570765056163,123.94966038564371,1,3,3,146.83166389813528,3.329770563201687,30.70819111482666,0.7606056073988443,1.0,leptonic_bookkeeping,train
230777,ttH,124.83570765056163,123.94966038564371,1,3,3,146.83166389813528,3.329770563201687,30.70819111482666,0.7606056073988443,1.0,leptonic_bookkeeping,train
508382,ttH,124.83570765056163,123.94966038564371,1,3,3,146.83166389813528,3.329770563201687,30.70819111482666,0.7606056073988443,1.0,leptonic_bookkeeping,train
388939,ttH,124.83570765056163,123.94966038564371,1,3,3,146.83166389813528,3.329770563201687,30.70819111482666,0.7606056073988443,1.0,leptonic_bookkeeping,validation
730216,ttH,124.83570765056163,123.94966038564371,1,3,3,146.83166389813528,3.329770563201687,30.70819111482666,0.7606056073988443,1.0,leptonic_bookkeeping,test
152495,ttH,124.83570765056163,123.94966038564371,1,3,3,146.83166389813528,3.329770563201687,30.70819111482666,0.7606056073988443,1.0,leptonic_bookkeeping,validation
712945,ttH,124.83570765056163,123.94966038564371,1,3,3,146.83166389813528,3.329770563201687,30.70819111482666,0.7606056073988443,1.0,leptonic_bookkeeping,train
856469,ttH,124.83570765056163,123.94966038564371,1,3,3,146.83166389813528,3.329770563201687,30.70819111482666,0.7606056073988443,1.0,leptonic_bookkeeping,train
508499,ttH,124.83570765056163,123.94966038564371,1,3,3,146.83166389813528,3.329770563201687,30.70819111482666,0.7606056073988443,1.0,leptonic_bookkeeping,train
324745,ttH,124.83570765056163,123.94966038564371,1,3,3,146.83166389813528,3.329770563201687,30.70819111482666,0.7606056073988443,1.0,leptonic_bookkeeping,train
840531,ttH,124.83570765056163,123.94966038564371,1,3,3,146.83166389813528,3.329770563201687,30.70819111482666,0.7606056073988443,1.0,leptonic_bookkeeping,train
293451,ttH,124.83570765056163,123.94966038564371,1,3,3,146.83166389813528,3.329770563201687,30.70819111482666,0.7606056073988443,1.0,leptonic_bookkeeping,train
992725,ttH,124.83570765056163,123.94966038564371,1,3,3,146.83166389813528,3.329770563201687,30.70819111482666,0.7606056073988443,1.0,leptonic_bookkeeping,train
450913,ttH,124.83570765056163,123.94966038564371,1,3,3,146.83166389813528,3.329770563201687,30.70819111482666,0.7606056073988443,1.0,leptonic_bookkeeping,validation
960331,ttH,124.83570765056163,123.94966038564371,1,3,3,146.83166389813528,3.329770563201687,30.70819111482666,0.7606056073988443,1.0,leptonic_bookkeeping,train
41072,ttH,124.83570765056163,123.94966038564371,1,3,3,146.83166389813528,3.329770563201687,30.70819111482666,0.7606056073988443,1.0,leptonic_bookkeeping,test
897737,ttH,124.83570765056163,123.94966038564371,1,3,3,146.83166389813528,3.329770563201687,30.70819111482666,0.7606056073988443,1.0,leptonic_bookkeeping,train
845458,ttH,124.83570765056163,123.94966038564371,1,3,3,146.83166389813528,3.329770563201687,30.70819111482666,0.7606056073988443,1.0,leptonic_bookkeeping,train
137576,ttH,124.83570765056163,123.94966038564371,1,3,3,146.83166389813528,3.329770563201687,30.70819111482666,0.7606056073988443,1.0,leptonic_bookkeeping,train
597260,ttH,124.83570765056163,123.94966038564371,1,3,3,146.83166389813528,3.329770563201687,30.70819111482666,0.7606056073988443,1.0,leptonic_bookkeeping,test
984978,ttH,124.83570765056163,123.94966038564371,1,3,3,146.83166389813528,3.329770563201687,30.70819111482666,0.7606056073988443,1.0,leptonic_bookkeeping,train
538473,ttH,124.83570765056163,123.94966038564371,1,3,3,146.83166389813528,3.329770563201687,30.70819111482666,0.7606056073988443,1.0,leptonic_bookkeeping,train
70639,ttH,124.83570765056163,123.94966038564371,1,3,3,146.83166389813528,3.329770563201687,30.70819111482666,0.7606056073988443,1.0,leptonic_bookkeeping,test
479328,ttH,124.83570765056163,123.94966038564371,1,3,3,146.83166389813528,3.329770563201687,30.70819111482666,0.7606056073988443,1.0,leptonic_bookkeeping,train
664726,ttH,124.83570765056163,123.94966038564371,1,3,3,146.83166389813528,3.329770563201687,30.70819111482666,0.7606056073988443,1.0,leptonic_bookkeeping,train
661471,ttH,124.83570765056163,123.94966038564371,1,3,3,146.83166389813528,3.329770563201687,30.70819111482666,0.7606056073988443,1.0,leptonic_bookkeeping,train
191571,ttH,124.83570765056163,123.94966038564371,1,3,3,146.83166389813528,3.329770563201687,30.70819111482666,0.7606056073988443,1.0,leptonic_bookkeeping,train
225818,ttH,124.83570765056163,123.94966038564371,1,3,3,146.83166389813528,3.329770563201687,30.70819111482666,0.7606056073988443,1.0,leptonic_bookkeeping,test
902712,ttH,124.83570765056163,123.94966038564371,1,3,3,146.83166389813528,3.329770563201687,30.70819111482666,0.7606056073988443,1.0,leptonic_bookkeeping,train
440107,ttH,124.83570765056163,123.94966038564371,1,3,3,146.83166389813528,3.329770563201687,30.70819111482666,0.7606056073988443,1.0,leptonic_bookkeeping,validation
459011,ttH,124.83570765056163,123.94966038564371,1,3,3,146.83166389813528,3.329770563201687,30.70819111482666,0.7606056073988443,1.0,leptonic_bookkeeping,train
81133,ttH,124.83570765056163,123.94966038564371,1,3,3,146.83166389813528,3.329770563201687,30.70819111482666,0.7606056073988443,1.0,leptonic_bookkeeping,test
272829,ttH,124.83570765056163,123.94966038564371,1,3,3,146.83166389813528,3.329770563201687,30.70819111482666,0.7606056073988443,1.0,leptonic_bookkeeping,train
742149,ttH,124.83570765056163,123.94966038564371,1,3,3,146.83166389813528,3.329770563201687,30.70819111482666,0.7606056073988443,1.0,leptonic_bookkeeping,test
216966,ttH,124.83570765056163,123.94966038564371,1,3,3,146.83166389813528,3.329770563201687,30.70819111482666,0.7606056073988443,1.0,leptonic_bookkeeping,train
124270,ttH,124.83570765056163,123.94966038564371,1,3,3,146.83166389813528,3.329770563201687,30.70819111482666,0.7606056073988443,1.0,leptonic_bookkeeping,train
844236,ttH,124.83570765056163,123.94966038564371,1,3,3,146.83166389813528,3.329770563201687,30.70819111482666,0.7606056073988443,1.0,leptonic_bookkeeping,test
544435,ttH,124.83570765056163,123.94966038564371,1,3,3,146.83166389813528,3.329770563201687,30.70819111482666,0.7606056073988443,1.0,leptonic_bookkeeping,test
949529,ttH,124.83570765056163,123.94966038564371,1,3,3,146.83166389813528,3.329770563201687,30.70819111482666,0.7606056073988443,1.0,leptonic_bookkeeping,train
848646,ttH,124.83570765056163,123.94966038564371,1,3,3,146.83166389813528,3.329770563201687,30.70819111482666,0.7606056073988443,1.0,leptonic_bookkeeping,train
374738,ttH,124.83570765056163,123.94966038564371,1,3,3,146.83166389813528,3.329770563201687,30.70819111482666,0.7606056073988443,1.0,leptonic_bookkeeping,train
489984,ttH,124.83570765056163,123.94966038564371,1,3,3,146.83166389813528,3.329770563201687,30.70819111482666,0.7606056073988443,1.0,leptonic_bookkeeping,train
3163,ttH,124.83570765056163,123.94966038564371,1,3,3,146.83166389813528,3.329770563201687,30.70819111482666,0.7606056073988443,1.0,leptonic_bookkeeping,train
980319,ttH,124.83570765056163,123.94966038564371,1,3,3,146.83166389813528,3.329770563201687,30.70819111482666,0.7606056073988443,1.0,leptonic_bookkeeping,train
7642,ttH,124.83570765056163,123.94966038564371,1,3,3,146.83166389813528,3.329770563201687,30.70819111482666,0.7606056073988443,1.0,leptonic_bookkeeping,validation
994614,ttH,124.83570765056163,123.94966038564371,1,3,3,146.83166389813528,3.329770563201687,30.70819111482666,0.7606056073988443,1.0,leptonic_bookkeeping,train
99901,ttH,124.83570765056163,123.94966038564371,1,3,3,146.83166389813528,3.329770563201687,30.70819111482666,0.7606056073988443,1.0,leptonic_bookkeeping,validation
874439,ttH,124.83570765056163,123.94966038564371,1,3,3,146.83166389813528,3.329770563201687,30.70819111482666,0.7606056073988443,1.0,leptonic_bookkeeping,test
651141,ttH,124.83570765056163,123.94966038564371,1,3,3,146.83166389813528,3.329770563201687,30.70819111482666,0.7606056073988443,1.0,leptonic_bookkeeping,train
82120,ttH,124.83570765056163,123.94966038564371,1,3,3,146.83166389813528,3.329770563201687,30.70819111482666,0.7606056073988443,1.0,leptonic_bookkeeping,test
749846,ttH,124.83570765056163,123.94966038564371,1,3,3,146.83166389813528,3.329770563201687,30.70819111482666,0.7606056073988443,1.0,leptonic_bookkeeping,validation
18830,ttH,124.83570765056163,123.94966038564371,1,3,3,146.83166389813528,3.329770563201687,30.70819111482666,0.7606056073988443,1.0,leptonic_bookkeeping,test
505943,ttH,124.83570765056163,123.94966038564371,1,3,3,146.83166389813528,3.329770563201687,30.70819111482666,0.7606056073988443,1.0,leptonic_bookkeeping,train
323117,ttH,124.83570765056163,123.94966038564371,1,3,3,146.83166389813528,3.329770563201687,30.70819111482666,0.7606056073988443,1.0,leptonic_bookkeeping,train
725545,ttH,124.83570765056163,123.94966038564371,1,3,3,146.83166389813528,3.329770563201687,30.70819111482666,0.7606056073988443,1.0,leptonic_bookkeeping,train
305829,ttH,124.83570765056163,123.94966038564371,1,3,3,146.83166389813528,3.329770563201687,30.70819111482666,0.7606056073988443,1.0,leptonic_bookkeeping,validation
290597,ttH,124.83570765056163,123.94966038564371,1,3,3,146.83166389813528,3.329770563201687,30.70819111482666,0.7606056073988443,1.0,leptonic_bookkeeping,train
160818,ttH,124.83570765056163,123.94966038564371,1,3,3,146.83166389813528,3.329770563201687,30.70819111482666,0.7606056073988443,1.0,leptonic_bookkeeping,train
277590,ttH,124.83570765056163,123.94966038564371,1,3,3,146.83166389813528,3.329770563201687,30.70819111482666,0.7606056073988443,1.0,leptonic_bookkeeping,test
324561,ttH,124.83570765056163,123.94966038564371,1,3,3,146.83166389813528,3.329770563201687,30.70819111482666,0.7606056073988443,1.0,leptonic_bookkeeping,train
599692,ttH,124.83570765056163,123.94966038564371,1,3,3,146.83166389813528,3.329770563201687,30.70819111482666,0.7606056073988443,1.0,leptonic_bookkeeping,train
733887,ttH,124.83570765056163,123.94966038564371,1,3,3,146.83166389813528,3.329770563201687,30.70819111482666,0.7606056073988443,1.0,leptonic_bookkeeping,train
550420,ttH,124.83570765056163,123.94966038564371,1,3,3,146.83166389813528,3.329770563201687,30.70819111482666,0.7606056073988443,1.0,leptonic_bookkeeping,train
988992,ttH,124.83570765056163,123.94966038564371,1,3,3,146.83166389813528,3.329770563201687,30.70819111482666,0.7606056073988443,1.0,leptonic_bookkeeping,test
206386,ttH,124.83570765056163,123.94966038564371,1,3,3,146.83166389813528,3.329770563201687,30.70819111482666,0.7606056073988443,1.0,leptonic_bookkeeping,train
770378,ttH,124.83570765056163,123.94966038564371,1,3,3,146.83166389813528,3.329770563201687,30.70819111482666,0.7606056073988443,1.0,leptonic_bookkeeping,validation
747525,ttH,124.83570765056163,123.94966038564371,1,3,3,146.83166389813528,3.329770563201687,30.70819111482666,0.7606056073988443,1.0,leptonic_bookkeeping,train
901009,ttH,124.83570765056163,123.94966038564371,1,3,3,146.83166389813528,3.329770563201687,30.70819111482666,0.7606056073988443,1.0,leptonic_bookkeeping,train
350914,ttH,124.83570765056163,123.94966038564371,1,3,3,146.83166389813528,3.329770563201687,30.70819111482666,0.7606056073988443,1.0,leptonic_bookkeeping,train
926892,ttH,124.83570765056163,123.94966038564371,1,3,3,146.83166389813528,3.329770563201687,30.70819111482666,0.7606056073988443,1.0,leptonic_bookkeeping,test
930928,ttH,124.83570765056163,123.94966038564371,1,3,3,146.83166389813528,3.329770563201687,30.70819111482666,0.7606056073988443,1.0,leptonic_bookkeeping,train
971880,ttH,124.83570765056163,123.94966038564371,1,3,3,146.83166389813528,3.329770563201687,30.70819111482666,0.7606056073988443,1.0,leptonic_bookkeeping,train
305220,ttH,124.83570765056163,123.94966038564371,1,3,3,146.83166389813528,3.329770563201687,30.70819111482666,0.7606056073988443,1.0,leptonic_bookkeeping,validation
605481,ttH,124.83570765056163,123.94966038564371,1,3,3,146.83166389813528,3.329770563201687,30.70819111482666,0.7606056073988443,1.0,leptonic_bookkeeping,validation
157689,ttH,124.83570765056163,123.94966038564371,1,3,3,146.83166389813528,3.329770563201687,30.70819111482666,0.7606056073988443,1.0,leptonic_bookkeeping,train
788653,ttH,124.83570765056163,123.94966038564371,1,3,3,146.83166389813528,3.329770563201687,30.70819111482666,0.7606056073988443,1.0,leptonic_bookkeeping,train
640047,ttH,124.83570765056163,123.94966038564371,1,3,3,146.83166389813528,3.329770563201687,30.70819111482666,0.7606056073988443,1.0,leptonic_bookkeeping,train
768822,ttH,124.83570765056163,123.94966038564371,1,3,3,146.83166389813528,3.329770563201687,30.70819111482666,0.7606056073988443,1.0,leptonic_bookkeeping,train
525504,ttH,124.83570765056163,123.94966038564371,1,3,3,146.83166389813528,3.329770563201687,30.70819111482666,0.7606056073988443,1.0,leptonic_bookkeeping,test
71803,ttH,124.83570765056163,123.94966038564371,1,3,3,146.83166389813528,3.329770563201687,30.70819111482666,0.7606056073988443,1.0,leptonic_bookkeeping,test
903102,ttH,124.83570765056163,123.94966038564371,1,3,3,146.83166389813528,3.329770563201687,30.70819111482666,0.7606056073988443,1.0,leptonic_bookkeeping,validation
999965,ttH,124.83570765056163,123.94966038564371,1,3,3,146.83166389813528,3.329770563201687,30.70819111482666,0.7606056073988443,1.0,leptonic_bookkeeping,test
380576,ttH,124.83570765056163,123.94966038564371,1,3,3,146.83166389813528,3.329770563201687,30.70819111482666,0.7606056073988443,1.0,leptonic_bookkeeping,test
245322,ttH,124.83570765056163,123.94966038564371,1,3,3,146.83166389813528,3.329770563201687,30.70819111482666,0.7606056073988443,1.0,leptonic_bookkeeping,validation
330772,ttH,124.83570765056163,123.94966038564371,1,3,3,146.83166389813528,3.329770563201687,30.70819111482666,0.7606056073988443,1.0,leptonic_bookkeeping,train
475833,ttH,124.83570765056163,123.94966038564371,1,3,3,146.83166389813528,3.329770563201687,30.70819111482666,0.7606056073988443,1.0,leptonic_bookkeeping,train
682144,ttH,124.83570765056163,123.94966038564371,1,3,3,146.83166389813528,3.329770563201687,30.70819111482666,0.7606056073988443,1.0,leptonic_bookkeeping,train
417708,ttH,124.83570765056163,123.94966038564371,1,3,3,146.83166389813528,3.329770563201687,30.70819111482666,0.7606056073988443,1.0,leptonic_bookkeeping,train
456268,ttH,124.83570765056163,123.94966038564371,1,3,3,146.83166389813528,3.329770563201687,30.70819111482666,0.7606056073988443,1.0,leptonic_bookkeeping,train
304691,ttH,124.83570765056163,123.94966038564371,1,3,3,146.83166389813528,3.329770563201687,30.70819111482666,0.7606056073988443,1.0,leptonic_bookkeeping,train
851243,ttH,124.83570765056163,123.94966038564371,1,3,3,146.83166389813528,3.329770563201687,30.70819111482666,0.7606056073988443,1.0,leptonic_bookkeeping,train
884254,ttH,124.83570765056163,123.94966038564371,1,3,3,146.83166389813528,3.329770563201687,30.70819111482666,0.7606056073988443,1.0,leptonic_bookkeeping,validation
320352,ttH,124.83570765056163,123.94966038564371,1,3,3,146.83166389813528,3.329770563201687,30.70819111482666,0.7606056073988443,1.0,leptonic_bookkeeping,train
53290,ttH,124.83570765056163,123.94966038564371,1,3,3,146.83166389813528,3.329770563201687,30.70819111482666,0.7606056073988443,1.0,leptonic_bookkeeping,train
907240,ttH,124.83570765056163,123.94966038564371,1,3,3,146.83166389813528,3.329770563201687,30.70819111482666,0.7606056073988443,1.0,leptonic_bookkeeping,train
298226,ttH,124.83570765056163,123.94966038564371,1,3,3,146.83166389813528,3.329770563201687,30.70819111482666,0.7606056073988443,1.0,leptonic_bookkeeping,test
945542,ttH,124.83570765056163,123.94966038564371,1,3,3,146.83166389813528,3.329770563201687,30.70819111482666,0.7606056073988443,1.0,leptonic_bookkeeping,validation
533634,ttH,124.83570765056163,123.94966038564371,1,3,3,146.83166389813528,3.329770563201687,30.70819111482666,0.7606056073988443,1.0,leptonic_bookkeeping,validation
596827,ttH,124.83570765056163,123.94966038564371,1,3,3,146.83166389813528,3.329770563201687,30.70819111482666,0.7606056073988443,1.0,leptonic_bookkeeping,test
69020,ttH,124.83570765056163,123.94966038564371,1,3,3,146.83166389813528,3.329770563201687,30.70819111482666,0.7606056073988443,1.0,leptonic_bookkeeping,validation
631648,ttH,124.83570765056163,123.94966038564371,1,3,3,146.83166389813528,3.329770563201687,30.70819111482666,0.7606056073988443,1.0,leptonic_bookkeeping,train
956093,ttH,124.83570765056163,123.94966038564371,1,3,3,146.83166389813528,3.329770563201687,30.70819111482666,0.7606056073988443,1.0,leptonic_bookkeeping,validation
866125,ttH,124.83570765056163,123.94966038564371,1,3,3,146.83166389813528,3.329770563201687,30.70819111482666,0.7606056073988443,1.0,leptonic_bookkeeping,train
323647,ttH,124.83570765056163,123.94966038564371,1,3,3,146.83166389813528,3.329770563201687,30.70819111482666,0.7606056073988443,1.0,leptonic_bookkeeping,train
896311,ttH,124.83570765056163,123.94966038564371,1,3,3,146.83166389813528,3.329770563201687,30.70819111482666,0.7606056073988443,1.0,leptonic_bookkeeping,test
930790,ttH,124.83570765056163,123.94966038564371,1,3,3,146.83166389813528,3.329770563201687,30.70819111482666,0.7606056073988443,1.0,leptonic_bookkeeping,train
272106,ttH,124.83570765056163,123.94966038564371,1,3,3,146.83166389813528,3.329770563201687,30.70819111482666,0.7606056073988443,1.0,leptonic_bookkeeping,train
405143,ttH,124.83570765056163,123.94966038564371,1,3,3,146.83166389813528,3.329770563201687,30.70819111482666,0.7606056073988443,1.0,leptonic_bookkeeping,train
307769,ttH,124.83570765056163,123.94966038564371,1,3,3,146.83166389813528,3.329770563201687,30.70819111482666,0.7606056073988443,1.0,leptonic_bookkeeping,test
260379,ttH,124.83570765056163,123.94966038564371,1,3,3,146.83166389813528,3.329770563201687,30.70819111482666,0.7606056073988443,1.0,leptonic_bookkeeping,train
464013,ttH,124.83570765056163,123.94966038564371,1,3,3,146.83166389813528,3.329770563201687,30.70819111482666,0.7606056073988443,1.0,leptonic_bookkeeping,train
61745,ttH,124.83570765056163,123.94966038564371,1,3,3,146.83166389813528,3.329770563201687,30.70819111482666,0.7606056073988443,1.0,leptonic_bookkeeping,test
414246,ttH,124.83570765056163,123.94966038564371,1,3,3,146.83166389813528,3.329770563201687,30.70819111482666,0.7606056073988443,1.0,leptonic_bookkeeping,train
412337,ttH,124.83570765056163,123.94966038564371,1,3,3,146.83166389813528,3.329770563201687,30.70819111482666,0.7606056073988443,1.0,leptonic_bookkeeping,test
710599,ttH,124.83570765056163,123.94966038564371,1,3,3,146.83166389813528,3.329770563201687,30.70819111482666,0.7606056073988443,1.0,leptonic_bookkeeping,test
12742,ttH,124.83570765056163,123.94966038564371,1,3,3,146.83166389813528,3.329770563201687,30.70819111482666,0.7606056073988443,1.0,leptonic_bookkeeping,train
750824,ttH,124.83570765056163,123.94966038564371,1,3,3,146.83166389813528,3.329770563201687,30.70819111482666,0.7606056073988443,1.0,leptonic_bookkeeping,test
703378,ttH,124.83570765056163,123.94966038564371,1,3,3,146.83166389813528,3.329770563201687,30.70819111482666,0.7606056073988443,1.0,leptonic_bookkeeping,train
728457,ttH,124.83570765056163,123.94966038564371,1,3,3,146.83166389813528,3.329770563201687,30.70819111482666,0.7606056073988443,1.0,leptonic_bookkeeping,validation
651664,ttH,124.83570765056163,123.94966038564371,1,3,3,146.83166389813528,3.329770563201687,30.70819111482666,0.7606056073988443,1.0,leptonic_bookkeeping,train
768579,ttH,124.83570765056163,123.94966038564371,1,3,3,146.83166389813528,3.329770563201687,30.70819111482666,0.7606056073988443,1.0,leptonic_bookkeeping,train
386361,ttH,124.83570765056163,123.94966038564371,1,3,3,146.83166389813528,3.329770563201687,30.70819111482666,0.7606056073988443,1.0,leptonic_bookkeeping,train
565220,ttH,124.83570765056163,123.94966038564371,1,3,3,146.83166389813528,3.329770563201687,30.70819111482666,0.7606056073988443,1.0,leptonic_bookkeeping,test
248406,ttH,124.83570765056163,123.94966038564371,1,3,3,146.83166389813528,3.329770563201687,30.70819111482666,0.7606056073988443,1.0,leptonic_bookkeeping,train
513347,ttH,124.83570765056163,123.94966038564371,1,3,3,146.83166389813528,3.329770563201687,30.70819111482666,0.7606056073988443,1.0,leptonic_bookkeeping,validation
735156,ttH,124.83570765056163,123.94966038564371,1,3,3,146.83166389813528,3.329770563201687,30.70819111482666,0.7606056073988443,1.0,leptonic_bookkeeping,train
767798,ttH,124.83570765056163,123.94966038564371,1,3,3,146.83166389813528,3.329770563201687,30.70819111482666,0.7606056073988443,1.0,leptonic_bookkeeping,train
499632,ttH,124.83570765056163,123.94966038564371,1,3,3,146.83166389813528,3.329770563201687,30.70819111482666,0.7606056073988443,1.0,leptonic_bookkeeping,train
260737,ttH,124.83570765056163,123.94966038564371,1,3,3,146.83166389813528,3.329770563201687,30.70819111482666,0.7606056073988443,1.0,leptonic_bookkeeping,train
847770,ttH,124.83570765056163,123.94966038564371,1,3,3,146.83166389813528,3.329770563201687,30.70819111482666,0.7606056073988443,1.0,leptonic_bookkeeping,train
486105,ttH,124.83570765056163,123.94966038564371,1,3,3,146.83166389813528,3.329770563201687,30.70819111482666,0.7606056073988443,1.0,leptonic_bookkeeping,train
624510,ttH,124.83570765056163,123.94966038564371,1,3,3,146.83166389813528,3.329770563201687,30.70819111482666,0.7606056073988443,1.0,leptonic_bookkeeping,train
545650,ttH,124.83570765056163,123.94966038564371,1,3,3,146.83166389813528,3.329770563201687,30.70819111482666,0.7606056073988443,1.0,leptonic_bookkeeping,test
78260,ttH,124.83570765056163,123.94966038564371,1,3,3,146.83166389813528,3.329770563201687,30.70819111482666,0.7606056073988443,1.0,leptonic_bookkeeping,train
369783,ttH,124.83570765056163,123.94966038564371,1,3,3,146.83166389813528,3.329770563201687,30.70819111482666,0.7606056073988443,1.0,leptonic_bookkeeping,test
143882,ttH,124.83570765056163,123.94966038564371,1,3,3,146.83166389813528,3.329770563201687,30.70819111482666,0.7606056073988443,1.0,leptonic_bookkeeping,test
841559,ttH,124.83570765056163,123.94966038564371,1,3,3,146.83166389813528,3.329770563201687,30.70819111482666,0.7606056073988443,1.0,leptonic_bookkeeping,validation
268967,ttH,124.83570765056163,123.94966038564371,1,3,3,146.83166389813528,3.329770563201687,30.70819111482666,0.7606056073988443,1.0,leptonic_bookkeeping,train
511999,ttH,124.83570765056163,123.94966038564371,1,3,3,146.83166389813528,3.329770563201687,30.70819111482666,0.7606056073988443,1.0,leptonic_bookkeeping,validation
250333,ttH,124.83570765056163,123.94966038564371,1,3,3,146.83166389813528,3.329770563201687,30.70819111482666,0.7606056073988443,1.0,leptonic_bookkeeping,train
995049,ttH,124.83570765056163,123.94966038564371,1,3,3,146.83166389813528,3.329770563201687,30.70819111482666,0.7606056073988443,1.0,leptonic_bookkeeping,train
787782,ttH,124.83570765056163,123.94966038564371,1,3,3,146.83166389813528,3.329770563201687,30.70819111482666,0.7606056073988443,1.0,leptonic_bookkeeping,train
341478,ttH,124.83570765056163,123.94966038564371,1,3,3,146.83166389813528,3.329770563201687,30.70819111482666,0.7606056073988443,1.0,leptonic_bookkeeping,train
366965,ttH,124.83570765056163,123.94966038564371,1,3,3,146.83166389813528,3.329770563201687,30.70819111482666,0.7606056073988443,1.0,leptonic_bookkeeping,train
991299,ttH,124.83570765056163,123.94966038564371,1,3,3,146.83166389813528,3.329770563201687,30.70819111482666,0.7606056073988443,1.0,leptonic_bookkeeping,train
179457,ttH,124.83570765056163,123.94966038564371,1,3,3,146.83166389813528,3.329770563201687,30.70819111482666,0.7606056073988443,1.0,leptonic_bookkeeping,train
97393,ttH,124.83570765056163,123.94966038564371,1,3,3,146.83166389813528,3.329770563201687,30.70819111482666,0.7606056073988443,1.0,leptonic_bookkeeping,train
557461,ttH,124.83570765056163,123.94966038564371,1,3,3,146.83166389813528,3.329770563201687,30.70819111482666,0.7606056073988443,1.0,leptonic_bookkeeping,train
495987,ttH,124.83570765056163,123.94966038564371,1,3,3,146.83166389813528,3.329770563201687,30.70819111482666,0.7606056073988443,1.0,leptonic_bookkeeping,train
337277,ttH,124.83570765056163,123.94966038564371,1,3,3,146.83166389813528,3.329770563201687,30.70819111482666,0.7606056073988443,1.0,leptonic_bookkeeping,validation
849142,ttH,124.83570765056163,123.94966038564371,1,3,3,146.83166389813528,3.329770563201687,30.70819111482666,0.7606056073988443,1.0,leptonic_bookkeeping,train
711925,ttH,124.83570765056163,123.94966038564371,1,3,3,146.83166389813528,3.329770563201687,30.70819111482666,0.7606056073988443,1.0,leptonic_bookkeeping,train
449138,ttH,124.83570765056163,123.94966038564371,1,3,3,146.83166389813528,3.329770563201687,30.70819111482666,0.7606056073988443,1.0,leptonic_bookkeeping,train
464698,ttH,124.83570765056163,123.94966038564371,1,3,3,146.83166389813528,3.329770563201687,30.70819111482666,0.7606056073988443,1.0,leptonic_bookkeeping,train
30860,ttH,124.83570765056163,123.94966038564371,1,3,3,146.83166389813528,3.329770563201687,30.70819111482666,0.7606056073988443,1.0,leptonic_bookkeeping,test
718776,ttH,124.83570765056163,123.94966038564371,1,3,3,146.83166389813528,3.329770563201687,30.70819111482666,0.7606056073988443,1.0,leptonic_bookkeeping,validation
883951,ttH,124.83570765056163,123.94966038564371,1,3,3,146.83166389813528,3.329770563201687,30.70819111482666,0.7606056073988443,1.0,leptonic_bookkeeping,validation
784403,ttH,124.83570765056163,123.94966038564371,1,3,3,146.83166389813528,3.329770563201687,30.70819111482666,0.7606056073988443,1.0,leptonic_bookkeeping,train
939361,ttH,124.83570765056163,123.94966038564371,1,3,3,146.83166389813528,3.329770563201687,30.70819111482666,0.7606056073988443,1.0,leptonic_bookkeeping,train
632382,ttH,124.83570765056163,123.94966038564371,1,3,3,146.83166389813528,3.329770563201687,30.70819111482666,0.7606056073988443,1.0,leptonic_bookkeeping,train
716919,ttH,124.83570765056163,123.94966038564371,1,3,3,146.83166389813528,3.329770563201687,30.70819111482666,0.7606056073988443,1.0,leptonic_bookkeeping,train
807640,ttH,124.83570765056163,123.94966038564371,1,3,3,146.83166389813528,3.329770563201687,30.70819111482666,0.7606056073988443,1.0,leptonic_bookkeeping,train
589997,ttH,124.83570765056163,123.94966038564371,1,3,3,146.83166389813528,3.329770563201687,30.70819111482666,0.7606056073988443,1.0,leptonic_bookkeeping,train
692219,ttH,124.83570765056163,123.94966038564371,1,3,3,146.83166389813528,3.329770563201687,30.70819111482666,0.7606056073988443,1.0,leptonic_bookkeeping,train
222888,ttH,124.83570765056163,123.94966038564371,1,3,3,146.83166389813528,3.329770563201687,30.70819111482666,0.7606056073988443,1.0,leptonic_bookkeeping,validation
72178,ttH,124.83570765056163,123.94966038564371,1,3,3,146.83166389813528,3.329770563201687,30.70819111482666,0.7606056073988443,1.0,leptonic_bookkeeping,train
428277,ttH,124.83570765056163,123.94966038564371,1,3,3,146.83166389813528,3.329770563201687,30.70819111482666,0.7606056073988443,1.0,leptonic_bookkeeping,train
11880,ttH,124.83570765056163,123.94966038564371,1,3,3,146.83166389813528,3.329770563201687,30.70819111482666,0.7606056073988443,1.0,leptonic_bookkeeping,train
70611,ttH,124.83570765056163,123.94966038564371,1,3,3,146.83166389813528,3.329770563201687,30.70819111482666,0.7606056073988443,1.0,leptonic_bookkeeping,test
467704,ttH,124.83570765056163,123.94966038564371,1,3,3,146.83166389813528,3.329770563201687,30.70819111482666,0.7606056073988443,1.0,leptonic_bookkeeping,train
380198,ttH,124.83570765056163,123.94966038564371,1,3,3,146.83166389813528,3.329770563201687,30.70819111482666,0.7606056073988443,1.0,leptonic_bookkeeping,test
401083,ttH,124.83570765056163,123.94966038564371,1,3,3,146.83166389813528,3.329770563201687,30.70819111482666,0.7606056073988443,1.0,leptonic_bookkeeping,test
738103,ttH,124.83570765056163,123.94966038564371,1,3,3,146.83166389813528,3.329770563201687,30.70819111482666,0.7606056073988443,1.0,leptonic_bookkeeping,train
276389,ttH,124.83570765056163,123.94966038564371,1,3,3,146.83166389813528,3.329770563201687,30.70819111482666,0.7606056073988443,1.0,leptonic_bookkeeping,test
518580,ttH,124.83570765056163,123.94966038564371,1,3,3,146.83166389813528,3.329770563201687,30.70819111482666,0.7606056073988443,1.0,leptonic_bookkeeping,train
26044,ttH,124.83570765056163,123.94966038564371,1,3,3,146.83166389813528,3.329770563201687,30.70819111482666,0.7606056073988443,1.0,leptonic_bookkeeping,train
444893,ttH,124.83570765056163,123.94966038564371,1,3,3,146.83166389813528,3.329770563201687,30.70819111482666,0.7606056073988443,1.0,leptonic_bookkeeping,train
963012,ttH,124.83570765056163,123.94966038564371,1,3,3,146.83166389813528,3.329770563201687,30.70819111482666,0.7606056073988443,1.0,leptonic_bookkeeping,train
85998,ttH,124.83570765056163,123.94966038564371,1,3,3,146.83166389813528,3.329770563201687,30.70819111482666,0.7606056073988443,1.0,leptonic_bookkeeping,train
251087,ttH,124.83570765056163,123.94966038564371,1,3,3,146.83166389813528,3.329770563201687,30.70819111482666,0.7606056073988443,1.0,leptonic_bookkeeping,train
385482,ttH,124.83570765056163,123.94966038564371,1,3,3,146.83166389813528,3.329770563201687,30.70819111482666,0.7606056073988443,1.0,leptonic_bookkeeping,train
132955,ttH,124.83570765056163,123.94966038564371,1,3,3,146.83166389813528,3.329770563201687,30.70819111482666,0.7606056073988443,1.0,leptonic_bookkeeping,test
170287,ttH,124.83570765056163,123.94966038564371,1,3,3,146.83166389813528,3.329770563201687,30.70819111482666,0.7606056073988443,1.0,leptonic_bookkeeping,train
436800,ttH,124.83570765056163,123.94966038564371,1,3,3,146.83166389813528,3.329770563201687,30.70819111482666,0.7606056073988443,1.0,leptonic_bookkeeping,train
73023,ttH,124.83570765056163,123.94966038564371,1,3,3,146.83166389813528,3.329770563201687,30.70819111482666,0.7606056073988443,1.0,leptonic_bookkeeping,train
579473,ttH,124.83570765056163,123.94966038564371,1,3,3,146.83166389813528,3.329770563201687,30.70819111482666,0.7606056073988443,1.0,leptonic_bookkeeping,train
226820,ttH,124.83570765056163,123.94966038564371,1,3,3,146.83166389813528,3.329770563201687,30.70819111482666,0.7606056073988443,1.0,leptonic_bookkeeping,train
171747,ttH,124.83570765056163,123.94966038564371,1,3,3,146.83166389813528,3.329770563201687,30.70819111482666,0.7606056073988443,1.0,leptonic_bookkeeping,validation
470137,ttH,124.83570765056163,123.94966038564371,1,3,3,146.83166389813528,3.329770563201687,30.70819111482666,0.7606056073988443,1.0,leptonic_bookkeeping,validation
950577,ttH,124.83570765056163,123.94966038564371,1,3,3,146.83166389813528,3.329770563201687,30.70819111482666,0.7606056073988443,1.0,leptonic_bookkeeping,train
101065,ttH,124.83570765056163,123.94966038564371,1,3,3,146.83166389813528,3.329770563201687,30.70819111482666,0.7606056073988443,1.0,leptonic_bookkeeping,test
799816,ttH,124.83570765056163,123.94966038564371,1,3,3,146.83166389813528,3.329770563201687,30.70819111482666,0.7606056073988443,1.0,leptonic_bookkeeping,train
811100,ttH,124.83570765056163,123.94966038564371,1,3,3,146.83166389813528,3.329770563201687,30.70819111482666,0.7606056073988443,1.0,leptonic_bookkeeping,validation
375052,ttH,124.83570765056163,123.94966038564371,1,3,3,146.83166389813528,3.329770563201687,30.70819111482666,0.7606056073988443,1.0,leptonic_bookkeeping,train
329960,ttH,124.83570765056163,123.94966038564371,1,3,3,146.83166389813528,3.329770563201687,30.70819111482666,0.7606056073988443,1.0,leptonic_bookkeeping,train
85787,ttH,124.83570765056163,123.94966038564371,1,3,3,146.83166389813528,3.329770563201687,30.70819111482666,0.7606056073988443,1.0,leptonic_bookkeeping,train
406705,ttH,124.83570765056163,123.94966038564371,1,3,3,146.83166389813528,3.329770563201687,30.70819111482666,0.7606056073988443,1.0,leptonic_bookkeeping,train
111164,ttH,124.83570765056163,123.94966038564371,1,3,3,146.83166389813528,3.329770563201687,30.70819111482666,0.7606056073988443,1.0,leptonic_bookkeeping,validation
732467,ttH,124.83570765056163,123.94966038564371,1,3,3,146.83166389813528,3.329770563201687,30.70819111482666,0.7606056073988443,1.0,leptonic_bookkeeping,train
316788,ttH,124.83570765056163,123.94966038564371,1,3,3,146.83166389813528,3.329770563201687,30.70819111482666,0.7606056073988443,1.0,leptonic_bookkeeping,validation
43504,ttH,124.83570765056163,123.94966038564371,1,3,3,146.83166389813528,3.329770563201687,30.70819111482666,0.7606056073988443,1.0,leptonic_bookkeeping,train
218476,ttH,124.83570765056163,123.94966038564371,1,3,3,146.83166389813528,3.329770563201687,30.70819111482666,0.7606056073988443,1.0,leptonic_bookkeeping,train
426158,ttH,124.83570765056163,123.94966038564371,1,3,3,146.83166389813528,3.329770563201687,30.70819111482666,0.7606056073988443,1.0,leptonic_bookkeeping,train
834080,ttH,124.83570765056163,123.94966038564371,1,3,3,146.83166389813528,3.329770563201687,30.70819111482666,0.7606056073988443,1.0,leptonic_bookkeeping,test
312207,ttH,124.83570765056163,123.94966038564371,1,3,3,146.83166389813528,3.329770563201687,30.70819111482666,0.7606056073988443,1.0,leptonic_bookkeeping,train
522868,ttH,124.83570765056163,123.94966038564371,1,3,3,146.83166389813528,3.329770563201687,30.70819111482666,0.7606056073988443,1.0,leptonic_bookkeeping,validation
547040,ttH,124.83570765056163,123.94966038564371,1,3,3,146.83166389813528,3.329770563201687,30.70819111482666,0.7606056073988443,1.0,leptonic_bookkeeping,train
784277,ttH,124.83570765056163,123.94966038564371,1,3,3,146.83166389813528,3.329770563201687,30.70819111482666,0.7606056073988443,1.0,leptonic_bookkeeping,train
734804,ttH,124.83570765056163,123.94966038564371,1,3,3,146.83166389813528,3.329770563201687,30.70819111482666,0.7606056073988443,1.0,leptonic_bookkeeping,train
162557,ttH,124.83570765056163,123.94966038564371,1,3,3,146.83166389813528,3.329770563201687,30.70819111482666,0.7606056073988443,1.0,leptonic_bookkeeping,validation
374548,ttH,124.83570765056163,123.94966038564371,1,3,3,146.83166389813528,3.329770563201687,30.70819111482666,0.7606056073988443,1.0,leptonic_bookkeeping,train
91343,ttH,124.83570765056163,123.94966038564371,1,3,3,146.83166389813528,3.329770563201687,30.70819111482666,0.7606056073988443,1.0,leptonic_bookkeeping,test
393306,ttH,124.83570765056163,123.94966038564371,1,3,3,146.83166389813528,3.329770563201687,30.70819111482666,0.7606056073988443,1.0,leptonic_bookkeeping,train
695326,ttH,124.83570765056163,123.94966038564371,1,3,3,146.83166389813528,3.329770563201687,30.70819111482666,0.7606056073988443,1.0,leptonic_bookkeeping,train
344104,ttH,124.83570765056163,123.94966038564371,1,3,3,146.83166389813528,3.329770563201687,30.70819111482666,0.7606056073988443,1.0,leptonic_bookkeeping,train
860763,ttH,124.83570765056163,123.94966038564371,1,3,3,146.83166389813528,3.329770563201687,30.70819111482666,0.7606056073988443,1.0,leptonic_bookkeeping,train
583648,ttH,124.83570765056163,123.94966038564371,1,3,3,146.83166389813528,3.329770563201687,30.70819111482666,0.7606056073988443,1.0,leptonic_bookkeeping,validation
468293,ttH,124.83570765056163,123.94966038564371,1,3,3,146.83166389813528,3.329770563201687,30.70819111482666,0.7606056073988443,1.0,leptonic_bookkeeping,train
787749,ttH,124.83570765056163,123.94966038564371,1,3,3,146.83166389813528,3.329770563201687,30.70819111482666,0.7606056073988443,1.0,leptonic_bookkeeping,train
324965,ttH,124.83570765056163,123.94966038564371,1,3,3,146.83166389813528,3.329770563201687,30.70819111482666,0.7606056073988443,1.0,leptonic_bookkeeping,train
355986,ttH,124.83570765056163,123.94966038564371,1,3,3,146.83166389813528,3.329770563201687,30.70819111482666,0.7606056073988443,1.0,leptonic_bookkeeping,train
497049,ttH,124.83570765056163,123.94966038564371,1,3,3,146.83166389813528,3.329770563201687,30.70819111482666,0.7606056073988443,1.0,leptonic_bookkeeping,train
397464,ttH,124.83570765056163,123.94966038564371,1,3,3,146.83166389813528,3.329770563201687,30.70819111482666,0.7606056073988443,1.0,leptonic_bookkeeping,train
784715,ttH,124.83570765056163,123.94966038564371,1,3,3,146.83166389813528,3.329770563201687,30.70819111482666,0.7606056073988443,1.0,leptonic_bookkeeping,train
643332,ttH,124.83570765056163,123.94966038564371,1,3,3,146.83166389813528,3.329770563201687,30.70819111482666,0.7606056073988443,1.0,leptonic_bookkeeping,train
357704,ttH,124.83570765056163,123.94966038564371,1,3,3,146.83166389813528,3.329770563201687,30.70819111482666,0.7606056073988443,1.0,leptonic_bookkeeping,validation
62250,ttH,124.83570765056163,123.94966038564371,1,3,3,146.83166389813528,3.329770563201687,30.70819111482666,0.7606056073988443,1.0,leptonic_bookkeeping,train
570474,ttH,124.83570765056163,123.94966038564371,1,3,3,146.83166389813528,3.329770563201687,30.70819111482666,0.7606056073988443,1.0,leptonic_bookkeeping,train
114632,ttH,124.83570765056163,123.94966038564371,1,3,3,146.83166389813528,3.329770563201687,30.70819111482666,0.7606056073988443,1.0,leptonic_bookkeeping,train
874123,ttH,124.83570765056163,123.94966038564371,1,3,3,146.83166389813528,3.329770563201687,30.70819111482666,0.7606056073988443,1.0,leptonic_bookkeeping,validation
861178,ttH,124.83570765056163,123.94966038564371,1,3,3,146.83166389813528,3.329770563201687,30.70819111482666,0.7606056073988443,1.0,leptonic_bookkeeping,train
268552,ttH,124.83570765056163,123.94966038564371,1,3,3,146.83166389813528,3.329770563201687,30.70819111482666,0.7606056073988443,1.0,leptonic_bookkeeping,train
773528,ttH,124.83570765056163,123.94966038564371,1,3,3,146.83166389813528,3.329770563201687,30.70819111482666,0.7606056073988443,1.0,leptonic_bookkeeping,train
662072,ttH,124.83570765056163,123.94966038564371,1,3,3,146.83166389813528,3.329770563201687,30.70819111482666,0.7606056073988443,1.0,leptonic_bookkeeping,train
1741,ttH,124.83570765056163,123.94966038564371,1,3,3,146.83166389813528,3.329770563201687,30.70819111482666,0.7606056073988443,1.0,leptonic_bookkeeping,train
784600,ttH,124.83570765056163,123.94966038564371,1,3,3,146.83166389813528,3.329770563201687,30.70819111482666,0.7606056073988443,1.0,leptonic_bookkeeping,train
489410,ttH,124.83570765056163,123.94966038564371,1,3,3,146.83166389813528,3.329770563201687,30.70819111482666,0.7606056073988443,1.0,leptonic_bookkeeping,train
937055,ttH,124.83570765056163,123.94966038564371,1,3,3,146.83166389813528,3.329770563201687,30.70819111482666,0.7606056073988443,1.0,leptonic_bookkeeping,test
398103,ttH,124.83570765056163,123.94966038564371,1,3,3,146.83166389813528,3.329770563201687,30.70819111482666,0.7606056073988443,1.0,leptonic_bookkeeping,validation
234775,ttH,124.83570765056163,123.94966038564371,1,3,3,146.83166389813528,3.329770563201687,30.70819111482666,0.7606056073988443,1.0,leptonic_bookkeeping,validation
44775,ttH,124.83570765056163,123.94966038564371,1,3,3,146.83166389813528,3.329770563201687,30.70819111482666,0.7606056073988443,1.0,leptonic_bookkeeping,train
268911,ttH,124.83570765056163,123.94966038564371,1,3,3,146.83166389813528,3.329770563201687,30.70819111482666,0.7606056073988443,1.0,leptonic_bookkeeping,train
278512,ttH,124.83570765056163,123.94966038564371,1,3,3,146.83166389813528,3.329770563201687,30.70819111482666,0.7606056073988443,1.0,leptonic_bookkeeping,train
651776,ttH,124.83570765056163,123.94966038564371,1,3,3,146.83166389813528,3.329770563201687,30.70819111482666,0.7606056073988443,1.0,leptonic_bookkeeping,train
449956,ttH,124.83570765056163,123.94966038564371,1,3,3,146.83166389813528,3.329770563201687,30.70819111482666,0.7606056073988443,1.0,leptonic_bookkeeping,validation
720560,ttH,124.83570765056163,123.94966038564371,1,3,3,146.83166389813528,3.329770563201687,30.70819111482666,0.7606056073988443,1.0,leptonic_bookkeeping,test
242561,ttH,124.83570765056163,123.94966038564371,1,3,3,146.83166389813528,3.329770563201687,30.70819111482666,0.7606056073988443,1.0,leptonic_bookkeeping,train
856701,ttH,124.83570765056163,123.94966038564371,1,3,3,146.83166389813528,3.329770563201687,30.70819111482666,0.7606056073988443,1.0,leptonic_bookkeeping,train
474473,ttH,124.83570765056163,123.94966038564371,1,3,3,146.83166389813528,3.329770563201687,30.70819111482666,0.7606056073988443,1.0,leptonic_bookkeeping,train
93000,ttH,124.83570765056163,123.94966038564371,1,3,3,146.83166389813528,3.329770563201687,30.70819111482666,0.7606056073988443,1.0,leptonic_bookkeeping,train
397250,ttH,124.83570765056163,123.94966038564371,1,3,3,146.83166389813528,3.329770563201687,30.70819111482666,0.7606056073988443,1.0,leptonic_bookkeeping,train
577164,ttH,124.83570765056163,123.94966038564371,1,3,3,146.83166389813528,3.329770563201687,30.70819111482666,0.7606056073988443,1.0,leptonic_bookkeeping,test
621827,ttH,124.83570765056163,123.94966038564371,1,3,3,146.83166389813528,3.329770563201687,30.70819111482666,0.7606056073988443,1.0,leptonic_bookkeeping,train
766688,ttH,124.83570765056163,123.94966038564371,1,3,3,146.83166389813528,3.329770563201687,30.70819111482666,0.7606056073988443,1.0,leptonic_bookkeeping,train
66328,ttH,124.83570765056163,123.94966038564371,1,3,3,146.83166389813528,3.329770563201687,30.70819111482666,0.7606056073988443,1.0,leptonic_bookkeeping,train
56995,ttH,124.83570765056163,123.94966038564371,1,3,3,146.83166389813528,3.329770563201687,30.70819111482666,0.7606056073988443,1.0,leptonic_bookkeeping,train
490397,ttH,124.83570765056163,123.94966038564371,1,3,3,146.83166389813528,3.329770563201687,30.70819111482666,0.7606056073988443,1.0,leptonic_bookkeeping,train
935794,ttH,124.83570765056163,123.94966038564371,1,3,3,146.83166389813528,3.329770563201687,30.70819111482666,0.7606056073988443,1.0,leptonic_bookkeeping,validation
723017,ttH,124.83570765056163,123.94966038564371,1,3,3,146.83166389813528,3.329770563201687,30.70819111482666,0.7606056073988443,1.0,leptonic_bookkeeping,train
523032,ttH,124.83570765056163,123.94966038564371,1,3,3,146.83166389813528,3.329770563201687,30.70819111482666,0.7606056073988443,1.0,leptonic_bookkeeping,validation
5367,ttH,124.83570765056163,123.94966038564371,1,3,3,146.83166389813528,3.329770563201687,30.70819111482666,0.7606056073988443,1.0,leptonic_bookkeeping,train
448893,ttH,124.83570765056163,123.94966038564371,1,3,3,146.83166389813528,3.329770563201687,30.70819111482666,0.7606056073988443,1.0,leptonic_bookkeeping,train
92039,ttH,124.83570765056163,123.94966038564371,1,3,3,146.83166389813528,3.329770563201687,30.70819111482666,0.7606056073988443,1.0,leptonic_bookkeeping,test
321209,ttH,124.83570765056163,123.94966038564371,1,3,3,146.83166389813528,3.329770563201687,30.70819111482666,0.7606056073988443,1.0,leptonic_bookkeeping,train
3233,ttH,124.83570765056163,123.94966038564371,1,3,3,146.83166389813528,3.329770563201687,30.70819111482666,0.7606056073988443,1.0,leptonic_bookkeeping,train
972741,ttH,124.83570765056163,123.94966038564371,1,3,3,146.83166389813528,3.329770563201687,30.70819111482666,0.7606056073988443,1.0,leptonic_bookkeeping,train
759386,ttH,124.83570765056163,123.94966038564371,1,3,3,146.83166389813528,3.329770563201687,30.70819111482666,0.7606056073988443,1.0,leptonic_bookkeeping,validation
677191,ttH,124.83570765056163,123.94966038564371,1,3,3,146.83166389813528,3.329770563201687,30.70819111482666,0.7606056073988443,1.0,leptonic_bookkeeping,validation
408491,ttH,124.83570765056163,123.94966038564371,1,3,3,146.83166389813528,3.329770563201687,30.70819111482666,0.7606056073988443,1.0,leptonic_bookkeeping,validation
791185,ttH,124.83570765056163,123.94966038564371,1,3,3,146.83166389813528,3.329770563201687,30.70819111482666,0.7606056073988443,1.0,leptonic_bookkeeping,validation
418725,ttH,124.83570765056163,123.94966038564371,1,3,3,146.83166389813528,3.329770563201687,30.70819111482666,0.7606056073988443,1.0,leptonic_bookkeeping,validation
723278,ttH,124.83570765056163,123.94966038564371,1,3,3,146.83166389813528,3.329770563201687,30.70819111482666,0.7606056073988443,1.0,leptonic_bookkeeping,train
604105,ttH,124.83570765056163,123.94966038564371,1,3,3,146.83166389813528,3.329770563201687,30.70819111482666,0.7606056073988443,1.0,leptonic_bookkeeping,train
151327,ttH,124.83570765056163,123.94966038564371,1,3,3,146.83166389813528,3.329770563201687,30.70819111482666,0.7606056073988443,1.0,leptonic_bookkeeping,validation
727836,ttH,124.83570765056163,123.94966038564371,1,3,3,146.83166389813528,3.329770563201687,30.70819111482666,0.7606056073988443,1.0,leptonic_bookkeeping,validation
832691,ttH,124.83570765056163,123.94966038564371,1,3,3,146.83166389813528,3.329770563201687,30.70819111482666,0.7606056073988443,1.0,leptonic_bookkeeping,validation
590969,ttH,124.83570765056163,123.94966038564371,1,3,3,146.83166389813528,3.329770563201687,30.70819111482666,0.7606056073988443,1.0,leptonic_bookkeeping,train
100832,ttH,124.83570765056163,123.94966038564371,1,3,3,146.83166389813528,3.329770563201687,30.70819111482666,0.7606056073988443,1.0,leptonic_bookkeeping,validation
979904,ttH,124.83570765056163,123.94966038564371,1,3,3,146.83166389813528,3.329770563201687,30.70819111482666,0.7606056073988443,1.0,leptonic_bookkeeping,train
409662,ttH,124.83570765056163,123.94966038564371,1,3,3,146.83166389813528,3.329770563201687,30.70819111482666,0.7606056073988443,1.0,leptonic_bookkeeping,validation
695551,ttH,124.83570765056163,123.94966038564371,1,3,3,146.83166389813528,3.329770563201687,30.70819111482666,0.7606056073988443,1.0,leptonic_bookkeeping,train
649190,ttH,124.83570765056163,123.94966038564371,1,3,3,146.83166389813528,3.329770563201687,30.70819111482666,0.7606056073988443,1.0,leptonic_bookkeeping,test
28849,ttH,124.83570765056163,123.94966038564371,1,3,3,146.83166389813528,3.329770563201687,30.70819111482666,0.7606056073988443,1.0,leptonic_bookkeeping,validation
121570,ttH,124.83570765056163,123.94966038564371,1,3,3,146.83166389813528,3.329770563201687,30.70819111482666,0.7606056073988443,1.0,leptonic_bookkeeping,validation
727132,ttH,124.83570765056163,123.94966038564371,1,3,3,146.83166389813528,3.329770563201687,30.70819111482666,0.7606056073988443,1.0,leptonic_bookkeeping,train
278358,ttH,124.83570765056163,123.94966038564371,1,3,3,146.83166389813528,3.329770563201687,30.70819111482666,0.7606056073988443,1.0,leptonic_bookkeeping,train
282527,ttH,124.83570765056163,123.94966038564371,1,3,3,146.83166389813528,3.329770563201687,30.70819111482666,0.7606056073988443,1.0,leptonic_bookkeeping,train
568062,ttH,124.83570765056163,123.94966038564371,1,3,3,146.83166389813528,3.329770563201687,30.70819111482666,0.7606056073988443,1.0,leptonic_bookkeeping,train
901350,ttH,124.83570765056163,123.94966038564371,1,3,3,146.83166389813528,3.329770563201687,30.70819111482666,0.7606056073988443,1.0,leptonic_bookkeeping,train
33969,ttH,124.83570765056163,123.94966038564371,1,3,3,146.83166389813528,3.329770563201687,30.70819111482666,0.7606056073988443,1.0,leptonic_bookkeeping,train
583304,ttH,124.83570765056163,123.94966038564371,1,3,3,146.83166389813528,3.329770563201687,30.70819111482666,0.7606056073988443,1.0,leptonic_bookkeeping,train
591576,ttH,124.83570765056163,123.94966038564371,1,3,3,146.83166389813528,3.329770563201687,30.70819111482666,0.7606056073988443,1.0,leptonic_bookkeeping,train
219101,ttH,124.83570765056163,123.94966038564371,1,3,3,146.83166389813528,3.329770563201687,30.70819111482666,0.7606056073988443,1.0,leptonic_bookkeeping,train
921814,ttH,124.83570765056163,123.94966038564371,1,3,3,146.83166389813528,3.329770563201687,30.70819111482666,0.7606056073988443,1.0,leptonic_bookkeeping,train
498766,ttH,124.83570765056163,123.94966038564371,1,3,3,146.83166389813528,3.329770563201687,30.70819111482666,0.7606056073988443,1.0,leptonic_bookkeeping,train
189465,ttH,124.83570765056163,123.94966038564371,1,3,3,146.83166389813528,3.329770563201687,30.70819111482666,0.7606056073988443,1.0,leptonic_bookkeeping,train
105754,ttH,124.83570765056163,123.94966038564371,1,3,3,146.83166389813528,3.329770563201687,30.70819111482666,0.7606056073988443,1.0,leptonic_bookkeeping,train
908352,ttH,124.83570765056163,123.94966038564371,1,3,3,146.83166389813528,3.329770563201687,30.70819111482666,0.7606056073988443,1.0,leptonic_bookkeeping,train
538158,ttH,124.83570765056163,123.94966038564371,1,3,3,146.83166389813528,3.329770563201687,30.70819111482666,0.7606056073988443,1.0,leptonic_bookkeeping,train
527543,ttH,124.83570765056163,123.94966038564371,1,3,3,146.83166389813528,3.329770563201687,30.70819111482666,0.7606056073988443,1.0,leptonic_bookkeeping,train
655251,ttH,124.83570765056163,123.94966038564371,1,3,3,146.83166389813528,3.329770563201687,30.70819111482666,0.7606056073988443,1.0,leptonic_bookkeeping,train
726370,ttH,124.83570765056163,123.94966038564371,1,3,3,146.83166389813528,3.329770563201687,30.70819111482666,0.7606056073988443,1.0,leptonic_bookkeeping,train
223875,ttH,124.83570765056163,123.94966038564371,1,3,3,146.83166389813528,3.329770563201687,30.70819111482666,0.7606056073988443,1.0,leptonic_bookkeeping,validation
412896,ttH,124.83570765056163,123.94966038564371,1,3,3,146.83166389813528,3.329770563201687,30.70819111482666,0.7606056073988443,1.0,leptonic_bookkeeping,train
370572,ttH,124.83570765056163,123.94966038564371,1,3,3,146.83166389813528,3.329770563201687,30.70819111482666,0.7606056073988443,1.0,leptonic_bookkeeping,test
514911,ttH,124.83570765056163,123.94966038564371,1,3,3,146.83166389813528,3.329770563201687,30.70819111482666,0.7606056073988443,1.0,leptonic_bookkeeping,test
457849,ttH,124.83570765056163,123.94966038564371,1,3,3,146.83166389813528,3.329770563201687,30.70819111482666,0.7606056073988443,1.0,leptonic_bookkeeping,train
758760,ttH,124.83570765056163,123.94966038564371,1,3,3,146.83166389813528,3.329770563201687,30.70819111482666,0.7606056073988443,1.0,leptonic_bookkeeping,train
712307,ttH,124.83570765056163,123.94966038564371,1,3,3,146.83166389813528,3.329770563201687,30.70819111482666,0.7606056073988443,1.0,leptonic_bookkeeping,train
758921,ttH,124.83570765056163,123.94966038564371,1,3,3,146.83166389813528,3.329770563201687,30.70819111482666,0.7606056073988443,1.0,leptonic_bookkeeping,validation
156953,ttH,124.83570765056163,123.94966038564371,1,3,3,146.83166389813528,3.329770563201687,30.70819111482666,0.7606056073988443,1.0,leptonic_bookkeeping,train
322684,ttH,124.83570765056163,123.94966038564371,1,3,3,146.83166389813528,3.329770563201687,30.70819111482666,0.7606056073988443,1.0,leptonic_bookkeeping,train
812235,ttH,124.83570765056163,123.94966038564371,1,3,3,146.83166389813528,3.329770563201687,30.70819111482666,0.7606056073988443,1.0,leptonic_bookkeeping,validation
672,ttH,124.83570765056163,123.94966038564371,1,3,3,146.83166389813528,3.329770563201687,30.70819111482666,0.7606056073988443,1.0,leptonic_bookkeeping,train
73625,ttH,124.83570765056163,123.94966038564371,1,3,3,146.83166389813528,3.329770563201687,30.70819111482666,0.7606056073988443,1.0,leptonic_bookkeeping,train
609763,ttH,124.83570765056163,123.94966038564371,1,3,3,146.83166389813528,3.329770563201687,30.70819111482666,0.7606056073988443,1.0,leptonic_bookkeeping,train
578341,ttH,124.83570765056163,123.94966038564371,1,3,3,146.83166389813528,3.329770563201687,30.70819111482666,0.7606056073988443,1.0,leptonic_bookkeeping,train
583620,ttH,124.83570765056163,123.94966038564371,1,3,3,146.83166389813528,3.329770563201687,30.70819111482666,0.7606056073988443,1.0,leptonic_bookkeeping,validation
13100,ttH,124.83570765056163,123.94966038564371,1,3,3,146.83166389813528,3.329770563201687,30.70819111482666,0.7606056073988443,1.0,leptonic_bookkeeping,train
303983,ttH,124.83570765056163,123.94966038564371,1,3,3,146.83166389813528,3.329770563201687,30.70819111482666,0.7606056073988443,1.0,leptonic_bookkeeping,train
533561,ttH,124.83570765056163,123.94966038564371,1,3,3,146.83166389813528,3.329770563201687,30.70819111482666,0.7606056073988443,1.0,leptonic_bookkeeping,validation
890677,ttH,124.83570765056163,123.94966038564371,1,3,3,146.83166389813528,3.329770563201687,30.70819111482666,0.7606056073988443,1.0,leptonic_bookkeeping,train
851373,ttH,124.83570765056163,123.94966038564371,1,3,3,146.83166389813528,3.329770563201687,30.70819111482666,0.7606056073988443,1.0,leptonic_bookkeeping,train
630306,ttH,124.83570765056163,123.94966038564371,1,3,3,146.83166389813528,3.329770563201687,30.70819111482666,0.7606056073988443,1.0,leptonic_bookkeeping,train
330432,ttH,124.83570765056163,123.94966038564371,1,3,3,146.83166389813528,3.329770563201687,30.70819111482666,0.7606056073988443,1.0,leptonic_bookkeeping,train
776292,ttH,124.83570765056163,123.94966038564371,1,3,3,146.83166389813528,3.329770563201687,30.70819111482666,0.7606056073988443,1.0,leptonic_bookkeeping,train
637044,ttH,124.83570765056163,123.94966038564371,1,3,3,146.83166389813528,3.329770563201687,30.70819111482666,0.7606056073988443,1.0,leptonic_bookkeeping,validation
151619,ttH,124.83570765056163,123.94966038564371,1,3,3,146.83166389813528,3.329770563201687,30.70819111482666,0.7606056073988443,1.0,leptonic_bookkeeping,validation
187263,ttH,124.83570765056163,123.94966038564371,1,3,3,146.83166389813528,3.329770563201687,30.70819111482666,0.7606056073988443,1.0,leptonic_bookkeeping,train
724504,ttH,124.83570765056163,123.94966038564371,1,3,3,146.83166389813528,3.329770563201687,30.70819111482666,0.7606056073988443,1.0,leptonic_bookkeeping,train
762435,ttH,124.83570765056163,123.94966038564371,1,3,3,146.83166389813528,3.329770563201687,30.70819111482666,0.7606056073988443,1.0,leptonic_bookkeeping,test
568263,ttH,124.83570765056163,123.94966038564371,1,3,3,146.83166389813528,3.329770563201687,30.70819111482666,0.7606056073988443,1.0,leptonic_bookkeeping,train
743103,ttH,124.83570765056163,123.94966038564371,1,3,3,146.83166389813528,3.329770563201687,30.70819111482666,0.7606056073988443,1.0,leptonic_bookkeeping,train
899566,ttH,124.83570765056163,123.94966038564371,1,3,3,146.83166389813528,3.329770563201687,30.70819111482666,0.7606056073988443,1.0,leptonic_bookkeeping,train
530268,ttH,124.83570765056163,123.94966038564371,1,3,3,146.83166389813528,3.329770563201687,30.70819111482666,0.7606056073988443,1.0,leptonic_bookkeeping,train
395707,ttH,124.83570765056163,123.94966038564371,1,3,3,146.83166389813528,3.329770563201687,30.70819111482666,0.7606056073988443,1.0,leptonic_bookkeeping,train
106028,ttH,124.83570765056163,123.94966038564371,1,3,3,146.83166389813528,3.329770563201687,30.70819111482666,0.7606056073988443,1.0,leptonic_bookkeeping,train
373729,ttH,124.83570765056163,123.94966038564371,1,3,3,146.83166389813528,3.329770563201687,30.70819111482666,0.7606056073988443,1.0,leptonic_bookkeeping,train
416749,ttH,124.83570765056163,123.94966038564371,1,3,3,146.83166389813528,3.329770563201687,30.70819111482666,0.7606056073988443,1.0,leptonic_bookkeeping,train
995141,ttH,124.83570765056163,123.94966038564371,1,3,3,146.83166389813528,3.329770563201687,30.70819111482666,0.7606056073988443,1.0,leptonic_bookkeeping,train
510177,ttH,124.83570765056163,123.94966038564371,1,3,3,146.83166389813528,3.329770563201687,30.70819111482666,0.7606056073988443,1.0,leptonic_bookkeeping,train
790296,ttH,124.83570765056163,123.94966038564371,1,3,3,146.83166389813528,3.329770563201687,30.70819111482666,0.7606056073988443,1.0,leptonic_bookkeeping,validation
391641,ttH,124.83570765056163,123.94966038564371,1,3,3,146.83166389813528,3.329770563201687,30.70819111482666,0.7606056073988443,1.0,leptonic_bookkeeping,test
275144,ttH,124.83570765056163,123.94966038564371,1,3,3,146.83166389813528,3.329770563201687,30.70819111482666,0.7606056073988443,1.0,leptonic_bookkeeping,validation
601288,ttH,124.83570765056163,123.94966038564371,1,3,3,146.83166389813528,3.329770563201687,30.70819111482666,0.7606056073988443,1.0,leptonic_bookkeeping,train
753058,ttH,124.83570765056163,123.94966038564371,1,3,3,146.83166389813528,3.329770563201687,30.70819111482666,0.7606056073988443,1.0,leptonic_bookkeeping,train
89676,ttH,124.83570765056163,123.94966038564371,1,3,3,146.83166389813528,3.329770563201687,30.70819111482666,0.7606056073988443,1.0,leptonic_bookkeeping,validation
324791,ttH,124.83570765056163,123.94966038564371,1,3,3,146.83166389813528,3.329770563201687,30.70819111482666,0.7606056073988443,1.0,leptonic_bookkeeping,train
404181,ttH,124.83570765056163,123.94966038564371,1,3,3,146.83166389813528,3.329770563201687,30.70819111482666,0.7606056073988443,1.0,leptonic_bookkeeping,train
556958,ttH,124.83570765056163,123.94966038564371,1,3,3,146.83166389813528,3.329770563201687,30.70819111482666,0.7606056073988443,1.0,leptonic_bookkeeping,train
252773,ttH,124.83570765056163,123.94966038564371,1,3,3,146.83166389813528,3.329770563201687,30.70819111482666,0.7606056073988443,1.0,leptonic_bookkeeping,train
659622,ttH,124.83570765056163,123.94966038564371,1,3,3,146.83166389813528,3.329770563201687,30.70819111482666,0.7606056073988443,1.0,leptonic_bookkeeping,test
749572,ttH,124.83570765056163,123.94966038564371,1,3,3,146.83166389813528,3.329770563201687,30.70819111482666,0.7606056073988443,1.0,leptonic_bookkeeping,validation
609153,ttH,124.83570765056163,123.94966038564371,1,3,3,146.83166389813528,3.329770563201687,30.70819111482666,0.7606056073988443,1.0,leptonic_bookkeeping,train
953417,ttH,124.83570765056163,123.94966038564371,1,3,3,146.83166389813528,3.329770563201687,30.70819111482666,0.7606056073988443,1.0,leptonic_bookkeeping,train
180996,ttH,124.83570765056163,123.94966038564371,1,3,3,146.83166389813528,3.329770563201687,30.70819111482666,0.7606056073988443,1.0,leptonic_bookkeeping,train
788706,ttH,124.83570765056163,123.94966038564371,1,3,3,146.83166389813528,3.329770563201687,30.70819111482666,0.7606056073988443,1.0,leptonic_bookkeeping,train
626197,ttH,124.83570765056163,123.94966038564371,1,3,3,146.83166389813528,3.329770563201687,30.70819111482666,0.7606056073988443,1.0,leptonic_bookkeeping,validation
539016,ttH,124.83570765056163,123.94966038564371,1,3,3,146.83166389813528,3.329770563201687,30.70819111482666,0.7606056073988443,1.0,leptonic_bookkeeping,train
603975,ttH,124.83570765056163,123.94966038564371,1,3,3,146.83166389813528,3.329770563201687,30.70819111482666,0.7606056073988443,1.0,leptonic_bookkeeping,train
922358,ttH,124.83570765056163,123.94966038564371,1,3,3,146.83166389813528,3.329770563201687,30.70819111482666,0.7606056073988443,1.0,leptonic_bookkeeping,train
288718,ttH,124.83570765056163,123.94966038564371,1,3,3,146.83166389813528,3.329770563201687,30.70819111482666,0.7606056073988443,1.0,leptonic_bookkeeping,train
356778,ttH,124.83570765056163,123.94966038564371,1,3,3,146.83166389813528,3.329770563201687,30.70819111482666,0.7606056073988443,1.0,leptonic_bookkeeping,validation
780347,ttH,124.83570765056163,123.94966038564371,1,3,3,146.83166389813528,3.329770563201687,30.70819111482666,0.7606056073988443,1.0,leptonic_bookkeeping,validation
860335,ttH,124.83570765056163,123.94966038564371,1,3,3,146.83166389813528,3.329770563201687,30.70819111482666,0.7606056073988443,1.0,leptonic_bookkeeping,train
961817,ttH,124.83570765056163,123.94966038564371,1,3,3,146.83166389813528,3.329770563201687,30.70819111482666,0.7606056073988443,1.0,leptonic_bookkeeping,train
820295,ttH,124.83570765056163,123.94966038564371,1,3,3,146.83166389813528,3.329770563201687,30.70819111482666,0.7606056073988443,1.0,leptonic_bookkeeping,train
468062,ttH,124.83570765056163,123.94966038564371,1,3,3,146.83166389813528,3.329770563201687,30.70819111482666,0.7606056073988443,1.0,leptonic_bookkeeping,train
880530,ttH,124.83570765056163,123.94966038564371,1,3,3,146.83166389813528,3.329770563201687,30.70819111482666,0.7606056073988443,1.0,leptonic_bookkeeping,train
322429,ttH,124.83570765056163,123.94966038564371,1,3,3,146.83166389813528,3.329770563201687,30.70819111482666,0.7606056073988443,1.0,leptonic_bookkeeping,train
155942,ttH,124.83570765056163,123.94966038564371,1,3,3,146.83166389813528,3.329770563201687,30.70819111482666,0.7606056073988443,1.0,leptonic_bookkeeping,train
565999,ttH,124.83570765056163,123.94966038564371,1,3,3,146.83166389813528,3.329770563201687,30.70819111482666,0.7606056073988443,1.0,leptonic_bookkeeping,test
453736,ttH,124.83570765056163,123.94966038564371,1,3,3,146.83166389813528,3.329770563201687,30.70819111482666,0.7606056073988443,1.0,leptonic_bookkeeping,train
893933,ttH,124.83570765056163,123.94966038564371,1,3,3,146.83166389813528,3.329770563201687,30.70819111482666,0.7606056073988443,1.0,leptonic_bookkeeping,validation
265591,ttH,124.83570765056163,123.94966038564371,1,3,3,146.83166389813528,3.329770563201687,30.70819111482666,0.7606056073988443,1.0,leptonic_bookkeeping,validation
482224,ttH,124.83570765056163,123.94966038564371,1,3,3,146.83166389813528,3.329770563201687,30.70819111482666,0.7606056073988443,1.0,leptonic_bookkeeping,validation
374034,ttH,124.83570765056163,123.94966038564371,1,3,3,146.83166389813528,3.329770563201687,30.70819111482666,0.7606056073988443,1.0,leptonic_bookkeeping,train
879088,ttH,124.83570765056163,123.94966038564371,1,3,3,146.83166389813528,3.329770563201687,30.70819111482666,0.7606056073988443,1.0,leptonic_bookkeeping,train
244268,ttH,124.83570765056163,123.94966038564371,1,3,3,146.83166389813528,3.329770563201687,30.70819111482666,0.7606056073988443,1.0,leptonic_bookkeeping,validation
211358,ttH,124.83570765056163,123.94966038564371,1,3,3,146.83166389813528,3.329770563201687,30.70819111482666,0.7606056073988443,1.0,leptonic_bookkeeping,train
800805,ttH,124.83570765056163,123.94966038564371,1,3,3,146.83166389813528,3.329770563201687,30.70819111482666,0.7606056073988443,1.0,leptonic_bookkeeping,validation
11672,ttH,124.83570765056163,123.94966038564371,1,3,3,146.83166389813528,3.329770563201687,30.70819111482666,0.7606056073988443,1.0,leptonic_bookkeeping,train
393859,ttH,124.83570765056163,123.94966038564371,1,3,3,146.83166389813528,3.329770563201687,30.70819111482666,0.7606056073988443,1.0,leptonic_bookkeeping,train
373966,ttH,124.83570765056163,123.94966038564371,1,3,3,146.83166389813528,3.329770563201687,30.70819111482666,0.7606056073988443,1.0,leptonic_bookkeeping,train
278959,ttH,124.83570765056163,123.94966038564371,1,3,3,146.83166389813528,3.329770563201687,30.70819111482666,0.7606056073988443,1.0,leptonic_bookkeeping,train
365179,ttH,124.83570765056163,123.94966038564371,1,3,3,146.83166389813528,3.329770563201687,30.70819111482666,0.7606056073988443,1.0,leptonic_bookkeeping,train
768221,ttH,124.83570765056163,123.94966038564371,1,3,3,146.83166389813528,3.329770563201687,30.70819111482666,0.7606056073988443,1.0,leptonic_bookkeeping,train
267776,ttH,124.83570765056163,123.94966038564371,1,3,3,146.83166389813528,3.329770563201687,30.70819111482666,0.7606056073988443,1.0,leptonic_bookkeeping,test
641428,ttH,124.83570765056163,123.94966038564371,1,3,3,146.83166389813528,3.329770563201687,30.70819111482666,0.7606056073988443,1.0,leptonic_bookkeeping,train
929353,ttH,124.83570765056163,123.94966038564371,1,3,3,146.83166389813528,3.329770563201687,30.70819111482666,0.7606056073988443,1.0,leptonic_bookkeeping,train
56084,ttH,124.83570765056163,123.94966038564371,1,3,3,146.83166389813528,3.329770563201687,30.70819111482666,0.7606056073988443,1.0,leptonic_bookkeeping,train
69081,ttH,124.83570765056163,123.94966038564371,1,3,3,146.83166389813528,3.329770563201687,30.70819111482666,0.7606056073988443,1.0,leptonic_bookkeeping,validation
992745,ttH,124.83570765056163,123.94966038564371,1,3,3,146.83166389813528,3.329770563201687,30.70819111482666,0.7606056073988443,1.0,leptonic_bookkeeping,train
932274,ttH,124.83570765056163,123.94966038564371,1,3,3,146.83166389813528,3.329770563201687,30.70819111482666,0.7606056073988443,1.0,leptonic_bookkeeping,train
85429,ttH,124.83570765056163,123.94966038564371,1,3,3,146.83166389813528,3.329770563201687,30.70819111482666,0.7606056073988443,1.0,leptonic_bookkeeping,train
892180,ttH,124.83570765056163,123.94966038564371,1,3,3,146.83166389813528,3.329770563201687,30.70819111482666,0.7606056073988443,1.0,leptonic_bookkeeping,train
534119,ttH,124.83570765056163,123.94966038564371,1,3,3,146.83166389813528,3.329770563201687,30.70819111482666,0.7606056073988443,1.0,leptonic_bookkeeping,test
65226,ttH,124.83570765056163,123.94966038564371,1,3,3,146.83166389813528,3.329770563201687,30.70819111482666,0.7606056073988443,1.0,leptonic_bookkeeping,train
770918,ttH,124.83570765056163,123.94966038564371,1,3,3,146.83166389813528,3.329770563201687,30.70819111482666,0.7606056073988443,1.0,leptonic_bookkeeping,validation
827506,ttH,124.83570765056163,123.94966038564371,1,3,3,146.83166389813528,3.329770563201687,30.70819111482666,0.7606056073988443,1.0,leptonic_bookkeeping,train
147282,ttH,124.83570765056163,123.94966038564371,1,3,3,146.83166389813528,3.329770563201687,30.70819111482666,0.7606056073988443,1.0,leptonic_bookkeeping,train
98936,ttH,124.83570765056163,123.94966038564371,1,3,3,146.83166389813528,3.329770563201687,30.70819111482666,0.7606056073988443,1.0,leptonic_bookkeeping,train
145826,ttH,124.83570765056163,123.94966038564371,1,3,3,146.83166389813528,3.329770563201687,30.70819111482666,0.7606056073988443,1.0,leptonic_bookkeeping,train
564295,ttH,124.83570765056163,123.94966038564371,1,3,3,146.83166389813528,3.329770563201687,30.70819111482666,0.7606056073988443,1.0,leptonic_bookkeeping,validation
10467,ttH,124.83570765056163,123.94966038564371,1,3,3,146.83166389813528,3.329770563201687,30.70819111482666,0.7606056073988443,1.0,leptonic_bookkeeping,train
460628,ttH,124.83570765056163,123.94966038564371,1,3,3,146.83166389813528,3.329770563201687,30.70819111482666,0.7606056073988443,1.0,leptonic_bookkeeping,validation
712143,ttH,124.83570765056163,123.94966038564371,1,3,3,146.83166389813528,3.329770563201687,30.70819111482666,0.7606056073988443,1.0,leptonic_bookkeeping,train
237437,ttH,124.83570765056163,123.94966038564371,1,3,3,146.83166389813528,3.329770563201687,30.70819111482666,0.7606056073988443,1.0,leptonic_bookkeeping,train
341474,ttH,124.83570765056163,123.94966038564371,1,3,3,146.83166389813528,3.329770563201687,30.70819111482666,0.7606056073988443,1.0,leptonic_bookkeeping,train
649561,ttH,124.83570765056163,123.94966038564371,1,3,3,146.83166389813528,3.329770563201687,30.70819111482666,0.7606056073988443,1.0,leptonic_bookkeeping,train
513094,ttH,124.83570765056163,123.94966038564371,1,3,3,146.83166389813528,3.329770563201687,30.70819111482666,0.7606056073988443,1.0,leptonic_bookkeeping,validation
574317,ttH,124.83570765056163,123.94966038564371,1,3,3,146.83166389813528,3.329770563201687,30.70819111482666,0.7606056073988443,1.0,leptonic_bookkeeping,validation
130459,ttH,124.83570765056163,123.94966038564371,1,3,3,146.83166389813528,3.329770563201687,30.70819111482666,0.7606056073988443,1.0,leptonic_bookkeeping,validation
265501,ttH,124.83570765056163,123.94966038564371,1,3,3,146.83166389813528,3.329770563201687,30.70819111482666,0.7606056073988443,1.0,leptonic_bookkeeping,validation
882371,ttH,124.83570765056163,123.94966038564371,1,3,3,146.83166389813528,3.329770563201687,30.70819111482666,0.7606056073988443,1.0,leptonic_bookkeeping,train
426496,ttH,124.83570765056163,123.94966038564371,1,3,3,146.83166389813528,3.329770563201687,30.70819111482666,0.7606056073988443,1.0,leptonic_bookkeeping,train
81217,ttH,124.83570765056163,123.94966038564371,1,3,3,146.83166389813528,3.329770563201687,30.70819111482666,0.7606056073988443,1.0,leptonic_bookkeeping,test
63228,ttH,124.83570765056163,123.94966038564371,1,3,3,146.83166389813528,3.329770563201687,30.70819111482666,0.7606056073988443,1.0,leptonic_bookkeeping,train
487825,ttH,124.83570765056163,123.94966038564371,1,3,3,146.83166389813528,3.329770563201687,30.70819111482666,0.7606056073988443,1.0,leptonic_bookkeeping,train
210976,ttH,124.83570765056163,123.94966038564371,1,3,3,146.83166389813528,3.329770563201687,30.70819111482666,0.7606056073988443,1.0,leptonic_bookkeeping,train
925279,ttH,124.83570765056163,123.94966038564371,1,3,3,146.83166389813528,3.329770563201687,30.70819111482666,0.7606056073988443,1.0,leptonic_bookkeeping,validation
534384,ttH,124.83570765056163,123.94966038564371,1,3,3,146.83166389813528,3.329770563201687,30.70819111482666,0.7606056073988443,1.0,leptonic_bookkeeping,test
315960,ttH,124.83570765056163,123.94966038564371,1,3,3,146.83166389813528,3.329770563201687,30.70819111482666,0.7606056073988443,1.0,leptonic_bookkeeping,validation
401234,ttH,124.83570765056163,123.94966038564371,1,3,3,146.83166389813528,3.329770563201687,30.70819111482666,0.7606056073988443,1.0,leptonic_bookkeeping,test
482629,ttH,124.83570765056163,123.94966038564371,1,3,3,146.83166389813528,3.329770563201687,30.70819111482666,0.7606056073988443,1.0,leptonic_bookkeeping,test
110326,ttH,124.83570765056163,123.94966038564371,1,3,3,146.83166389813528,3.329770563201687,30.70819111482666,0.7606056073988443,1.0,leptonic_bookkeeping,validation
735656,ttH,124.83570765056163,123.94966038564371,1,3,3,146.83166389813528,3.329770563201687,30.70819111482666,0.7606056073988443,1.0,leptonic_bookkeeping,train
469468,ttH,124.83570765056163,123.94966038564371,1,3,3,146.83166389813528,3.329770563201687,30.70819111482666,0.7606056073988443,1.0,leptonic_bookkeeping,train
348996,ttH,124.83570765056163,123.94966038564371,1,3,3,146.83166389813528,3.329770563201687,30.70819111482666,0.7606056073988443,1.0,leptonic_bookkeeping,test
748597,ttH,124.83570765056163,123.94966038564371,1,3,3,146.83166389813528,3.329770563201687,30.70819111482666,0.7606056073988443,1.0,leptonic_bookkeeping,validation
119568,ttH,124.83570765056163,123.94966038564371,1,3,3,146.83166389813528,3.329770563201687,30.70819111482666,0.7606056073988443,1.0,leptonic_bookkeeping,train
230367,ttH,124.83570765056163,123.94966038564371,1,3,3,146.83166389813528,3.329770563201687,30.70819111482666,0.7606056073988443,1.0,leptonic_bookkeeping,train
117401,ttH,124.83570765056163,123.94966038564371,1,3,3,146.83166389813528,3.329770563201687,30.70819111482666,0.7606056073988443,1.0,leptonic_bookkeeping,train
483897,ttH,124.83570765056163,123.94966038564371,1,3,3,146.83166389813528,3.329770563201687,30.70819111482666,0.7606056073988443,1.0,leptonic_bookkeeping,test
847528,ttH,124.83570765056163,123.94966038564371,1,3,3,146.83166389813528,3.329770563201687,30.70819111482666,0.7606056073988443,1.0,leptonic_bookkeeping,train
804156,ttH,124.83570765056163,123.94966038564371,1,3,3,146.83166389813528,3.329770563201687,30.70819111482666,0.7606056073988443,1.0,leptonic_bookkeeping,train
267823,ttH,124.83570765056163,123.94966038564371,1,3,3,146.83166389813528,3.329770563201687,30.70819111482666,0.7606056073988443,1.0,leptonic_bookkeeping,test
616816,ttH,124.83570765056163,123.94966038564371,1,3,3,146.83166389813528,3.329770563201687,30.70819111482666,0.7606056073988443,1.0,leptonic_bookkeeping,test
796816,ttH,124.83570765056163,123.94966038564371,1,3,3,146.83166389813528,3.329770563201687,30.70819111482666,0.7606056073988443,1.0,leptonic_bookkeeping,train
29917,ttH,124.83570765056163,123.94966038564371,1,3,3,146.83166389813528,3.329770563201687,30.70819111482666,0.7606056073988443,1.0,leptonic_bookkeeping,test
251826,ttH,124.83570765056163,123.94966038564371,1,3,3,146.83166389813528,3.329770563201687,30.70819111482666,0.7606056073988443,1.0,leptonic_bookkeeping,train
543132,ttH,124.83570765056163,123.94966038564371,1,3,3,146.83166389813528,3.329770563201687,30.70819111482666,0.7606056073988443,1.0,leptonic_bookkeeping,validation
720739,ttH,124.83570765056163,123.94966038564371,1,3,3,146.83166389813528,3.329770563201687,30.70819111482666,0.7606056073988443,1.0,leptonic_bookkeeping,test
569510,ttH,124.83570765056163,123.94966038564371,1,3,3,146.83166389813528,3.329770563201687,30.70819111482666,0.7606056073988443,1.0,leptonic_bookkeeping,train
687926,ttH,124.83570765056163,123.94966038564371,1,3,3,146.83166389813528,3.329770563201687,30.70819111482666,0.7606056073988443,1.0,leptonic_bookkeeping,validation
668979,ttH,124.83570765056163,123.94966038564371,1,3,3,146.83166389813528,3.329770563201687,30.70819111482666,0.7606056073988443,1.0,leptonic_bookkeeping,test
859026,ttH,124.83570765056163,123.94966038564371,1,3,3,146.83166389813528,3.329770563201687,30.70819111482666,0.7606056073988443,1.0,leptonic_bookkeeping,train
812098,ttH,124.83570765056163,123.94966038564371,1,3,3,146.83166389813528,3.329770563201687,30.70819111482666,0.7606056073988443,1.0,leptonic_bookkeeping,validation
552974,ttH,124.83570765056163,123.94966038564371,1,3,3,146.83166389813528,3.329770563201687,30.70819111482666,0.7606056073988443,1.0,leptonic_bookkeeping,validation
959850,ttH,124.83570765056163,123.94966038564371,1,3,3,146.83166389813528,3.329770563201687,30.70819111482666,0.7606056073988443,1.0,leptonic_bookkeeping,train
437611,ttH,124.83570765056163,123.94966038564371,1,3,3,146.83166389813528,3.329770563201687,30.70819111482666,0.7606056073988443,1.0,leptonic_bookkeeping,train
911671,ttH,124.83570765056163,123.94966038564371,1,3,3,146.83166389813528,3.329770563201687,30.70819111482666,0.7606056073988443,1.0,leptonic_bookkeeping,train
288361,ttH,124.83570765056163,123.94966038564371,1,3,3,146.83166389813528,3.329770563201687,30.70819111482666,0.7606056073988443,1.0,leptonic_bookkeeping,test
998524,ttH,124.83570765056163,123.94966038564371,1,3,3,146.83166389813528,3.329770563201687,30.70819111482666,0.7606056073988443,1.0,leptonic_bookkeeping,test
304672,ttH,124.83570765056163,123.94966038564371,1,3,3,146.83166389813528,3.329770563201687,30.70819111482666,0.7606056073988443,1.0,leptonic_bookkeeping,train
814717,ttH,124.83570765056163,123.94966038564371,1,3,3,146.83166389813528,3.329770563201687,30.70819111482666,0.7606056073988443,1.0,leptonic_bookkeeping,train
651057,ttH,124.83570765056163,123.94966038564371,1,3,3,146.83166389813528,3.329770563201687,30.70819111482666,0.7606056073988443,1.0,leptonic_bookkeeping,train
878829,ttH,124.83570765056163,123.94966038564371,1,3,3,146.83166389813528,3.329770563201687,30.70819111482666,0.7606056073988443,1.0,leptonic_bookkeeping,train
673988,ttH,124.83570765056163,123.94966038564371,1,3,3,146.83166389813528,3.329770563201687,30.70819111482666,0.7606056073988443,1.0,leptonic_bookkeeping,train
960096,ttH,124.83570765056163,123.94966038564371,1,3,3,146.83166389813528,3.329770563201687,30.70819111482666,0.7606056073988443,1.0,leptonic_bookkeeping,train
609909,ttH,124.83570765056163,123.94966038564371,1,3,3,146.83166389813528,3.329770563201687,30.70819111482666,0.7606056073988443,1.0,leptonic_bookkeeping,train
248535,ttH,124.83570765056163,123.94966038564371,1,3,3,146.83166389813528,3.329770563201687,30.70819111482666,0.7606056073988443,1.0,leptonic_bookkeeping,train
884495,ttH,124.83570765056163,123.94966038564371,1,3,3,146.83166389813528,3.329770563201687,30.70819111482666,0.7606056073988443,1.0,leptonic_bookkeeping,validation
365696,ttH,124.83570765056163,123.94966038564371,1,3,3,146.83166389813528,3.329770563201687,30.70819111482666,0.7606056073988443,1.0,leptonic_bookkeeping,train
500234,ttH,124.83570765056163,123.94966038564371,1,3,3,146.83166389813528,3.329770563201687,30.70819111482666,0.7606056073988443,1.0,leptonic_bookkeeping,train
458227,ttH,124.83570765056163,123.94966038564371,1,3,3,146.83166389813528,3.329770563201687,30.70819111482666,0.7606056073988443,1.0,leptonic_bookkeeping,train
626713,ttH,124.83570765056163,123.94966038564371,1,3,3,146.83166389813528,3.329770563201687,30.70819111482666,0.7606056073988443,1.0,leptonic_bookkeeping,validation
247212,ttH,124.83570765056163,123.94966038564371,1,3,3,146.83166389813528,3.329770563201687,30.70819111482666,0.7606056073988443,1.0,leptonic_bookkeeping,test
440393,ttH,124.83570765056163,123.94966038564371,1,3,3,146.83166389813528,3.329770563201687,30.70819111482666,0.7606056073988443,1.0,leptonic_bookkeeping,validation
887740,ttH,124.83570765056163,123.94966038564371,1,3,3,146.83166389813528,3.329770563201687,30.70819111482666,0.7606056073988443,1.0,leptonic_bookkeeping,train
194298,ttH,124.83570765056163,123.94966038564371,1,3,3,146.83166389813528,3.329770563201687,30.70819111482666,0.7606056073988443,1.0,leptonic_bookkeeping,test
440164,ttH,124.83570765056163,123.94966038564371,1,3,3,146.83166389813528,3.329770563201687,30.70819111482666,0.7606056073988443,1.0,leptonic_bookkeeping,validation
640201,ttH,124.83570765056163,123.94966038564371,1,3,3,146.83166389813528,3.329770563201687,30.70819111482666,0.7606056073988443,1.0,leptonic_bookkeeping,train
692169,ttH,124.83570765056163,123.94966038564371,1,3,3,146.83166389813528,3.329770563201687,30.70819111482666,0.7606056073988443,1.0,leptonic_bookkeeping,train
158387,ttH,124.83570765056163,123.94966038564371,1,3,3,146.83166389813528,3.329770563201687,30.70819111482666,0.7606056073988443,1.0,leptonic_bookkeeping,train
440339,ttH,124.83570765056163,123.94966038564371,1,3,3,146.83166389813528,3.329770563201687,30.70819111482666,0.7606056073988443,1.0,leptonic_bookkeeping,validation
633268,ttH,124.83570765056163,123.94966038564371,1,3,3,146.83166389813528,3.329770563201687,30.70819111482666,0.7606056073988443,1.0,leptonic_bookkeeping,train
718309,ttH,124.83570765056163,123.94966038564371,1,3,3,146.83166389813528,3.329770563201687,30.70819111482666,0.7606056073988443,1.0,leptonic_bookkeeping,validation
621941,ttH,124.83570765056163,123.94966038564371,1,3,3,146.83166389813528,3.329770563201687,30.70819111482666,0.7606056073988443,1.0,leptonic_bookkeeping,train
732787,ttH,124.83570765056163,123.94966038564371,1,3,3,146.83166389813528,3.329770563201687,30.70819111482666,0.7606056073988443,1.0,leptonic_bookkeeping,train
483946,ttH,124.83570765056163,123.94966038564371,1,3,3,146.83166389813528,3.329770563201687,30.70819111482666,0.7606056073988443,1.0,leptonic_bookkeeping,test
457748,ttH,124.83570765056163,123.94966038564371,1,3,3,146.83166389813528,3.329770563201687,30.70819111482666,0.7606056073988443,1.0,leptonic_bookkeeping,train
975410,ttH,124.83570765056163,123.94966038564371,1,3,3,146.83166389813528,3.329770563201687,30.70819111482666,0.7606056073988443,1.0,leptonic_bookkeeping,validation
97678,ttH,124.83570765056163,123.94966038564371,1,3,3,146.83166389813528,3.329770563201687,30.70819111482666,0.7606056073988443,1.0,leptonic_bookkeeping,train
549496,ttH,124.83570765056163,123.94966038564371,1,3,3,146.83166389813528,3.329770563201687,30.70819111482666,0.7606056073988443,1.0,leptonic_bookkeeping,train
164746,ttH,124.83570765056163,123.94966038564371,1,3,3,146.83166389813528,3.329770563201687,30.70819111482666,0.7606056073988443,1.0,leptonic_bookkeeping,test
168282,ttH,124.83570765056163,123.94966038564371,1,3,3,146.83166389813528,3.329770563201687,30.70819111482666,0.7606056073988443,1.0,leptonic_bookkeeping,train
941424,ttH,124.83570765056163,123.94966038564371,1,3,3,146.83166389813528,3.329770563201687,30.70819111482666,0.7606056073988443,1.0,leptonic_bookkeeping,train
779062,ttH,124.83570765056163,123.94966038564371,1,3,3,146.83166389813528,3.329770563201687,30.70819111482666,0.7606056073988443,1.0,leptonic_bookkeeping,train
705158,ttH,124.83570765056163,123.94966038564371,1,3,3,146.83166389813528,3.329770563201687,30.70819111482666,0.7606056073988443,1.0,leptonic_bookkeeping,train
314301,ttH,124.83570765056163,123.94966038564371,1,3,3,146.83166389813528,3.329770563201687,30.70819111482666,0.7606056073988443,1.0,leptonic_bookkeeping,train
704313,ttH,124.83570765056163,123.94966038564371,1,3,3,146.83166389813528,3.329770563201687,30.70819111482666,0.7606056073988443,1.0,leptonic_bookkeeping,train
932887,ttH,124.83570765056163,123.94966038564371,1,3,3,146.83166389813528,3.329770563201687,30.70819111482666,0.7606056073988443,1.0,leptonic_bookkeeping,train
123253,ttH,124.83570765056163,123.94966038564371,1,3,3,146.83166389813528,3.329770563201687,30.70819111482666,0.7606056073988443,1.0,leptonic_bookkeeping,test
467672,ttH,124.83570765056163,123.94966038564371,1,3,3,146.83166389813528,3.329770563201687,30.70819111482666,0.7606056073988443,1.0,leptonic_bookkeeping,train
649699,ttH,124.83570765056163,123.94966038564371,1,3,3,146.83166389813528,3.329770563201687,30.70819111482666,0.7606056073988443,1.0,leptonic_bookkeeping,train
503119,ttH,124.83570765056163,123.94966038564371,1,3,3,146.83166389813528,3.329770563201687,30.70819111482666,0.7606056073988443,1.0,leptonic_bookkeeping,test
593438,ttH,124.83570765056163,123.94966038564371,1,3,3,146.83166389813528,3.329770563201687,30.70819111482666,0.7606056073988443,1.0,leptonic_bookkeeping,train
885632,ttH,124.83570765056163,123.94966038564371,1,3,3,146.83166389813528,3.329770563201687,30.70819111482666,0.7606056073988443,1.0,leptonic_bookkeeping,test
664767,ttH,124.83570765056163,123.94966038564371,1,3,3,146.83166389813528,3.329770563201687,30.70819111482666,0.7606056073988443,1.0,leptonic_bookkeeping,train
926516,ttH,124.83570765056163,123.94966038564371,1,3,3,146.83166389813528,3.329770563201687,30.70819111482666,0.7606056073988443,1.0,leptonic_bookkeeping,test
713400,ttH,124.83570765056163,123.94966038564371,1,3,3,146.83166389813528,3.329770563201687,30.70819111482666,0.7606056073988443,1.0,leptonic_bookkeeping,train
971746,ttH,124.83570765056163,123.94966038564371,1,3,3,146.83166389813528,3.329770563201687,30.70819111482666,0.7606056073988443,1.0,leptonic_bookkeeping,train
838345,ttH,124.83570765056163,123.94966038564371,1,3,3,146.83166389813528,3.329770563201687,30.70819111482666,0.7606056073988443,1.0,leptonic_bookkeeping,train
186461,ttH,124.83570765056163,123.94966038564371,1,3,3,146.83166389813528,3.329770563201687,30.70819111482666,0.7606056073988443,1.0,leptonic_bookkeeping,train
286460,ttH,124.83570765056163,123.94966038564371,1,3,3,146.83166389813528,3.329770563201687,30.70819111482666,0.7606056073988443,1.0,leptonic_bookkeeping,validation
764158,ttH,124.83570765056163,123.94966038564371,1,3,3,146.83166389813528,3.329770563201687,30.70819111482666,0.7606056073988443,1.0,leptonic_bookkeeping,train
943468,ttH,124.83570765056163,123.94966038564371,1,3,3,146.83166389813528,3.329770563201687,30.70819111482666,0.7606056073988443,1.0,leptonic_bookkeeping,train
335243,ttH,124.83570765056163,123.94966038564371,1,3,3,146.83166389813528,3.329770563201687,30.70819111482666,0.7606056073988443,1.0,leptonic_bookkeeping,train
349576,ttH,124.83570765056163,123.94966038564371,1,3,3,146.83166389813528,3.329770563201687,30.70819111482666,0.7606056073988443,1.0,leptonic_bookkeeping,test
982834,ttH,124.83570765056163,123.94966038564371,1,3,3,146.83166389813528,3.329770563201687,30.70819111482666,0.7606056073988443,1.0,leptonic_bookkeeping,train
696624,ttH,124.83570765056163,123.94966038564371,1,3,3,146.83166389813528,3.329770563201687,30.70819111482666,0.7606056073988443,1.0,leptonic_bookkeeping,train
348829,ttH,124.83570765056163,123.94966038564371,1,3,3,146.83166389813528,3.329770563201687,30.70819111482666,0.7606056073988443,1.0,leptonic_bookkeeping,test
290153,ttH,124.83570765056163,123.94966038564371,1,3,3,146.83166389813528,3.329770563201687,30.70819111482666,0.7606056073988443,1.0,leptonic_bookkeeping,train
771126,ttH,124.83570765056163,123.94966038564371,1,3,3,146.83166389813528,3.329770563201687,30.70819111482666,0.7606056073988443,1.0,leptonic_bookkeeping,validation
545631,ttH,124.83570765056163,123.94966038564371,1,3,3,146.83166389813528,3.329770563201687,30.70819111482666,0.7606056073988443,1.0,leptonic_bookkeeping,test
591739,ttH,124.83570765056163,123.94966038564371,1,3,3,146.83166389813528,3.329770563201687,30.70819111482666,0.7606056073988443,1.0,leptonic_bookkeeping,train
789641,ttH,124.83570765056163,123.94966038564371,1,3,3,146.83166389813528,3.329770563201687,30.70819111482666,0.7606056073988443,1.0,leptonic_bookkeeping,train
251535,ttH,124.83570765056163,123.94966038564371,1,3,3,146.83166389813528,3.329770563201687,30.70819111482666,0.7606056073988443,1.0,leptonic_bookkeeping,train
777512,ttH,124.83570765056163,123.94966038564371,1,3,3,146.83166389813528,3.329770563201687,30.70819111482666,0.7606056073988443,1.0,leptonic_bookkeeping,train
392378,ttH,124.83570765056163,123.94966038564371,1,3,3,146.83166389813528,3.329770563201687,30.70819111482666,0.7606056073988443,1.0,leptonic_bookkeeping,train
919438,ttH,124.83570765056163,123.94966038564371,1,3,3,146.83166389813528,3.329770563201687,30.70819111482666,0.7606056073988443,1.0,leptonic_bookkeeping,train
267294,ttH,124.83570765056163,123.94966038564371,1,3,3,146.83166389813528,3.329770563201687,30.70819111482666,0.7606056073988443,1.0,leptonic_bookkeeping,test
244914,ttH,124.83570765056163,123.94966038564371,1,3,3,146.83166389813528,3.329770563201687,30.70819111482666,0.7606056073988443,1.0,leptonic_bookkeeping,validation
576103,ttH,124.83570765056163,123.94966038564371,1,3,3,146.83166389813528,3.329770563201687,30.70819111482666,0.7606056073988443,1.0,leptonic_bookkeeping,test
699968,ttH,124.83570765056163,123.94966038564371,1,3,3,146.83166389813528,3.329770563201687,30.70819111482666,0.7606056073988443,1.0,leptonic_bookkeeping,test
983220,ttH,124.83570765056163,123.94966038564371,1,3,3,146.83166389813528,3.329770563201687,30.70819111482666,0.7606056073988443,1.0,leptonic_bookkeeping,train
201542,ttH,124.83570765056163,123.94966038564371,1,3,3,146.83166389813528,3.329770563201687,30.70819111482666,0.7606056073988443,1.0,leptonic_bookkeeping,train
343142,ttH,124.83570765056163,123.94966038564371,1,3,3,146.83166389813528,3.329770563201687,30.70819111482666,0.7606056073988443,1.0,leptonic_bookkeeping,train
40881,ttH,124.83570765056163,123.94966038564371,1,3,3,146.83166389813528,3.329770563201687,30.70819111482666,0.7606056073988443,1.0,leptonic_bookkeeping,test
794409,ttH,124.83570765056163,123.94966038564371,1,3,3,146.83166389813528,3.329770563201687,30.70819111482666,0.7606056073988443,1.0,leptonic_bookkeeping,train
625517,ttH,124.83570765056163,123.94966038564371,1,3,3,146.83166389813528,3.329770563201687,30.70819111482666,0.7606056073988443,1.0,leptonic_bookkeeping,validation
323523,ttH,124.83570765056163,123.94966038564371,1,3,3,146.83166389813528,3.329770563201687,30.70819111482666,0.7606056073988443,1.0,leptonic_bookkeeping,train
571466,ttH,124.83570765056163,123.94966038564371,1,3,3,146.83166389813528,3.329770563201687,30.70819111482666,0.7606056073988443,1.0,leptonic_bookkeeping,train
538859,ttH,124.83570765056163,123.94966038564371,1,3,3,146.83166389813528,3.329770563201687,30.70819111482666,0.7606056073988443,1.0,leptonic_bookkeeping,train
166432,ttH,124.83570765056163,123.94966038564371,1,3,3,146.83166389813528,3.329770563201687,30.70819111482666,0.7606056073988443,1.0,leptonic_bookkeeping,train
45179,ttH,124.83570765056163,123.94966038564371,1,3,3,146.83166389813528,3.329770563201687,30.70819111482666,0.7606056073988443,1.0,leptonic_bookkeeping,train
376853,ttH,124.83570765056163,123.94966038564371,1,3,3,146.83166389813528,3.329770563201687,30.70819111482666,0.7606056073988443,1.0,leptonic_bookkeeping,train
649999,ttH,124.83570765056163,123.94966038564371,1,3,3,146.83166389813528,3.329770563201687,30.70819111482666,0.7606056073988443,1.0,leptonic_bookkeeping,train
188216,ttH,124.83570765056163,123.94966038564371,1,3,3,146.83166389813528,3.329770563201687,30.70819111482666,0.7606056073988443,1.0,leptonic_bookkeeping,train
292963,ttH,124.83570765056163,123.94966038564371,1,3,3,146.83166389813528,3.329770563201687,30.70819111482666,0.7606056073988443,1.0,leptonic_bookkeeping,train
423337,ttH,124.83570765056163,123.94966038564371,1,3,3,146.83166389813528,3.329770563201687,30.70819111482666,0.7606056073988443,1.0,leptonic_bookkeeping,train
27259,ttH,124.83570765056163,123.94966038564371,1,3,3,146.83166389813528,3.329770563201687,30.70819111482666,0.7606056073988443,1.0,leptonic_bookkeeping,validation
252882,ttH,124.83570765056163,123.94966038564371,1,3,3,146.83166389813528,3.329770563201687,30.70819111482666,0.7606056073988443,1.0,leptonic_bookkeeping,train
938323,ttH,124.83570765056163,123.94966038564371,1,3,3,146.83166389813528,3.329770563201687,30.70819111482666,0.7606056073988443,1.0,leptonic_bookkeeping,train
33979,ttH,124.83570765056163,123.94966038564371,1,3,3,146.83166389813528,3.329770563201687,30.70819111482666,0.7606056073988443,1.0,leptonic_bookkeeping,train
459611,ttH,124.83570765056163,123.94966038564371,1,3,3,146.83166389813528,3.329770563201687,30.70819111482666,0.7606056073988443,1.0,leptonic_bookkeeping,train
984352,ttH,124.83570765056163,123.94966038564371,1,3,3,146.83166389813528,3.329770563201687,30.70819111482666,0.7606056073988443,1.0,leptonic_bookkeeping,train
830093,ttH,124.83570765056163,123.94966038564371,1,3,3,146.83166389813528,3.329770563201687,30.70819111482666,0.7606056073988443,1.0,leptonic_bookkeeping,train
389365,ttH,124.83570765056163,123.94966038564371,1,3,3,146.83166389813528,3.329770563201687,30.70819111482666,0.7606056073988443,1.0,leptonic_bookkeeping,validation
99000,ttH,124.83570765056163,123.94966038564371,1,3,3,146.83166389813528,3.329770563201687,30.70819111482666,0.7606056073988443,1.0,leptonic_bookkeeping,validation
18234,ttH,124.83570765056163,123.94966038564371,1,3,3,146.83166389813528,3.329770563201687,30.70819111482666,0.7606056073988443,1.0,leptonic_bookkeeping,validation
237269,ttH,124.83570765056163,123.94966038564371,1,3,3,146.83166389813528,3.329770563201687,30.70819111482666,0.7606056073988443,1.0,leptonic_bookkeeping,train
989709,ttH,124.83570765056163,123.94966038564371,1,3,3,146.83166389813528,3.329770563201687,30.70819111482666,0.7606056073988443,1.0,leptonic_bookkeeping,train
856707,ttH,124.83570765056163,123.94966038564371,1,3,3,146.83166389813528,3.329770563201687,30.70819111482666,0.7606056073988443,1.0,leptonic_bookkeeping,train
457020,ttH,124.83570765056163,123.94966038564371,1,3,3,146.83166389813528,3.329770563201687,30.70819111482666,0.7606056073988443,1.0,leptonic_bookkeeping,train
904597,ttH,124.83570765056163,123.94966038564371,1,3,3,146.83166389813528,3.329770563201687,30.70819111482666,0.7606056073988443,1.0,leptonic_bookkeeping,validation
11354,ttH,124.83570765056163,123.94966038564371,1,3,3,146.83166389813528,3.329770563201687,30.70819111482666,0.7606056073988443,1.0,leptonic_bookkeeping,train
21752,ttH,124.83570765056163,123.94966038564371,1,3,3,146.83166389813528,3.329770563201687,30.70819111482666,0.7606056073988443,1.0,leptonic_bookkeeping,train
744796,ttH,124.83570765056163,123.94966038564371,1,3,3,146.83166389813528,3.329770563201687,30.70819111482666,0.7606056073988443,1.0,leptonic_bookkeeping,train
3053,ttH,124.83570765056163,123.94966038564371,1,3,3,146.83166389813528,3.329770563201687,30.70819111482666,0.7606056073988443,1.0,leptonic_bookkeeping,train
424597,ttH,124.83570765056163,123.94966038564371,1,3,3,146.83166389813528,3.329770563201687,30.70819111482666,0.7606056073988443,1.0,leptonic_bookkeeping,train
406513,ttH,124.83570765056163,123.94966038564371,1,3,3,146.83166389813528,3.329770563201687,30.70819111482666,0.7606056073988443,1.0,leptonic_bookkeeping,train
531285,ttH,124.83570765056163,123.94966038564371,1,3,3,146.83166389813528,3.329770563201687,30.70819111482666,0.7606056073988443,1.0,leptonic_bookkeeping,train
405216,ttH,124.83570765056163,123.94966038564371,1,3,3,146.83166389813528,3.329770563201687,30.70819111482666,0.7606056073988443,1.0,leptonic_bookkeeping,train
280814,ttH,124.83570765056163,123.94966038564371,1,3,3,146.83166389813528,3.329770563201687,30.70819111482666,0.7606056073988443,1.0,leptonic_bookkeeping,train
117074,ttH,124.83570765056163,123.94966038564371,1,3,3,146.83166389813528,3.329770563201687,30.70819111482666,0.7606056073988443,1.0,leptonic_bookkeeping,train
419830,ttH,124.83570765056163,123.94966038564371,1,3,3,146.83166389813528,3.329770563201687,30.70819111482666,0.7606056073988443,1.0,leptonic_bookkeeping,validation
864847,ttH,124.83570765056163,123.94966038564371,1,3,3,146.83166389813528,3.329770563201687,30.70819111482666,0.7606056073988443,1.0,leptonic_bookkeeping,test
622984,ttH,124.83570765056163,123.94966038564371,1,3,3,146.83166389813528,3.329770563201687,30.70819111482666,0.7606056073988443,1.0,leptonic_bookkeeping,train
90996,ttH,124.83570765056163,123.94966038564371,1,3,3,146.83166389813528,3.329770563201687,30.70819111482666,0.7606056073988443,1.0,leptonic_bookkeeping,test
184068,ttH,124.83570765056163,123.94966038564371,1,3,3,146.83166389813528,3.329770563201687,30.70819111482666,0.7606056073988443,1.0,leptonic_bookkeeping,test
820617,ttH,124.83570765056163,123.94966038564371,1,3,3,146.83166389813528,3.329770563201687,30.70819111482666,0.7606056073988443,1.0,leptonic_bookkeeping,train
690421,ttH,124.83570765056163,123.94966038564371,1,3,3,146.83166389813528,3.329770563201687,30.70819111482666,0.7606056073988443,1.0,leptonic_bookkeeping,test
599581,ttH,124.83570765056163,123.94966038564371,1,3,3,146.83166389813528,3.329770563201687,30.70819111482666,0.7606056073988443,1.0,leptonic_bookkeeping,train
627753,ttH,124.83570765056163,123.94966038564371,1,3,3,146.83166389813528,3.329770563201687,30.70819111482666,0.7606056073988443,1.0,leptonic_bookkeeping,test
279366,ttH,124.83570765056163,123.94966038564371,1,3,3,146.83166389813528,3.329770563201687,30.70819111482666,0.7606056073988443,1.0,leptonic_bookkeeping,train
912080,ttH,124.83570765056163,123.94966038564371,1,3,3,146.83166389813528,3.329770563201687,30.70819111482666,0.7606056073988443,1.0,leptonic_bookkeeping,train
650283,ttH,124.83570765056163,123.94966038564371,1,3,3,146.83166389813528,3.329770563201687,30.70819111482666,0.7606056073988443,1.0,leptonic_bookkeeping,train
303388,ttH,124.83570765056163,123.94966038564371,1,3,3,146.83166389813528,3.329770563201687,30.70819111482666,0.7606056073988443,1.0,leptonic_bookkeeping,train
589156,ttH,124.83570765056163,123.94966038564371,1,3,3,146.83166389813528,3.329770563201687,30.70819111482666,0.7606056073988443,1.0,leptonic_bookkeeping,train
192951,ttH,124.83570765056163,123.94966038564371,1,3,3,146.83166389813528,3.329770563201687,30.70819111482666,0.7606056073988443,1.0,leptonic_bookkeeping,validation
594702,ttH,124.83570765056163,123.94966038564371,1,3,3,146.83166389813528,3.329770563201687,30.70819111482666,0.7606056073988443,1.0,leptonic_bookkeeping,validation
993532,ttH,124.83570765056163,123.94966038564371,1,3,3,146.83166389813528,3.329770563201687,30.70819111482666,0.7606056073988443,1.0,leptonic_bookkeeping,train
360,ttH,124.83570765056163,123.94966038564371,1,3,3,146.83166389813528,3.329770563201687,30.70819111482666,0.7606056073988443,1.0,leptonic_bookkeeping,train
566147,ttH,124.83570765056163,123.94966038564371,1,3,3,146.83166389813528,3.329770563201687,30.70819111482666,0.7606056073988443,1.0,leptonic_bookkeeping,test
214596,ttH,124.83570765056163,123.94966038564371,1,3,3,146.83166389813528,3.329770563201687,30.70819111482666,0.7606056073988443,1.0,leptonic_bookkeeping,test
224774,ttH,124.83570765056163,123.94966038564371,1,3,3,146.83166389813528,3.329770563201687,30.70819111482666,0.7606056073988443,1.0,leptonic_bookkeeping,test
2154,ttH,124.83570765056163,123.94966038564371,1,3,3,146.83166389813528,3.329770563201687,30.70819111482666,0.7606056073988443,1.0,leptonic_bookkeeping,train
971516,ttH,124.83570765056163,123.94966038564371,1,3,3,146.83166389813528,3.329770563201687,30.70819111482666,0.7606056073988443,1.0,leptonic_bookkeeping,train
664583,ttH,124.83570765056163,123.94966038564371,1,3,3,146.83166389813528,3.329770563201687,30.70819111482666,0.7606056073988443,1.0,leptonic_bookkeeping,train
520693,ttH,124.83570765056163,123.94966038564371,1,3,3,146.83166389813528,3.329770563201687,30.70819111482666,0.7606056073988443,1.0,leptonic_bookkeeping,train
923742,ttH,124.83570765056163,123.94966038564371,1,3,3,146.83166389813528,3.329770563201687,30.70819111482666,0.7606056073988443,1.0,leptonic_bookkeeping,validation
805202,ttH,124.83570765056163,123.94966038564371,1,3,3,146.83166389813528,3.329770563201687,30.70819111482666,0.7606056073988443,1.0,leptonic_bookkeeping,train
707042,ttH,124.83570765056163,123.94966038564371,1,3,3,146.83166389813528,3.329770563201687,30.70819111482666,0.7606056073988443,1.0,leptonic_bookkeeping,train
753141,ttH,124.83570765056163,123.94966038564371,1,3,3,146.83166389813528,3.329770563201687,30.70819111482666,0.7606056073988443,1.0,leptonic_bookkeeping,train
266200,ttH,124.83570765056163,123.94966038564371,1,3,3,146.83166389813528,3.329770563201687,30.70819111482666,0.7606056073988443,1.0,leptonic_bookkeeping,test
223650,ttH,124.83570765056163,123.94966038564371,1,3,3,146.83166389813528,3.329770563201687,30.70819111482666,0.7606056073988443,1.0,leptonic_bookkeeping,validation
752623,ttH,124.83570765056163,123.94966038564371,1,3,3,146.83166389813528,3.329770563201687,30.70819111482666,0.7606056073988443,1.0,leptonic_bookkeeping,train
895377,ttH,124.83570765056163,123.94966038564371,1,3,3,146.83166389813528,3.329770563201687,30.70819111482666,0.7606056073988443,1.0,leptonic_bookkeeping,test
468192,ttH,124.83570765056163,123.94966038564371,1,3,3,146.83166389813528,3.329770563201687,30.70819111482666,0.7606056073988443,1.0,leptonic_bookkeeping,train
596813,ttH,124.83570765056163,123.94966038564371,1,3,3,146.83166389813528,3.329770563201687,30.70819111482666,0.7606056073988443,1.0,leptonic_bookkeeping,test
790601,ttH,124.83570765056163,123.94966038564371,1,3,3,146.83166389813528,3.329770563201687,30.70819111482666,0.7606056073988443,1.0,leptonic_bookkeeping,validation
925545,ttH,124.83570765056163,123.94966038564371,1,3,3,146.83166389813528,3.329770563201687,30.70819111482666,0.7606056073988443,1.0,leptonic_bookkeeping,validation
879535,ttH,124.83570765056163,123.94966038564371,1,3,3,146.83166389813528,3.329770563201687,30.70819111482666,0.7606056073988443,1.0,leptonic_bookkeeping,train
184167,ttH,124.83570765056163,123.94966038564371,1,3,3,146.83166389813528,3.329770563201687,30.70819111482666,0.7606056073988443,1.0,leptonic_bookkeeping,test
767163,ttH,124.83570765056163,123.94966038564371,1,3,3,146.83166389813528,3.329770563201687,30.70819111482666,0.7606056073988443,1.0,leptonic_bookkeeping,train
636434,ttH,124.83570765056163,123.94966038564371,1,3,3,146.83166389813528,3.329770563201687,30.70819111482666,0.7606056073988443,1.0,leptonic_bookkeeping,validation
565304,ttH,124.83570765056163,123.94966038564371,1,3,3,146.83166389813528,3.329770563201687,30.70819111482666,0.7606056073988443,1.0,leptonic_bookkeeping,test
506364,ttH,124.83570765056163,123.94966038564371,1,3,3,146.83166389813528,3.329770563201687,30.70819111482666,0.7606056073988443,1.0,leptonic_bookkeeping,train
913485,ttH,124.83570765056163,123.94966038564371,1,3,3,146.83166389813528,3.329770563201687,30.70819111482666,0.7606056073988443,1.0,leptonic_bookkeeping,validation
867575,ttH,124.83570765056163,123.94966038564371,1,3,3,146.83166389813528,3.329770563201687,30.70819111482666,0.7606056073988443,1.0,leptonic_bookkeeping,train
51887,ttH,124.83570765056163,123.94966038564371,1,3,3,146.83166389813528,3.329770563201687,30.70819111482666,0.7606056073988443,1.0,leptonic_bookkeeping,train
509500,ttH,124.83570765056163,123.94966038564371,1,3,3,146.83166389813528,3.329770563201687,30.70819111482666,0.7606056073988443,1.0,leptonic_bookkeeping,train
398677,ttH,124.83570765056163,123.94966038564371,1,3,3,146.83166389813528,3.329770563201687,30.70819111482666,0.7606056073988443,1.0,leptonic_bookkeeping,validation
994523,ttH,124.83570765056163,123.94966038564371,1,3,3,146.83166389813528,3.329770563201687,30.70819111482666,0.7606056073988443,1.0,leptonic_bookkeeping,train
488584,ttH,124.83570765056163,123.94966038564371,1,3,3,146.83166389813528,3.329770563201687,30.70819111482666,0.7606056073988443,1.0,leptonic_bookkeeping,train
38884,ttH,124.83570765056163,123.94966038564371,1,3,3,146.83166389813528,3.329770563201687,30.70819111482666,0.7606056073988443,1.0,leptonic_bookkeeping,validation
374795,ttH,124.83570765056163,123.94966038564371,1,3,3,146.83166389813528,3.329770563201687,30.70819111482666,0.7606056073988443,1.0,leptonic_bookkeeping,train
885751,ttH,124.83570765056163,123.94966038564371,1,3,3,146.83166389813528,3.329770563201687,30.70819111482666,0.7606056073988443,1.0,leptonic_bookkeeping,test
573907,ttH,124.83570765056163,123.94966038564371,1,3,3,146.83166389813528,3.329770563201687,30.70819111482666,0.7606056073988443,1.0,leptonic_bookkeeping,validation
115569,ttH,124.83570765056163,123.94966038564371,1,3,3,146.83166389813528,3.329770563201687,30.70819111482666,0.7606056073988443,1.0,leptonic_bookkeeping,train
762602,ttH,124.83570765056163,123.94966038564371,1,3,3,146.83166389813528,3.329770563201687,30.70819111482666,0.7606056073988443,1.0,leptonic_bookkeeping,test
629492,ttH,124.83570765056163,123.94966038564371,1,3,3,146.83166389813528,3.329770563201687,30.70819111482666,0.7606056073988443,1.0,leptonic_bookkeeping,train
922140,ttH,124.83570765056163,123.94966038564371,1,3,3,146.83166389813528,3.329770563201687,30.70819111482666,0.7606056073988443,1.0,leptonic_bookkeeping,train
975579,ttH,124.83570765056163,123.94966038564371,1,3,3,146.83166389813528,3.329770563201687,30.70819111482666,0.7606056073988443,1.0,leptonic_bookkeeping,validation
733432,ttH,124.83570765056163,123.94966038564371,1,3,3,146.83166389813528,3.329770563201687,30.70819111482666,0.7606056073988443,1.0,leptonic_bookkeeping,train
103502,ttH,124.83570765056163,123.94966038564371,1,3,3,146.83166389813528,3.329770563201687,30.70819111482666,0.7606056073988443,1.0,leptonic_bookkeeping,train
4048,ttH,124.83570765056163,123.94966038564371,1,3,3,146.83166389813528,3.329770563201687,30.70819111482666,0.7606056073988443,1.0,leptonic_bookkeeping,train
731083,ttH,124.83570765056163,123.94966038564371,1,3,3,146.83166389813528,3.329770563201687,30.70819111482666,0.7606056073988443,1.0,leptonic_bookkeeping,test
310795,ttH,124.83570765056163,123.94966038564371,1,3,3,146.83166389813528,3.329770563201687,30.70819111482666,0.7606056073988443,1.0,leptonic_bookkeeping,train
710005,ttH,124.83570765056163,123.94966038564371,1,3,3,146.83166389813528,3.329770563201687,30.70819111482666,0.7606056073988443,1.0,leptonic_bookkeeping,test
570245,ttH,124.83570765056163,123.94966038564371,1,3,3,146.83166389813528,3.329770563201687,30.70819111482666,0.7606056073988443,1.0,leptonic_bookkeeping,train
414807,ttH,124.83570765056163,123.94966038564371,1,3,3,146.83166389813528,3.329770563201687,30.70819111482666,0.7606056073988443,1.0,leptonic_bookkeeping,train
948905,ttH,124.83570765056163,123.94966038564371,1,3,3,146.83166389813528,3.329770563201687,30.70819111482666,0.7606056073988443,1.0,leptonic_bookkeeping,train
441924,ttH,124.83570765056163,123.94966038564371,1,3,3,146.83166389813528,3.329770563201687,30.70819111482666,0.7606056073988443,1.0,leptonic_bookkeeping,test
922304,ttH,124.83570765056163,123.94966038564371,1,3,3,146.83166389813528,3.329770563201687,30.70819111482666,0.7606056073988443,1.0,leptonic_bookkeeping,train
25677,ttH,124.83570765056163,123.94966038564371,1,3,3,146.83166389813528,3.329770563201687,30.70819111482666,0.7606056073988443,1.0,leptonic_bookkeeping,train
941461,ttH,124.83570765056163,123.94966038564371,1,3,3,146.83166389813528,3.329770563201687,30.70819111482666,0.7606056073988443,1.0,leptonic_bookkeeping,train
632231,ttH,124.83570765056163,123.94966038564371,1,3,3,146.83166389813528,3.329770563201687,30.70819111482666,0.7606056073988443,1.0,leptonic_bookkeeping,train
613524,ttH,124.83570765056163,123.94966038564371,1,3,3,146.83166389813528,3.329770563201687,30.70819111482666,0.7606056073988443,1.0,leptonic_bookkeeping,train
843643,ttH,124.83570765056163,123.94966038564371,1,3,3,146.83166389813528,3.329770563201687,30.70819111482666,0.7606056073988443,1.0,leptonic_bookkeeping,test
877029,ttH,124.83570765056163,123.94966038564371,1,3,3,146.83166389813528,3.329770563201687,30.70819111482666,0.7606056073988443,1.0,leptonic_bookkeeping,train
473088,ttH,124.83570765056163,123.94966038564371,1,3,3,146.83166389813528,3.329770563201687,30.70819111482666,0.7606056073988443,1.0,leptonic_bookkeeping,test
785220,ttH,124.83570765056163,123.94966038564371,1,3,3,146.83166389813528,3.329770563201687,30.70819111482666,0.7606056073988443,1.0,leptonic_bookkeeping,train
970927,ttH,124.83570765056163,123.94966038564371,1,3,3,146.83166389813528,3.329770563201687,30.70819111482666,0.7606056073988443,1.0,leptonic_bookkeeping,train
589953,ttH,124.83570765056163,123.94966038564371,1,3,3,146.83166389813528,3.329770563201687,30.70819111482666,0.7606056073988443,1.0,leptonic_bookkeeping,train
332766,ttH,124.83570765056163,123.94966038564371,1,3,3,146.83166389813528,3.329770563201687,30.70819111482666,0.7606056073988443,1.0,leptonic_bookkeeping,train
267978,ttH,124.83570765056163,123.94966038564371,1,3,3,146.83166389813528,3.329770563201687,30.70819111482666,0.7606056073988443,1.0,leptonic_bookkeeping,test
102485,ttH,124.83570765056163,123.94966038564371,1,3,3,146.83166389813528,3.329770563201687,30.70819111482666,0.7606056073988443,1.0,leptonic_bookkeeping,test
433668,ttH,124.83570765056163,123.94966038564371,1,3,3,146.83166389813528,3.329770563201687,30.70819111482666,0.7606056073988443,1.0,leptonic_bookkeeping,train
766392,ttH,124.83570765056163,123.94966038564371,1,3,3,146.83166389813528,3.329770563201687,30.70819111482666,0.7606056073988443,1.0,leptonic_bookkeeping,train
895205,ttH,124.83570765056163,123.94966038564371,1,3,3,146.83166389813528,3.329770563201687,30.70819111482666,0.7606056073988443,1.0,leptonic_bookkeeping,test
839188,ttH,124.83570765056163,123.94966038564371,1,3,3,146.83166389813528,3.329770563201687,30.70819111482666,0.7606056073988443,1.0,leptonic_bookkeeping,train
743893,ttH,124.83570765056163,123.94966038564371,1,3,3,146.83166389813528,3.329770563201687,30.70819111482666,0.7606056073988443,1.0,leptonic_bookkeeping,train
594424,ttH,124.83570765056163,123.94966038564371,1,3,3,146.83166389813528,3.329770563201687,30.70819111482666,0.7606056073988443,1.0,leptonic_bookkeeping,validation
662746,ttH,124.83570765056163,123.94966038564371,1,3,3,146.83166389813528,3.329770563201687,30.70819111482666,0.7606056073988443,1.0,leptonic_bookkeeping,train
274466,ttH,124.83570765056163,123.94966038564371,1,3,3,146.83166389813528,3.329770563201687,30.70819111482666,0.7606056073988443,1.0,leptonic_bookkeeping,validation
623572,ttH,124.83570765056163,123.94966038564371,1,3,3,146.83166389813528,3.329770563201687,30.70819111482666,0.7606056073988443,1.0,leptonic_bookkeeping,train
335396,ttH,124.83570765056163,123.94966038564371,1,3,3,146.83166389813528,3.329770563201687,30.70819111482666,0.7606056073988443,1.0,leptonic_bookkeeping,train
360535,ttH,124.83570765056163,123.94966038564371,1,3,3,146.83166389813528,3.329770563201687,30.70819111482666,0.7606056073988443,1.0,leptonic_bookkeeping,test
751343,ttH,124.83570765056163,123.94966038564371,1,3,3,146.83166389813528,3.329770563201687,30.70819111482666,0.7606056073988443,1.0,leptonic_bookkeeping,test
13785,ttH,124.83570765056163,123.94966038564371,1,3,3,146.83166389813528,3.329770563201687,30.70819111482666,0.7606056073988443,1.0,leptonic_bookkeeping,train
809080,ttH,124.83570765056163,123.94966038564371,1,3,3,146.83166389813528,3.329770563201687,30.70819111482666,0.7606056073988443,1.0,leptonic_bookkeeping,train
699115,ttH,124.83570765056163,123.94966038564371,1,3,3,146.83166389813528,3.329770563201687,30.70819111482666,0.7606056073988443,1.0,leptonic_bookkeeping,test
495925,ttH,124.83570765056163,123.94966038564371,1,3,3,146.83166389813528,3.329770563201687,30.70819111482666,0.7606056073988443,1.0,leptonic_bookkeeping,train
968889,ttH,124.83570765056163,123.94966038564371,1,3,3,146.83166389813528,3.329770563201687,30.70819111482666,0.7606056073988443,1.0,leptonic_bookkeeping,test
39266,ttH,124.83570765056163,123.94966038564371,1,3,3,146.83166389813528,3.329770563201687,30.70819111482666,0.7606056073988443,1.0,leptonic_bookkeeping,test
713283,ttH,124.83570765056163,123.94966038564371,1,3,3,146.83166389813528,3.329770563201687,30.70819111482666,0.7606056073988443,1.0,leptonic_bookkeeping,train
352527,ttH,124.83570765056163,123.94966038564371,1,3,3,146.83166389813528,3.329770563201687,30.70819111482666,0.7606056073988443,1.0,leptonic_bookkeeping,train
399661,ttH,124.83570765056163,123.94966038564371,1,3,3,146.83166389813528,3.329770563201687,30.70819111482666,0.7606056073988443,1.0,leptonic_bookkeeping,validation
88309,ttH,124.83570765056163,123.94966038564371,1,3,3,146.83166389813528,3.329770563201687,30.70819111482666,0.7606056073988443,1.0,leptonic_bookkeeping,train
668704,ttH,124.83570765056163,123.94966038564371,1,3,3,146.83166389813528,3.329770563201687,30.70819111482666,0.7606056073988443,1.0,leptonic_bookkeeping,test
356211,ttH,124.83570765056163,123.94966038564371,1,3,3,146.83166389813528,3.329770563201687,30.70819111482666,0.7606056073988443,1.0,leptonic_bookkeeping,train
62858,ttH,124.83570765056163,123.94966038564371,1,3,3,146.83166389813528,3.329770563201687,30.70819111482666,0.7606056073988443,1.0,leptonic_bookkeeping,train
413411,ttH,124.83570765056163,123.94966038564371,1,3,3,146.83166389813528,3.329770563201687,30.70819111482666,0.7606056073988443,1.0,leptonic_bookkeeping,train
32876,ttH,124.83570765056163,123.94966038564371,1,3,3,146.83166389813528,3.329770563201687,30.70819111482666,0.7606056073988443,1.0,leptonic_bookkeeping,train
376115,ttH,124.83570765056163,123.94966038564371,1,3,3,146.83166389813528,3.329770563201687,30.70819111482666,0.7606056073988443,1.0,leptonic_bookkeeping,train
40546,ttH,124.83570765056163,123.94966038564371,1,3,3,146.83166389813528,3.329770563201687,30.70819111482666,0.7606056073988443,1.0,leptonic_bookkeeping,test
521984,ttH,124.83570765056163,123.94966038564371,1,3,3,146.83166389813528,3.329770563201687,30.70819111482666,0.7606056073988443,1.0,leptonic_bookkeeping,validation
204687,ttH,124.83570765056163,123.94966038564371,1,3,3,146.83166389813528,3.329770563201687,30.70819111482666,0.7606056073988443,1.0,leptonic_bookkeeping,test
681567,ttH,124.83570765056163,123.94966038564371,1,3,3,146.83166389813528,3.329770563201687,30.70819111482666,0.7606056073988443,1.0,leptonic_bookkeeping,train
811603,ttH,124.83570765056163,123.94966038564371,1,3,3,146.83166389813528,3.329770563201687,30.70819111482666,0.7606056073988443,1.0,leptonic_bookkeeping,validation
434532,ttH,124.83570765056163,123.94966038564371,1,3,3,146.83166389813528,3.329770563201687,30.70819111482666,0.7606056073988443,1.0,leptonic_bookkeeping,train
74386,ttH,124.83570765056163,123.94966038564371,1,3,3,146.83166389813528,3.329770563201687,30.70819111482666,0.7606056073988443,1.0,leptonic_bookkeeping,train
521370,ttH,124.83570765056163,123.94966038564371,1,3,3,146.83166389813528,3.329770563201687,30.70819111482666,0.7606056073988443,1.0,leptonic_bookkeeping,train
400969,ttH,124.83570765056163,123.94966038564371,1,3,3,146.83166389813528,3.329770563201687,30.70819111482666,0.7606056073988443,1.0,leptonic_bookkeeping,test
444099,ttH,124.83570765056163,123.94966038564371,1,3,3,146.83166389813528,3.329770563201687,30.70819111482666,0.7606056073988443,1.0,leptonic_bookkeeping,train
951885,ttH,124.83570765056163,123.94966038564371,1,3,3,146.83166389813528,3.329770563201687,30.70819111482666,0.7606056073988443,1.0,leptonic_bookkeeping,train
51281,ttH,124.83570765056163,123.94966038564371,1,3,3,146.83166389813528,3.329770563201687,30.70819111482666,0.7606056073988443,1.0,leptonic_bookkeeping,test
669867,ttH,124.83570765056163,123.94966038564371,1,3,3,146.83166389813528,3.329770563201687,30.70819111482666,0.7606056073988443,1.0,leptonic_bookkeeping,test
261530,ttH,124.83570765056163,123.94966038564371,1,3,3,146.83166389813528,3.329770563201687,30.70819111482666,0.7606056073988443,1.0,leptonic_bookkeeping,train
828463,ttH,124.83570765056163,123.94966038564371,1,3,3,146.83166389813528,3.329770563201687,30.70819111482666,0.7606056073988443,1.0,leptonic_bookkeeping,train
585022,ttH,124.83570765056163,123.94966038564371,1,3,3,146.83166389813528,3.329770563201687,30.70819111482666,0.7606056073988443,1.0,leptonic_bookkeeping,validation
762387,ttH,124.83570765056163,123.94966038564371,1,3,3,146.83166389813528,3.329770563201687,30.70819111482666,0.7606056073988443,1.0,leptonic_bookkeeping,test
549722,ttH,124.83570765056163,123.94966038564371,1,3,3,146.83166389813528,3.329770563201687,30.70819111482666,0.7606056073988443,1.0,leptonic_bookkeeping,train
606258,ttH,124.83570765056163,123.94966038564371,1,3,3,146.83166389813528,3.329770563201687,30.70819111482666,0.7606056073988443,1.0,leptonic_bookkeeping,test
717811,ttH,124.83570765056163,123.94966038564371,1,3,3,146.83166389813528,3.329770563201687,30.70819111482666,0.7606056073988443,1.0,leptonic_bookkeeping,validation
860414,ttH,124.83570765056163,123.94966038564371,1,3,3,146.83166389813528,3.329770563201687,30.70819111482666,0.7606056073988443,1.0,leptonic_bookkeeping,train
1783,ttH,124.83570765056163,123.94966038564371,1,3,3,146.83166389813528,3.329770563201687,30.70819111482666,0.7606056073988443,1.0,leptonic_bookkeeping,train
71059,ttH,124.83570765056163,123.94966038564371,1,3,3,146.83166389813528,3.329770563201687,30.70819111482666,0.7606056073988443,1.0,leptonic_bookkeeping,test
309689,ttH,124.83570765056163,123.94966038564371,1,3,3,146.83166389813528,3.329770563201687,30.70819111482666,0.7606056073988443,1.0,leptonic_bookkeeping,train
346509,ttH,124.83570765056163,123.94966038564371,1,3,3,146.83166389813528,3.329770563201687,30.70819111482666,0.7606056073988443,1.0,leptonic_bookkeeping,validation
661989,ttH,124.83570765056163,123.94966038564371,1,3,3,146.83166389813528,3.329770563201687,30.70819111482666,0.7606056073988443,1.0,leptonic_bookkeeping,train
916888,ttH,124.83570765056163,123.94966038564371,1,3,3,146.83166389813528,3.329770563201687,30.70819111482666,0.7606056073988443,1.0,leptonic_bookkeeping,test
480590,ttH,124.83570765056163,123.94966038564371,1,3,3,146.83166389813528,3.329770563201687,30.70819111482666,0.7606056073988443,1.0,leptonic_bookkeeping,validation
163769,ttH,124.83570765056163,123.94966038564371,1,3,3,146.83166389813528,3.329770563201687,30.70819111482666,0.7606056073988443,1.0,leptonic_bookkeeping,test
539343,ttH,124.83570765056163,123.94966038564371,1,3,3,146.83166389813528,3.329770563201687,30.70819111482666,0.7606056073988443,1.0,leptonic_bookkeeping,train
881874,ttH,124.83570765056163,123.94966038564371,1,3,3,146.83166389813528,3.329770563201687,30.70819111482666,0.7606056073988443,1.0,leptonic_bookkeeping,train
145459,ttH,124.83570765056163,123.94966038564371,1,3,3,146.83166389813528,3.329770563201687,30.70819111482666,0.7606056073988443,1.0,leptonic_bookkeeping,train
81099,ttH,124.83570765056163,123.94966038564371,1,3,3,146.83166389813528,3.329770563201687,30.70819111482666,0.7606056073988443,1.0,leptonic_bookkeeping,test
544684,ttH,124.83570765056163,123.94966038564371,1,3,3,146.83166389813528,3.329770563201687,30.70819111482666,0.7606056073988443,1.0,leptonic_bookkeeping,test
796181,ttH,124.83570765056163,123.94966038564371,1,3,3,146.83166389813528,3.329770563201687,30.70819111482666,0.7606056073988443,1.0,leptonic_bookkeeping,train
504783,ttH,124.83570765056163,123.94966038564371,1,3,3,146.83166389813528,3.329770563201687,30.70819111482666,0.7606056073988443,1.0,leptonic_bookkeeping,test
331351,ttH,124.83570765056163,123.94966038564371,1,3,3,146.83166389813528,3.329770563201687,30.70819111482666,0.7606056073988443,1.0,leptonic_bookkeeping,train
340000,ttH,124.83570765056163,123.94966038564371,1,3,3,146.83166389813528,3.329770563201687,30.70819111482666,0.7606056073988443,1.0,leptonic_bookkeeping,test
802529,ttH,124.83570765056163,123.94966038564371,1,3,3,146.83166389813528,3.329770563201687,30.70819111482666,0.7606056073988443,1.0,leptonic_bookkeeping,test
877546,ttH,124.83570765056163,123.94966038564371,1,3,3,146.83166389813528,3.329770563201687,30.70819111482666,0.7606056073988443,1.0,leptonic_bookkeeping,train
638447,ttH,124.83570765056163,123.94966038564371,1,3,3,146.83166389813528,3.329770563201687,30.70819111482666,0.7606056073988443,1.0,leptonic_bookkeeping,test
991230,ttH,124.83570765056163,123.94966038564371,1,3,3,146.83166389813528,3.329770563201687,30.70819111482666,0.7606056073988443,1.0,leptonic_bookkeeping,train
270064,ttH,124.83570765056163,123.94966038564371,1,3,3,146.83166389813528,3.329770563201687,30.70819111482666,0.7606056073988443,1.0,leptonic_bookkeeping,train
656556,ttH,124.83570765056163,123.94966038564371,1,3,3,146.83166389813528,3.329770563201687,30.70819111482666,0.7606056073988443,1.0,leptonic_bookkeeping,validation
187334,ttH,124.83570765056163,123.94966038564371,1,3,3,146.83166389813528,3.329770563201687,30.70819111482666,0.7606056073988443,1.0,leptonic_bookkeeping,train
499098,ttH,124.83570765056163,123.94966038564371,1,3,3,146.83166389813528,3.329770563201687,30.70819111482666,0.7606056073988443,1.0,leptonic_bookkeeping,train
791732,ttH,124.83570765056163,123.94966038564371,1,3,3,146.83166389813528,3.329770563201687,30.70819111482666,0.7606056073988443,1.0,leptonic_bookkeeping,validation
847947,ttH,124.83570765056163,123.94966038564371,1,3,3,146.83166389813528,3.329770563201687,30.70819111482666,0.7606056073988443,1.0,leptonic_bookkeeping,train
827792,ttH,124.83570765056163,123.94966038564371,1,3,3,146.83166389813528,3.329770563201687,30.70819111482666,0.7606056073988443,1.0,leptonic_bookkeeping,train
910968,ttH,124.83570765056163,123.94966038564371,1,3,3,146.83166389813528,3.329770563201687,30.70819111482666,0.7606056073988443,1.0,leptonic_bookkeeping,train
75815,ttH,124.83570765056163,123.94966038564371,1,3,3,146.83166389813528,3.329770563201687,30.70819111482666,0.7606056073988443,1.0,leptonic_bookkeeping,train
220649,ttH,124.83570765056163,123.94966038564371,1,3,3,146.83166389813528,3.329770563201687,30.70819111482666,0.7606056073988443,1.0,leptonic_bookkeeping,train
412454,ttH,124.83570765056163,123.94966038564371,1,3,3,146.83166389813528,3.329770563201687,30.70819111482666,0.7606056073988443,1.0,leptonic_bookkeeping,train
824365,ttH,124.83570765056163,123.94966038564371,1,3,3,146.83166389813528,3.329770563201687,30.70819111482666,0.7606056073988443,1.0,leptonic_bookkeeping,test
590381,ttH,124.83570765056163,123.94966038564371,1,3,3,146.83166389813528,3.329770563201687,30.70819111482666,0.7606056073988443,1.0,leptonic_bookkeeping,train
565362,ttH,124.83570765056163,123.94966038564371,1,3,3,146.83166389813528,3.329770563201687,30.70819111482666,0.7606056073988443,1.0,leptonic_bookkeeping,test
725731,ttH,124.83570765056163,123.94966038564371,1,3,3,146.83166389813528,3.329770563201687,30.70819111482666,0.7606056073988443,1.0,leptonic_bookkeeping,train
606611,ttH,124.83570765056163,123.94966038564371,1,3,3,146.83166389813528,3.329770563201687,30.70819111482666,0.7606056073988443,1.0,leptonic_bookkeeping,test
49121,ttH,124.83570765056163,123.94966038564371,1,3,3,146.83166389813528,3.329770563201687,30.70819111482666,0.7606056073988443,1.0,leptonic_bookkeeping,validation
96898,ttH,124.83570765056163,123.94966038564371,1,3,3,146.83166389813528,3.329770563201687,30.70819111482666,0.7606056073988443,1.0,leptonic_bookkeeping,train
91544,ttH,124.83570765056163,123.94966038564371,1,3,3,146.83166389813528,3.329770563201687,30.70819111482666,0.7606056073988443,1.0,leptonic_bookkeeping,test
69299,ttH,124.83570765056163,123.94966038564371,1,3,3,146.83166389813528,3.329770563201687,30.70819111482666,0.7606056073988443,1.0,leptonic_bookkeeping,validation
453534,ttH,124.83570765056163,123.94966038564371,1,3,3,146.83166389813528,3.329770563201687,30.70819111482666,0.7606056073988443,1.0,leptonic_bookkeeping,test
485047,ttH,124.83570765056163,123.94966038564371,1,3,3,146.83166389813528,3.329770563201687,30.70819111482666,0.7606056073988443,1.0,leptonic_bookkeeping,train
66012,ttH,124.83570765056163,123.94966038564371,1,3,3,146.83166389813528,3.329770563201687,30.70819111482666,0.7606056073988443,1.0,leptonic_bookkeeping,train
882995,ttH,124.83570765056163,123.94966038564371,1,3,3,146.83166389813528,3.329770563201687,30.70819111482666,0.7606056073988443,1.0,leptonic_bookkeeping,validation
718212,ttH,124.83570765056163,123.94966038564371,1,3,3,146.83166389813528,3.329770563201687,30.70819111482666,0.7606056073988443,1.0,leptonic_bookkeeping,validation
263053,ttH,124.83570765056163,123.94966038564371,1,3,3,146.83166389813528,3.329770563201687,30.70819111482666,0.7606056073988443,1.0,leptonic_bookkeeping,train
288813,ttH,124.83570765056163,123.94966038564371,1,3,3,146.83166389813528,3.329770563201687,30.70819111482666,0.7606056073988443,1.0,leptonic_bookkeeping,train
439680,ttH,124.83570765056163,123.94966038564371,1,3,3,146.83166389813528,3.329770563201687,30.70819111482666,0.7606056073988443,1.0,leptonic_bookkeeping,validation
373121,ttH,124.83570765056163,123.94966038564371,1,3,3,146.83166389813528,3.329770563201687,30.70819111482666,0.7606056073988443,1.0,leptonic_bookkeeping,train
135442,ttH,124.83570765056163,123.94966038564371,1,3,3,146.83166389813528,3.329770563201687,30.70819111482666,0.7606056073988443,1.0,leptonic_bookkeeping,train
49010,ttH,124.83570765056163,123.94966038564371,1,3,3,146.83166389813528,3.329770563201687,30.70819111482666,0.7606056073988443,1.0,leptonic_bookkeeping,validation
115740,ttH,124.83570765056163,123.94966038564371,1,3,3,146.83166389813528,3.329770563201687,30.70819111482666,0.7606056073988443,1.0,leptonic_bookkeeping,train
445603,ttH,124.83570765056163,123.94966038564371,1,3,3,146.83166389813528,3.329770563201687,30.70819111482666,0.7606056073988443,1.0,leptonic_bookkeeping,train
17449,ttH,124.83570765056163,123.94966038564371,1,3,3,146.83166389813528,3.329770563201687,30.70819111482666,0.7606056073988443,1.0,leptonic_bookkeeping,validation
579412,ttH,124.83570765056163,123.94966038564371,1,3,3,146.83166389813528,3.329770563201687,30.70819111482666,0.7606056073988443,1.0,leptonic_bookkeeping,train
459563,ttH,124.83570765056163,123.94966038564371,1,3,3,146.83166389813528,3.329770563201687,30.70819111482666,0.7606056073988443,1.0,leptonic_bookkeeping,train
17975,ttH,124.83570765056163,123.94966038564371,1,3,3,146.83166389813528,3.329770563201687,30.70819111482666,0.7606056073988443,1.0,leptonic_bookkeeping,validation
401813,ttH,124.83570765056163,123.94966038564371,1,3,3,146.83166389813528,3.329770563201687,30.70819111482666,0.7606056073988443,1.0,leptonic_bookkeeping,test
612943,ttH,124.83570765056163,123.94966038564371,1,3,3,146.83166389813528,3.329770563201687,30.70819111482666,0.7606056073988443,1.0,leptonic_bookkeeping,train
258590,ttH,124.83570765056163,123.94966038564371,1,3,3,146.83166389813528,3.329770563201687,30.70819111482666,0.7606056073988443,1.0,leptonic_bookkeeping,train
375399,ttH,124.83570765056163,123.94966038564371,1,3,3,146.83166389813528,3.329770563201687,30.70819111482666,0.7606056073988443,1.0,leptonic_bookkeeping,train
587333,ttH,124.83570765056163,123.94966038564371,1,3,3,146.83166389813528,3.329770563201687,30.70819111482666,0.7606056073988443,1.0,leptonic_bookkeeping,test
524972,ttH,124.83570765056163,123.94966038564371,1,3,3,146.83166389813528,3.329770563201687,30.70819111482666,0.7606056073988443,1.0,leptonic_bookkeeping,test
12068,ttH,124.83570765056163,123.94966038564371,1,3,3,146.83166389813528,3.329770563201687,30.70819111482666,0.7606056073988443,1.0,leptonic_bookkeeping,train
99148,ttH,124.83570765056163,123.94966038564371,1,3,3,146.83166389813528,3.329770563201687,30.70819111482666,0.7606056073988443,1.0,leptonic_bookkeeping,validation
700190,ttH,124.83570765056163,123.94966038564371,1,3,3,146.83166389813528,3.329770563201687,30.70819111482666,0.7606056073988443,1.0,leptonic_bookkeeping,test
385168,ttH,124.83570765056163,123.94966038564371,1,3,3,146.83166389813528,3.329770563201687,30.70819111482666,0.7606056073988443,1.0,leptonic_bookkeeping,train
302709,ttH,124.83570765056163,123.94966038564371,1,3,3,146.83166389813528,3.329770563201687,30.70819111482666,0.7606056073988443,1.0,leptonic_bookkeeping,train
11319,ttH,124.83570765056163,123.94966038564371,1,3,3,146.83166389813528,3.329770563201687,30.70819111482666,0.7606056073988443,1.0,leptonic_bookkeeping,train
573320,ttH,124.83570765056163,123.94966038564371,1,3,3,146.83166389813528,3.329770563201687,30.70819111482666,0.7606056073988443,1.0,leptonic_bookkeeping,validation
526031,ttH,124.83570765056163,123.94966038564371,1,3,3,146.83166389813528,3.329770563201687,30.70819111482666,0.7606056073988443,1.0,leptonic_bookkeeping,train
658914,ttH,124.83570765056163,123.94966038564371,1,3,3,146.83166389813528,3.329770563201687,30.70819111482666,0.7606056073988443,1.0,leptonic_bookkeeping,test
650192,ttH,124.83570765056163,123.94966038564371,1,3,3,146.83166389813528,3.329770563201687,30.70819111482666,0.7606056073988443,1.0,leptonic_bookkeeping,train
232250,ttH,124.83570765056163,123.94966038564371,1,3,3,146.83166389813528,3.329770563201687,30.70819111482666,0.7606056073988443,1.0,leptonic_bookkeeping,train
999523,ttH,124.83570765056163,123.94966038564371,1,3,3,146.83166389813528,3.329770563201687,30.70819111482666,0.7606056073988443,1.0,leptonic_bookkeeping,test
631002,ttH,124.83570765056163,123.94966038564371,1,3,3,146.83166389813528,3.329770563201687,30.70819111482666,0.7606056073988443,1.0,leptonic_bookkeeping,train
629178,ttH,124.83570765056163,123.94966038564371,1,3,3,146.83166389813528,3.329770563201687,30.70819111482666,0.7606056073988443,1.0,leptonic_bookkeeping,train
652107,ttH,124.83570765056163,123.94966038564371,1,3,3,146.83166389813528,3.329770563201687,30.70819111482666,0.7606056073988443,1.0,leptonic_bookkeeping,train
411064,ttH,124.83570765056163,123.94966038564371,1,3,3,146.83166389813528,3.329770563201687,30.70819111482666,0.7606056073988443,1.0,leptonic_bookkeeping,test
703301,ttH,124.83570765056163,123.94966038564371,1,3,3,146.83166389813528,3.329770563201687,30.70819111482666,0.7606056073988443,1.0,leptonic_bookkeeping,train
639995,ttH,124.83570765056163,123.94966038564371,1,3,3,146.83166389813528,3.329770563201687,30.70819111482666,0.7606056073988443,1.0,leptonic_bookkeeping,train
461911,ttH,124.83570765056163,123.94966038564371,1,3,3,146.83166389813528,3.329770563201687,30.70819111482666,0.7606056073988443,1.0,leptonic_bookkeeping,test
151601,ttH,124.83570765056163,123.94966038564371,1,3,3,146.83166389813528,3.329770563201687,30.70819111482666,0.7606056073988443,1.0,leptonic_bookkeeping,validation
72859,ttH,124.83570765056163,123.94966038564371,1,3,3,146.83166389813528,3.329770563201687,30.70819111482666,0.7606056073988443,1.0,leptonic_bookkeeping,train
231027,ttH,124.83570765056163,123.94966038564371,1,3,3,146.83166389813528,3.329770563201687,30.70819111482666,0.7606056073988443,1.0,leptonic_bookkeeping,train
266389,ttH,124.83570765056163,123.94966038564371,1,3,3,146.83166389813528,3.329770563201687,30.70819111482666,0.7606056073988443,1.0,leptonic_bookkeeping,test
571227,ttH,124.83570765056163,123.94966038564371,1,3,3,146.83166389813528,3.329770563201687,30.70819111482666,0.7606056073988443,1.0,leptonic_bookkeeping,train
572692,ttH,124.83570765056163,123.94966038564371,1,3,3,146.83166389813528,3.329770563201687,30.70819111482666,0.7606056073988443,1.0,leptonic_bookkeeping,train
647336,ttH,124.83570765056163,123.94966038564371,1,3,3,146.83166389813528,3.329770563201687,30.70819111482666,0.7606056073988443,1.0,leptonic_bookkeeping,validation
762112,ttH,124.83570765056163,123.94966038564371,1,3,3,146.83166389813528,3.329770563201687,30.70819111482666,0.7606056073988443,1.0,leptonic_bookkeeping,test
192697,ttH,124.83570765056163,123.94966038564371,1,3,3,146.83166389813528,3.329770563201687,30.70819111482666,0.7606056073988443,1.0,leptonic_bookkeeping,validation
714472,ttH,124.83570765056163,123.94966038564371,1,3,3,146.83166389813528,3.329770563201687,30.70819111482666,0.7606056073988443,1.0,leptonic_bookkeeping,train
660048,ttH,124.83570765056163,123.94966038564371,1,3,3,146.83166389813528,3.329770563201687,30.70819111482666,0.7606056073988443,1.0,leptonic_bookkeeping,train
962929,ttH,124.83570765056163,123.94966038564371,1,3,3,146.83166389813528,3.329770563201687,30.70819111482666,0.7606056073988443,1.0,leptonic_bookkeeping,train
728124,ttH,124.83570765056163,123.94966038564371,1,3,3,146.83166389813528,3.329770563201687,30.70819111482666,0.7606056073988443,1.0,leptonic_bookkeeping,validation
882542,ttH,124.83570765056163,123.94966038564371,1,3,3,146.83166389813528,3.329770563201687,30.70819111482666,0.7606056073988443,1.0,leptonic_bookkeeping,validation
532498,ttH,124.83570765056163,123.94966038564371,1,3,3,146.83166389813528,3.329770563201687,30.70819111482666,0.7606056073988443,1.0,leptonic_bookkeeping,validation
67609,ttH,124.83570765056163,123.94966038564371,1,3,3,146.83166389813528,3.329770563201687,30.70819111482666,0.7606056073988443,1.0,leptonic_bookkeeping,train
256185,ttH,124.83570765056163,123.94966038564371,1,3,3,146.83166389813528,3.329770563201687,30.70819111482666,0.7606056073988443,1.0,leptonic_bookkeeping,test
207078,ttH,124.83570765056163,123.94966038564371,1,3,3,146.83166389813528,3.329770563201687,30.70819111482666,0.7606056073988443,1.0,leptonic_bookkeeping,train
555045,ttH,124.83570765056163,123.94966038564371,1,3,3,146.83166389813528,3.329770563201687,30.70819111482666,0.7606056073988443,1.0,leptonic_bookkeeping,test
574258,ttH,124.83570765056163,123.94966038564371,1,3,3,146.83166389813528,3.329770563201687,30.70819111482666,0.7606056073988443,1.0,leptonic_bookkeeping,validation
617138,ttH,124.83570765056163,123.94966038564371,1,3,3,146.83166389813528,3.329770563201687,30.70819111482666,0.7606056073988443,1.0,leptonic_bookkeeping,test
322636,ttH,124.83570765056163,123.94966038564371,1,3,3,146.83166389813528,3.329770563201687,30.70819111482666,0.7606056073988443,1.0,leptonic_bookkeeping,train
725791,ttH,124.83570765056163,123.94966038564371,1,3,3,146.83166389813528,3.329770563201687,30.70819111482666,0.7606056073988443,1.0,leptonic_bookkeeping,train
336390,ttH,124.83570765056163,123.94966038564371,1,3,3,146.83166389813528,3.329770563201687,30.70819111482666,0.7606056073988443,1.0,leptonic_bookkeeping,validation
89565,ttH,124.83570765056163,123.94966038564371,1,3,3,146.83166389813528,3.329770563201687,30.70819111482666,0.7606056073988443,1.0,leptonic_bookkeeping,validation
146265,ttH,124.83570765056163,123.94966038564371,1,3,3,146.83166389813528,3.329770563201687,30.70819111482666,0.7606056073988443,1.0,leptonic_bookkeeping,train
303551,ttH,124.83570765056163,123.94966038564371,1,3,3,146.83166389813528,3.329770563201687,30.70819111482666,0.7606056073988443,1.0,leptonic_bookkeeping,train
452175,ttH,124.83570765056163,123.94966038564371,1,3,3,146.83166389813528,3.329770563201687,30.70819111482666,0.7606056073988443,1.0,leptonic_bookkeeping,test
806096,ttH,124.83570765056163,123.94966038564371,1,3,3,146.83166389813528,3.329770563201687,30.70819111482666,0.7606056073988443,1.0,leptonic_bookkeeping,train
347469,ttH,124.83570765056163,123.94966038564371,1,3,3,146.83166389813528,3.329770563201687,30.70819111482666,0.7606056073988443,1.0,leptonic_bookkeeping,validation
8786,ttH,124.83570765056163,123.94966038564371,1,3,3,146.83166389813528,3.329770563201687,30.70819111482666,0.7606056073988443,1.0,leptonic_bookkeeping,test
386124,ttH,124.83570765056163,123.94966038564371,1,3,3,146.83166389813528,3.329770563201687,30.70819111482666,0.7606056073988443,1.0,leptonic_bookkeeping,train
327641,ttH,124.83570765056163,123.94966038564371,1,3,3,146.83166389813528,3.329770563201687,30.70819111482666,0.7606056073988443,1.0,leptonic_bookkeeping,validation
80890,ttH,124.83570765056163,123.94966038564371,1,3,3,146.83166389813528,3.329770563201687,30.70819111482666,0.7606056073988443,1.0,leptonic_bookkeeping,test
843811,ttH,124.83570765056163,123.94966038564371,1,3,3,146.83166389813528,3.329770563201687,30.70819111482666,0.7606056073988443,1.0,leptonic_bookkeeping,test
629598,ttH,124.83570765056163,123.94966038564371,1,3,3,146.83166389813528,3.329770563201687,30.70819111482666,0.7606056073988443,1.0,leptonic_bookkeeping,train
602262,ttH,124.83570765056163,123.94966038564371,1,3,3,146.83166389813528,3.329770563201687,30.70819111482666,0.7606056073988443,1.0,leptonic_bookkeeping,train
23938,ttH,124.83570765056163,123.94966038564371,1,3,3,146.83166389813528,3.329770563201687,30.70819111482666,0.7606056073988443,1.0,leptonic_bookkeeping,train
767506,ttH,124.83570765056163,123.94966038564371,1,3,3,146.83166389813528,3.329770563201687,30.70819111482666,0.7606056073988443,1.0,leptonic_bookkeeping,train
998050,ttH,124.83570765056163,123.94966038564371,1,3,3,146.83166389813528,3.329770563201687,30.70819111482666,0.7606056073988443,1.0,leptonic_bookkeeping,test
636593,ttH,124.83570765056163,123.94966038564371,1,3,3,146.83166389813528,3.329770563201687,30.70819111482666,0.7606056073988443,1.0,leptonic_bookkeeping,validation
103211,ttH,124.83570765056163,123.94966038564371,1,3,3,146.83166389813528,3.329770563201687,30.70819111482666,0.7606056073988443,1.0,leptonic_bookkeeping,train
884503,ttH,124.83570765056163,123.94966038564371,1,3,3,146.83166389813528,3.329770563201687,30.70819111482666,0.7606056073988443,1.0,leptonic_bookkeeping,validation
367966,ttH,124.83570765056163,123.94966038564371,1,3,3,146.83166389813528,3.329770563201687,30.70819111482666,0.7606056073988443,1.0,leptonic_bookkeeping,validation
54240,ttH,124.83570765056163,123.94966038564371,1,3,3,146.83166389813528,3.329770563201687,30.70819111482666,0.7606056073988443,1.0,leptonic_bookkeeping,train
573428,ttH,124.83570765056163,123.94966038564371,1,3,3,146.83166389813528,3.329770563201687,30.70819111482666,0.7606056073988443,1.0,leptonic_bookkeeping,validation
365802,ttH,124.83570765056163,123.94966038564371,1,3,3,146.83166389813528,3.329770563201687,30.70819111482666,0.7606056073988443,1.0,leptonic_bookkeeping,train
419783,ttH,124.83570765056163,123.94966038564371,1,3,3,146.83166389813528,3.329770563201687,30.70819111482666,0.7606056073988443,1.0,leptonic_bookkeeping,validation
223076,ttH,124.83570765056163,123.94966038564371,1,3,3,146.83166389813528,3.329770563201687,30.70819111482666,0.7606056073988443,1.0,leptonic_bookkeeping,validation
307439,ttH,124.83570765056163,123.94966038564371,1,3,3,146.83166389813528,3.329770563201687,30.70819111482666,0.7606056073988443,1.0,leptonic_bookkeeping,test
570257,ttH,124.83570765056163,123.94966038564371,1,3,3,146.83166389813528,3.329770563201687,30.70819111482666,0.7606056073988443,1.0,leptonic_bookkeeping,train
822186,ttH,124.83570765056163,123.94966038564371,1,3,3,146.83166389813528,3.329770563201687,30.70819111482666,0.7606056073988443,1.0,leptonic_bookkeeping,validation
902493,ttH,124.83570765056163,123.94966038564371,1,3,3,146.83166389813528,3.329770563201687,30.70819111482666,0.7606056073988443,1.0,leptonic_bookkeeping,train
777157,ttH,124.83570765056163,123.94966038564371,1,3,3,146.83166389813528,3.329770563201687,30.70819111482666,0.7606056073988443,1.0,leptonic_bookkeeping,train
286515,ttH,124.83570765056163,123.94966038564371,1,3,3,146.83166389813528,3.329770563201687,30.70819111482666,0.7606056073988443,1.0,leptonic_bookkeeping,validation
749366,ttH,124.83570765056163,123.94966038564371,1,3,3,146.83166389813528,3.329770563201687,30.70819111482666,0.7606056073988443,1.0,leptonic_bookkeeping,validation
919106,ttH,124.83570765056163,123.94966038564371,1,3,3,146.83166389813528,3.329770563201687,30.70819111482666,0.7606056073988443,1.0,leptonic_bookkeeping,train
176600,ttH,124.83570765056163,123.94966038564371,1,3,3,146.83166389813528,3.329770563201687,30.70819111482666,0.7606056073988443,1.0,leptonic_bookkeeping,train
965683,ttH,124.83570765056163,123.94966038564371,1,3,3,146.83166389813528,3.329770563201687,30.70819111482666,0.7606056073988443,1.0,leptonic_bookkeeping,validation
263658,ttH,124.83570765056163,123.94966038564371,1,3,3,146.83166389813528,3.329770563201687,30.70819111482666,0.7606056073988443,1.0,leptonic_bookkeeping,train
521308,ttH,124.83570765056163,123.94966038564371,1,3,3,146.83166389813528,3.329770563201687,30.70819111482666,0.7606056073988443,1.0,leptonic_bookkeeping,train
123207,ttH,124.83570765056163,123.94966038564371,1,3,3,146.83166389813528,3.329770563201687,30.70819111482666,0.7606056073988443,1.0,leptonic_bookkeeping,test
742261,ttH,124.83570765056163,123.94966038564371,1,3,3,146.83166389813528,3.329770563201687,30.70819111482666,0.7606056073988443,1.0,leptonic_bookkeeping,test
36558,ttH,124.83570765056163,123.94966038564371,1,3,3,146.83166389813528,3.329770563201687,30.70819111482666,0.7606056073988443,1.0,leptonic_bookkeeping,train
638394,ttH,124.83570765056163,123.94966038564371,1,3,3,146.83166389813528,3.329770563201687,30.70819111482666,0.7606056073988443,1.0,leptonic_bookkeeping,test
215853,ttH,124.83570765056163,123.94966038564371,1,3,3,146.83166389813528,3.329770563201687,30.70819111482666,0.7606056073988443,1.0,leptonic_bookkeeping,test
340829,ttH,124.83570765056163,123.94966038564371,1,3,3,146.83166389813528,3.329770563201687,30.70819111482666,0.7606056073988443,1.0,leptonic_bookkeeping,train
539382,ttH,124.83570765056163,123.94966038564371,1,3,3,146.83166389813528,3.329770563201687,30.70819111482666,0.7606056073988443,1.0,leptonic_bookkeeping,train
1736,ttH,124.83570765056163,123.94966038564371,1,3,3,146.83166389813528,3.329770563201687,30.70819111482666,0.7606056073988443,1.0,leptonic_bookkeeping,train
502738,ttH,124.83570765056163,123.94966038564371,1,3,3,146.83166389813528,3.329770563201687,30.70819111482666,0.7606056073988443,1.0,leptonic_bookkeeping,validation
332156,ttH,124.83570765056163,123.94966038564371,1,3,3,146.83166389813528,3.329770563201687,30.70819111482666,0.7606056073988443,1.0,leptonic_bookkeeping,train
412686,ttH,124.83570765056163,123.94966038564371,1,3,3,146.83166389813528,3.329770563201687,30.70819111482666,0.7606056073988443,1.0,leptonic_bookkeeping,train
248909,ttH,124.83570765056163,123.94966038564371,1,3,3,146.83166389813528,3.329770563201687,30.70819111482666,0.7606056073988443,1.0,leptonic_bookkeeping,train
72989,ttH,124.83570765056163,123.94966038564371,1,3,3,146.83166389813528,3.329770563201687,30.70819111482666,0.7606056073988443,1.0,leptonic_bookkeeping,train
694793,ttH,124.83570765056163,123.94966038564371,1,3,3,146.83166389813528,3.329770563201687,30.70819111482666,0.7606056073988443,1.0,leptonic_bookkeeping,train
271601,ttH,124.83570765056163,123.94966038564371,1,3,3,146.83166389813528,3.329770563201687,30.70819111482666,0.7606056073988443,1.0,leptonic_bookkeeping,train
680588,ttH,124.83570765056163,123.94966038564371,1,3,3,146.83166389813528,3.329770563201687,30.70819111482666,0.7606056073988443,1.0,leptonic_bookkeeping,train
200882,ttH,124.83570765056163,123.94966038564371,1,3,3,146.83166389813528,3.329770563201687,30.70819111482666,0.7606056073988443,1.0,leptonic_bookkeeping,train
90898,ttH,124.83570765056163,123.94966038564371,1,3,3,146.83166389813528,3.329770563201687,30.70819111482666,0.7606056073988443,1.0,leptonic_bookkeeping,test
891004,ttH,124.83570765056163,123.94966038564371,1,3,3,146.83166389813528,3.329770563201687,30.70819111482666,0.7606056073988443,1.0,leptonic_bookkeeping,train
202208,ttH,124.83570765056163,123.94966038564371,1,3,3,146.83166389813528,3.329770563201687,30.70819111482666,0.7606056073988443,1.0,leptonic_bookkeeping,validation
275183,ttH,124.83570765056163,123.94966038564371,1,3,3,146.83166389813528,3.329770563201687,30.70819111482666,0.7606056073988443,1.0,leptonic_bookkeeping,validation
466969,ttH,124.83570765056163,123.94966038564371,1,3,3,146.83166389813528,3.329770563201687,30.70819111482666,0.7606056073988443,1.0,leptonic_bookkeeping,train
237644,ttH,124.83570765056163,123.94966038564371,1,3,3,146.83166389813528,3.329770563201687,30.70819111482666,0.7606056073988443,1.0,leptonic_bookkeeping,train
752340,ttH,124.83570765056163,123.94966038564371,1,3,3,146.83166389813528,3.329770563201687,30.70819111482666,0.7606056073988443,1.0,leptonic_bookkeeping,test
842796,ttH,124.83570765056163,123.94966038564371,1,3,3,146.83166389813528,3.329770563201687,30.70819111482666,0.7606056073988443,1.0,leptonic_bookkeeping,validation
387935,ttH,124.83570765056163,123.94966038564371,1,3,3,146.83166389813528,3.329770563201687,30.70819111482666,0.7606056073988443,1.0,leptonic_bookkeeping,validation
462510,ttH,124.83570765056163,123.94966038564371,1,3,3,146.83166389813528,3.329770563201687,30.70819111482666,0.7606056073988443,1.0,leptonic_bookkeeping,test
864968,ttH,124.83570765056163,123.94966038564371,1,3,3,146.83166389813528,3.329770563201687,30.70819111482666,0.7606056073988443,1.0,leptonic_bookkeeping,test
272599,ttH,124.83570765056163,123.94966038564371,1,3,3,146.83166389813528,3.329770563201687,30.70819111482666,0.7606056073988443,1.0,leptonic_bookkeeping,train
361962,ttH,124.83570765056163,123.94966038564371,1,3,3,146.83166389813528,3.329770563201687,30.70819111482666,0.7606056073988443,1.0,leptonic_bookkeeping,train
149378,ttH,124.83570765056163,123.94966038564371,1,3,3,146.83166389813528,3.329770563201687,30.70819111482666,0.7606056073988443,1.0,leptonic_bookkeeping,train
82418,ttH,124.83570765056163,123.94966038564371,1,3,3,146.83166389813528,3.329770563201687,30.70819111482666,0.7606056073988443,1.0,leptonic_bookkeeping,test
328068,ttH,124.83570765056163,123.94966038564371,1,3,3,146.83166389813528,3.329770563201687,30.70819111482666,0.7606056073988443,1.0,leptonic_bookkeeping,test
337343,ttH,124.83570765056163,123.94966038564371,1,3,3,146.83166389813528,3.329770563201687,30.70819111482666,0.7606056073988443,1.0,leptonic_bookkeeping,validation
938900,ttH,124.83570765056163,123.94966038564371,1,3,3,146.83166389813528,3.329770563201687,30.70819111482666,0.7606056073988443,1.0,leptonic_bookkeeping,train
428232,ttH,124.83570765056163,123.94966038564371,1,3,3,146.83166389813528,3.329770563201687,30.70819111482666,0.7606056073988443,1.0,leptonic_bookkeeping,train
918769,ttH,124.83570765056163,123.94966038564371,1,3,3,146.83166389813528,3.329770563201687,30.70819111482666,0.7606056073988443,1.0,leptonic_bookkeeping,train
502241,ttH,124.83570765056163,123.94966038564371,1,3,3,146.83166389813528,3.329770563201687,30.70819111482666,0.7606056073988443,1.0,leptonic_bookkeeping,validation
376430,ttH,124.83570765056163,123.94966038564371,1,3,3,146.83166389813528,3.329770563201687,30.70819111482666,0.7606056073988443,1.0,leptonic_bookkeeping,train
148726,ttH,124.83570765056163,123.94966038564371,1,3,3,146.83166389813528,3.329770563201687,30.70819111482666,0.7606056073988443,1.0,leptonic_bookkeeping,train
615436,ttH,124.83570765056163,123.94966038564371,1,3,3,146.83166389813528,3.329770563201687,30.70819111482666,0.7606056073988443,1.0,leptonic_bookkeeping,validation
966708,ttH,124.83570765056163,123.94966038564371,1,3,3,146.83166389813528,3.329770563201687,30.70819111482666,0.7606056073988443,1.0,leptonic_bookkeeping,validation
87946,ttH,124.83570765056163,123.94966038564371,1,3,3,146.83166389813528,3.329770563201687,30.70819111482666,0.7606056073988443,1.0,leptonic_bookkeeping,train
725310,ttH,124.83570765056163,123.94966038564371,1,3,3,146.83166389813528,3.329770563201687,30.70819111482666,0.7606056073988443,1.0,leptonic_bookkeeping,train
308495,ttH,124.83570765056163,123.94966038564371,1,3,3,146.83166389813528,3.329770563201687,30.70819111482666,0.7606056073988443,1.0,leptonic_bookkeeping,test
729387,ttH,124.83570765056163,123.94966038564371,1,3,3,146.83166389813528,3.329770563201687,30.70819111482666,0.7606056073988443,1.0,leptonic_bookkeeping,validation
429589,ttH,124.83570765056163,123.94966038564371,1,3,3,146.83166389813528,3.329770563201687,30.70819111482666,0.7606056073988443,1.0,leptonic_bookkeeping,validation
559681,ttH,124.83570765056163,123.94966038564371,1,3,3,146.83166389813528,3.329770563201687,30.70819111482666,0.7606056073988443,1.0,leptonic_bookkeeping,train
639219,ttH,124.83570765056163,123.94966038564371,1,3,3,146.83166389813528,3.329770563201687,30.70819111482666,0.7606056073988443,1.0,leptonic_bookkeeping,train
626153,ttH,124.83570765056163,123.94966038564371,1,3,3,146.83166389813528,3.329770563201687,30.70819111482666,0.7606056073988443,1.0,leptonic_bookkeeping,validation
814269,ttH,124.83570765056163,123.94966038564371,1,3,3,146.83166389813528,3.329770563201687,30.70819111482666,0.7606056073988443,1.0,leptonic_bookkeeping,test
92101,ttH,124.83570765056163,123.94966038564371,1,3,3,146.83166389813528,3.329770563201687,30.70819111482666,0.7606056073988443,1.0,leptonic_bookkeeping,test
407756,ttH,124.83570765056163,123.94966038564371,1,3,3,146.83166389813528,3.329770563201687,30.70819111482666,0.7606056073988443,1.0,leptonic_bookkeeping,train
561257,ttH,124.83570765056163,123.94966038564371,1,3,3,146.83166389813528,3.329770563201687,30.70819111482666,0.7606056073988443,1.0,leptonic_bookkeeping,train
840844,ttH,124.83570765056163,123.94966038564371,1,3,3,146.83166389813528,3.329770563201687,30.70819111482666,0.7606056073988443,1.0,leptonic_bookkeeping,train
601998,ttH,124.83570765056163,123.94966038564371,1,3,3,146.83166389813528,3.329770563201687,30.70819111482666,0.7606056073988443,1.0,leptonic_bookkeeping,train
430146,ttH,124.83570765056163,123.94966038564371,1,3,3,146.83166389813528,3.329770563201687,30.70819111482666,0.7606056073988443,1.0,leptonic_bookkeeping,validation
456062,ttH,124.83570765056163,123.94966038564371,1,3,3,146.83166389813528,3.329770563201687,30.70819111482666,0.7606056073988443,1.0,leptonic_bookkeeping,train
506733,ttH,124.83570765056163,123.94966038564371,1,3,3,146.83166389813528,3.329770563201687,30.70819111482666,0.7606056073988443,1.0,leptonic_bookkeeping,train
258353,ttH,124.83570765056163,123.94966038564371,1,3,3,146.83166389813528,3.329770563201687,30.70819111482666,0.7606056073988443,1.0,leptonic_bookkeeping,train
923033,ttH,124.83570765056163,123.94966038564371,1,3,3,146.83166389813528,3.329770563201687,30.70819111482666,0.7606056073988443,1.0,leptonic_bookkeeping,train
948035,ttH,124.83570765056163,123.94966038564371,1,3,3,146.83166389813528,3.329770563201687,30.70819111482666,0.7606056073988443,1.0,leptonic_bookkeeping,test
563804,ttH,124.83570765056163,123.94966038564371,1,3,3,146.83166389813528,3.329770563201687,30.70819111482666,0.7606056073988443,1.0,leptonic_bookkeeping,validation
22767,ttH,124.83570765056163,123.94966038564371,1,3,3,146.83166389813528,3.329770563201687,30.70819111482666,0.7606056073988443,1.0,leptonic_bookkeeping,train
147146,ttH,124.83570765056163,123.94966038564371,1,3,3,146.83166389813528,3.329770563201687,30.70819111482666,0.7606056073988443,1.0,leptonic_bookkeeping,train
807301,ttH,124.83570765056163,123.94966038564371,1,3,3,146.83166389813528,3.329770563201687,30.70819111482666,0.7606056073988443,1.0,leptonic_bookkeeping,train
465640,ttH,124.83570765056163,123.94966038564371,1,3,3,146.83166389813528,3.329770563201687,30.70819111482666,0.7606056073988443,1.0,leptonic_bookkeeping,train
176406,ttH,124.83570765056163,123.94966038564371,1,3,3,146.83166389813528,3.329770563201687,30.70819111482666,0.7606056073988443,1.0,leptonic_bookkeeping,train
492267,ttH,124.83570765056163,123.94966038564371,1,3,3,146.83166389813528,3.329770563201687,30.70819111482666,0.7606056073988443,1.0,leptonic_bookkeeping,validation
445333,ttH,124.83570765056163,123.94966038564371,1,3,3,146.83166389813528,3.329770563201687,30.70819111482666,0.7606056073988443,1.0,leptonic_bookkeeping,train
777033,ttH,124.83570765056163,123.94966038564371,1,3,3,146.83166389813528,3.329770563201687,30.70819111482666,0.7606056073988443,1.0,leptonic_bookkeeping,train
912555,ttH,124.83570765056163,123.94966038564371,1,3,3,146.83166389813528,3.329770563201687,30.70819111482666,0.7606056073988443,1.0,leptonic_bookkeeping,train
520449,ttH,124.83570765056163,123.94966038564371,1,3,3,146.83166389813528,3.329770563201687,30.70819111482666,0.7606056073988443,1.0,leptonic_bookkeeping,train
364779,ttH,124.83570765056163,123.94966038564371,1,3,3,146.83166389813528,3.329770563201687,30.70819111482666,0.7606056073988443,1.0,leptonic_bookkeeping,train
592973,ttH,124.83570765056163,123.94966038564371,1,3,3,146.83166389813528,3.329770563201687,30.70819111482666,0.7606056073988443,1.0,leptonic_bookkeeping,train
668653,ttH,124.83570765056163,123.94966038564371,1,3,3,146.83166389813528,3.329770563201687,30.70819111482666,0.7606056073988443,1.0,leptonic_bookkeeping,test
808163,ttH,124.83570765056163,123.94966038564371,1,3,3,146.83166389813528,3.329770563201687,30.70819111482666,0.7606056073988443,1.0,leptonic_bookkeeping,train
296137,ttH,124.83570765056163,123.94966038564371,1,3,3,146.83166389813528,3.329770563201687,30.70819111482666,0.7606056073988443,1.0,leptonic_bookkeeping,validation
559412,ttH,124.83570765056163,123.94966038564371,1,3,3,146.83166389813528,3.329770563201687,30.70819111482666,0.7606056073988443,1.0,leptonic_bookkeeping,train
964041,ttH,124.83570765056163,123.94966038564371,1,3,3,146.83166389813528,3.329770563201687,30.70819111482666,0.7606056073988443,1.0,leptonic_bookkeeping,train
840189,ttH,124.83570765056163,123.94966038564371,1,3,3,146.83166389813528,3.329770563201687,30.70819111482666,0.7606056073988443,1.0,leptonic_bookkeeping,train
150956,ttH,124.83570765056163,123.94966038564371,1,3,3,146.83166389813528,3.329770563201687,30.70819111482666,0.7606056073988443,1.0,leptonic_bookkeeping,validation
535185,ttH,124.83570765056163,123.94966038564371,1,3,3,146.83166389813528,3.329770563201687,30.70819111482666,0.7606056073988443,1.0,leptonic_bookkeeping,test
736966,ttH,124.83570765056163,123.94966038564371,1,3,3,146.83166389813528,3.329770563201687,30.70819111482666,0.7606056073988443,1.0,leptonic_bookkeeping,train
139799,ttH,124.83570765056163,123.94966038564371,1,3,3,146.83166389813528,3.329770563201687,30.70819111482666,0.7606056073988443,1.0,leptonic_bookkeeping,train
400013,ttH,124.83570765056163,123.94966038564371,1,3,3,146.83166389813528,3.329770563201687,30.70819111482666,0.7606056073988443,1.0,leptonic_bookkeeping,test
437104,ttH,124.83570765056163,123.94966038564371,1,3,3,146.83166389813528,3.329770563201687,30.70819111482666,0.7606056073988443,1.0,leptonic_bookkeeping,train
671275,ttH,124.83570765056163,123.94966038564371,1,3,3,146.83166389813528,3.329770563201687,30.70819111482666,0.7606056073988443,1.0,leptonic_bookkeeping,train
513285,ttH,124.83570765056163,123.94966038564371,1,3,3,146.83166389813528,3.329770563201687,30.70819111482666,0.7606056073988443,1.0,leptonic_bookkeeping,validation
102904,ttH,124.83570765056163,123.94966038564371,1,3,3,146.83166389813528,3.329770563201687,30.70819111482666,0.7606056073988443,1.0,leptonic_bookkeeping,test
233228,ttH,124.83570765056163,123.94966038564371,1,3,3,146.83166389813528,3.329770563201687,30.70819111482666,0.7606056073988443,1.0,leptonic_bookkeeping,validation
306090,ttH,124.83570765056163,123.94966038564371,1,3,3,146.83166389813528,3.329770563201687,30.70819111482666,0.7606056073988443,1.0,leptonic_bookkeeping,validation
558981,ttH,124.83570765056163,123.94966038564371,1,3,3,146.83166389813528,3.329770563201687,30.70819111482666,0.7606056073988443,1.0,leptonic_bookkeeping,train
842022,ttH,124.83570765056163,123.94966038564371,1,3,3,146.83166389813528,3.329770563201687,30.70819111482666,0.7606056073988443,1.0,leptonic_bookkeeping,validation
337161,ttH,124.83570765056163,123.94966038564371,1,3,3,146.83166389813528,3.329770563201687,30.70819111482666,0.7606056073988443,1.0,leptonic_bookkeeping,validation
538977,ttH,124.83570765056163,123.94966038564371,1,3,3,146.83166389813528,3.329770563201687,30.70819111482666,0.7606056073988443,1.0,leptonic_bookkeeping,train
333255,ttH,124.83570765056163,123.94966038564371,1,3,3,146.83166389813528,3.329770563201687,30.70819111482666,0.7606056073988443,1.0,leptonic_bookkeeping,train
625302,ttH,124.83570765056163,123.94966038564371,1,3,3,146.83166389813528,3.329770563201687,30.70819111482666,0.7606056073988443,1.0,leptonic_bookkeeping,validation
61841,ttH,124.83570765056163,123.94966038564371,1,3,3,146.83166389813528,3.329770563201687,30.70819111482666,0.7606056073988443,1.0,leptonic_bookkeeping,test
938948,ttH,124.83570765056163,123.94966038564371,1,3,3,146.83166389813528,3.329770563201687,30.70819111482666,0.7606056073988443,1.0,leptonic_bookkeeping,train
581147,ttH,124.83570765056163,123.94966038564371,1,3,3,146.83166389813528,3.329770563201687,30.70819111482666,0.7606056073988443,1.0,leptonic_bookkeeping,train
418671,tH,124.83570765056163,123.94966038564371,1,3,3,146.83166389813528,3.329770563201687,30.70819111482666,0.7606056073988443,1.0,leptonic_bookkeeping,validation
682997,tH,124.83570765056163,123.94966038564371,1,3,3,146.83166389813528,3.329770563201687,30.70819111482666,0.7606056073988443,1.0,leptonic_bookkeeping,train
620773,tH,124.83570765056163,123.94966038564371,1,3,3,146.83166389813528,3.329770563201687,30.70819111482666,0.7606056073988443,1.0,leptonic_bookkeeping,train
528787,tH,124.83570765056163,123.94966038564371,1,3,3,146.83166389813528,3.329770563201687,30.70819111482666,0.7606056073988443,1.0,leptonic_bookkeeping,train
589354,tH,124.83570765056163,123.94966038564371,1,3,3,146.83166389813528,3.329770563201687,30.70819111482666,0.7606056073988443,1.0,leptonic_bookkeeping,train
163230,tH,124.83570765056163,123.94966038564371,1,3,3,146.83166389813528,3.329770563201687,30.70819111482666,0.7606056073988443,1.0,leptonic_bookkeeping,test
906393,tH,124.83570765056163,123.94966038564371,1,3,3,146.83166389813528,3.329770563201687,30.70819111482666,0.7606056073988443,1.0,leptonic_bookkeeping,test
937544,tH,124.83570765056163,123.94966038564371,1,3,3,146.83166389813528,3.329770563201687,30.70819111482666,0.7606056073988443,1.0,leptonic_bookkeeping,test
134144,tH,124.83570765056163,123.94966038564371,1,3,3,146.83166389813528,3.329770563201687,30.70819111482666,0.7606056073988443,1.0,leptonic_bookkeeping,train
930404,tH,124.83570765056163,123.94966038564371,1,3,3,146.83166389813528,3.329770563201687,30.70819111482666,0.7606056073988443,1.0,leptonic_bookkeeping,train
931526,tH,124.83570765056163,123.94966038564371,1,3,3,146.83166389813528,3.329770563201687,30.70819111482666,0.7606056073988443,1.0,leptonic_bookkeeping,train
647402,tH,124.83570765056163,123.94966038564371,1,3,3,146.83166389813528,3.329770563201687,30.70819111482666,0.7606056073988443,1.0,leptonic_bookkeeping,validation
215111,tH,124.83570765056163,123.94966038564371,1,3,3,146.83166389813528,3.329770563201687,30.70819111482666,0.7606056073988443,1.0,leptonic_bookkeeping,test
491703,tH,124.83570765056163,123.94966038564371,1,3,3,146.83166389813528,3.329770563201687,30.70819111482666,0.7606056073988443,1.0,leptonic_bookkeeping,validation
303077,tH,124.83570765056163,123.94966038564371,1,3,3,146.83166389813528,3.329770563201687,30.70819111482666,0.7606056073988443,1.0,leptonic_bookkeeping,train
881620,tH,124.83570765056163,123.94966038564371,1,3,3,146.83166389813528,3.329770563201687,30.70819111482666,0.7606056073988443,1.0,leptonic_bookkeeping,train
268700,tH,124.83570765056163,123.94966038564371,1,3,3,146.83166389813528,3.329770563201687,30.70819111482666,0.7606056073988443,1.0,leptonic_bookkeeping,train
592620,tH,124.83570765056163,123.94966038564371,1,3,3,146.83166389813528,3.329770563201687,30.70819111482666,0.7606056073988443,1.0,leptonic_bookkeeping,train
80410,tH,124.83570765056163,123.94966038564371,1,3,3,146.83166389813528,3.329770563201687,30.70819111482666,0.7606056073988443,1.0,leptonic_bookkeeping,validation
427151,tH,124.83570765056163,123.94966038564371,1,3,3,146.83166389813528,3.329770563201687,30.70819111482666,0.7606056073988443,1.0,leptonic_bookkeeping,train
109967,tH,124.83570765056163,123.94966038564371,1,3,3,146.83166389813528,3.329770563201687,30.70819111482666,0.7606056073988443,1.0,leptonic_bookkeeping,validation
65111,tH,124.83570765056163,123.94966038564371,1,3,3,146.83166389813528,3.329770563201687,30.70819111482666,0.7606056073988443,1.0,leptonic_bookkeeping,train
483628,tH,124.83570765056163,123.94966038564371,1,3,3,146.83166389813528,3.329770563201687,30.70819111482666,0.7606056073988443,1.0,leptonic_bookkeeping,test
493907,tH,124.83570765056163,123.94966038564371,1,3,3,146.83166389813528,3.329770563201687,30.70819111482666,0.7606056073988443,1.0,leptonic_bookkeeping,test
973369,tH,124.83570765056163,123.94966038564371,1,3,3,146.83166389813528,3.329770563201687,30.70819111482666,0.7606056073988443,1.0,leptonic_bookkeeping,train
707998,tH,124.83570765056163,123.94966038564371,1,3,3,146.83166389813528,3.329770563201687,30.70819111482666,0.7606056073988443,1.0,leptonic_bookkeeping,validation
8063,tH,124.83570765056163,123.94966038564371,1,3,3,146.83166389813528,3.329770563201687,30.70819111482666,0.7606056073988443,1.0,leptonic_bookkeeping,validation
16791,tH,124.83570765056163,123.94966038564371,1,3,3,146.83166389813528,3.329770563201687,30.70819111482666,0.7606056073988443,1.0,leptonic_bookkeeping,validation
394648,tH,124.83570765056163,123.94966038564371,1,3,3,146.83166389813528,3.329770563201687,30.70819111482666,0.7606056073988443,1.0,leptonic_bookkeeping,train
180411,tH,124.83570765056163,123.94966038564371,1,3,3,146.83166389813528,3.329770563201687,30.70819111482666,0.7606056073988443,1.0,leptonic_bookkeeping,train
923107,tH,124.83570765056163,123.94966038564371,1,3,3,146.83166389813528,3.329770563201687,30.70819111482666,0.7606056073988443,1.0,leptonic_bookkeeping,train
168369,tH,124.83570765056163,123.94966038564371,1,3,3,146.83166389813528,3.329770563201687,30.70819111482666,0.7606056073988443,1.0,leptonic_bookkeeping,train
90031,tH,124.83570765056163,123.94966038564371,1,3,3,146.83166389813528,3.329770563201687,30.70819111482666,0.7606056073988443,1.0,leptonic_bookkeeping,validation
917841,tH,124.83570765056163,123.94966038564371,1,3,3,146.83166389813528,3.329770563201687,30.70819111482666,0.7606056073988443,1.0,leptonic_bookkeeping,train
427692,tH,124.83570765056163,123.94966038564371,1,3,3,146.83166389813528,3.329770563201687,30.70819111482666,0.7606056073988443,1.0,leptonic_bookkeeping,train
342312,tH,124.83570765056163,123.94966038564371,1,3,3,146.83166389813528,3.329770563201687,30.70819111482666,0.7606056073988443,1.0,leptonic_bookkeeping,train
28329,tH,124.83570765056163,123.94966038564371,1,3,3,146.83166389813528,3.329770563201687,30.70819111482666,0.7606056073988443,1.0,leptonic_bookkeeping,validation
263630,tH,124.83570765056163,123.94966038564371,1,3,3,146.83166389813528,3.329770563201687,30.70819111482666,0.7606056073988443,1.0,leptonic_bookkeeping,train
217824,tH,124.83570765056163,123.94966038564371,1,3,3,146.83166389813528,3.329770563201687,30.70819111482666,0.7606056073988443,1.0,leptonic_bookkeeping,train
395351,tH,124.83570765056163,123.94966038564371,1,3,3,146.83166389813528,3.329770563201687,30.70819111482666,0.7606056073988443,1.0,leptonic_bookkeeping,train
417372,tH,124.83570765056163,123.94966038564371,1,3,3,146.83166389813528,3.329770563201687,30.70819111482666,0.7606056073988443,1.0,leptonic_bookkeeping,train
286472,tH,124.83570765056163,123.94966038564371,1,3,3,146.83166389813528,3.329770563201687,30.70819111482666,0.7606056073988443,1.0,leptonic_bookkeeping,validation
446450,tH,124.83570765056163,123.94966038564371,1,3,3,146.83166389813528,3.329770563201687,30.70819111482666,0.7606056073988443,1.0,leptonic_bookkeeping,train
151795,tH,124.83570765056163,123.94966038564371,1,3,3,146.83166389813528,3.329770563201687,30.70819111482666,0.7606056073988443,1.0,leptonic_bookkeeping,validation
903950,tH,124.83570765056163,123.94966038564371,1,3,3,146.83166389813528,3.329770563201687,30.70819111482666,0.7606056073988443,1.0,leptonic_bookkeeping,validation
252566,tH,124.83570765056163,123.94966038564371,1,3,3,146.83166389813528,3.329770563201687,30.70819111482666,0.7606056073988443,1.0,leptonic_bookkeeping,train
696044,tH,124.83570765056163,123.94966038564371,1,3,3,146.83166389813528,3.329770563201687,30.70819111482666,0.7606056073988443,1.0,leptonic_bookkeeping,train
56417,tH,124.83570765056163,123.94966038564371,1,3,3,146.83166389813528,3.329770563201687,30.70819111482666,0.7606056073988443,1.0,leptonic_bookkeeping,train
470845,tH,124.83570765056163,123.94966038564371,1,3,3,146.83166389813528,3.329770563201687,30.70819111482666,0.7606056073988443,1.0,leptonic_bookkeeping,validation
978038,tH,124.83570765056163,123.94966038564371,1,3,3,146.83166389813528,3.329770563201687,30.70819111482666,0.7606056073988443,1.0,leptonic_bookkeeping,test
701263,tH,124.83570765056163,123.94966038564371,1,3,3,146.83166389813528,3.329770563201687,30.70819111482666,0.7606056073988443,1.0,leptonic_bookkeeping,train
88458,tH,124.83570765056163,123.94966038564371,1,3,3,146.83166389813528,3.329770563201687,30.70819111482666,0.7606056073988443,1.0,leptonic_bookkeeping,train
163581,tH,124.83570765056163,123.94966038564371,1,3,3,146.83166389813528,3.329770563201687,30.70819111482666,0.7606056073988443,1.0,leptonic_bookkeeping,test
731683,tH,124.83570765056163,123.94966038564371,1,3,3,146.83166389813528,3.329770563201687,30.70819111482666,0.7606056073988443,1.0,leptonic_bookkeeping,test
665011,tH,124.83570765056163,123.94966038564371,1,3,3,146.83166389813528,3.329770563201687,30.70819111482666,0.7606056073988443,1.0,leptonic_bookkeeping,train
276878,tH,124.83570765056163,123.94966038564371,1,3,3,146.83166389813528,3.329770563201687,30.70819111482666,0.7606056073988443,1.0,leptonic_bookkeeping,test
594925,tH,124.83570765056163,123.94966038564371,1,3,3,146.83166389813528,3.329770563201687,30.70819111482666,0.7606056073988443,1.0,leptonic_bookkeeping,validation
568883,tH,124.83570765056163,123.94966038564371,1,3,3,146.83166389813528,3.329770563201687,30.70819111482666,0.7606056073988443,1.0,leptonic_bookkeeping,train
269423,tH,124.83570765056163,123.94966038564371,1,3,3,146.83166389813528,3.329770563201687,30.70819111482666,0.7606056073988443,1.0,leptonic_bookkeeping,train
862487,tH,124.83570765056163,123.94966038564371,1,3,3,146.83166389813528,3.329770563201687,30.70819111482666,0.7606056073988443,1.0,leptonic_bookkeeping,validation
729292,tH,124.83570765056163,123.94966038564371,1,3,3,146.83166389813528,3.329770563201687,30.70819111482666,0.7606056073988443,1.0,leptonic_bookkeeping,validation
533668,tH,124.83570765056163,123.94966038564371,1,3,3,146.83166389813528,3.329770563201687,30.70819111482666,0.7606056073988443,1.0,leptonic_bookkeeping,validation
587342,tH,124.83570765056163,123.94966038564371,1,3,3,146.83166389813528,3.329770563201687,30.70819111482666,0.7606056073988443,1.0,leptonic_bookkeeping,test
273746,tH,124.83570765056163,123.94966038564371,1,3,3,146.83166389813528,3.329770563201687,30.70819111482666,0.7606056073988443,1.0,leptonic_bookkeeping,train
845146,tH,124.83570765056163,123.94966038564371,1,3,3,146.83166389813528,3.329770563201687,30.70819111482666,0.7606056073988443,1.0,leptonic_bookkeeping,test
945007,tH,124.83570765056163,123.94966038564371,1,3,3,146.83166389813528,3.329770563201687,30.70819111482666,0.7606056073988443,1.0,leptonic_bookkeeping,validation
654000,tH,124.83570765056163,123.94966038564371,1,3,3,146.83166389813528,3.329770563201687,30.70819111482666,0.7606056073988443,1.0,leptonic_bookkeeping,train
364712,tH,124.83570765056163,123.94966038564371,1,3,3,146.83166389813528,3.329770563201687,30.70819111482666,0.7606056073988443,1.0,leptonic_bookkeeping,train
277280,tH,124.83570765056163,123.94966038564371,1,3,3,146.83166389813528,3.329770563201687,30.70819111482666,0.7606056073988443,1.0,leptonic_bookkeeping,test
158382,tH,124.83570765056163,123.94966038564371,1,3,3,146.83166389813528,3.329770563201687,30.70819111482666,0.7606056073988443,1.0,leptonic_bookkeeping,train
40379,tH,124.83570765056163,123.94966038564371,1,3,3,146.83166389813528,3.329770563201687,30.70819111482666,0.7606056073988443,1.0,leptonic_bookkeeping,test
956357,tH,124.83570765056163,123.94966038564371,1,3,3,146.83166389813528,3.329770563201687,30.70819111482666,0.7606056073988443,1.0,leptonic_bookkeeping,validation
732867,tH,124.83570765056163,123.94966038564371,1,3,3,146.83166389813528,3.329770563201687,30.70819111482666,0.7606056073988443,1.0,leptonic_bookkeeping,train
221582,tH,124.83570765056163,123.94966038564371,1,3,3,146.83166389813528,3.329770563201687,30.70819111482666,0.7606056073988443,1.0,leptonic_bookkeeping,train
147975,tH,124.83570765056163,123.94966038564371,1,3,3,146.83166389813528,3.329770563201687,30.70819111482666,0.7606056073988443,1.0,leptonic_bookkeeping,train
104210,tH,124.83570765056163,123.94966038564371,1,3,3,146.83166389813528,3.329770563201687,30.70819111482666,0.7606056073988443,1.0,leptonic_bookkeeping,train
82149,tH,124.83570765056163,123.94966038564371,1,3,3,146.83166389813528,3.329770563201687,30.70819111482666,0.7606056073988443,1.0,leptonic_bookkeeping,test
348974,tH,124.83570765056163,123.94966038564371,1,3,3,146.83166389813528,3.329770563201687,30.70819111482666,0.7606056073988443,1.0,leptonic_bookkeeping,test
388502,tH,124.83570765056163,123.94966038564371,1,3,3,146.83166389813528,3.329770563201687,30.70819111482666,0.7606056073988443,1.0,leptonic_bookkeeping,validation
570200,tH,124.83570765056163,123.94966038564371,1,3,3,146.83166389813528,3.329770563201687,30.70819111482666,0.7606056073988443,1.0,leptonic_bookkeeping,train
581437,tH,124.83570765056163,123.94966038564371,1,3,3,146.83166389813528,3.329770563201687,30.70819111482666,0.7606056073988443,1.0,leptonic_bookkeeping,train
358625,tH,124.83570765056163,123.94966038564371,1,3,3,146.83166389813528,3.329770563201687,30.70819111482666,0.7606056073988443,1.0,leptonic_bookkeeping,validation
18780,tH,124.83570765056163,123.94966038564371,1,3,3,146.83166389813528,3.329770563201687,30.70819111482666,0.7606056073988443,1.0,leptonic_bookkeeping,test
39828,tH,124.83570765056163,123.94966038564371,1,3,3,146.83166389813528,3.329770563201687,30.70819111482666,0.7606056073988443,1.0,leptonic_bookkeeping,test
817652,tH,124.83570765056163,123.94966038564371,1,3,3,146.83166389813528,3.329770563201687,30.70819111482666,0.7606056073988443,1.0,leptonic_bookkeeping,train
663600,tH,124.83570765056163,123.94966038564371,1,3,3,146.83166389813528,3.329770563201687,30.70819111482666,0.7606056073988443,1.0,leptonic_bookkeeping,train
255960,tH,124.83570765056163,123.94966038564371,1,3,3,146.83166389813528,3.329770563201687,30.70819111482666,0.7606056073988443,1.0,leptonic_bookkeeping,test
828492,tH,124.83570765056163,123.94966038564371,1,3,3,146.83166389813528,3.329770563201687,30.70819111482666,0.7606056073988443,1.0,leptonic_bookkeeping,train
403312,tH,124.83570765056163,123.94966038564371,1,3,3,146.83166389813528,3.329770563201687,30.70819111482666,0.7606056073988443,1.0,leptonic_bookkeeping,train
872654,tH,124.83570765056163,123.94966038564371,1,3,3,146.83166389813528,3.329770563201687,30.70819111482666,0.7606056073988443,1.0,leptonic_bookkeeping,validation
26952,tH,124.83570765056163,123.94966038564371,1,3,3,146.83166389813528,3.329770563201687,30.70819111482666,0.7606056073988443,1.0,leptonic_bookkeeping,validation
56928,tH,124.83570765056163,123.94966038564371,1,3,3,146.83166389813528,3.329770563201687,30.70819111482666,0.7606056073988443,1.0,leptonic_bookkeeping,train
854022,tH,124.83570765056163,123.94966038564371,1,3,3,146.83166389813528,3.329770563201687,30.70819111482666,0.7606056073988443,1.0,leptonic_bookkeeping,test
167735,tH,124.83570765056163,123.94966038564371,1,3,3,146.83166389813528,3.329770563201687,30.70819111482666,0.7606056073988443,1.0,leptonic_bookkeeping,train
376243,tH,124.83570765056163,123.94966038564371,1,3,3,146.83166389813528,3.329770563201687,30.70819111482666,0.7606056073988443,1.0,leptonic_bookkeeping,train
881823,tH,124.83570765056163,123.94966038564371,1,3,3,146.83166389813528,3.329770563201687,30.70819111482666,0.7606056073988443,1.0,leptonic_bookkeeping,train
608342,tH,124.83570765056163,123.94966038564371,1,3,3,146.83166389813528,3.329770563201687,30.70819111482666,0.7606056073988443,1.0,leptonic_bookkeeping,train
445579,tH,124.83570765056163,123.94966038564371,1,3,3,146.83166389813528,3.329770563201687,30.70819111482666,0.7606056073988443,1.0,leptonic_bookkeeping,train
562247,tH,124.83570765056163,123.94966038564371,1,3,3,146.83166389813528,3.329770563201687,30.70819111482666,0.7606056073988443,1.0,leptonic_bookkeeping,train
735783,tH,124.83570765056163,123.94966038564371,1,3,3,146.83166389813528,3.329770563201687,30.70819111482666,0.7606056073988443,1.0,leptonic_bookkeeping,train
810655,tH,124.83570765056163,123.94966038564371,1,3,3,146.83166389813528,3.329770563201687,30.70819111482666,0.7606056073988443,1.0,leptonic_bookkeeping,validation
626854,tH,124.83570765056163,123.94966038564371,1,3,3,146.83166389813528,3.329770563201687,30.70819111482666,0.7606056073988443,1.0,leptonic_bookkeeping,test
593304,tH,124.83570765056163,123.94966038564371,1,3,3,146.83166389813528,3.329770563201687,30.70819111482666,0.7606056073988443,1.0,leptonic_bookkeeping,train
105948,tH,124.83570765056163,123.94966038564371,1,3,3,146.83166389813528,3.329770563201687,30.70819111482666,0.7606056073988443,1.0,leptonic_bookkeeping,train
610921,tH,124.83570765056163,123.94966038564371,1,3,3,146.83166389813528,3.329770563201687,30.70819111482666,0.7606056073988443,1.0,leptonic_bookkeeping,train
437474,tH,124.83570765056163,123.94966038564371,1,3,3,146.83166389813528,3.329770563201687,30.70819111482666,0.7606056073988443,1.0,leptonic_bookkeeping,train
811107,tH,124.83570765056163,123.94966038564371,1,3,3,146.83166389813528,3.329770563201687,30.70819111482666,0.7606056073988443,1.0,leptonic_bookkeeping,validation
135799,tH,124.83570765056163,123.94966038564371,1,3,3,146.83166389813528,3.329770563201687,30.70819111482666,0.7606056073988443,1.0,leptonic_bookkeeping,train
242387,tH,124.83570765056163,123.94966038564371,1,3,3,146.83166389813528,3.329770563201687,30.70819111482666,0.7606056073988443,1.0,leptonic_bookkeeping,train
953305,tH,124.83570765056163,123.94966038564371,1,3,3,146.83166389813528,3.329770563201687,30.70819111482666,0.7606056073988443,1.0,leptonic_bookkeeping,train
723451,tH,124.83570765056163,123.94966038564371,1,3,3,146.83166389813528,3.329770563201687,30.70819111482666,0.7606056073988443,1.0,leptonic_bookkeeping,train
470426,tH,124.83570765056163,123.94966038564371,1,3,3,146.83166389813528,3.329770563201687,30.70819111482666,0.7606056073988443,1.0,leptonic_bookkeeping,validation
489233,tH,124.83570765056163,123.94966038564371,1,3,3,146.83166389813528,3.329770563201687,30.70819111482666,0.7606056073988443,1.0,leptonic_bookkeeping,train
297660,tH,124.83570765056163,123.94966038564371,1,3,3,146.83166389813528,3.329770563201687,30.70819111482666,0.7606056073988443,1.0,leptonic_bookkeeping,test
49619,tH,124.83570765056163,123.94966038564371,1,3,3,146.83166389813528,3.329770563201687,30.70819111482666,0.7606056073988443,1.0,leptonic_bookkeeping,test
843939,tH,124.83570765056163,123.94966038564371,1,3,3,146.83166389813528,3.329770563201687,30.70819111482666,0.7606056073988443,1.0,leptonic_bookkeeping,test
288602,tH,124.83570765056163,123.94966038564371,1,3,3,146.83166389813528,3.329770563201687,30.70819111482666,0.7606056073988443,1.0,leptonic_bookkeeping,test
536651,tH,124.83570765056163,123.94966038564371,1,3,3,146.83166389813528,3.329770563201687,30.70819111482666,0.7606056073988443,1.0,leptonic_bookkeeping,train
550204,tH,124.83570765056163,123.94966038564371,1,3,3,146.83166389813528,3.329770563201687,30.70819111482666,0.7606056073988443,1.0,leptonic_bookkeeping,train
29279,tH,124.83570765056163,123.94966038564371,1,3,3,146.83166389813528,3.329770563201687,30.70819111482666,0.7606056073988443,1.0,leptonic_bookkeeping,test
119856,tH,124.83570765056163,123.94966038564371,1,3,3,146.83166389813528,3.329770563201687,30.70819111482666,0.7606056073988443,1.0,leptonic_bookkeeping,validation
243382,tH,124.83570765056163,123.94966038564371,1,3,3,146.83166389813528,3.329770563201687,30.70819111482666,0.7606056073988443,1.0,leptonic_bookkeeping,validation
698771,tH,124.83570765056163,123.94966038564371,1,3,3,146.83166389813528,3.329770563201687,30.70819111482666,0.7606056073988443,1.0,leptonic_bookkeeping,validation
281055,tH,124.83570765056163,123.94966038564371,1,3,3,146.83166389813528,3.329770563201687,30.70819111482666,0.7606056073988443,1.0,leptonic_bookkeeping,train
800217,tH,124.83570765056163,123.94966038564371,1,3,3,146.83166389813528,3.329770563201687,30.70819111482666,0.7606056073988443,1.0,leptonic_bookkeeping,validation
110766,tH,124.83570765056163,123.94966038564371,1,3,3,146.83166389813528,3.329770563201687,30.70819111482666,0.7606056073988443,1.0,leptonic_bookkeeping,validation
14885,tH,124.83570765056163,123.94966038564371,1,3,3,146.83166389813528,3.329770563201687,30.70819111482666,0.7606056073988443,1.0,leptonic_bookkeeping,train
299539,tH,124.83570765056163,123.94966038564371,1,3,3,146.83166389813528,3.329770563201687,30.70819111482666,0.7606056073988443,1.0,leptonic_bookkeeping,train
305529,tH,124.83570765056163,123.94966038564371,1,3,3,146.83166389813528,3.329770563201687,30.70819111482666,0.7606056073988443,1.0,leptonic_bookkeeping,validation
925084,tH,124.83570765056163,123.94966038564371,1,3,3,146.83166389813528,3.329770563201687,30.70819111482666,0.7606056073988443,1.0,leptonic_bookkeeping,validation
294113,tH,124.83570765056163,123.94966038564371,1,3,3,146.83166389813528,3.329770563201687,30.70819111482666,0.7606056073988443,1.0,leptonic_bookkeeping,train
871774,tH,124.83570765056163,123.94966038564371,1,3,3,146.83166389813528,3.329770563201687,30.70819111482666,0.7606056073988443,1.0,leptonic_bookkeeping,train
695984,tH,124.83570765056163,123.94966038564371,1,3,3,146.83166389813528,3.329770563201687,30.70819111482666,0.7606056073988443,1.0,leptonic_bookkeeping,train
659465,tH,124.83570765056163,123.94966038564371,1,3,3,146.83166389813528,3.329770563201687,30.70819111482666,0.7606056073988443,1.0,leptonic_bookkeeping,test
363705,tH,124.83570765056163,123.94966038564371,1,3,3,146.83166389813528,3.329770563201687,30.70819111482666,0.7606056073988443,1.0,leptonic_bookkeeping,train
466723,tH,124.83570765056163,123.94966038564371,1,3,3,146.83166389813528,3.329770563201687,30.70819111482666,0.7606056073988443,1.0,leptonic_bookkeeping,train
702634,tH,124.83570765056163,123.94966038564371,1,3,3,146.83166389813528,3.329770563201687,30.70819111482666,0.7606056073988443,1.0,leptonic_bookkeeping,train
165057,tH,124.83570765056163,123.94966038564371,1,3,3,146.83166389813528,3.329770563201687,30.70819111482666,0.7606056073988443,1.0,leptonic_bookkeeping,train
778439,tH,124.83570765056163,123.94966038564371,1,3,3,146.83166389813528,3.329770563201687,30.70819111482666,0.7606056073988443,1.0,leptonic_bookkeeping,train
306279,tH,124.83570765056163,123.94966038564371,1,3,3,146.83166389813528,3.329770563201687,30.70819111482666,0.7606056073988443,1.0,leptonic_bookkeeping,validation
989755,tH,124.83570765056163,123.94966038564371,1,3,3,146.83166389813528,3.329770563201687,30.70819111482666,0.7606056073988443,1.0,leptonic_bookkeeping,train
937732,tH,124.83570765056163,123.94966038564371,1,3,3,146.83166389813528,3.329770563201687,30.70819111482666,0.7606056073988443,1.0,leptonic_bookkeeping,test
166471,tH,124.83570765056163,123.94966038564371,1,3,3,146.83166389813528,3.329770563201687,30.70819111482666,0.7606056073988443,1.0,leptonic_bookkeeping,train
776418,tH,124.83570765056163,123.94966038564371,1,3,3,146.83166389813528,3.329770563201687,30.70819111482666,0.7606056073988443,1.0,leptonic_bookkeeping,train
914879,tH,124.83570765056163,123.94966038564371,1,3,3,146.83166389813528,3.329770563201687,30.70819111482666,0.7606056073988443,1.0,leptonic_bookkeeping,validation
368977,tH,124.83570765056163,123.94966038564371,1,3,3,146.83166389813528,3.329770563201687,30.70819111482666,0.7606056073988443,1.0,leptonic_bookkeeping,validation
186947,tH,124.83570765056163,123.94966038564371,1,3,3,146.83166389813528,3.329770563201687,30.70819111482666,0.7606056073988443,1.0,leptonic_bookkeeping,train
524623,tH,124.83570765056163,123.94966038564371,1,3,3,146.83166389813528,3.329770563201687,30.70819111482666,0.7606056073988443,1.0,leptonic_bookkeeping,test
445103,tH,124.83570765056163,123.94966038564371,1,3,3,146.83166389813528,3.329770563201687,30.70819111482666,0.7606056073988443,1.0,leptonic_bookkeeping,train
999548,tH,124.83570765056163,123.94966038564371,1,3,3,146.83166389813528,3.329770563201687,30.70819111482666,0.7606056073988443,1.0,leptonic_bookkeeping,test
286336,tH,124.83570765056163,123.94966038564371,1,3,3,146.83166389813528,3.329770563201687,30.70819111482666,0.7606056073988443,1.0,leptonic_bookkeeping,validation
865183,tH,124.83570765056163,123.94966038564371,1,3,3,146.83166389813528,3.329770563201687,30.70819111482666,0.7606056073988443,1.0,leptonic_bookkeeping,test
483561,tH,124.83570765056163,123.94966038564371,1,3,3,146.83166389813528,3.329770563201687,30.70819111482666,0.7606056073988443,1.0,leptonic_bookkeeping,test
23944,tH,124.83570765056163,123.94966038564371,1,3,3,146.83166389813528,3.329770563201687,30.70819111482666,0.7606056073988443,1.0,leptonic_bookkeeping,train
155513,tH,124.83570765056163,123.94966038564371,1,3,3,146.83166389813528,3.329770563201687,30.70819111482666,0.7606056073988443,1.0,leptonic_bookkeeping,train
894490,tH,124.83570765056163,123.94966038564371,1,3,3,146.83166389813528,3.329770563201687,30.70819111482666,0.7606056073988443,1.0,leptonic_bookkeeping,validation
143634,tH,124.83570765056163,123.94966038564371,1,3,3,146.83166389813528,3.329770563201687,30.70819111482666,0.7606056073988443,1.0,leptonic_bookkeeping,test
443596,tH,124.83570765056163,123.94966038564371,1,3,3,146.83166389813528,3.329770563201687,30.70819111482666,0.7606056073988443,1.0,leptonic_bookkeeping,train
831786,tH,124.83570765056163,123.94966038564371,1,3,3,146.83166389813528,3.329770563201687,30.70819111482666,0.7606056073988443,1.0,leptonic_bookkeeping,validation
831320,tH,124.83570765056163,123.94966038564371,1,3,3,146.83166389813528,3.329770563201687,30.70819111482666,0.7606056073988443,1.0,leptonic_bookkeeping,validation
901251,tH,124.83570765056163,123.94966038564371,1,3,3,146.83166389813528,3.329770563201687,30.70819111482666,0.7606056073988443,1.0,leptonic_bookkeeping,train
866251,tH,124.83570765056163,123.94966038564371,1,3,3,146.83166389813528,3.329770563201687,30.70819111482666,0.7606056073988443,1.0,leptonic_bookkeeping,train
235656,tH,124.83570765056163,123.94966038564371,1,3,3,146.83166389813528,3.329770563201687,30.70819111482666,0.7606056073988443,1.0,leptonic_bookkeeping,test
517408,tH,124.83570765056163,123.94966038564371,1,3,3,146.83166389813528,3.329770563201687,30.70819111482666,0.7606056073988443,1.0,leptonic_bookkeeping,train
639618,tH,124.83570765056163,123.94966038564371,1,3,3,146.83166389813528,3.329770563201687,30.70819111482666,0.7606056073988443,1.0,leptonic_bookkeeping,train
148627,tH,124.83570765056163,123.94966038564371,1,3,3,146.83166389813528,3.329770563201687,30.70819111482666,0.7606056073988443,1.0,leptonic_bookkeeping,train
743039,tH,124.83570765056163,123.94966038564371,1,3,3,146.83166389813528,3.329770563201687,30.70819111482666,0.7606056073988443,1.0,leptonic_bookkeeping,train
113431,tH,124.83570765056163,123.94966038564371,1,3,3,146.83166389813528,3.329770563201687,30.70819111482666,0.7606056073988443,1.0,leptonic_bookkeeping,train
433147,tH,124.83570765056163,123.94966038564371,1,3,3,146.83166389813528,3.329770563201687,30.70819111482666,0.7606056073988443,1.0,leptonic_bookkeeping,train
286787,tH,124.83570765056163,123.94966038564371,1,3,3,146.83166389813528,3.329770563201687,30.70819111482666,0.7606056073988443,1.0,leptonic_bookkeeping,test
485164,tH,124.83570765056163,123.94966038564371,1,3,3,146.83166389813528,3.329770563201687,30.70819111482666,0.7606056073988443,1.0,leptonic_bookkeeping,train
460288,tH,124.83570765056163,123.94966038564371,1,3,3,146.83166389813528,3.329770563201687,30.70819111482666,0.7606056073988443,1.0,leptonic_bookkeeping,validation
825081,tH,124.83570765056163,123.94966038564371,1,3,3,146.83166389813528,3.329770563201687,30.70819111482666,0.7606056073988443,1.0,leptonic_bookkeeping,train
451155,tH,124.83570765056163,123.94966038564371,1,3,3,146.83166389813528,3.329770563201687,30.70819111482666,0.7606056073988443,1.0,leptonic_bookkeeping,validation
924145,tH,124.83570765056163,123.94966038564371,1,3,3,146.83166389813528,3.329770563201687,30.70819111482666,0.7606056073988443,1.0,leptonic_bookkeeping,validation
260373,tH,124.83570765056163,123.94966038564371,1,3,3,146.83166389813528,3.329770563201687,30.70819111482666,0.7606056073988443,1.0,leptonic_bookkeeping,train
454857,tH,124.83570765056163,123.94966038564371,1,3,3,146.83166389813528,3.329770563201687,30.70819111482666,0.7606056073988443,1.0,leptonic_bookkeeping,train
533455,tH,124.83570765056163,123.94966038564371,1,3,3,146.83166389813528,3.329770563201687,30.70819111482666,0.7606056073988443,1.0,leptonic_bookkeeping,validation
575636,tH,124.83570765056163,123.94966038564371,1,3,3,146.83166389813528,3.329770563201687,30.70819111482666,0.7606056073988443,1.0,leptonic_bookkeeping,test
735902,tH,124.83570765056163,123.94966038564371,1,3,3,146.83166389813528,3.329770563201687,30.70819111482666,0.7606056073988443,1.0,leptonic_bookkeeping,train
405493,tH,124.83570765056163,123.94966038564371,1,3,3,146.83166389813528,3.329770563201687,30.70819111482666,0.7606056073988443,1.0,leptonic_bookkeeping,train
632000,tH,124.83570765056163,123.94966038564371,1,3,3,146.83166389813528,3.329770563201687,30.70819111482666,0.7606056073988443,1.0,leptonic_bookkeeping,train
482214,tH,124.83570765056163,123.94966038564371,1,3,3,146.83166389813528,3.329770563201687,30.70819111482666,0.7606056073988443,1.0,leptonic_bookkeeping,validation
981077,tH,124.83570765056163,123.94966038564371,1,3,3,146.83166389813528,3.329770563201687,30.70819111482666,0.7606056073988443,1.0,leptonic_bookkeeping,train
142453,tH,124.83570765056163,123.94966038564371,1,3,3,146.83166389813528,3.329770563201687,30.70819111482666,0.7606056073988443,1.0,leptonic_bookkeeping,test
254613,tH,124.83570765056163,123.94966038564371,1,3,3,146.83166389813528,3.329770563201687,30.70819111482666,0.7606056073988443,1.0,leptonic_bookkeeping,validation
48012,tH,124.83570765056163,123.94966038564371,1,3,3,146.83166389813528,3.329770563201687,30.70819111482666,0.7606056073988443,1.0,leptonic_bookkeeping,validation
238465,tH,124.83570765056163,123.94966038564371,1,3,3,146.83166389813528,3.329770563201687,30.70819111482666,0.7606056073988443,1.0,leptonic_bookkeeping,train
14203,tH,124.83570765056163,123.94966038564371,1,3,3,146.83166389813528,3.329770563201687,30.70819111482666,0.7606056073988443,1.0,leptonic_bookkeeping,train
814481,tH,124.83570765056163,123.94966038564371,1,3,3,146.83166389813528,3.329770563201687,30.70819111482666,0.7606056073988443,1.0,leptonic_bookkeeping,train
160286,tH,124.83570765056163,123.94966038564371,1,3,3,146.83166389813528,3.329770563201687,30.70819111482666,0.7606056073988443,1.0,leptonic_bookkeeping,train
235329,tH,124.83570765056163,123.94966038564371,1,3,3,146.83166389813528,3.329770563201687,30.70819111482666,0.7606056073988443,1.0,leptonic_bookkeeping,test
262240,tH,124.83570765056163,123.94966038564371,1,3,3,146.83166389813528,3.329770563201687,30.70819111482666,0.7606056073988443,1.0,leptonic_bookkeeping,train
543941,tH,124.83570765056163,123.94966038564371,1,3,3,146.83166389813528,3.329770563201687,30.70819111482666,0.7606056073988443,1.0,leptonic_bookkeeping,validation
946835,tH,124.83570765056163,123.94966038564371,1,3,3,146.83166389813528,3.329770563201687,30.70819111482666,0.7606056073988443,1.0,leptonic_bookkeeping,test
826413,tH,124.83570765056163,123.94966038564371,1,3,3,146.83166389813528,3.329770563201687,30.70819111482666,0.7606056073988443,1.0,leptonic_bookkeeping,train
27265,tH,124.83570765056163,123.94966038564371,1,3,3,146.83166389813528,3.329770563201687,30.70819111482666,0.7606056073988443,1.0,leptonic_bookkeeping,validation
313713,tH,124.83570765056163,123.94966038564371,1,3,3,146.83166389813528,3.329770563201687,30.70819111482666,0.7606056073988443,1.0,leptonic_bookkeeping,train
769749,tH,124.83570765056163,123.94966038564371,1,3,3,146.83166389813528,3.329770563201687,30.70819111482666,0.7606056073988443,1.0,leptonic_bookkeeping,validation
479220,tH,124.83570765056163,123.94966038564371,1,3,3,146.83166389813528,3.329770563201687,30.70819111482666,0.7606056073988443,1.0,leptonic_bookkeeping,train
346408,tH,124.83570765056163,123.94966038564371,1,3,3,146.83166389813528,3.329770563201687,30.70819111482666,0.7606056073988443,1.0,leptonic_bookkeeping,validation
249386,tH,124.83570765056163,123.94966038564371,1,3,3,146.83166389813528,3.329770563201687,30.70819111482666,0.7606056073988443,1.0,leptonic_bookkeeping,train
334933,tH,124.83570765056163,123.94966038564371,1,3,3,146.83166389813528,3.329770563201687,30.70819111482666,0.7606056073988443,1.0,leptonic_bookkeeping,train
785692,tH,124.83570765056163,123.94966038564371,1,3,3,146.83166389813528,3.329770563201687,30.70819111482666,0.7606056073988443,1.0,leptonic_bookkeeping,train
46824,tH,124.83570765056163,123.94966038564371,1,3,3,146.83166389813528,3.329770563201687,30.70819111482666,0.7606056073988443,1.0,leptonic_bookkeeping,train
811211,tH,124.83570765056163,123.94966038564371,1,3,3,146.83166389813528,3.329770563201687,30.70819111482666,0.7606056073988443,1.0,leptonic_bookkeeping,validation
146049,tH,124.83570765056163,123.94966038564371,1,3,3,146.83166389813528,3.329770563201687,30.70819111482666,0.7606056073988443,1.0,leptonic_bookkeeping,train
839781,tH,124.83570765056163,123.94966038564371,1,3,3,146.83166389813528,3.329770563201687,30.70819111482666,0.7606056073988443,1.0,leptonic_bookkeeping,train
663622,tH,124.83570765056163,123.94966038564371,1,3,3,146.83166389813528,3.329770563201687,30.70819111482666,0.7606056073988443,1.0,leptonic_bookkeeping,train
68464,tH,124.83570765056163,123.94966038564371,1,3,3,146.83166389813528,3.329770563201687,30.70819111482666,0.7606056073988443,1.0,leptonic_bookkeeping,validation
963090,tH,124.83570765056163,123.94966038564371,1,3,3,146.83166389813528,3.329770563201687,30.70819111482666,0.7606056073988443,1.0,leptonic_bookkeeping,train
317008,tH,124.83570765056163,123.94966038564371,1,3,3,146.83166389813528,3.329770563201687,30.70819111482666,0.7606056073988443,1.0,leptonic_bookkeeping,validation
97660,tH,124.83570765056163,123.94966038564371,1,3,3,146.83166389813528,3.329770563201687,30.70819111482666,0.7606056073988443,1.0,leptonic_bookkeeping,train
173505,tH,124.83570765056163,123.94966038564371,1,3,3,146.83166389813528,3.329770563201687,30.70819111482666,0.7606056073988443,1.0,leptonic_bookkeeping,test
853008,tH,124.83570765056163,123.94966038564371,1,3,3,146.83166389813528,3.329770563201687,30.70819111482666,0.7606056073988443,1.0,leptonic_bookkeeping,validation
180525,tH,124.83570765056163,123.94966038564371,1,3,3,146.83166389813528,3.329770563201687,30.70819111482666,0.7606056073988443,1.0,leptonic_bookkeeping,train
980650,tH,124.83570765056163,123.94966038564371,1,3,3,146.83166389813528,3.329770563201687,30.70819111482666,0.7606056073988443,1.0,leptonic_bookkeeping,train
396141,tH,124.83570765056163,123.94966038564371,1,3,3,146.83166389813528,3.329770563201687,30.70819111482666,0.7606056073988443,1.0,leptonic_bookkeeping,train
246195,tH,124.83570765056163,123.94966038564371,1,3,3,146.83166389813528,3.329770563201687,30.70819111482666,0.7606056073988443,1.0,leptonic_bookkeeping,test
254254,tH,124.83570765056163,123.94966038564371,1,3,3,146.83166389813528,3.329770563201687,30.70819111482666,0.7606056073988443,1.0,leptonic_bookkeeping,validation
559947,tH,124.83570765056163,123.94966038564371,1,3,3,146.83166389813528,3.329770563201687,30.70819111482666,0.7606056073988443,1.0,leptonic_bookkeeping,train
508584,tH,124.83570765056163,123.94966038564371,1,3,3,146.83166389813528,3.329770563201687,30.70819111482666,0.7606056073988443,1.0,leptonic_bookkeeping,train
464879,tH,124.83570765056163,123.94966038564371,1,3,3,146.83166389813528,3.329770563201687,30.70819111482666,0.7606056073988443,1.0,leptonic_bookkeeping,train
192646,tH,124.83570765056163,123.94966038564371,1,3,3,146.83166389813528,3.329770563201687,30.70819111482666,0.7606056073988443,1.0,leptonic_bookkeeping,validation
644477,tH,124.83570765056163,123.94966038564371,1,3,3,146.83166389813528,3.329770563201687,30.70819111482666,0.7606056073988443,1.0,leptonic_bookkeeping,train
956052,tH,124.83570765056163,123.94966038564371,1,3,3,146.83166389813528,3.329770563201687,30.70819111482666,0.7606056073988443,1.0,leptonic_bookkeeping,validation
937315,tH,124.83570765056163,123.94966038564371,1,3,3,146.83166389813528,3.329770563201687,30.70819111482666,0.7606056073988443,1.0,leptonic_bookkeeping,test
811812,tH,124.83570765056163,123.94966038564371,1,3,3,146.83166389813528,3.329770563201687,30.70819111482666,0.7606056073988443,1.0,leptonic_bookkeeping,validation
424042,tH,124.83570765056163,123.94966038564371,1,3,3,146.83166389813528,3.329770563201687,30.70819111482666,0.7606056073988443,1.0,leptonic_bookkeeping,train
763963,tH,124.83570765056163,123.94966038564371,1,3,3,146.83166389813528,3.329770563201687,30.70819111482666,0.7606056073988443,1.0,leptonic_bookkeeping,train
629521,tH,124.83570765056163,123.94966038564371,1,3,3,146.83166389813528,3.329770563201687,30.70819111482666,0.7606056073988443,1.0,leptonic_bookkeeping,train
699416,tH,124.83570765056163,123.94966038564371,1,3,3,146.83166389813528,3.329770563201687,30.70819111482666,0.7606056073988443,1.0,leptonic_bookkeeping,test
823500,tH,124.83570765056163,123.94966038564371,1,3,3,146.83166389813528,3.329770563201687,30.70819111482666,0.7606056073988443,1.0,leptonic_bookkeeping,test
666512,tH,124.83570765056163,123.94966038564371,1,3,3,146.83166389813528,3.329770563201687,30.70819111482666,0.7606056073988443,1.0,leptonic_bookkeeping,validation
128813,tH,124.83570765056163,123.94966038564371,1,3,3,146.83166389813528,3.329770563201687,30.70819111482666,0.7606056073988443,1.0,leptonic_bookkeeping,train
268698,tH,124.83570765056163,123.94966038564371,1,3,3,146.83166389813528,3.329770563201687,30.70819111482666,0.7606056073988443,1.0,leptonic_bookkeeping,train
667380,tH,124.83570765056163,123.94966038564371,1,3,3,146.83166389813528,3.329770563201687,30.70819111482666,0.7606056073988443,1.0,leptonic_bookkeeping,validation
392873,tH,124.83570765056163,123.94966038564371,1,3,3,146.83166389813528,3.329770563201687,30.70819111482666,0.7606056073988443,1.0,leptonic_bookkeeping,train
938133,tH,124.83570765056163,123.94966038564371,1,3,3,146.83166389813528,3.329770563201687,30.70819111482666,0.7606056073988443,1.0,leptonic_bookkeeping,test
416491,tH,124.83570765056163,123.94966038564371,1,3,3,146.83166389813528,3.329770563201687,30.70819111482666,0.7606056073988443,1.0,leptonic_bookkeeping,train
74509,tH,124.83570765056163,123.94966038564371,1,3,3,146.83166389813528,3.329770563201687,30.70819111482666,0.7606056073988443,1.0,leptonic_bookkeeping,train
93489,tH,124.83570765056163,123.94966038564371,1,3,3,146.83166389813528,3.329770563201687,30.70819111482666,0.7606056073988443,1.0,leptonic_bookkeeping,train
756975,tH,124.83570765056163,123.94966038564371,1,3,3,146.83166389813528,3.329770563201687,30.70819111482666,0.7606056073988443,1.0,leptonic_bookkeeping,train
403815,tH,124.83570765056163,123.94966038564371,1,3,3,146.83166389813528,3.329770563201687,30.70819111482666,0.7606056073988443,1.0,leptonic_bookkeeping,train
594109,tH,124.83570765056163,123.94966038564371,1,3,3,146.83166389813528,3.329770563201687,30.70819111482666,0.7606056073988443,1.0,leptonic_bookkeeping,validation
672381,tH,124.83570765056163,123.94966038564371,1,3,3,146.83166389813528,3.329770563201687,30.70819111482666,0.7606056073988443,1.0,leptonic_bookkeeping,train
704439,tH,124.83570765056163,123.94966038564371,1,3,3,146.83166389813528,3.329770563201687,30.70819111482666,0.7606056073988443,1.0,leptonic_bookkeeping,train
529290,tH,124.83570765056163,123.94966038564371,1,3,3,146.83166389813528,3.329770563201687,30.70819111482666,0.7606056073988443,1.0,leptonic_bookkeeping,train
908103,tH,124.83570765056163,123.94966038564371,1,3,3,146.83166389813528,3.329770563201687,30.70819111482666,0.7606056073988443,1.0,leptonic_bookkeeping,train
444407,tH,124.83570765056163,123.94966038564371,1,3,3,146.83166389813528,3.329770563201687,30.70819111482666,0.7606056073988443,1.0,leptonic_bookkeeping,train
435272,tH,124.83570765056163,123.94966038564371,1,3,3,146.83166389813528,3.329770563201687,30.70819111482666,0.7606056073988443,1.0,leptonic_bookkeeping,train
439188,tH,124.83570765056163,123.94966038564371,1,3,3,146.83166389813528,3.329770563201687,30.70819111482666,0.7606056073988443,1.0,leptonic_bookkeeping,validation
270780,tH,124.83570765056163,123.94966038564371,1,3,3,146.83166389813528,3.329770563201687,30.70819111482666,0.7606056073988443,1.0,leptonic_bookkeeping,train
147695,tH,124.83570765056163,123.94966038564371,1,3,3,146.83166389813528,3.329770563201687,30.70819111482666,0.7606056073988443,1.0,leptonic_bookkeeping,train
440986,tH,124.83570765056163,123.94966038564371,1,3,3,146.83166389813528,3.329770563201687,30.70819111482666,0.7606056073988443,1.0,leptonic_bookkeeping,validation
219669,tH,124.83570765056163,123.94966038564371,1,3,3,146.83166389813528,3.329770563201687,30.70819111482666,0.7606056073988443,1.0,leptonic_bookkeeping,train
905324,tH,124.83570765056163,123.94966038564371,1,3,3,146.83166389813528,3.329770563201687,30.70819111482666,0.7606056073988443,1.0,leptonic_bookkeeping,test
423501,tH,124.83570765056163,123.94966038564371,1,3,3,146.83166389813528,3.329770563201687,30.70819111482666,0.7606056073988443,1.0,leptonic_bookkeeping,train
929046,tH,124.83570765056163,123.94966038564371,1,3,3,146.83166389813528,3.329770563201687,30.70819111482666,0.7606056073988443,1.0,leptonic_bookkeeping,train
418725,tH,124.83570765056163,123.94966038564371,1,3,3,146.83166389813528,3.329770563201687,30.70819111482666,0.7606056073988443,1.0,leptonic_bookkeeping,validation
604948,tH,124.83570765056163,123.94966038564371,1,3,3,146.83166389813528,3.329770563201687,30.70819111482666,0.7606056073988443,1.0,leptonic_bookkeeping,validation
411398,tH,124.83570765056163,123.94966038564371,1,3,3,146.83166389813528,3.329770563201687,30.70819111482666,0.7606056073988443,1.0,leptonic_bookkeeping,test
535848,tH,124.83570765056163,123.94966038564371,1,3,3,146.83166389813528,3.329770563201687,30.70819111482666,0.7606056073988443,1.0,leptonic_bookkeeping,test
887850,tH,124.83570765056163,123.94966038564371,1,3,3,146.83166389813528,3.329770563201687,30.70819111482666,0.7606056073988443,1.0,leptonic_bookkeeping,train
180702,tH,124.83570765056163,123.94966038564371,1,3,3,146.83166389813528,3.329770563201687,30.70819111482666,0.7606056073988443,1.0,leptonic_bookkeeping,train
128745,tH,124.83570765056163,123.94966038564371,1,3,3,146.83166389813528,3.329770563201687,30.70819111482666,0.7606056073988443,1.0,leptonic_bookkeeping,train
485900,tH,124.83570765056163,123.94966038564371,1,3,3,146.83166389813528,3.329770563201687,30.70819111482666,0.7606056073988443,1.0,leptonic_bookkeeping,train
62743,tH,124.83570765056163,123.94966038564371,1,3,3,146.83166389813528,3.329770563201687,30.70819111482666,0.7606056073988443,1.0,leptonic_bookkeeping,train
380239,tH,124.83570765056163,123.94966038564371,1,3,3,146.83166389813528,3.329770563201687,30.70819111482666,0.7606056073988443,1.0,leptonic_bookkeeping,test
735302,tH,124.83570765056163,123.94966038564371,1,3,3,146.83166389813528,3.329770563201687,30.70819111482666,0.7606056073988443,1.0,leptonic_bookkeeping,train
148161,tH,124.83570765056163,123.94966038564371,1,3,3,146.83166389813528,3.329770563201687,30.70819111482666,0.7606056073988443,1.0,leptonic_bookkeeping,train
569690,tH,124.83570765056163,123.94966038564371,1,3,3,146.83166389813528,3.329770563201687,30.70819111482666,0.7606056073988443,1.0,leptonic_bookkeeping,train
667778,tH,124.83570765056163,123.94966038564371,1,3,3,146.83166389813528,3.329770563201687,30.70819111482666,0.7606056073988443,1.0,leptonic_bookkeeping,validation
340946,tH,124.83570765056163,123.94966038564371,1,3,3,146.83166389813528,3.329770563201687,30.70819111482666,0.7606056073988443,1.0,leptonic_bookkeeping,train
440011,tH,124.83570765056163,123.94966038564371,1,3,3,146.83166389813528,3.329770563201687,30.70819111482666,0.7606056073988443,1.0,leptonic_bookkeeping,validation
827897,tH,124.83570765056163,123.94966038564371,1,3,3,146.83166389813528,3.329770563201687,30.70819111482666,0.7606056073988443,1.0,leptonic_bookkeeping,train
618844,tH,124.83570765056163,123.94966038564371,1,3,3,146.83166389813528,3.329770563201687,30.70819111482666,0.7606056073988443,1.0,leptonic_bookkeeping,train
878214,tH,124.83570765056163,123.94966038564371,1,3,3,146.83166389813528,3.329770563201687,30.70819111482666,0.7606056073988443,1.0,leptonic_bookkeeping,train
456918,tH,124.83570765056163,123.94966038564371,1,3,3,146.83166389813528,3.329770563201687,30.70819111482666,0.7606056073988443,1.0,leptonic_bookkeeping,train
186380,tH,124.83570765056163,123.94966038564371,1,3,3,146.83166389813528,3.329770563201687,30.70819111482666,0.7606056073988443,1.0,leptonic_bookkeeping,train
265477,tH,124.83570765056163,123.94966038564371,1,3,3,146.83166389813528,3.329770563201687,30.70819111482666,0.7606056073988443,1.0,leptonic_bookkeeping,validation
863454,tH,124.83570765056163,123.94966038564371,1,3,3,146.83166389813528,3.329770563201687,30.70819111482666,0.7606056073988443,1.0,leptonic_bookkeeping,validation
51032,tH,124.83570765056163,123.94966038564371,1,3,3,146.83166389813528,3.329770563201687,30.70819111482666,0.7606056073988443,1.0,leptonic_bookkeeping,test
112262,tH,124.83570765056163,123.94966038564371,1,3,3,146.83166389813528,3.329770563201687,30.70819111482666,0.7606056073988443,1.0,leptonic_bookkeeping,test
193053,tH,124.83570765056163,123.94966038564371,1,3,3,146.83166389813528,3.329770563201687,30.70819111482666,0.7606056073988443,1.0,leptonic_bookkeeping,validation
878014,tH,124.83570765056163,123.94966038564371,1,3,3,146.83166389813528,3.329770563201687,30.70819111482666,0.7606056073988443,1.0,leptonic_bookkeeping,train
783670,tH,124.83570765056163,123.94966038564371,1,3,3,146.83166389813528,3.329770563201687,30.70819111482666,0.7606056073988443,1.0,leptonic_bookkeeping,train
884688,tH,124.83570765056163,123.94966038564371,1,3,3,146.83166389813528,3.329770563201687,30.70819111482666,0.7606056073988443,1.0,leptonic_bookkeeping,test
740090,tH,124.83570765056163,123.94966038564371,1,3,3,146.83166389813528,3.329770563201687,30.70819111482666,0.7606056073988443,1.0,leptonic_bookkeeping,validation
252559,tH,124.83570765056163,123.94966038564371,1,3,3,146.83166389813528,3.329770563201687,30.70819111482666,0.7606056073988443,1.0,leptonic_bookkeeping,train
168279,tH,124.83570765056163,123.94966038564371,1,3,3,146.83166389813528,3.329770563201687,30.70819111482666,0.7606056073988443,1.0,leptonic_bookkeeping,train
205695,tH,124.83570765056163,123.94966038564371,1,3,3,146.83166389813528,3.329770563201687,30.70819111482666,0.7606056073988443,1.0,leptonic_bookkeeping,test
934510,tH,124.83570765056163,123.94966038564371,1,3,3,146.83166389813528,3.329770563201687,30.70819111482666,0.7606056073988443,1.0,leptonic_bookkeeping,validation
956733,tH,124.83570765056163,123.94966038564371,1,3,3,146.83166389813528,3.329770563201687,30.70819111482666,0.7606056073988443,1.0,leptonic_bookkeeping,test
282893,tH,124.83570765056163,123.94966038564371,1,3,3,146.83166389813528,3.329770563201687,30.70819111482666,0.7606056073988443,1.0,leptonic_bookkeeping,train
24512,tH,124.83570765056163,123.94966038564371,1,3,3,146.83166389813528,3.329770563201687,30.70819111482666,0.7606056073988443,1.0,leptonic_bookkeeping,train
694492,tH,124.83570765056163,123.94966038564371,1,3,3,146.83166389813528,3.329770563201687,30.70819111482666,0.7606056073988443,1.0,leptonic_bookkeeping,train
766533,tH,124.83570765056163,123.94966038564371,1,3,3,146.83166389813528,3.329770563201687,30.70819111482666,0.7606056073988443,1.0,leptonic_bookkeeping,train
692565,tH,124.83570765056163,123.94966038564371,1,3,3,146.83166389813528,3.329770563201687,30.70819111482666,0.7606056073988443,1.0,leptonic_bookkeeping,train
995645,tH,124.83570765056163,123.94966038564371,1,3,3,146.83166389813528,3.329770563201687,30.70819111482666,0.7606056073988443,1.0,leptonic_bookkeeping,train
621513,tH,124.83570765056163,123.94966038564371,1,3,3,146.83166389813528,3.329770563201687,30.70819111482666,0.7606056073988443,1.0,leptonic_bookkeeping,train
93402,tH,124.83570765056163,123.94966038564371,1,3,3,146.83166389813528,3.329770563201687,30.70819111482666,0.7606056073988443,1.0,leptonic_bookkeeping,train
956235,tH,124.83570765056163,123.94966038564371,1,3,3,146.83166389813528,3.329770563201687,30.70819111482666,0.7606056073988443,1.0,leptonic_bookkeeping,validation
712246,tH,124.83570765056163,123.94966038564371,1,3,3,146.83166389813528,3.329770563201687,30.70819111482666,0.7606056073988443,1.0,leptonic_bookkeeping,train
551490,tH,124.83570765056163,123.94966038564371,1,3,3,146.83166389813528,3.329770563201687,30.70819111482666,0.7606056073988443,1.0,leptonic_bookkeeping,train
754923,tH,124.83570765056163,123.94966038564371,1,3,3,146.83166389813528,3.329770563201687,30.70819111482666,0.7606056073988443,1.0,leptonic_bookkeeping,train
390297,tH,124.83570765056163,123.94966038564371,1,3,3,146.83166389813528,3.329770563201687,30.70819111482666,0.7606056073988443,1.0,leptonic_bookkeeping,test
697406,tH,124.83570765056163,123.94966038564371,1,3,3,146.83166389813528,3.329770563201687,30.70819111482666,0.7606056073988443,1.0,leptonic_bookkeeping,validation
885205,tH,124.83570765056163,123.94966038564371,1,3,3,146.83166389813528,3.329770563201687,30.70819111482666,0.7606056073988443,1.0,leptonic_bookkeeping,test
826731,tH,124.83570765056163,123.94966038564371,1,3,3,146.83166389813528,3.329770563201687,30.70819111482666,0.7606056073988443,1.0,leptonic_bookkeeping,train
803738,tH,124.83570765056163,123.94966038564371,1,3,3,146.83166389813528,3.329770563201687,30.70819111482666,0.7606056073988443,1.0,leptonic_bookkeeping,test
332896,tH,124.83570765056163,123.94966038564371,1,3,3,146.83166389813528,3.329770563201687,30.70819111482666,0.7606056073988443,1.0,leptonic_bookkeeping,train
231680,tH,124.83570765056163,123.94966038564371,1,3,3,146.83166389813528,3.329770563201687,30.70819111482666,0.7606056073988443,1.0,leptonic_bookkeeping,train
133867,tH,124.83570765056163,123.94966038564371,1,3,3,146.83166389813528,3.329770563201687,30.70819111482666,0.7606056073988443,1.0,leptonic_bookkeeping,test
182357,tH,124.83570765056163,123.94966038564371,1,3,3,146.83166389813528,3.329770563201687,30.70819111482666,0.7606056073988443,1.0,leptonic_bookkeeping,validation
79476,tH,124.83570765056163,123.94966038564371,1,3,3,146.83166389813528,3.329770563201687,30.70819111482666,0.7606056073988443,1.0,leptonic_bookkeeping,validation
432418,tH,124.83570765056163,123.94966038564371,1,3,3,146.83166389813528,3.329770563201687,30.70819111482666,0.7606056073988443,1.0,leptonic_bookkeeping,test
58571,tH,124.83570765056163,123.94966038564371,1,3,3,146.83166389813528,3.329770563201687,30.70819111482666,0.7606056073988443,1.0,leptonic_bookkeeping,validation
715444,tH,124.83570765056163,123.94966038564371,1,3,3,146.83166389813528,3.329770563201687,30.70819111482666,0.7606056073988443,1.0,leptonic_bookkeeping,train
228657,tH,124.83570765056163,123.94966038564371,1,3,3,146.83166389813528,3.329770563201687,30.70819111482666,0.7606056073988443,1.0,leptonic_bookkeeping,train
169889,tH,124.83570765056163,123.94966038564371,1,3,3,146.83166389813528,3.329770563201687,30.70819111482666,0.7606056073988443,1.0,leptonic_bookkeeping,train
931134,tH,124.83570765056163,123.94966038564371,1,3,3,146.83166389813528,3.329770563201687,30.70819111482666,0.7606056073988443,1.0,leptonic_bookkeeping,train
362998,tH,124.83570765056163,123.94966038564371,1,3,3,146.83166389813528,3.329770563201687,30.70819111482666,0.7606056073988443,1.0,leptonic_bookkeeping,train
412388,tH,124.83570765056163,123.94966038564371,1,3,3,146.83166389813528,3.329770563201687,30.70819111482666,0.7606056073988443,1.0,leptonic_bookkeeping,train
609327,tH,124.83570765056163,123.94966038564371,1,3,3,146.83166389813528,3.329770563201687,30.70819111482666,0.7606056073988443,1.0,leptonic_bookkeeping,train
959312,tH,124.83570765056163,123.94966038564371,1,3,3,146.83166389813528,3.329770563201687,30.70819111482666,0.7606056073988443,1.0,leptonic_bookkeeping,train
638121,tH,124.83570765056163,123.94966038564371,1,3,3,146.83166389813528,3.329770563201687,30.70819111482666,0.7606056073988443,1.0,leptonic_bookkeeping,test
496892,tH,124.83570765056163,123.94966038564371,1,3,3,146.83166389813528,3.329770563201687,30.70819111482666,0.7606056073988443,1.0,leptonic_bookkeeping,train
756104,tH,124.83570765056163,123.94966038564371,1,3,3,146.83166389813528,3.329770563201687,30.70819111482666,0.7606056073988443,1.0,leptonic_bookkeeping,train
477800,tH,124.83570765056163,123.94966038564371,1,3,3,146.83166389813528,3.329770563201687,30.70819111482666,0.7606056073988443,1.0,leptonic_bookkeeping,train
346069,tH,124.83570765056163,123.94966038564371,1,3,3,146.83166389813528,3.329770563201687,30.70819111482666,0.7606056073988443,1.0,leptonic_bookkeeping,train
328480,tH,124.83570765056163,123.94966038564371,1,3,3,146.83166389813528,3.329770563201687,30.70819111482666,0.7606056073988443,1.0,leptonic_bookkeeping,test
417743,tH,124.83570765056163,123.94966038564371,1,3,3,146.83166389813528,3.329770563201687,30.70819111482666,0.7606056073988443,1.0,leptonic_bookkeeping,train
624181,tH,124.83570765056163,123.94966038564371,1,3,3,146.83166389813528,3.329770563201687,30.70819111482666,0.7606056073988443,1.0,leptonic_bookkeeping,train
485341,tH,124.83570765056163,123.94966038564371,1,3,3,146.83166389813528,3.329770563201687,30.70819111482666,0.7606056073988443,1.0,leptonic_bookkeeping,train
845510,tH,124.83570765056163,123.94966038564371,1,3,3,146.83166389813528,3.329770563201687,30.70819111482666,0.7606056073988443,1.0,leptonic_bookkeeping,train
21918,tH,124.83570765056163,123.94966038564371,1,3,3,146.83166389813528,3.329770563201687,30.70819111482666,0.7606056073988443,1.0,leptonic_bookkeeping,train
998939,tH,124.83570765056163,123.94966038564371,1,3,3,146.83166389813528,3.329770563201687,30.70819111482666,0.7606056073988443,1.0,leptonic_bookkeeping,test
318584,tH,124.83570765056163,123.94966038564371,1,3,3,146.83166389813528,3.329770563201687,30.70819111482666,0.7606056073988443,1.0,leptonic_bookkeeping,test
254387,tH,124.83570765056163,123.94966038564371,1,3,3,146.83166389813528,3.329770563201687,30.70819111482666,0.7606056073988443,1.0,leptonic_bookkeeping,validation
958392,tH,124.83570765056163,123.94966038564371,1,3,3,146.83166389813528,3.329770563201687,30.70819111482666,0.7606056073988443,1.0,leptonic_bookkeeping,test
868120,tH,124.83570765056163,123.94966038564371,1,3,3,146.83166389813528,3.329770563201687,30.70819111482666,0.7606056073988443,1.0,leptonic_bookkeeping,train
173868,tH,124.83570765056163,123.94966038564371,1,3,3,146.83166389813528,3.329770563201687,30.70819111482666,0.7606056073988443,1.0,leptonic_bookkeeping,test
85610,tH,124.83570765056163,123.94966038564371,1,3,3,146.83166389813528,3.329770563201687,30.70819111482666,0.7606056073988443,1.0,leptonic_bookkeeping,train
939760,tH,124.83570765056163,123.94966038564371,1,3,3,146.83166389813528,3.329770563201687,30.70819111482666,0.7606056073988443,1.0,leptonic_bookkeeping,train
798913,tH,124.83570765056163,123.94966038564371,1,3,3,146.83166389813528,3.329770563201687,30.70819111482666,0.7606056073988443,1.0,leptonic_bookkeeping,train
365331,tH,124.83570765056163,123.94966038564371,1,3,3,146.83166389813528,3.329770563201687,30.70819111482666,0.7606056073988443,1.0,leptonic_bookkeeping,train
763324,tH,124.83570765056163,123.94966038564371,1,3,3,146.83166389813528,3.329770563201687,30.70819111482666,0.7606056073988443,1.0,leptonic_bookkeeping,train
172975,tH,124.83570765056163,123.94966038564371,1,3,3,146.83166389813528,3.329770563201687,30.70819111482666,0.7606056073988443,1.0,leptonic_bookkeeping,validation
408669,tH,124.83570765056163,123.94966038564371,1,3,3,146.83166389813528,3.329770563201687,30.70819111482666,0.7606056073988443,1.0,leptonic_bookkeeping,validation
538481,tH,124.83570765056163,123.94966038564371,1,3,3,146.83166389813528,3.329770563201687,30.70819111482666,0.7606056073988443,1.0,leptonic_bookkeeping,train
239998,tH,124.83570765056163,123.94966038564371,1,3,3,146.83166389813528,3.329770563201687,30.70819111482666,0.7606056073988443,1.0,leptonic_bookkeeping,train
262722,tH,124.83570765056163,123.94966038564371,1,3,3,146.83166389813528,3.329770563201687,30.70819111482666,0.7606056073988443,1.0,leptonic_bookkeeping,train
507570,tH,124.83570765056163,123.94966038564371,1,3,3,146.83166389813528,3.329770563201687,30.70819111482666,0.7606056073988443,1.0,leptonic_bookkeeping,train
863075,tH,124.83570765056163,123.94966038564371,1,3,3,146.83166389813528,3.329770563201687,30.70819111482666,0.7606056073988443,1.0,leptonic_bookkeeping,validation
237078,tH,124.83570765056163,123.94966038564371,1,3,3,146.83166389813528,3.329770563201687,30.70819111482666,0.7606056073988443,1.0,leptonic_bookkeeping,test
128300,tH,124.83570765056163,123.94966038564371,1,3,3,146.83166389813528,3.329770563201687,30.70819111482666,0.7606056073988443,1.0,leptonic_bookkeeping,train
209066,tH,124.83570765056163,123.94966038564371,1,3,3,146.83166389813528,3.329770563201687,30.70819111482666,0.7606056073988443,1.0,leptonic_bookkeeping,train
562670,tH,124.83570765056163,123.94966038564371,1,3,3,146.83166389813528,3.329770563201687,30.70819111482666,0.7606056073988443,1.0,leptonic_bookkeeping,train
353210,tH,124.83570765056163,123.94966038564371,1,3,3,146.83166389813528,3.329770563201687,30.70819111482666,0.7606056073988443,1.0,leptonic_bookkeeping,train
207316,tH,124.83570765056163,123.94966038564371,1,3,3,146.83166389813528,3.329770563201687,30.70819111482666,0.7606056073988443,1.0,leptonic_bookkeeping,train
508365,tH,124.83570765056163,123.94966038564371,1,3,3,146.83166389813528,3.329770563201687,30.70819111482666,0.7606056073988443,1.0,leptonic_bookkeeping,train
750852,tH,124.83570765056163,123.94966038564371,1,3,3,146.83166389813528,3.329770563201687,30.70819111482666,0.7606056073988443,1.0,leptonic_bookkeeping,test
796679,tH,124.83570765056163,123.94966038564371,1,3,3,146.83166389813528,3.329770563201687,30.70819111482666,0.7606056073988443,1.0,leptonic_bookkeeping,train
355106,tH,124.83570765056163,123.94966038564371,1,3,3,146.83166389813528,3.329770563201687,30.70819111482666,0.7606056073988443,1.0,leptonic_bookkeeping,train
291785,tH,124.83570765056163,123.94966038564371,1,3,3,146.83166389813528,3.329770563201687,30.70819111482666,0.7606056073988443,1.0,leptonic_bookkeeping,train
117961,tH,124.83570765056163,123.94966038564371,1,3,3,146.83166389813528,3.329770563201687,30.70819111482666,0.7606056073988443,1.0,leptonic_bookkeeping,train
859061,tH,124.83570765056163,123.94966038564371,1,3,3,146.83166389813528,3.329770563201687,30.70819111482666,0.7606056073988443,1.0,leptonic_bookkeeping,train
509643,tH,124.83570765056163,123.94966038564371,1,3,3,146.83166389813528,3.329770563201687,30.70819111482666,0.7606056073988443,1.0,leptonic_bookkeeping,train
269584,tH,124.83570765056163,123.94966038564371,1,3,3,146.83166389813528,3.329770563201687,30.70819111482666,0.7606056073988443,1.0,leptonic_bookkeeping,train
506889,tH,124.83570765056163,123.94966038564371,1,3,3,146.83166389813528,3.329770563201687,30.70819111482666,0.7606056073988443,1.0,leptonic_bookkeeping,train
646249,tH,124.83570765056163,123.94966038564371,1,3,3,146.83166389813528,3.329770563201687,30.70819111482666,0.7606056073988443,1.0,leptonic_bookkeeping,validation
270443,tH,124.83570765056163,123.94966038564371,1,3,3,146.83166389813528,3.329770563201687,30.70819111482666,0.7606056073988443,1.0,leptonic_bookkeeping,train
44574,tH,124.83570765056163,123.94966038564371,1,3,3,146.83166389813528,3.329770563201687,30.70819111482666,0.7606056073988443,1.0,leptonic_bookkeeping,train
797110,tH,124.83570765056163,123.94966038564371,1,3,3,146.83166389813528,3.329770563201687,30.70819111482666,0.7606056073988443,1.0,leptonic_bookkeeping,train
227529,tH,124.83570765056163,123.94966038564371,1,3,3,146.83166389813528,3.329770563201687,30.70819111482666,0.7606056073988443,1.0,leptonic_bookkeeping,train
496292,tH,124.83570765056163,123.94966038564371,1,3,3,146.83166389813528,3.329770563201687,30.70819111482666,0.7606056073988443,1.0,leptonic_bookkeeping,train
338006,tH,124.83570765056163,123.94966038564371,1,3,3,146.83166389813528,3.329770563201687,30.70819111482666,0.7606056073988443,1.0,leptonic_bookkeeping,validation
448056,tH,124.83570765056163,123.94966038564371,1,3,3,146.83166389813528,3.329770563201687,30.70819111482666,0.7606056073988443,1.0,leptonic_bookkeeping,train
273473,tH,124.83570765056163,123.94966038564371,1,3,3,146.83166389813528,3.329770563201687,30.70819111482666,0.7606056073988443,1.0,leptonic_bookkeeping,train
240745,tH,124.83570765056163,123.94966038564371,1,3,3,146.83166389813528,3.329770563201687,30.70819111482666,0.7606056073988443,1.0,leptonic_bookkeeping,train
805497,tH,124.83570765056163,123.94966038564371,1,3,3,146.83166389813528,3.329770563201687,30.70819111482666,0.7606056073988443,1.0,leptonic_bookkeeping,train
665062,tH,124.83570765056163,123.94966038564371,1,3,3,146.83166389813528,3.329770563201687,30.70819111482666,0.7606056073988443,1.0,leptonic_bookkeeping,train
909190,tH,124.83570765056163,123.94966038564371,1,3,3,146.83166389813528,3.329770563201687,30.70819111482666,0.7606056073988443,1.0,leptonic_bookkeeping,train
433038,tH,124.83570765056163,123.94966038564371,1,3,3,146.83166389813528,3.329770563201687,30.70819111482666,0.7606056073988443,1.0,leptonic_bookkeeping,train
613321,tH,124.83570765056163,123.94966038564371,1,3,3,146.83166389813528,3.329770563201687,30.70819111482666,0.7606056073988443,1.0,leptonic_bookkeeping,train
988525,tH,124.83570765056163,123.94966038564371,1,3,3,146.83166389813528,3.329770563201687,30.70819111482666,0.7606056073988443,1.0,leptonic_bookkeeping,test
212860,tH,124.83570765056163,123.94966038564371,1,3,3,146.83166389813528,3.329770563201687,30.70819111482666,0.7606056073988443,1.0,leptonic_bookkeeping,validation
572272,tH,124.83570765056163,123.94966038564371,1,3,3,146.83166389813528,3.329770563201687,30.70819111482666,0.7606056073988443,1.0,leptonic_bookkeeping,train
991624,tH,124.83570765056163,123.94966038564371,1,3,3,146.83166389813528,3.329770563201687,30.70819111482666,0.7606056073988443,1.0,leptonic_bookkeeping,train
13708,tH,124.83570765056163,123.94966038564371,1,3,3,146.83166389813528,3.329770563201687,30.70819111482666,0.7606056073988443,1.0,leptonic_bookkeeping,train
311509,tH,124.83570765056163,123.94966038564371,1,3,3,146.83166389813528,3.329770563201687,30.70819111482666,0.7606056073988443,1.0,leptonic_bookkeeping,train
552535,tH,124.83570765056163,123.94966038564371,1,3,3,146.83166389813528,3.329770563201687,30.70819111482666,0.7606056073988443,1.0,leptonic_bookkeeping,train
514736,tH,124.83570765056163,123.94966038564371,1,3,3,146.83166389813528,3.329770563201687,30.70819111482666,0.7606056073988443,1.0,leptonic_bookkeeping,test
963126,tH,124.83570765056163,123.94966038564371,1,3,3,146.83166389813528,3.329770563201687,30.70819111482666,0.7606056073988443,1.0,leptonic_bookkeeping,train
881890,tH,124.83570765056163,123.94966038564371,1,3,3,146.83166389813528,3.329770563201687,30.70819111482666,0.7606056073988443,1.0,leptonic_bookkeeping,train
408333,tH,124.83570765056163,123.94966038564371,1,3,3,146.83166389813528,3.329770563201687,30.70819111482666,0.7606056073988443,1.0,leptonic_bookkeeping,validation
380939,tH,124.83570765056163,123.94966038564371,1,3,3,146.83166389813528,3.329770563201687,30.70819111482666,0.7606056073988443,1.0,leptonic_bookkeeping,test
475690,tH,124.83570765056163,123.94966038564371,1,3,3,146.83166389813528,3.329770563201687,30.70819111482666,0.7606056073988443,1.0,leptonic_bookkeeping,train
582964,tH,124.83570765056163,123.94966038564371,1,3,3,146.83166389813528,3.329770563201687,30.70819111482666,0.7606056073988443,1.0,leptonic_bookkeeping,train
613188,tH,124.83570765056163,123.94966038564371,1,3,3,146.83166389813528,3.329770563201687,30.70819111482666,0.7606056073988443,1.0,leptonic_bookkeeping,train
735748,tH,124.83570765056163,123.94966038564371,1,3,3,146.83166389813528,3.329770563201687,30.70819111482666,0.7606056073988443,1.0,leptonic_bookkeeping,train
338616,tH,124.83570765056163,123.94966038564371,1,3,3,146.83166389813528,3.329770563201687,30.70819111482666,0.7606056073988443,1.0,leptonic_bookkeeping,test
669957,tH,124.83570765056163,123.94966038564371,1,3,3,146.83166389813528,3.329770563201687,30.70819111482666,0.7606056073988443,1.0,leptonic_bookkeeping,test
497803,tH,124.83570765056163,123.94966038564371,1,3,3,146.83166389813528,3.329770563201687,30.70819111482666,0.7606056073988443,1.0,leptonic_bookkeeping,train
282710,tH,124.83570765056163,123.94966038564371,1,3,3,146.83166389813528,3.329770563201687,30.70819111482666,0.7606056073988443,1.0,leptonic_bookkeeping,train
102246,tH,124.83570765056163,123.94966038564371,1,3,3,146.83166389813528,3.329770563201687,30.70819111482666,0.7606056073988443,1.0,leptonic_bookkeeping,test
413205,tH,124.83570765056163,123.94966038564371,1,3,3,146.83166389813528,3.329770563201687,30.70819111482666,0.7606056073988443,1.0,leptonic_bookkeeping,train
931175,tH,124.83570765056163,123.94966038564371,1,3,3,146.83166389813528,3.329770563201687,30.70819111482666,0.7606056073988443,1.0,leptonic_bookkeeping,train
791936,tH,124.83570765056163,123.94966038564371,1,3,3,146.83166389813528,3.329770563201687,30.70819111482666,0.7606056073988443,1.0,leptonic_bookkeeping,test
699545,tH,124.83570765056163,123.94966038564371,1,3,3,146.83166389813528,3.329770563201687,30.70819111482666,0.7606056073988443,1.0,leptonic_bookkeeping,test
783650,tH,124.83570765056163,123.94966038564371,1,3,3,146.83166389813528,3.329770563201687,30.70819111482666,0.7606056073988443,1.0,leptonic_bookkeeping,train
896598,tH,124.83570765056163,123.94966038564371,1,3,3,146.83166389813528,3.329770563201687,30.70819111482666,0.7606056073988443,1.0,leptonic_bookkeeping,test
497332,tH,124.83570765056163,123.94966038564371,1,3,3,146.83166389813528,3.329770563201687,30.70819111482666,0.7606056073988443,1.0,leptonic_bookkeeping,train
155970,tH,124.83570765056163,123.94966038564371,1,3,3,146.83166389813528,3.329770563201687,30.70819111482666,0.7606056073988443,1.0,leptonic_bookkeeping,train
86477,tH,124.83570765056163,123.94966038564371,1,3,3,146.83166389813528,3.329770563201687,30.70819111482666,0.7606056073988443,1.0,leptonic_bookkeeping,train
227113,tH,124.83570765056163,123.94966038564371,1,3,3,146.83166389813528,3.329770563201687,30.70819111482666,0.7606056073988443,1.0,leptonic_bookkeeping,train
547156,tH,124.83570765056163,123.94966038564371,1,3,3,146.83166389813528,3.329770563201687,30.70819111482666,0.7606056073988443,1.0,leptonic_bookkeeping,train
714345,tH,124.83570765056163,123.94966038564371,1,3,3,146.83166389813528,3.329770563201687,30.70819111482666,0.7606056073988443,1.0,leptonic_bookkeeping,train
403236,tH,124.83570765056163,123.94966038564371,1,3,3,146.83166389813528,3.329770563201687,30.70819111482666,0.7606056073988443,1.0,leptonic_bookkeeping,train
463877,tH,124.83570765056163,123.94966038564371,1,3,3,146.83166389813528,3.329770563201687,30.70819111482666,0.7606056073988443,1.0,leptonic_bookkeeping,test
954210,tH,124.83570765056163,123.94966038564371,1,3,3,146.83166389813528,3.329770563201687,30.70819111482666,0.7606056073988443,1.0,leptonic_bookkeeping,train
573691,tH,124.83570765056163,123.94966038564371,1,3,3,146.83166389813528,3.329770563201687,30.70819111482666,0.7606056073988443,1.0,leptonic_bookkeeping,validation
320667,tH,124.83570765056163,123.94966038564371,1,3,3,146.83166389813528,3.329770563201687,30.70819111482666,0.7606056073988443,1.0,leptonic_bookkeeping,train
724138,tH,124.83570765056163,123.94966038564371,1,3,3,146.83166389813528,3.329770563201687,30.70819111482666,0.7606056073988443,1.0,leptonic_bookkeeping,train
442991,tH,124.83570765056163,123.94966038564371,1,3,3,146.83166389813528,3.329770563201687,30.70819111482666,0.7606056073988443,1.0,leptonic_bookkeeping,test
269521,tH,124.83570765056163,123.94966038564371,1,3,3,146.83166389813528,3.329770563201687,30.70819111482666,0.7606056073988443,1.0,leptonic_bookkeeping,train
472650,tH,124.83570765056163,123.94966038564371,1,3,3,146.83166389813528,3.329770563201687,30.70819111482666,0.7606056073988443,1.0,leptonic_bookkeeping,test
20628,tH,124.83570765056163,123.94966038564371,1,3,3,146.83166389813528,3.329770563201687,30.70819111482666,0.7606056073988443,1.0,leptonic_bookkeeping,train
645248,tH,124.83570765056163,123.94966038564371,1,3,3,146.83166389813528,3.329770563201687,30.70819111482666,0.7606056073988443,1.0,leptonic_bookkeeping,train
174401,tH,124.83570765056163,123.94966038564371,1,3,3,146.83166389813528,3.329770563201687,30.70819111482666,0.7606056073988443,1.0,leptonic_bookkeeping,test
449628,tH,124.83570765056163,123.94966038564371,1,3,3,146.83166389813528,3.329770563201687,30.70819111482666,0.7606056073988443,1.0,leptonic_bookkeeping,validation
251302,tH,124.83570765056163,123.94966038564371,1,3,3,146.83166389813528,3.329770563201687,30.70819111482666,0.7606056073988443,1.0,leptonic_bookkeeping,train
784471,tH,124.83570765056163,123.94966038564371,1,3,3,146.83166389813528,3.329770563201687,30.70819111482666,0.7606056073988443,1.0,leptonic_bookkeeping,train
151603,tH,124.83570765056163,123.94966038564371,1,3,3,146.83166389813528,3.329770563201687,30.70819111482666,0.7606056073988443,1.0,leptonic_bookkeeping,validation
504089,tH,124.83570765056163,123.94966038564371,1,3,3,146.83166389813528,3.329770563201687,30.70819111482666,0.7606056073988443,1.0,leptonic_bookkeeping,test
394238,tH,124.83570765056163,123.94966038564371,1,3,3,146.83166389813528,3.329770563201687,30.70819111482666,0.7606056073988443,1.0,leptonic_bookkeeping,train
271949,tH,124.83570765056163,123.94966038564371,1,3,3,146.83166389813528,3.329770563201687,30.70819111482666,0.7606056073988443,1.0,leptonic_bookkeeping,train
395292,tH,124.83570765056163,123.94966038564371,1,3,3,146.83166389813528,3.329770563201687,30.70819111482666,0.7606056073988443,1.0,leptonic_bookkeeping,train
1310,tH,124.83570765056163,123.94966038564371,1,3,3,146.83166389813528,3.329770563201687,30.70819111482666,0.7606056073988443,1.0,leptonic_bookkeeping,train
923401,tH,124.83570765056163,123.94966038564371,1,3,3,146.83166389813528,3.329770563201687,30.70819111482666,0.7606056073988443,1.0,leptonic_bookkeeping,train
73867,tH,124.83570765056163,123.94966038564371,1,3,3,146.83166389813528,3.329770563201687,30.70819111482666,0.7606056073988443,1.0,leptonic_bookkeeping,train
410677,tH,124.83570765056163,123.94966038564371,1,3,3,146.83166389813528,3.329770563201687,30.70819111482666,0.7606056073988443,1.0,leptonic_bookkeeping,test
520498,tH,124.83570765056163,123.94966038564371,1,3,3,146.83166389813528,3.329770563201687,30.70819111482666,0.7606056073988443,1.0,leptonic_bookkeeping,train
834433,tH,124.83570765056163,123.94966038564371,1,3,3,146.83166389813528,3.329770563201687,30.70819111482666,0.7606056073988443,1.0,leptonic_bookkeeping,test
395410,tH,124.83570765056163,123.94966038564371,1,3,3,146.83166389813528,3.329770563201687,30.70819111482666,0.7606056073988443,1.0,leptonic_bookkeeping,train
709943,tH,124.83570765056163,123.94966038564371,1,3,3,146.83166389813528,3.329770563201687,30.70819111482666,0.7606056073988443,1.0,leptonic_bookkeeping,test
112796,tH,124.83570765056163,123.94966038564371,1,3,3,146.83166389813528,3.329770563201687,30.70819111482666,0.7606056073988443,1.0,leptonic_bookkeeping,test
202886,tH,124.83570765056163,123.94966038564371,1,3,3,146.83166389813528,3.329770563201687,30.70819111482666,0.7606056073988443,1.0,leptonic_bookkeeping,validation
664475,tH,124.83570765056163,123.94966038564371,1,3,3,146.83166389813528,3.329770563201687,30.70819111482666,0.7606056073988443,1.0,leptonic_bookkeeping,train
59283,tH,124.83570765056163,123.94966038564371,1,3,3,146.83166389813528,3.329770563201687,30.70819111482666,0.7606056073988443,1.0,leptonic_bookkeeping,validation
483115,tH,124.83570765056163,123.94966038564371,1,3,3,146.83166389813528,3.329770563201687,30.70819111482666,0.7606056073988443,1.0,leptonic_bookkeeping,test
264510,tH,124.83570765056163,123.94966038564371,1,3,3,146.83166389813528,3.329770563201687,30.70819111482666,0.7606056073988443,1.0,leptonic_bookkeeping,validation
590629,tH,124.83570765056163,123.94966038564371,1,3,3,146.83166389813528,3.329770563201687,30.70819111482666,0.7606056073988443,1.0,leptonic_bookkeeping,train
275862,tH,124.83570765056163,123.94966038564371,1,3,3,146.83166389813528,3.329770563201687,30.70819111482666,0.7606056073988443,1.0,leptonic_bookkeeping,validation
787062,tH,124.83570765056163,123.94966038564371,1,3,3,146.83166389813528,3.329770563201687,30.70819111482666,0.7606056073988443,1.0,leptonic_bookkeeping,train
101500,tH,124.83570765056163,123.94966038564371,1,3,3,146.83166389813528,3.329770563201687,30.70819111482666,0.7606056073988443,1.0,leptonic_bookkeeping,test
363105,tH,124.83570765056163,123.94966038564371,1,3,3,146.83166389813528,3.329770563201687,30.70819111482666,0.7606056073988443,1.0,leptonic_bookkeeping,train
723395,tH,124.83570765056163,123.94966038564371,1,3,3,146.83166389813528,3.329770563201687,30.70819111482666,0.7606056073988443,1.0,leptonic_bookkeeping,train
215417,tH,124.83570765056163,123.94966038564371,1,3,3,146.83166389813528,3.329770563201687,30.70819111482666,0.7606056073988443,1.0,leptonic_bookkeeping,test
166219,tH,124.83570765056163,123.94966038564371,1,3,3,146.83166389813528,3.329770563201687,30.70819111482666,0.7606056073988443,1.0,leptonic_bookkeeping,train
477447,tH,124.83570765056163,123.94966038564371,1,3,3,146.83166389813528,3.329770563201687,30.70819111482666,0.7606056073988443,1.0,leptonic_bookkeeping,train
800193,tH,124.83570765056163,123.94966038564371,1,3,3,146.83166389813528,3.329770563201687,30.70819111482666,0.7606056073988443,1.0,leptonic_bookkeeping,validation
136093,tH,124.83570765056163,123.94966038564371,1,3,3,146.83166389813528,3.329770563201687,30.70819111482666,0.7606056073988443,1.0,leptonic_bookkeeping,train
69889,tH,124.83570765056163,123.94966038564371,1,3,3,146.83166389813528,3.329770563201687,30.70819111482666,0.7606056073988443,1.0,leptonic_bookkeeping,validation
595103,tH,124.83570765056163,123.94966038564371,1,3,3,146.83166389813528,3.329770563201687,30.70819111482666,0.7606056073988443,1.0,leptonic_bookkeeping,validation
471387,tH,124.83570765056163,123.94966038564371,1,3,3,146.83166389813528,3.329770563201687,30.70819111482666,0.7606056073988443,1.0,leptonic_bookkeeping,validation
936734,tH,124.83570765056163,123.94966038564371,1,3,3,146.83166389813528,3.329770563201687,30.70819111482666,0.7606056073988443,1.0,leptonic_bookkeeping,test
937906,tH,124.83570765056163,123.94966038564371,1,3,3,146.83166389813528,3.329770563201687,30.70819111482666,0.7606056073988443,1.0,leptonic_bookkeeping,test
305048,tH,124.83570765056163,123.94966038564371,1,3,3,146.83166389813528,3.329770563201687,30.70819111482666,0.7606056073988443,1.0,leptonic_bookkeeping,train
325396,tH,124.83570765056163,123.94966038564371,1,3,3,146.83166389813528,3.329770563201687,30.70819111482666,0.7606056073988443,1.0,leptonic_bookkeeping,train
655368,tH,124.83570765056163,123.94966038564371,1,3,3,146.83166389813528,3.329770563201687,30.70819111482666,0.7606056073988443,1.0,leptonic_bookkeeping,train
987909,tH,124.83570765056163,123.94966038564371,1,3,3,146.83166389813528,3.329770563201687,30.70819111482666,0.7606056073988443,1.0,leptonic_bookkeeping,test
557280,tH,124.83570765056163,123.94966038564371,1,3,3,146.83166389813528,3.329770563201687,30.70819111482666,0.7606056073988443,1.0,leptonic_bookkeeping,train
921227,tH,124.83570765056163,123.94966038564371,1,3,3,146.83166389813528,3.329770563201687,30.70819111482666,0.7606056073988443,1.0,leptonic_bookkeeping,train
332795,tH,124.83570765056163,123.94966038564371,1,3,3,146.83166389813528,3.329770563201687,30.70819111482666,0.7606056073988443,1.0,leptonic_bookkeeping,train
891581,tH,124.83570765056163,123.94966038564371,1,3,3,146.83166389813528,3.329770563201687,30.70819111482666,0.7606056073988443,1.0,leptonic_bookkeeping,train
976186,tH,124.83570765056163,123.94966038564371,1,3,3,146.83166389813528,3.329770563201687,30.70819111482666,0.7606056073988443,1.0,leptonic_bookkeeping,validation
80320,tH,124.83570765056163,123.94966038564371,1,3,3,146.83166389813528,3.329770563201687,30.70819111482666,0.7606056073988443,1.0,leptonic_bookkeeping,validation
800014,tH,124.83570765056163,123.94966038564371,1,3,3,146.83166389813528,3.329770563201687,30.70819111482666,0.7606056073988443,1.0,leptonic_bookkeeping,validation
440924,tH,124.83570765056163,123.94966038564371,1,3,3,146.83166389813528,3.329770563201687,30.70819111482666,0.7606056073988443,1.0,leptonic_bookkeeping,validation
655391,tH,124.83570765056163,123.94966038564371,1,3,3,146.83166389813528,3.329770563201687,30.70819111482666,0.7606056073988443,1.0,leptonic_bookkeeping,train
999749,tH,124.83570765056163,123.94966038564371,1,3,3,146.83166389813528,3.329770563201687,30.70819111482666,0.7606056073988443,1.0,leptonic_bookkeeping,test
687261,tH,124.83570765056163,123.94966038564371,1,3,3,146.83166389813528,3.329770563201687,30.70819111482666,0.7606056073988443,1.0,leptonic_bookkeeping,validation
709104,tH,124.83570765056163,123.94966038564371,1,3,3,146.83166389813528,3.329770563201687,30.70819111482666,0.7606056073988443,1.0,leptonic_bookkeeping,validation
181514,tH,124.83570765056163,123.94966038564371,1,3,3,146.83166389813528,3.329770563201687,30.70819111482666,0.7606056073988443,1.0,leptonic_bookkeeping,validation
1389,tH,124.83570765056163,123.94966038564371,1,3,3,146.83166389813528,3.329770563201687,30.70819111482666,0.7606056073988443,1.0,leptonic_bookkeeping,train
52345,tH,124.83570765056163,123.94966038564371,1,3,3,146.83166389813528,3.329770563201687,30.70819111482666,0.7606056073988443,1.0,leptonic_bookkeeping,train
334383,tH,124.83570765056163,123.94966038564371,1,3,3,146.83166389813528,3.329770563201687,30.70819111482666,0.7606056073988443,1.0,leptonic_bookkeeping,train
967371,tH,124.83570765056163,123.94966038564371,1,3,3,146.83166389813528,3.329770563201687,30.70819111482666,0.7606056073988443,1.0,leptonic_bookkeeping,test
370914,tH,124.83570765056163,123.94966038564371,1,3,3,146.83166389813528,3.329770563201687,30.70819111482666,0.7606056073988443,1.0,leptonic_bookkeeping,test
549329,tH,124.83570765056163,123.94966038564371,1,3,3,146.83166389813528,3.329770563201687,30.70819111482666,0.7606056073988443,1.0,leptonic_bookkeeping,train
825422,tH,124.83570765056163,123.94966038564371,1,3,3,146.83166389813528,3.329770563201687,30.70819111482666,0.7606056073988443,1.0,leptonic_bookkeeping,train
770764,tH,124.83570765056163,123.94966038564371,1,3,3,146.83166389813528,3.329770563201687,30.70819111482666,0.7606056073988443,1.0,leptonic_bookkeeping,validation
58465,tH,124.83570765056163,123.94966038564371,1,3,3,146.83166389813528,3.329770563201687,30.70819111482666,0.7606056073988443,1.0,leptonic_bookkeeping,validation
270998,tH,124.83570765056163,123.94966038564371,1,3,3,146.83166389813528,3.329770563201687,30.70819111482666,0.7606056073988443,1.0,leptonic_bookkeeping,train
943580,tH,124.83570765056163,123.94966038564371,1,3,3,146.83166389813528,3.329770563201687,30.70819111482666,0.7606056073988443,1.0,leptonic_bookkeeping,train
279617,tH,124.83570765056163,123.94966038564371,1,3,3,146.83166389813528,3.329770563201687,30.70819111482666,0.7606056073988443,1.0,leptonic_bookkeeping,train
207812,tH,124.83570765056163,123.94966038564371,1,3,3,146.83166389813528,3.329770563201687,30.70819111482666,0.7606056073988443,1.0,leptonic_bookkeeping,train
216348,tH,124.83570765056163,123.94966038564371,1,3,3,146.83166389813528,3.329770563201687,30.70819111482666,0.7606056073988443,1.0,leptonic_bookkeeping,test
292134,tH,124.83570765056163,123.94966038564371,1,3,3,146.83166389813528,3.329770563201687,30.70819111482666,0.7606056073988443,1.0,leptonic_bookkeeping,train
636696,tH,124.83570765056163,123.94966038564371,1,3,3,146.83166389813528,3.329770563201687,30.70819111482666,0.7606056073988443,1.0,leptonic_bookkeeping,validation
864992,tH,124.83570765056163,123.94966038564371,1,3,3,146.83166389813528,3.329770563201687,30.70819111482666,0.7606056073988443,1.0,leptonic_bookkeeping,test
650783,tH,124.83570765056163,123.94966038564371,1,3,3,146.83166389813528,3.329770563201687,30.70819111482666,0.7606056073988443,1.0,leptonic_bookkeeping,train
738490,tH,124.83570765056163,123.94966038564371,1,3,3,146.83166389813528,3.329770563201687,30.70819111482666,0.7606056073988443,1.0,leptonic_bookkeeping,validation
482332,tH,124.83570765056163,123.94966038564371,1,3,3,146.83166389813528,3.329770563201687,30.70819111482666,0.7606056073988443,1.0,leptonic_bookkeeping,validation
971130,tH,124.83570765056163,123.94966038564371,1,3,3,146.83166389813528,3.329770563201687,30.70819111482666,0.7606056073988443,1.0,leptonic_bookkeeping,train
233387,tH,124.83570765056163,123.94966038564371,1,3,3,146.83166389813528,3.329770563201687,30.70819111482666,0.7606056073988443,1.0,leptonic_bookkeeping,validation
27475,tH,124.83570765056163,123.94966038564371,1,3,3,146.83166389813528,3.329770563201687,30.70819111482666,0.7606056073988443,1.0,leptonic_bookkeeping,validation
755709,tH,124.83570765056163,123.94966038564371,1,3,3,146.83166389813528,3.329770563201687,30.70819111482666,0.7606056073988443,1.0,leptonic_bookkeeping,train
744832,tH,124.83570765056163,123.94966038564371,1,3,3,146.83166389813528,3.329770563201687,30.70819111482666,0.7606056073988443,1.0,leptonic_bookkeeping,train
870086,tH,124.83570765056163,123.94966038564371,1,3,3,146.83166389813528,3.329770563201687,30.70819111482666,0.7606056073988443,1.0,leptonic_bookkeeping,train
926368,tH,124.83570765056163,123.94966038564371,1,3,3,146.83166389813528,3.329770563201687,30.70819111482666,0.7606056073988443,1.0,leptonic_bookkeeping,test
625580,tH,124.83570765056163,123.94966038564371,1,3,3,146.83166389813528,3.329770563201687,30.70819111482666,0.7606056073988443,1.0,leptonic_bookkeeping,validation
142473,tH,124.83570765056163,123.94966038564371,1,3,3,146.83166389813528,3.329770563201687,30.70819111482666,0.7606056073988443,1.0,leptonic_bookkeeping,test
938742,tH,124.83570765056163,123.94966038564371,1,3,3,146.83166389813528,3.329770563201687,30.70819111482666,0.7606056073988443,1.0,leptonic_bookkeeping,train
328801,tH,124.83570765056163,123.94966038564371,1,3,3,146.83166389813528,3.329770563201687,30.70819111482666,0.7606056073988443,1.0,leptonic_bookkeeping,test
919696,tH,124.83570765056163,123.94966038564371,1,3,3,146.83166389813528,3.329770563201687,30.70819111482666,0.7606056073988443,1.0,leptonic_bookkeeping,train
800804,tH,124.83570765056163,123.94966038564371,1,3,3,146.83166389813528,3.329770563201687,30.70819111482666,0.7606056073988443,1.0,leptonic_bookkeeping,validation
160084,tH,124.83570765056163,123.94966038564371,1,3,3,146.83166389813528,3.329770563201687,30.70819111482666,0.7606056073988443,1.0,leptonic_bookkeeping,train
397033,tH,124.83570765056163,123.94966038564371,1,3,3,146.83166389813528,3.329770563201687,30.70819111482666,0.7606056073988443,1.0,leptonic_bookkeeping,train
984868,tH,124.83570765056163,123.94966038564371,1,3,3,146.83166389813528,3.329770563201687,30.70819111482666,0.7606056073988443,1.0,leptonic_bookkeeping,train
696492,tH,124.83570765056163,123.94966038564371,1,3,3,146.83166389813528,3.329770563201687,30.70819111482666,0.7606056073988443,1.0,leptonic_bookkeeping,train
732896,tH,124.83570765056163,123.94966038564371,1,3,3,146.83166389813528,3.329770563201687,30.70819111482666,0.7606056073988443,1.0,leptonic_bookkeeping,train
861826,tH,124.83570765056163,123.94966038564371,1,3,3,146.83166389813528,3.329770563201687,30.70819111482666,0.7606056073988443,1.0,leptonic_bookkeeping,train
361503,tH,124.83570765056163,123.94966038564371,1,3,3,146.83166389813528,3.329770563201687,30.70819111482666,0.7606056073988443,1.0,leptonic_bookkeeping,train
536187,tH,124.83570765056163,123.94966038564371,1,3,3,146.83166389813528,3.329770563201687,30.70819111482666,0.7606056073988443,1.0,leptonic_bookkeeping,train
680905,tH,124.83570765056163,123.94966038564371,1,3,3,146.83166389813528,3.329770563201687,30.70819111482666,0.7606056073988443,1.0,leptonic_bookkeeping,train
466071,tH,124.83570765056163,123.94966038564371,1,3,3,146.83166389813528,3.329770563201687,30.70819111482666,0.7606056073988443,1.0,leptonic_bookkeeping,train
7083,tH,124.83570765056163,123.94966038564371,1,3,3,146.83166389813528,3.329770563201687,30.70819111482666,0.7606056073988443,1.0,leptonic_bookkeeping,validation
62012,tH,124.83570765056163,123.94966038564371,1,3,3,146.83166389813528,3.329770563201687,30.70819111482666,0.7606056073988443,1.0,leptonic_bookkeeping,train
700173,tH,124.83570765056163,123.94966038564371,1,3,3,146.83166389813528,3.329770563201687,30.70819111482666,0.7606056073988443,1.0,leptonic_bookkeeping,test
416455,tH,124.83570765056163,123.94966038564371,1,3,3,146.83166389813528,3.329770563201687,30.70819111482666,0.7606056073988443,1.0,leptonic_bookkeeping,train
928056,tH,124.83570765056163,123.94966038564371,1,3,3,146.83166389813528,3.329770563201687,30.70819111482666,0.7606056073988443,1.0,leptonic_bookkeeping,train
348340,tH,124.83570765056163,123.94966038564371,1,3,3,146.83166389813528,3.329770563201687,30.70819111482666,0.7606056073988443,1.0,leptonic_bookkeeping,validation
666228,tH,124.83570765056163,123.94966038564371,1,3,3,146.83166389813528,3.329770563201687,30.70819111482666,0.7606056073988443,1.0,leptonic_bookkeeping,validation
649294,tH,124.83570765056163,123.94966038564371,1,3,3,146.83166389813528,3.329770563201687,30.70819111482666,0.7606056073988443,1.0,leptonic_bookkeeping,test
550141,tH,124.83570765056163,123.94966038564371,1,3,3,146.83166389813528,3.329770563201687,30.70819111482666,0.7606056073988443,1.0,leptonic_bookkeeping,train
102308,tH,124.83570765056163,123.94966038564371,1,3,3,146.83166389813528,3.329770563201687,30.70819111482666,0.7606056073988443,1.0,leptonic_bookkeeping,test
927023,tH,124.83570765056163,123.94966038564371,1,3,3,146.83166389813528,3.329770563201687,30.70819111482666,0.7606056073988443,1.0,leptonic_bookkeeping,test
241828,tH,124.83570765056163,123.94966038564371,1,3,3,146.83166389813528,3.329770563201687,30.70819111482666,0.7606056073988443,1.0,leptonic_bookkeeping,train
467891,tH,124.83570765056163,123.94966038564371,1,3,3,146.83166389813528,3.329770563201687,30.70819111482666,0.7606056073988443,1.0,leptonic_bookkeeping,train
533044,tH,124.83570765056163,123.94966038564371,1,3,3,146.83166389813528,3.329770563201687,30.70819111482666,0.7606056073988443,1.0,leptonic_bookkeeping,validation
777734,tH,124.83570765056163,123.94966038564371,1,3,3,146.83166389813528,3.329770563201687,30.70819111482666,0.7606056073988443,1.0,leptonic_bookkeeping,train
896876,tH,124.83570765056163,123.94966038564371,1,3,3,146.83166389813528,3.329770563201687,30.70819111482666,0.7606056073988443,1.0,leptonic_bookkeeping,test
728078,tH,124.83570765056163,123.94966038564371,1,3,3,146.83166389813528,3.329770563201687,30.70819111482666,0.7606056073988443,1.0,leptonic_bookkeeping,validation
318989,tH,124.83570765056163,123.94966038564371,1,3,3,146.83166389813528,3.329770563201687,30.70819111482666,0.7606056073988443,1.0,leptonic_bookkeeping,test
809503,tH,124.83570765056163,123.94966038564371,1,3,3,146.83166389813528,3.329770563201687,30.70819111482666,0.7606056073988443,1.0,leptonic_bookkeeping,train
205719,tH,124.83570765056163,123.94966038564371,1,3,3,146.83166389813528,3.329770563201687,30.70819111482666,0.7606056073988443,1.0,leptonic_bookkeeping,test
646714,tH,124.83570765056163,123.94966038564371,1,3,3,146.83166389813528,3.329770563201687,30.70819111482666,0.7606056073988443,1.0,leptonic_bookkeeping,validation
839695,tH,124.83570765056163,123.94966038564371,1,3,3,146.83166389813528,3.329770563201687,30.70819111482666,0.7606056073988443,1.0,leptonic_bookkeeping,train
128697,tH,124.83570765056163,123.94966038564371,1,3,3,146.83166389813528,3.329770563201687,30.70819111482666,0.7606056073988443,1.0,leptonic_bookkeeping,train
410703,tH,124.83570765056163,123.94966038564371,1,3,3,146.83166389813528,3.329770563201687,30.70819111482666,0.7606056073988443,1.0,leptonic_bookkeeping,test
247119,tH,124.83570765056163,123.94966038564371,1,3,3,146.83166389813528,3.329770563201687,30.70819111482666,0.7606056073988443,1.0,leptonic_bookkeeping,test
767194,tH,124.83570765056163,123.94966038564371,1,3,3,146.83166389813528,3.329770563201687,30.70819111482666,0.7606056073988443,1.0,leptonic_bookkeeping,train
5174,tH,124.83570765056163,123.94966038564371,1,3,3,146.83166389813528,3.329770563201687,30.70819111482666,0.7606056073988443,1.0,leptonic_bookkeeping,train
876835,tH,124.83570765056163,123.94966038564371,1,3,3,146.83166389813528,3.329770563201687,30.70819111482666,0.7606056073988443,1.0,leptonic_bookkeeping,train
534367,tH,124.83570765056163,123.94966038564371,1,3,3,146.83166389813528,3.329770563201687,30.70819111482666,0.7606056073988443,1.0,leptonic_bookkeeping,test
176055,tH,124.83570765056163,123.94966038564371,1,3,3,146.83166389813528,3.329770563201687,30.70819111482666,0.7606056073988443,1.0,leptonic_bookkeeping,train
966922,tH,124.83570765056163,123.94966038564371,1,3,3,146.83166389813528,3.329770563201687,30.70819111482666,0.7606056073988443,1.0,leptonic_bookkeeping,validation
98446,tH,124.83570765056163,123.94966038564371,1,3,3,146.83166389813528,3.329770563201687,30.70819111482666,0.7606056073988443,1.0,leptonic_bookkeeping,train
667665,tH,124.83570765056163,123.94966038564371,1,3,3,146.83166389813528,3.329770563201687,30.70819111482666,0.7606056073988443,1.0,leptonic_bookkeeping,validation
913231,tH,124.83570765056163,123.94966038564371,1,3,3,146.83166389813528,3.329770563201687,30.70819111482666,0.7606056073988443,1.0,leptonic_bookkeeping,train
885512,tH,124.83570765056163,123.94966038564371,1,3,3,146.83166389813528,3.329770563201687,30.70819111482666,0.7606056073988443,1.0,leptonic_bookkeeping,test
926899,tH,124.83570765056163,123.94966038564371,1,3,3,146.83166389813528,3.329770563201687,30.70819111482666,0.7606056073988443,1.0,leptonic_bookkeeping,test
58822,tH,124.83570765056163,123.94966038564371,1,3,3,146.83166389813528,3.329770563201687,30.70819111482666,0.7606056073988443,1.0,leptonic_bookkeeping,validation
551911,tH,124.83570765056163,123.94966038564371,1,3,3,146.83166389813528,3.329770563201687,30.70819111482666,0.7606056073988443,1.0,leptonic_bookkeeping,train
389834,tH,124.83570765056163,123.94966038564371,1,3,3,146.83166389813528,3.329770563201687,30.70819111482666,0.7606056073988443,1.0,leptonic_bookkeeping,test
960760,tH,124.83570765056163,123.94966038564371,1,3,3,146.83166389813528,3.329770563201687,30.70819111482666,0.7606056073988443,1.0,leptonic_bookkeeping,train
861181,tH,124.83570765056163,123.94966038564371,1,3,3,146.83166389813528,3.329770563201687,30.70819111482666,0.7606056073988443,1.0,leptonic_bookkeeping,train
186566,tH,124.83570765056163,123.94966038564371,1,3,3,146.83166389813528,3.329770563201687,30.70819111482666,0.7606056073988443,1.0,leptonic_bookkeeping,train
836943,tH,124.83570765056163,123.94966038564371,1,3,3,146.83166389813528,3.329770563201687,30.70819111482666,0.7606056073988443,1.0,leptonic_bookkeeping,train
67824,tH,124.83570765056163,123.94966038564371,1,3,3,146.83166389813528,3.329770563201687,30.70819111482666,0.7606056073988443,1.0,leptonic_bookkeeping,train
289163,tH,124.83570765056163,123.94966038564371,1,3,3,146.83166389813528,3.329770563201687,30.70819111482666,0.7606056073988443,1.0,leptonic_bookkeeping,train
951217,tH,124.83570765056163,123.94966038564371,1,3,3,146.83166389813528,3.329770563201687,30.70819111482666,0.7606056073988443,1.0,leptonic_bookkeeping,train
649885,tH,124.83570765056163,123.94966038564371,1,3,3,146.83166389813528,3.329770563201687,30.70819111482666,0.7606056073988443,1.0,leptonic_bookkeeping,train
571697,tH,124.83570765056163,123.94966038564371,1,3,3,146.83166389813528,3.329770563201687,30.70819111482666,0.7606056073988443,1.0,leptonic_bookkeeping,train
96396,tH,124.83570765056163,123.94966038564371,1,3,3,146.83166389813528,3.329770563201687,30.70819111482666,0.7606056073988443,1.0,leptonic_bookkeeping,train
262349,tH,124.83570765056163,123.94966038564371,1,3,3,146.83166389813528,3.329770563201687,30.70819111482666,0.7606056073988443,1.0,leptonic_bookkeeping,train
540557,tH,124.83570765056163,123.94966038564371,1,3,3,146.83166389813528,3.329770563201687,30.70819111482666,0.7606056073988443,1.0,leptonic_bookkeeping,train
412436,tH,124.83570765056163,123.94966038564371,1,3,3,146.83166389813528,3.329770563201687,30.70819111482666,0.7606056073988443,1.0,leptonic_bookkeeping,train
67036,tH,124.83570765056163,123.94966038564371,1,3,3,146.83166389813528,3.329770563201687,30.70819111482666,0.7606056073988443,1.0,leptonic_bookkeeping,train
608576,tH,124.83570765056163,123.94966038564371,1,3,3,146.83166389813528,3.329770563201687,30.70819111482666,0.7606056073988443,1.0,leptonic_bookkeeping,train
591991,tH,124.83570765056163,123.94966038564371,1,3,3,146.83166389813528,3.329770563201687,30.70819111482666,0.7606056073988443,1.0,leptonic_bookkeeping,train
169228,tH,124.83570765056163,123.94966038564371,1,3,3,146.83166389813528,3.329770563201687,30.70819111482666,0.7606056073988443,1.0,leptonic_bookkeeping,train
920605,tH,124.83570765056163,123.94966038564371,1,3,3,146.83166389813528,3.329770563201687,30.70819111482666,0.7606056073988443,1.0,leptonic_bookkeeping,train
562989,tH,124.83570765056163,123.94966038564371,1,3,3,146.83166389813528,3.329770563201687,30.70819111482666,0.7606056073988443,1.0,leptonic_bookkeeping,validation
515103,tH,124.83570765056163,123.94966038564371,1,3,3,146.83166389813528,3.329770563201687,30.70819111482666,0.7606056073988443,1.0,leptonic_bookkeeping,test
376139,tH,124.83570765056163,123.94966038564371,1,3,3,146.83166389813528,3.329770563201687,30.70819111482666,0.7606056073988443,1.0,leptonic_bookkeeping,train
662425,tH,124.83570765056163,123.94966038564371,1,3,3,146.83166389813528,3.329770563201687,30.70819111482666,0.7606056073988443,1.0,leptonic_bookkeeping,train
905810,tH,124.83570765056163,123.94966038564371,1,3,3,146.83166389813528,3.329770563201687,30.70819111482666,0.7606056073988443,1.0,leptonic_bookkeeping,test
74063,tH,124.83570765056163,123.94966038564371,1,3,3,146.83166389813528,3.329770563201687,30.70819111482666,0.7606056073988443,1.0,leptonic_bookkeeping,train
410892,tH,124.83570765056163,123.94966038564371,1,3,3,146.83166389813528,3.329770563201687,30.70819111482666,0.7606056073988443,1.0,leptonic_bookkeeping,test
353865,tH,124.83570765056163,123.94966038564371,1,3,3,146.83166389813528,3.329770563201687,30.70819111482666,0.7606056073988443,1.0,leptonic_bookkeeping,train
91118,tH,124.83570765056163,123.94966038564371,1,3,3,146.83166389813528,3.329770563201687,30.70819111482666,0.7606056073988443,1.0,leptonic_bookkeeping,test
678467,tH,124.83570765056163,123.94966038564371,1,3,3,146.83166389813528,3.329770563201687,30.70819111482666,0.7606056073988443,1.0,leptonic_bookkeeping,test
635072,tH,124.83570765056163,123.94966038564371,1,3,3,146.83166389813528,3.329770563201687,30.70819111482666,0.7606056073988443,1.0,leptonic_bookkeeping,validation
14661,tH,124.83570765056163,123.94966038564371,1,3,3,146.83166389813528,3.329770563201687,30.70819111482666,0.7606056073988443,1.0,leptonic_bookkeeping,train
279239,tH,124.83570765056163,123.94966038564371,1,3,3,146.83166389813528,3.329770563201687,30.70819111482666,0.7606056073988443,1.0,leptonic_bookkeeping,train
483115,tH,124.83570765056163,123.94966038564371,1,3,3,146.83166389813528,3.329770563201687,30.70819111482666,0.7606056073988443,1.0,leptonic_bookkeeping,test
37538,tH,124.83570765056163,123.94966038564371,1,3,3,146.83166389813528,3.329770563201687,30.70819111482666,0.7606056073988443,1.0,leptonic_bookkeeping,validation
431065,tH,124.83570765056163,123.94966038564371,1,3,3,146.83166389813528,3.329770563201687,30.70819111482666,0.7606056073988443,1.0,leptonic_bookkeeping,test
965920,tH,124.83570765056163,123.94966038564371,1,3,3,146.83166389813528,3.329770563201687,30.70819111482666,0.7606056073988443,1.0,leptonic_bookkeeping,validation
440065,tH,124.83570765056163,123.94966038564371,1,3,3,146.83166389813528,3.329770563201687,30.70819111482666,0.7606056073988443,1.0,leptonic_bookkeeping,validation
966938,tH,124.83570765056163,123.94966038564371,1,3,3,146.83166389813528,3.329770563201687,30.70819111482666,0.7606056073988443,1.0,leptonic_bookkeeping,validation
410558,tH,124.83570765056163,123.94966038564371,1,3,3,146.83166389813528,3.329770563201687,30.70819111482666,0.7606056073988443,1.0,leptonic_bookkeeping,test
792212,tH,124.83570765056163,123.94966038564371,1,3,3,146.83166389813528,3.329770563201687,30.70819111482666,0.7606056073988443,1.0,leptonic_bookkeeping,test
422597,tH,124.83570765056163,123.94966038564371,1,3,3,146.83166389813528,3.329770563201687,30.70819111482666,0.7606056073988443,1.0,leptonic_bookkeeping,test
676266,tH,124.83570765056163,123.94966038564371,1,3,3,146.83166389813528,3.329770563201687,30.70819111482666,0.7606056073988443,1.0,leptonic_bookkeeping,train
923643,tH,124.83570765056163,123.94966038564371,1,3,3,146.83166389813528,3.329770563201687,30.70819111482666,0.7606056073988443,1.0,leptonic_bookkeeping,train
71344,tH,124.83570765056163,123.94966038564371,1,3,3,146.83166389813528,3.329770563201687,30.70819111482666,0.7606056073988443,1.0,leptonic_bookkeeping,test
827229,tH,124.83570765056163,123.94966038564371,1,3,3,146.83166389813528,3.329770563201687,30.70819111482666,0.7606056073988443,1.0,leptonic_bookkeeping,train
484655,tH,124.83570765056163,123.94966038564371,1,3,3,146.83166389813528,3.329770563201687,30.70819111482666,0.7606056073988443,1.0,leptonic_bookkeeping,train
783078,tH,124.83570765056163,123.94966038564371,1,3,3,146.83166389813528,3.329770563201687,30.70819111482666,0.7606056073988443,1.0,leptonic_bookkeeping,test
391542,tH,124.83570765056163,123.94966038564371,1,3,3,146.83166389813528,3.329770563201687,30.70819111482666,0.7606056073988443,1.0,leptonic_bookkeeping,test
986814,tH,124.83570765056163,123.94966038564371,1,3,3,146.83166389813528,3.329770563201687,30.70819111482666,0.7606056073988443,1.0,leptonic_bookkeeping,validation
273230,tH,124.83570765056163,123.94966038564371,1,3,3,146.83166389813528,3.329770563201687,30.70819111482666,0.7606056073988443,1.0,leptonic_bookkeeping,train
644494,tH,124.83570765056163,123.94966038564371,1,3,3,146.83166389813528,3.329770563201687,30.70819111482666,0.7606056073988443,1.0,leptonic_bookkeeping,train
956262,tH,124.83570765056163,123.94966038564371,1,3,3,146.83166389813528,3.329770563201687,30.70819111482666,0.7606056073988443,1.0,leptonic_bookkeeping,validation
697170,tH,124.83570765056163,123.94966038564371,1,3,3,146.83166389813528,3.329770563201687,30.70819111482666,0.7606056073988443,1.0,leptonic_bookkeeping,validation
88690,tH,124.83570765056163,123.94966038564371,1,3,3,146.83166389813528,3.329770563201687,30.70819111482666,0.7606056073988443,1.0,leptonic_bookkeeping,validation
825744,tH,124.83570765056163,123.94966038564371,1,3,3,146.83166389813528,3.329770563201687,30.70819111482666,0.7606056073988443,1.0,leptonic_bookkeeping,train
138496,tH,124.83570765056163,123.94966038564371,1,3,3,146.83166389813528,3.329770563201687,30.70819111482666,0.7606056073988443,1.0,leptonic_bookkeeping,train
365226,tH,124.83570765056163,123.94966038564371,1,3,3,146.83166389813528,3.329770563201687,30.70819111482666,0.7606056073988443,1.0,leptonic_bookkeeping,train
951382,tH,124.83570765056163,123.94966038564371,1,3,3,146.83166389813528,3.329770563201687,30.70819111482666,0.7606056073988443,1.0,leptonic_bookkeeping,train
278515,tH,124.83570765056163,123.94966038564371,1,3,3,146.83166389813528,3.329770563201687,30.70819111482666,0.7606056073988443,1.0,leptonic_bookkeeping,train
490440,tH,124.83570765056163,123.94966038564371,1,3,3,146.83166389813528,3.329770563201687,30.70819111482666,0.7606056073988443,1.0,leptonic_bookkeeping,train
278111,tH,124.83570765056163,123.94966038564371,1,3,3,146.83166389813528,3.329770563201687,30.70819111482666,0.7606056073988443,1.0,leptonic_bookkeeping,test
106442,tH,124.83570765056163,123.94966038564371,1,3,3,146.83166389813528,3.329770563201687,30.70819111482666,0.7606056073988443,1.0,leptonic_bookkeeping,train
626383,tH,124.83570765056163,123.94966038564371,1,3,3,146.83166389813528,3.329770563201687,30.70819111482666,0.7606056073988443,1.0,leptonic_bookkeeping,validation
409130,tH,124.83570765056163,123.94966038564371,1,3,3,146.83166389813528,3.329770563201687,30.70819111482666,0.7606056073988443,1.0,leptonic_bookkeeping,validation
901997,tH,124.83570765056163,123.94966038564371,1,3,3,146.83166389813528,3.329770563201687,30.70819111482666,0.7606056073988443,1.0,leptonic_bookkeeping,train
239038,tH,124.83570765056163,123.94966038564371,1,3,3,146.83166389813528,3.329770563201687,30.70819111482666,0.7606056073988443,1.0,leptonic_bookkeeping,train
254759,tH,124.83570765056163,123.94966038564371,1,3,3,146.83166389813528,3.329770563201687,30.70819111482666,0.7606056073988443,1.0,leptonic_bookkeeping,validation
674799,tH,124.83570765056163,123.94966038564371,1,3,3,146.83166389813528,3.329770563201687,30.70819111482666,0.7606056073988443,1.0,leptonic_bookkeeping,train
681099,tH,124.83570765056163,123.94966038564371,1,3,3,146.83166389813528,3.329770563201687,30.70819111482666,0.7606056073988443,1.0,leptonic_bookkeeping,train
563310,tH,124.83570765056163,123.94966038564371,1,3,3,146.83166389813528,3.329770563201687,30.70819111482666,0.7606056073988443,1.0,leptonic_bookkeeping,validation
576570,tH,124.83570765056163,123.94966038564371,1,3,3,146.83166389813528,3.329770563201687,30.70819111482666,0.7606056073988443,1.0,leptonic_bookkeeping,test
197515,tH,124.83570765056163,123.94966038564371,1,3,3,146.83166389813528,3.329770563201687,30.70819111482666,0.7606056073988443,1.0,leptonic_bookkeeping,train
784885,tH,124.83570765056163,123.94966038564371,1,3,3,146.83166389813528,3.329770563201687,30.70819111482666,0.7606056073988443,1.0,leptonic_bookkeeping,train
129577,tH,124.83570765056163,123.94966038564371,1,3,3,146.83166389813528,3.329770563201687,30.70819111482666,0.7606056073988443,1.0,leptonic_bookkeeping,train
534937,tH,124.83570765056163,123.94966038564371,1,3,3,146.83166389813528,3.329770563201687,30.70819111482666,0.7606056073988443,1.0,leptonic_bookkeeping,test
280235,tH,124.83570765056163,123.94966038564371,1,3,3,146.83166389813528,3.329770563201687,30.70819111482666,0.7606056073988443,1.0,leptonic_bookkeeping,train
200971,tH,124.83570765056163,123.94966038564371,1,3,3,146.83166389813528,3.329770563201687,30.70819111482666,0.7606056073988443,1.0,leptonic_bookkeeping,train
362328,tH,124.83570765056163,123.94966038564371,1,3,3,146.83166389813528,3.329770563201687,30.70819111482666,0.7606056073988443,1.0,leptonic_bookkeeping,train
301839,tH,124.83570765056163,123.94966038564371,1,3,3,146.83166389813528,3.329770563201687,30.70819111482666,0.7606056073988443,1.0,leptonic_bookkeeping,train
199181,tH,124.83570765056163,123.94966038564371,1,3,3,146.83166389813528,3.329770563201687,30.70819111482666,0.7606056073988443,1.0,leptonic_bookkeeping,train
817157,tH,124.83570765056163,123.94966038564371,1,3,3,146.83166389813528,3.329770563201687,30.70819111482666,0.7606056073988443,1.0,leptonic_bookkeeping,train
124634,tH,124.83570765056163,123.94966038564371,1,3,3,146.83166389813528,3.329770563201687,30.70819111482666,0.7606056073988443,1.0,leptonic_bookkeeping,train
586851,tH,124.83570765056163,123.94966038564371,1,3,3,146.83166389813528,3.329770563201687,30.70819111482666,0.7606056073988443,1.0,leptonic_bookkeeping,test
555114,tH,124.83570765056163,123.94966038564371,1,3,3,146.83166389813528,3.329770563201687,30.70819111482666,0.7606056073988443,1.0,leptonic_bookkeeping,test
541499,tH,124.83570765056163,123.94966038564371,1,3,3,146.83166389813528,3.329770563201687,30.70819111482666,0.7606056073988443,1.0,leptonic_bookkeeping,train
790895,tH,124.83570765056163,123.94966038564371,1,3,3,146.83166389813528,3.329770563201687,30.70819111482666,0.7606056073988443,1.0,leptonic_bookkeeping,validation
163504,tH,124.83570765056163,123.94966038564371,1,3,3,146.83166389813528,3.329770563201687,30.70819111482666,0.7606056073988443,1.0,leptonic_bookkeeping,test
189509,tH,124.83570765056163,123.94966038564371,1,3,3,146.83166389813528,3.329770563201687,30.70819111482666,0.7606056073988443,1.0,leptonic_bookkeeping,train
661737,tH,124.83570765056163,123.94966038564371,1,3,3,146.83166389813528,3.329770563201687,30.70819111482666,0.7606056073988443,1.0,leptonic_bookkeeping,train
408245,tH,124.83570765056163,123.94966038564371,1,3,3,146.83166389813528,3.329770563201687,30.70819111482666,0.7606056073988443,1.0,leptonic_bookkeeping,train
845459,tH,124.83570765056163,123.94966038564371,1,3,3,146.83166389813528,3.329770563201687,30.70819111482666,0.7606056073988443,1.0,leptonic_bookkeeping,train
809364,tH,124.83570765056163,123.94966038564371,1,3,3,146.83166389813528,3.329770563201687,30.70819111482666,0.7606056073988443,1.0,leptonic_bookkeeping,train
260730,tH,124.83570765056163,123.94966038564371,1,3,3,146.83166389813528,3.329770563201687,30.70819111482666,0.7606056073988443,1.0,leptonic_bookkeeping,train
322294,tH,124.83570765056163,123.94966038564371,1,3,3,146.83166389813528,3.329770563201687,30.70819111482666,0.7606056073988443,1.0,leptonic_bookkeeping,train
463204,tH,124.83570765056163,123.94966038564371,1,3,3,146.83166389813528,3.329770563201687,30.70819111482666,0.7606056073988443,1.0,leptonic_bookkeeping,test
124419,tH,124.83570765056163,123.94966038564371,1,3,3,146.83166389813528,3.329770563201687,30.70819111482666,0.7606056073988443,1.0,leptonic_bookkeeping,train
948475,tH,124.83570765056163,123.94966038564371,1,3,3,146.83166389813528,3.329770563201687,30.70819111482666,0.7606056073988443,1.0,leptonic_bookkeeping,train
493933,tH,124.83570765056163,123.94966038564371,1,3,3,146.83166389813528,3.329770563201687,30.70819111482666,0.7606056073988443,1.0,leptonic_bookkeeping,test
145093,tH,124.83570765056163,123.94966038564371,1,3,3,146.83166389813528,3.329770563201687,30.70819111482666,0.7606056073988443,1.0,leptonic_bookkeeping,train
250182,tH,124.83570765056163,123.94966038564371,1,3,3,146.83166389813528,3.329770563201687,30.70819111482666,0.7606056073988443,1.0,leptonic_bookkeeping,train
147943,tH,124.83570765056163,123.94966038564371,1,3,3,146.83166389813528,3.329770563201687,30.70819111482666,0.7606056073988443,1.0,leptonic_bookkeeping,train
473013,tH,124.83570765056163,123.94966038564371,1,3,3,146.83166389813528,3.329770563201687,30.70819111482666,0.7606056073988443,1.0,leptonic_bookkeeping,test
909634,tH,124.83570765056163,123.94966038564371,1,3,3,146.83166389813528,3.329770563201687,30.70819111482666,0.7606056073988443,1.0,leptonic_bookkeeping,train
654288,tH,124.83570765056163,123.94966038564371,1,3,3,146.83166389813528,3.329770563201687,30.70819111482666,0.7606056073988443,1.0,leptonic_bookkeeping,train
393514,tH,124.83570765056163,123.94966038564371,1,3,3,146.83166389813528,3.329770563201687,30.70819111482666,0.7606056073988443,1.0,leptonic_bookkeeping,train
942530,tH,124.83570765056163,123.94966038564371,1,3,3,146.83166389813528,3.329770563201687,30.70819111482666,0.7606056073988443,1.0,leptonic_bookkeeping,train
358313,tH,124.83570765056163,123.94966038564371,1,3,3,146.83166389813528,3.329770563201687,30.70819111482666,0.7606056073988443,1.0,leptonic_bookkeeping,validation
372813,tH,124.83570765056163,123.94966038564371,1,3,3,146.83166389813528,3.329770563201687,30.70819111482666,0.7606056073988443,1.0,leptonic_bookkeeping,train
957192,tH,124.83570765056163,123.94966038564371,1,3,3,146.83166389813528,3.329770563201687,30.70819111482666,0.7606056073988443,1.0,leptonic_bookkeeping,test
578747,tH,124.83570765056163,123.94966038564371,1,3,3,146.83166389813528,3.329770563201687,30.70819111482666,0.7606056073988443,1.0,leptonic_bookkeeping,train
955453,tH,124.83570765056163,123.94966038564371,1,3,3,146.83166389813528,3.329770563201687,30.70819111482666,0.7606056073988443,1.0,leptonic_bookkeeping,validation
71762,tH,124.83570765056163,123.94966038564371,1,3,3,146.83166389813528,3.329770563201687,30.70819111482666,0.7606056073988443,1.0,leptonic_bookkeeping,test
979383,tH,124.83570765056163,123.94966038564371,1,3,3,146.83166389813528,3.329770563201687,30.70819111482666,0.7606056073988443,1.0,leptonic_bookkeeping,train
703137,tH,124.83570765056163,123.94966038564371,1,3,3,146.83166389813528,3.329770563201687,30.70819111482666,0.7606056073988443,1.0,leptonic_bookkeeping,train
677823,tH,124.83570765056163,123.94966038564371,1,3,3,146.83166389813528,3.329770563201687,30.70819111482666,0.7606056073988443,1.0,leptonic_bookkeeping,validation
760568,tH,124.83570765056163,123.94966038564371,1,3,3,146.83166389813528,3.329770563201687,30.70819111482666,0.7606056073988443,1.0,leptonic_bookkeeping,validation
117013,tH,124.83570765056163,123.94966038564371,1,3,3,146.83166389813528,3.329770563201687,30.70819111482666,0.7606056073988443,1.0,leptonic_bookkeeping,train
620144,tH,124.83570765056163,123.94966038564371,1,3,3,146.83166389813528,3.329770563201687,30.70819111482666,0.7606056073988443,1.0,leptonic_bookkeeping,train
364497,tH,124.83570765056163,123.94966038564371,1,3,3,146.83166389813528,3.329770563201687,30.70819111482666,0.7606056073988443,1.0,leptonic_bookkeeping,train
953819,tH,124.83570765056163,123.94966038564371,1,3,3,146.83166389813528,3.329770563201687,30.70819111482666,0.7606056073988443,1.0,leptonic_bookkeeping,train
159132,tH,124.83570765056163,123.94966038564371,1,3,3,146.83166389813528,3.329770563201687,30.70819111482666,0.7606056073988443,1.0,leptonic_bookkeeping,train
119437,tH,124.83570765056163,123.94966038564371,1,3,3,146.83166389813528,3.329770563201687,30.70819111482666,0.7606056073988443,1.0,leptonic_bookkeeping,train
584529,tH,124.83570765056163,123.94966038564371,1,3,3,146.83166389813528,3.329770563201687,30.70819111482666,0.7606056073988443,1.0,leptonic_bookkeeping,validation
694796,tH,124.83570765056163,123.94966038564371,1,3,3,146.83166389813528,3.329770563201687,30.70819111482666,0.7606056073988443,1.0,leptonic_bookkeeping,train
309293,tH,124.83570765056163,123.94966038564371,1,3,3,146.83166389813528,3.329770563201687,30.70819111482666,0.7606056073988443,1.0,leptonic_bookkeeping,train
427130,tH,124.83570765056163,123.94966038564371,1,3,3,146.83166389813528,3.329770563201687,30.70819111482666,0.7606056073988443,1.0,leptonic_bookkeeping,train
534207,tH,124.83570765056163,123.94966038564371,1,3,3,146.83166389813528,3.329770563201687,30.70819111482666,0.7606056073988443,1.0,leptonic_bookkeeping,test
751359,tH,124.83570765056163,123.94966038564371,1,3,3,146.83166389813528,3.329770563201687,30.70819111482666,0.7606056073988443,1.0,leptonic_bookkeeping,test
542231,tH,124.83570765056163,123.94966038564371,1,3,3,146.83166389813528,3.329770563201687,30.70819111482666,0.7606056073988443,1.0,leptonic_bookkeeping,train
557242,tH,124.83570765056163,123.94966038564371,1,3,3,146.83166389813528,3.329770563201687,30.70819111482666,0.7606056073988443,1.0,leptonic_bookkeeping,train
482647,tH,124.83570765056163,123.94966038564371,1,3,3,146.83166389813528,3.329770563201687,30.70819111482666,0.7606056073988443,1.0,leptonic_bookkeeping,test
71589,tH,124.83570765056163,123.94966038564371,1,3,3,146.83166389813528,3.329770563201687,30.70819111482666,0.7606056073988443,1.0,leptonic_bookkeeping,test
588412,tH,124.83570765056163,123.94966038564371,1,3,3,146.83166389813528,3.329770563201687,30.70819111482666,0.7606056073988443,1.0,leptonic_bookkeeping,train
166184,tH,124.83570765056163,123.94966038564371,1,3,3,146.83166389813528,3.329770563201687,30.70819111482666,0.7606056073988443,1.0,leptonic_bookkeeping,train
930399,tH,124.83570765056163,123.94966038564371,1,3,3,146.83166389813528,3.329770563201687,30.70819111482666,0.7606056073988443,1.0,leptonic_bookkeeping,train
663596,tH,124.83570765056163,123.94966038564371,1,3,3,146.83166389813528,3.329770563201687,30.70819111482666,0.7606056073988443,1.0,leptonic_bookkeeping,train
164197,tH,124.83570765056163,123.94966038564371,1,3,3,146.83166389813528,3.329770563201687,30.70819111482666,0.7606056073988443,1.0,leptonic_bookkeeping,test
863245,tH,124.83570765056163,123.94966038564371,1,3,3,146.83166389813528,3.329770563201687,30.70819111482666,0.7606056073988443,1.0,leptonic_bookkeeping,validation
925694,tH,124.83570765056163,123.94966038564371,1,3,3,146.83166389813528,3.329770563201687,30.70819111482666,0.7606056073988443,1.0,leptonic_bookkeeping,validation
831167,tH,124.83570765056163,123.94966038564371,1,3,3,146.83166389813528,3.329770563201687,30.70819111482666,0.7606056073988443,1.0,leptonic_bookkeeping,validation
18602,tH,124.83570765056163,123.94966038564371,1,3,3,146.83166389813528,3.329770563201687,30.70819111482666,0.7606056073988443,1.0,leptonic_bookkeeping,test
292857,tH,124.83570765056163,123.94966038564371,1,3,3,146.83166389813528,3.329770563201687,30.70819111482666,0.7606056073988443,1.0,leptonic_bookkeeping,train
663263,tH,124.83570765056163,123.94966038564371,1,3,3,146.83166389813528,3.329770563201687,30.70819111482666,0.7606056073988443,1.0,leptonic_bookkeeping,train
35865,tH,124.83570765056163,123.94966038564371,1,3,3,146.83166389813528,3.329770563201687,30.70819111482666,0.7606056073988443,1.0,leptonic_bookkeeping,train
832568,tH,124.83570765056163,123.94966038564371,1,3,3,146.83166389813528,3.329770563201687,30.70819111482666,0.7606056073988443,1.0,leptonic_bookkeeping,validation
856048,tH,124.83570765056163,123.94966038564371,1,3,3,146.83166389813528,3.329770563201687,30.70819111482666,0.7606056073988443,1.0,leptonic_bookkeeping,train
567458,tH,124.83570765056163,123.94966038564371,1,3,3,146.83166389813528,3.329770563201687,30.70819111482666,0.7606056073988443,1.0,leptonic_bookkeeping,train
197313,tH,124.83570765056163,123.94966038564371,1,3,3,146.83166389813528,3.329770563201687,30.70819111482666,0.7606056073988443,1.0,leptonic_bookkeeping,train
341422,tH,124.83570765056163,123.94966038564371,1,3,3,146.83166389813528,3.329770563201687,30.70819111482666,0.7606056073988443,1.0,leptonic_bookkeeping,train
439461,tH,124.83570765056163,123.94966038564371,1,3,3,146.83166389813528,3.329770563201687,30.70819111482666,0.7606056073988443,1.0,leptonic_bookkeeping,validation
963577,tH,124.83570765056163,123.94966038564371,1,3,3,146.83166389813528,3.329770563201687,30.70819111482666,0.7606056073988443,1.0,leptonic_bookkeeping,train
796996,tH,124.83570765056163,123.94966038564371,1,3,3,146.83166389813528,3.329770563201687,30.70819111482666,0.7606056073988443,1.0,leptonic_bookkeeping,train
530544,tH,124.83570765056163,123.94966038564371,1,3,3,146.83166389813528,3.329770563201687,30.70819111482666,0.7606056073988443,1.0,leptonic_bookkeeping,train
9595,tH,124.83570765056163,123.94966038564371,1,3,3,146.83166389813528,3.329770563201687,30.70819111482666,0.7606056073988443,1.0,leptonic_bookkeeping,test
952736,tH,124.83570765056163,123.94966038564371,1,3,3,146.83166389813528,3.329770563201687,30.70819111482666,0.7606056073988443,1.0,leptonic_bookkeeping,train
830680,tH,124.83570765056163,123.94966038564371,1,3,3,146.83166389813528,3.329770563201687,30.70819111482666,0.7606056073988443,1.0,leptonic_bookkeeping,train
759842,tH,124.83570765056163,123.94966038564371,1,3,3,146.83166389813528,3.329770563201687,30.70819111482666,0.7606056073988443,1.0,leptonic_bookkeeping,validation
665589,tH,124.83570765056163,123.94966038564371,1,3,3,146.83166389813528,3.329770563201687,30.70819111482666,0.7606056073988443,1.0,leptonic_bookkeeping,train
920316,tH,124.83570765056163,123.94966038564371,1,3,3,146.83166389813528,3.329770563201687,30.70819111482666,0.7606056073988443,1.0,leptonic_bookkeeping,train
348608,tH,124.83570765056163,123.94966038564371,1,3,3,146.83166389813528,3.329770563201687,30.70819111482666,0.7606056073988443,1.0,leptonic_bookkeeping,test
796406,tH,124.83570765056163,123.94966038564371,1,3,3,146.83166389813528,3.329770563201687,30.70819111482666,0.7606056073988443,1.0,leptonic_bookkeeping,train
570457,tH,124.83570765056163,123.94966038564371,1,3,3,146.83166389813528,3.329770563201687,30.70819111482666,0.7606056073988443,1.0,leptonic_bookkeeping,train
205960,tH,124.83570765056163,123.94966038564371,1,3,3,146.83166389813528,3.329770563201687,30.70819111482666,0.7606056073988443,1.0,leptonic_bookkeeping,test
18377,tH,124.83570765056163,123.94966038564371,1,3,3,146.83166389813528,3.329770563201687,30.70819111482666,0.7606056073988443,1.0,leptonic_bookkeeping,validation
383951,tH,124.83570765056163,123.94966038564371,1,3,3,146.83166389813528,3.329770563201687,30.70819111482666,0.7606056073988443,1.0,leptonic_bookkeeping,train
683174,tH,124.83570765056163,123.94966038564371,1,3,3,146.83166389813528,3.329770563201687,30.70819111482666,0.7606056073988443,1.0,leptonic_bookkeeping,train
906777,tH,124.83570765056163,123.94966038564371,1,3,3,146.83166389813528,3.329770563201687,30.70819111482666,0.7606056073988443,1.0,leptonic_bookkeeping,test
303774,tH,124.83570765056163,123.94966038564371,1,3,3,146.83166389813528,3.329770563201687,30.70819111482666,0.7606056073988443,1.0,leptonic_bookkeeping,train
744586,tH,124.83570765056163,123.94966038564371,1,3,3,146.83166389813528,3.329770563201687,30.70819111482666,0.7606056073988443,1.0,leptonic_bookkeeping,train
814517,tH,124.83570765056163,123.94966038564371,1,3,3,146.83166389813528,3.329770563201687,30.70819111482666,0.7606056073988443,1.0,leptonic_bookkeeping,train
263532,tH,124.83570765056163,123.94966038564371,1,3,3,146.83166389813528,3.329770563201687,30.70819111482666,0.7606056073988443,1.0,leptonic_bookkeeping,train
182523,tH,124.83570765056163,123.94966038564371,1,3,3,146.83166389813528,3.329770563201687,30.70819111482666,0.7606056073988443,1.0,leptonic_bookkeeping,validation
527822,tH,124.83570765056163,123.94966038564371,1,3,3,146.83166389813528,3.329770563201687,30.70819111482666,0.7606056073988443,1.0,leptonic_bookkeeping,train
380694,tH,124.83570765056163,123.94966038564371,1,3,3,146.83166389813528,3.329770563201687,30.70819111482666,0.7606056073988443,1.0,leptonic_bookkeeping,test
163359,tH,124.83570765056163,123.94966038564371,1,3,3,146.83166389813528,3.329770563201687,30.70819111482666,0.7606056073988443,1.0,leptonic_bookkeeping,test
295339,tH,124.83570765056163,123.94966038564371,1,3,3,146.83166389813528,3.329770563201687,30.70819111482666,0.7606056073988443,1.0,leptonic_bookkeeping,validation
533978,tH,124.83570765056163,123.94966038564371,1,3,3,146.83166389813528,3.329770563201687,30.70819111482666,0.7606056073988443,1.0,leptonic_bookkeeping,validation
840473,tH,124.83570765056163,123.94966038564371,1,3,3,146.83166389813528,3.329770563201687,30.70819111482666,0.7606056073988443,1.0,leptonic_bookkeeping,train
25739,tH,124.83570765056163,123.94966038564371,1,3,3,146.83166389813528,3.329770563201687,30.70819111482666,0.7606056073988443,1.0,leptonic_bookkeeping,train
320356,tH,124.83570765056163,123.94966038564371,1,3,3,146.83166389813528,3.329770563201687,30.70819111482666,0.7606056073988443,1.0,leptonic_bookkeeping,train
318078,tH,124.83570765056163,123.94966038564371,1,3,3,146.83166389813528,3.329770563201687,30.70819111482666,0.7606056073988443,1.0,leptonic_bookkeeping,test
278694,tH,124.83570765056163,123.94966038564371,1,3,3,146.83166389813528,3.329770563201687,30.70819111482666,0.7606056073988443,1.0,leptonic_bookkeeping,train
675242,tH,124.83570765056163,123.94966038564371,1,3,3,146.83166389813528,3.329770563201687,30.70819111482666,0.7606056073988443,1.0,leptonic_bookkeeping,train
292511,tH,124.83570765056163,123.94966038564371,1,3,3,146.83166389813528,3.329770563201687,30.70819111482666,0.7606056073988443,1.0,leptonic_bookkeeping,train
914434,tH,124.83570765056163,123.94966038564371,1,3,3,146.83166389813528,3.329770563201687,30.70819111482666,0.7606056073988443,1.0,leptonic_bookkeeping,validation
733707,tH,124.83570765056163,123.94966038564371,1,3,3,146.83166389813528,3.329770563201687,30.70819111482666,0.7606056073988443,1.0,leptonic_bookkeeping,train
251169,tH,124.83570765056163,123.94966038564371,1,3,3,146.83166389813528,3.329770563201687,30.70819111482666,0.7606056073988443,1.0,leptonic_bookkeeping,train
470356,tH,124.83570765056163,123.94966038564371,1,3,3,146.83166389813528,3.329770563201687,30.70819111482666,0.7606056073988443,1.0,leptonic_bookkeeping,validation
648960,tH,124.83570765056163,123.94966038564371,1,3,3,146.83166389813528,3.329770563201687,30.70819111482666,0.7606056073988443,1.0,leptonic_bookkeeping,test
476270,tH,124.83570765056163,123.94966038564371,1,3,3,146.83166389813528,3.329770563201687,30.70819111482666,0.7606056073988443,1.0,leptonic_bookkeeping,train
307194,tH,124.83570765056163,123.94966038564371,1,3,3,146.83166389813528,3.329770563201687,30.70819111482666,0.7606056073988443,1.0,leptonic_bookkeeping,validation
126409,tH,124.83570765056163,123.94966038564371,1,3,3,146.83166389813528,3.329770563201687,30.70819111482666,0.7606056073988443,1.0,leptonic_bookkeeping,train
914189,tH,124.83570765056163,123.94966038564371,1,3,3,146.83166389813528,3.329770563201687,30.70819111482666,0.7606056073988443,1.0,leptonic_bookkeeping,validation
653646,tH,124.83570765056163,123.94966038564371,1,3,3,146.83166389813528,3.329770563201687,30.70819111482666,0.7606056073988443,1.0,leptonic_bookkeeping,train
492392,tH,124.83570765056163,123.94966038564371,1,3,3,146.83166389813528,3.329770563201687,30.70819111482666,0.7606056073988443,1.0,leptonic_bookkeeping,validation
990495,tH,124.83570765056163,123.94966038564371,1,3,3,146.83166389813528,3.329770563201687,30.70819111482666,0.7606056073988443,1.0,leptonic_bookkeeping,train
499447,tH,124.83570765056163,123.94966038564371,1,3,3,146.83166389813528,3.329770563201687,30.70819111482666,0.7606056073988443,1.0,leptonic_bookkeeping,train
312841,tH,124.83570765056163,123.94966038564371,1,3,3,146.83166389813528,3.329770563201687,30.70819111482666,0.7606056073988443,1.0,leptonic_bookkeeping,train
543895,tH,124.83570765056163,123.94966038564371,1,3,3,146.83166389813528,3.329770563201687,30.70819111482666,0.7606056073988443,1.0,leptonic_bookkeeping,validation
313094,tH,124.83570765056163,123.94966038564371,1,3,3,146.83166389813528,3.329770563201687,30.70819111482666,0.7606056073988443,1.0,leptonic_bookkeeping,train
154539,tH,124.83570765056163,123.94966038564371,1,3,3,146.83166389813528,3.329770563201687,30.70819111482666,0.7606056073988443,1.0,leptonic_bookkeeping,test
930512,tH,124.83570765056163,123.94966038564371,1,3,3,146.83166389813528,3.329770563201687,30.70819111482666,0.7606056073988443,1.0,leptonic_bookkeeping,train
896061,tH,124.83570765056163,123.94966038564371,1,3,3,146.83166389813528,3.329770563201687,30.70819111482666,0.7606056073988443,1.0,leptonic_bookkeeping,test
335654,tH,124.83570765056163,123.94966038564371,1,3,3,146.83166389813528,3.329770563201687,30.70819111482666,0.7606056073988443,1.0,leptonic_bookkeeping,train
350342,tH,124.83570765056163,123.94966038564371,1,3,3,146.83166389813528,3.329770563201687,30.70819111482666,0.7606056073988443,1.0,leptonic_bookkeeping,test
77092,tH,124.83570765056163,123.94966038564371,1,3,3,146.83166389813528,3.329770563201687,30.70819111482666,0.7606056073988443,1.0,leptonic_bookkeeping,train
731490,tH,124.83570765056163,123.94966038564371,1,3,3,146.83166389813528,3.329770563201687,30.70819111482666,0.7606056073988443,1.0,leptonic_bookkeeping,test
926517,tH,124.83570765056163,123.94966038564371,1,3,3,146.83166389813528,3.329770563201687,30.70819111482666,0.7606056073988443,1.0,leptonic_bookkeeping,test
150983,tH,124.83570765056163,123.94966038564371,1,3,3,146.83166389813528,3.329770563201687,30.70819111482666,0.7606056073988443,1.0,leptonic_bookkeeping,validation
986325,tH,124.83570765056163,123.94966038564371,1,3,3,146.83166389813528,3.329770563201687,30.70819111482666,0.7606056073988443,1.0,leptonic_bookkeeping,validation
456885,tH,124.83570765056163,123.94966038564371,1,3,3,146.83166389813528,3.329770563201687,30.70819111482666,0.7606056073988443,1.0,leptonic_bookkeeping,train
650225,tH,124.83570765056163,123.94966038564371,1,3,3,146.83166389813528,3.329770563201687,30.70819111482666,0.7606056073988443,1.0,leptonic_bookkeeping,train
36967,tH,124.83570765056163,123.94966038564371,1,3,3,146.83166389813528,3.329770563201687,30.70819111482666,0.7606056073988443,1.0,leptonic_bookkeeping,train
821625,tH,124.83570765056163,123.94966038564371,1,3,3,146.83166389813528,3.329770563201687,30.70819111482666,0.7606056073988443,1.0,leptonic_bookkeeping,validation
204506,tH,124.83570765056163,123.94966038564371,1,3,3,146.83166389813528,3.329770563201687,30.70819111482666,0.7606056073988443,1.0,leptonic_bookkeeping,test
208664,tH,124.83570765056163,123.94966038564371,1,3,3,146.83166389813528,3.329770563201687,30.70819111482666,0.7606056073988443,1.0,leptonic_bookkeeping,train
14920,tH,124.83570765056163,123.94966038564371,1,3,3,146.83166389813528,3.329770563201687,30.70819111482666,0.7606056073988443,1.0,leptonic_bookkeeping,train
15435,tH,124.83570765056163,123.94966038564371,1,3,3,146.83166389813528,3.329770563201687,30.70819111482666,0.7606056073988443,1.0,leptonic_bookkeeping,train
805312,tH,124.83570765056163,123.94966038564371,1,3,3,146.83166389813528,3.329770563201687,30.70819111482666,0.7606056073988443,1.0,leptonic_bookkeeping,train
390489,tH,124.83570765056163,123.94966038564371,1,3,3,146.83166389813528,3.329770563201687,30.70819111482666,0.7606056073988443,1.0,leptonic_bookkeeping,test
26187,tH,124.83570765056163,123.94966038564371,1,3,3,146.83166389813528,3.329770563201687,30.70819111482666,0.7606056073988443,1.0,leptonic_bookkeeping,train
567546,tH,124.83570765056163,123.94966038564371,1,3,3,146.83166389813528,3.329770563201687,30.70819111482666,0.7606056073988443,1.0,leptonic_bookkeeping,train
92332,tH,124.83570765056163,123.94966038564371,1,3,3,146.83166389813528,3.329770563201687,30.70819111482666,0.7606056073988443,1.0,leptonic_bookkeeping,test
551154,tH,124.83570765056163,123.94966038564371,1,3,3,146.83166389813528,3.329770563201687,30.70819111482666,0.7606056073988443,1.0,leptonic_bookkeeping,train
358886,tH,124.83570765056163,123.94966038564371,1,3,3,146.83166389813528,3.329770563201687,30.70819111482666,0.7606056073988443,1.0,leptonic_bookkeeping,test
486550,tH,124.83570765056163,123.94966038564371,1,3,3,146.83166389813528,3.329770563201687,30.70819111482666,0.7606056073988443,1.0,leptonic_bookkeeping,train
350620,tH,124.83570765056163,123.94966038564371,1,3,3,146.83166389813528,3.329770563201687,30.70819111482666,0.7606056073988443,1.0,leptonic_bookkeeping,train
213925,tH,124.83570765056163,123.94966038564371,1,3,3,146.83166389813528,3.329770563201687,30.70819111482666,0.7606056073988443,1.0,leptonic_bookkeeping,validation
377328,tH,124.83570765056163,123.94966038564371,1,3,3,146.83166389813528,3.329770563201687,30.70819111482666,0.7606056073988443,1.0,leptonic_bookkeeping,validation
940488,tH,124.83570765056163,123.94966038564371,1,3,3,146.83166389813528,3.329770563201687,30.70819111482666,0.7606056073988443,1.0,leptonic_bookkeeping,train
557608,tH,124.83570765056163,123.94966038564371,1,3,3,146.83166389813528,3.329770563201687,30.70819111482666,0.7606056073988443,1.0,leptonic_bookkeeping,train
156041,tH,124.83570765056163,123.94966038564371,1,3,3,146.83166389813528,3.329770563201687,30.70819111482666,0.7606056073988443,1.0,leptonic_bookkeeping,train
494001,tH,124.83570765056163,123.94966038564371,1,3,3,146.83166389813528,3.329770563201687,30.70819111482666,0.7606056073988443,1.0,leptonic_bookkeeping,test
115079,tH,124.83570765056163,123.94966038564371,1,3,3,146.83166389813528,3.329770563201687,30.70819111482666,0.7606056073988443,1.0,leptonic_bookkeeping,train
905170,tH,124.83570765056163,123.94966038564371,1,3,3,146.83166389813528,3.329770563201687,30.70819111482666,0.7606056073988443,1.0,leptonic_bookkeeping,test
288669,tH,124.83570765056163,123.94966038564371,1,3,3,146.83166389813528,3.329770563201687,30.70819111482666,0.7606056073988443,1.0,leptonic_bookkeeping,train
206903,tH,124.83570765056163,123.94966038564371,1,3,3,146.83166389813528,3.329770563201687,30.70819111482666,0.7606056073988443,1.0,leptonic_bookkeeping,train
810989,tH,124.83570765056163,123.94966038564371,1,3,3,146.83166389813528,3.329770563201687,30.70819111482666,0.7606056073988443,1.0,leptonic_bookkeeping,validation
747925,tH,124.83570765056163,123.94966038564371,1,3,3,146.83166389813528,3.329770563201687,30.70819111482666,0.7606056073988443,1.0,leptonic_bookkeeping,train
87835,tH,124.83570765056163,123.94966038564371,1,3,3,146.83166389813528,3.329770563201687,30.70819111482666,0.7606056073988443,1.0,leptonic_bookkeeping,train
94864,tH,124.83570765056163,123.94966038564371,1,3,3,146.83166389813528,3.329770563201687,30.70819111482666,0.7606056073988443,1.0,leptonic_bookkeeping,train
498716,tH,124.83570765056163,123.94966038564371,1,3,3,146.83166389813528,3.329770563201687,30.70819111482666,0.7606056073988443,1.0,leptonic_bookkeeping,train
554634,tH,124.83570765056163,123.94966038564371,1,3,3,146.83166389813528,3.329770563201687,30.70819111482666,0.7606056073988443,1.0,leptonic_bookkeeping,validation
886135,tH,124.83570765056163,123.94966038564371,1,3,3,146.83166389813528,3.329770563201687,30.70819111482666,0.7606056073988443,1.0,leptonic_bookkeeping,test
84484,tH,124.83570765056163,123.94966038564371,1,3,3,146.83166389813528,3.329770563201687,30.70819111482666,0.7606056073988443,1.0,leptonic_bookkeeping,train
182883,tH,124.83570765056163,123.94966038564371,1,3,3,146.83166389813528,3.329770563201687,30.70819111482666,0.7606056073988443,1.0,leptonic_bookkeeping,validation
43910,tH,124.83570765056163,123.94966038564371,1,3,3,146.83166389813528,3.329770563201687,30.70819111482666,0.7606056073988443,1.0,leptonic_bookkeeping,train
703020,tH,124.83570765056163,123.94966038564371,1,3,3,146.83166389813528,3.329770563201687,30.70819111482666,0.7606056073988443,1.0,leptonic_bookkeeping,train
652616,tH,124.83570765056163,123.94966038564371,1,3,3,146.83166389813528,3.329770563201687,30.70819111482666,0.7606056073988443,1.0,leptonic_bookkeeping,train
748536,tH,124.83570765056163,123.94966038564371,1,3,3,146.83166389813528,3.329770563201687,30.70819111482666,0.7606056073988443,1.0,leptonic_bookkeeping,validation
716537,tH,124.83570765056163,123.94966038564371,1,3,3,146.83166389813528,3.329770563201687,30.70819111482666,0.7606056073988443,1.0,leptonic_bookkeeping,train
720940,tH,124.83570765056163,123.94966038564371,1,3,3,146.83166389813528,3.329770563201687,30.70819111482666,0.7606056073988443,1.0,leptonic_bookkeeping,test
448933,tH,124.83570765056163,123.94966038564371,1,3,3,146.83166389813528,3.329770563201687,30.70819111482666,0.7606056073988443,1.0,leptonic_bookkeeping,train
504820,tH,124.83570765056163,123.94966038564371,1,3,3,146.83166389813528,3.329770563201687,30.70819111482666,0.7606056073988443,1.0,leptonic_bookkeeping,test
886482,tH,124.83570765056163,123.94966038564371,1,3,3,146.83166389813528,3.329770563201687,30.70819111482666,0.7606056073988443,1.0,leptonic_bookkeeping,test
356457,tH,124.83570765056163,123.94966038564371,1,3,3,146.83166389813528,3.329770563201687,30.70819111482666,0.7606056073988443,1.0,leptonic_bookkeeping,train
886347,tH,124.83570765056163,123.94966038564371,1,3,3,146.83166389813528,3.329770563201687,30.70819111482666,0.7606056073988443,1.0,leptonic_bookkeeping,test
923793,tH,124.83570765056163,123.94966038564371,1,3,3,146.83166389813528,3.329770563201687,30.70819111482666,0.7606056073988443,1.0,leptonic_bookkeeping,validation
257249,tH,124.83570765056163,123.94966038564371,1,3,3,146.83166389813528,3.329770563201687,30.70819111482666,0.7606056073988443,1.0,leptonic_bookkeeping,test
634679,tH,124.83570765056163,123.94966038564371,1,3,3,146.83166389813528,3.329770563201687,30.70819111482666,0.7606056073988443,1.0,leptonic_bookkeeping,train
243723,tH,124.83570765056163,123.94966038564371,1,3,3,146.83166389813528,3.329770563201687,30.70819111482666,0.7606056073988443,1.0,leptonic_bookkeeping,validation
604894,tH,124.83570765056163,123.94966038564371,1,3,3,146.83166389813528,3.329770563201687,30.70819111482666,0.7606056073988443,1.0,leptonic_bookkeeping,validation
429015,tH,124.83570765056163,123.94966038564371,1,3,3,146.83166389813528,3.329770563201687,30.70819111482666,0.7606056073988443,1.0,leptonic_bookkeeping,validation
278029,tH,124.83570765056163,123.94966038564371,1,3,3,146.83166389813528,3.329770563201687,30.70819111482666,0.7606056073988443,1.0,leptonic_bookkeeping,test
743469,tH,124.83570765056163,123.94966038564371,1,3,3,146.83166389813528,3.329770563201687,30.70819111482666,0.7606056073988443,1.0,leptonic_bookkeeping,train
874647,tH,124.83570765056163,123.94966038564371,1,3,3,146.83166389813528,3.329770563201687,30.70819111482666,0.7606056073988443,1.0,leptonic_bookkeeping,test
247417,tH,124.83570765056163,123.94966038564371,1,3,3,146.83166389813528,3.329770563201687,30.70819111482666,0.7606056073988443,1.0,leptonic_bookkeeping,test
577166,tH,124.83570765056163,123.94966038564371,1,3,3,146.83166389813528,3.329770563201687,30.70819111482666,0.7606056073988443,1.0,leptonic_bookkeeping,test
404702,tH,124.83570765056163,123.94966038564371,1,3,3,146.83166389813528,3.329770563201687,30.70819111482666,0.7606056073988443,1.0,leptonic_bookkeeping,train
930697,tH,124.83570765056163,123.94966038564371,1,3,3,146.83166389813528,3.329770563201687,30.70819111482666,0.7606056073988443,1.0,leptonic_bookkeeping,train
148770,tH,124.83570765056163,123.94966038564371,1,3,3,146.83166389813528,3.329770563201687,30.70819111482666,0.7606056073988443,1.0,leptonic_bookkeeping,train
844439,tH,124.83570765056163,123.94966038564371,1,3,3,146.83166389813528,3.329770563201687,30.70819111482666,0.7606056073988443,1.0,leptonic_bookkeeping,test
147244,tH,124.83570765056163,123.94966038564371,1,3,3,146.83166389813528,3.329770563201687,30.70819111482666,0.7606056073988443,1.0,leptonic_bookkeeping,train
465876,tH,124.83570765056163,123.94966038564371,1,3,3,146.83166389813528,3.329770563201687,30.70819111482666,0.7606056073988443,1.0,leptonic_bookkeeping,train
334409,tH,124.83570765056163,123.94966038564371,1,3,3,146.83166389813528,3.329770563201687,30.70819111482666,0.7606056073988443,1.0,leptonic_bookkeeping,train
80084,tH,124.83570765056163,123.94966038564371,1,3,3,146.83166389813528,3.329770563201687,30.70819111482666,0.7606056073988443,1.0,leptonic_bookkeeping,validation
184738,tH,124.83570765056163,123.94966038564371,1,3,3,146.83166389813528,3.329770563201687,30.70819111482666,0.7606056073988443,1.0,leptonic_bookkeeping,test
551532,tH,124.83570765056163,123.94966038564371,1,3,3,146.83166389813528,3.329770563201687,30.70819111482666,0.7606056073988443,1.0,leptonic_bookkeeping,train
932227,tH,124.83570765056163,123.94966038564371,1,3,3,146.83166389813528,3.329770563201687,30.70819111482666,0.7606056073988443,1.0,leptonic_bookkeeping,train
223729,tH,124.83570765056163,123.94966038564371,1,3,3,146.83166389813528,3.329770563201687,30.70819111482666,0.7606056073988443,1.0,leptonic_bookkeeping,validation
514742,tH,124.83570765056163,123.94966038564371,1,3,3,146.83166389813528,3.329770563201687,30.70819111482666,0.7606056073988443,1.0,leptonic_bookkeeping,test
828564,tH,124.83570765056163,123.94966038564371,1,3,3,146.83166389813528,3.329770563201687,30.70819111482666,0.7606056073988443,1.0,leptonic_bookkeeping,train
449262,tH,124.83570765056163,123.94966038564371,1,3,3,146.83166389813528,3.329770563201687,30.70819111482666,0.7606056073988443,1.0,leptonic_bookkeeping,train
524985,tH,124.83570765056163,123.94966038564371,1,3,3,146.83166389813528,3.329770563201687,30.70819111482666,0.7606056073988443,1.0,leptonic_bookkeeping,test
657269,tH,124.83570765056163,123.94966038564371,1,3,3,146.83166389813528,3.329770563201687,30.70819111482666,0.7606056073988443,1.0,leptonic_bookkeeping,validation
220909,tH,124.83570765056163,123.94966038564371,1,3,3,146.83166389813528,3.329770563201687,30.70819111482666,0.7606056073988443,1.0,leptonic_bookkeeping,train
732949,tH,124.83570765056163,123.94966038564371,1,3,3,146.83166389813528,3.329770563201687,30.70819111482666,0.7606056073988443,1.0,leptonic_bookkeeping,train
744013,tH,124.83570765056163,123.94966038564371,1,3,3,146.83166389813528,3.329770563201687,30.70819111482666,0.7606056073988443,1.0,leptonic_bookkeeping,train
731890,tH,124.83570765056163,123.94966038564371,1,3,3,146.83166389813528,3.329770563201687,30.70819111482666,0.7606056073988443,1.0,leptonic_bookkeeping,test
628834,tH,124.83570765056163,123.94966038564371,1,3,3,146.83166389813528,3.329770563201687,30.70819111482666,0.7606056073988443,1.0,leptonic_bookkeeping,test
638097,tH,124.83570765056163,123.94966038564371,1,3,3,146.83166389813528,3.329770563201687,30.70819111482666,0.7606056073988443,1.0,leptonic_bookkeeping,test
733454,tH,124.83570765056163,123.94966038564371,1,3,3,146.83166389813528,3.329770563201687,30.70819111482666,0.7606056073988443,1.0,leptonic_bookkeeping,train
687173,tH,124.83570765056163,123.94966038564371,1,3,3,146.83166389813528,3.329770563201687,30.70819111482666,0.7606056073988443,1.0,leptonic_bookkeeping,validation
960666,tH,124.83570765056163,123.94966038564371,1,3,3,146.83166389813528,3.329770563201687,30.70819111482666,0.7606056073988443,1.0,leptonic_bookkeeping,train
529194,tH,124.83570765056163,123.94966038564371,1,3,3,146.83166389813528,3.329770563201687,30.70819111482666,0.7606056073988443,1.0,leptonic_bookkeeping,train
483038,tH,124.83570765056163,123.94966038564371,1,3,3,146.83166389813528,3.329770563201687,30.70819111482666,0.7606056073988443,1.0,leptonic_bookkeeping,test
328297,tH,124.83570765056163,123.94966038564371,1,3,3,146.83166389813528,3.329770563201687,30.70819111482666,0.7606056073988443,1.0,leptonic_bookkeeping,test
120602,tH,124.83570765056163,123.94966038564371,1,3,3,146.83166389813528,3.329770563201687,30.70819111482666,0.7606056073988443,1.0,leptonic_bookkeeping,validation
159341,tH,124.83570765056163,123.94966038564371,1,3,3,146.83166389813528,3.329770563201687,30.70819111482666,0.7606056073988443,1.0,leptonic_bookkeeping,train
826281,tH,124.83570765056163,123.94966038564371,1,3,3,146.83166389813528,3.329770563201687,30.70819111482666,0.7606056073988443,1.0,leptonic_bookkeeping,train
253325,tH,124.83570765056163,123.94966038564371,1,3,3,146.83166389813528,3.329770563201687,30.70819111482666,0.7606056073988443,1.0,leptonic_bookkeeping,train
396857,tH,124.83570765056163,123.94966038564371,1,3,3,146.83166389813528,3.329770563201687,30.70819111482666,0.7606056073988443,1.0,leptonic_bookkeeping,train
82786,tH,124.83570765056163,123.94966038564371,1,3,3,146.83166389813528,3.329770563201687,30.70819111482666,0.7606056073988443,1.0,leptonic_bookkeeping,train
708766,tH,124.83570765056163,123.94966038564371,1,3,3,146.83166389813528,3.329770563201687,30.70819111482666,0.7606056073988443,1.0,leptonic_bookkeeping,validation
885076,tH,124.83570765056163,123.94966038564371,1,3,3,146.83166389813528,3.329770563201687,30.70819111482666,0.7606056073988443,1.0,leptonic_bookkeeping,test
388777,tH,124.83570765056163,123.94966038564371,1,3,3,146.83166389813528,3.329770563201687,30.70819111482666,0.7606056073988443,1.0,leptonic_bookkeeping,validation
510684,tH,124.83570765056163,123.94966038564371,1,3,3,146.83166389813528,3.329770563201687,30.70819111482666,0.7606056073988443,1.0,leptonic_bookkeeping,train
285235,tH,124.83570765056163,123.94966038564371,1,3,3,146.83166389813528,3.329770563201687,30.70819111482666,0.7606056073988443,1.0,leptonic_bookkeeping,validation
270916,tH,124.83570765056163,123.94966038564371,1,3,3,146.83166389813528,3.329770563201687,30.70819111482666,0.7606056073988443,1.0,leptonic_bookkeeping,train
453746,tH,124.83570765056163,123.94966038564371,1,3,3,146.83166389813528,3.329770563201687,30.70819111482666,0.7606056073988443,1.0,leptonic_bookkeeping,train
850889,tH,124.83570765056163,123.94966038564371,1,3,3,146.83166389813528,3.329770563201687,30.70819111482666,0.7606056073988443,1.0,leptonic_bookkeeping,train
157839,tH,124.83570765056163,123.94966038564371,1,3,3,146.83166389813528,3.329770563201687,30.70819111482666,0.7606056073988443,1.0,leptonic_bookkeeping,train
782085,tH,124.83570765056163,123.94966038564371,1,3,3,146.83166389813528,3.329770563201687,30.70819111482666,0.7606056073988443,1.0,leptonic_bookkeeping,test
444693,tH,124.83570765056163,123.94966038564371,1,3,3,146.83166389813528,3.329770563201687,30.70819111482666,0.7606056073988443,1.0,leptonic_bookkeeping,train
977520,tH,124.83570765056163,123.94966038564371,1,3,3,146.83166389813528,3.329770563201687,30.70819111482666,0.7606056073988443,1.0,leptonic_bookkeeping,test
566098,tH,124.83570765056163,123.94966038564371,1,3,3,146.83166389813528,3.329770563201687,30.70819111482666,0.7606056073988443,1.0,leptonic_bookkeeping,test
235280,tH,124.83570765056163,123.94966038564371,1,3,3,146.83166389813528,3.329770563201687,30.70819111482666,0.7606056073988443,1.0,leptonic_bookkeeping,test
148011,tH,124.83570765056163,123.94966038564371,1,3,3,146.83166389813528,3.329770563201687,30.70819111482666,0.7606056073988443,1.0,leptonic_bookkeeping,train
721446,tH,124.83570765056163,123.94966038564371,1,3,3,146.83166389813528,3.329770563201687,30.70819111482666,0.7606056073988443,1.0,leptonic_bookkeeping,test
674638,tH,124.83570765056163,123.94966038564371,1,3,3,146.83166389813528,3.329770563201687,30.70819111482666,0.7606056073988443,1.0,leptonic_bookkeeping,train
819713,tH,124.83570765056163,123.94966038564371,1,3,3,146.83166389813528,3.329770563201687,30.70819111482666,0.7606056073988443,1.0,leptonic_bookkeeping,train
581066,tH,124.83570765056163,123.94966038564371,1,3,3,146.83166389813528,3.329770563201687,30.70819111482666,0.7606056073988443,1.0,leptonic_bookkeeping,train
702750,tH,124.83570765056163,123.94966038564371,1,3,3,146.83166389813528,3.329770563201687,30.70819111482666,0.7606056073988443,1.0,leptonic_bookkeeping,train
464191,tH,124.83570765056163,123.94966038564371,1,3,3,146.83166389813528,3.329770563201687,30.70819111482666,0.7606056073988443,1.0,leptonic_bookkeeping,train
851266,tH,124.83570765056163,123.94966038564371,1,3,3,146.83166389813528,3.329770563201687,30.70819111482666,0.7606056073988443,1.0,leptonic_bookkeeping,train
883040,tH,124.83570765056163,123.94966038564371,1,3,3,146.83166389813528,3.329770563201687,30.70819111482666,0.7606056073988443,1.0,leptonic_bookkeeping,validation
553908,tH,124.83570765056163,123.94966038564371,1,3,3,146.83166389813528,3.329770563201687,30.70819111482666,0.7606056073988443,1.0,leptonic_bookkeeping,validation
21333,tH,124.83570765056163,123.94966038564371,1,3,3,146.83166389813528,3.329770563201687,30.70819111482666,0.7606056073988443,1.0,leptonic_bookkeeping,train
785654,tH,124.83570765056163,123.94966038564371,1,3,3,146.83166389813528,3.329770563201687,30.70819111482666,0.7606056073988443,1.0,leptonic_bookkeeping,train
959395,tH,124.83570765056163,123.94966038564371,1,3,3,146.83166389813528,3.329770563201687,30.70819111482666,0.7606056073988443,1.0,leptonic_bookkeeping,train
210118,tH,124.83570765056163,123.94966038564371,1,3,3,146.83166389813528,3.329770563201687,30.70819111482666,0.7606056073988443,1.0,leptonic_bookkeeping,train
838985,tH,124.83570765056163,123.94966038564371,1,3,3,146.83166389813528,3.329770563201687,30.70819111482666,0.7606056073988443,1.0,leptonic_bookkeeping,train
338919,tH,124.83570765056163,123.94966038564371,1,3,3,146.83166389813528,3.329770563201687,30.70819111482666,0.7606056073988443,1.0,leptonic_bookkeeping,test
773820,tH,124.83570765056163,123.94966038564371,1,3,3,146.83166389813528,3.329770563201687,30.70819111482666,0.7606056073988443,1.0,leptonic_bookkeeping,train
286308,tH,124.83570765056163,123.94966038564371,1,3,3,146.83166389813528,3.329770563201687,30.70819111482666,0.7606056073988443,1.0,leptonic_bookkeeping,validation
863619,tH,124.83570765056163,123.94966038564371,1,3,3,146.83166389813528,3.329770563201687,30.70819111482666,0.7606056073988443,1.0,leptonic_bookkeeping,validation
745960,tH,124.83570765056163,123.94966038564371,1,3,3,146.83166389813528,3.329770563201687,30.70819111482666,0.7606056073988443,1.0,leptonic_bookkeeping,train
692362,tH,124.83570765056163,123.94966038564371,1,3,3,146.83166389813528,3.329770563201687,30.70819111482666,0.7606056073988443,1.0,leptonic_bookkeeping,train
918860,tH,124.83570765056163,123.94966038564371,1,3,3,146.83166389813528,3.329770563201687,30.70819111482666,0.7606056073988443,1.0,leptonic_bookkeeping,train
258450,tH,124.83570765056163,123.94966038564371,1,3,3,146.83166389813528,3.329770563201687,30.70819111482666,0.7606056073988443,1.0,leptonic_bookkeeping,train
678837,tH,124.83570765056163,123.94966038564371,1,3,3,146.83166389813528,3.329770563201687,30.70819111482666,0.7606056073988443,1.0,leptonic_bookkeeping,test
551655,tH,124.83570765056163,123.94966038564371,1,3,3,146.83166389813528,3.329770563201687,30.70819111482666,0.7606056073988443,1.0,leptonic_bookkeeping,train
383146,tH,124.83570765056163,123.94966038564371,1,3,3,146.83166389813528,3.329770563201687,30.70819111482666,0.7606056073988443,1.0,leptonic_bookkeeping,train
431348,tH,124.83570765056163,123.94966038564371,1,3,3,146.83166389813528,3.329770563201687,30.70819111482666,0.7606056073988443,1.0,leptonic_bookkeeping,test
896814,tH,124.83570765056163,123.94966038564371,1,3,3,146.83166389813528,3.329770563201687,30.70819111482666,0.7606056073988443,1.0,leptonic_bookkeeping,test
586720,tH,124.83570765056163,123.94966038564371,1,3,3,146.83166389813528,3.329770563201687,30.70819111482666,0.7606056073988443,1.0,leptonic_bookkeeping,test
901027,tH,124.83570765056163,123.94966038564371,1,3,3,146.83166389813528,3.329770563201687,30.70819111482666,0.7606056073988443,1.0,leptonic_bookkeeping,train
549421,tH,124.83570765056163,123.94966038564371,1,3,3,146.83166389813528,3.329770563201687,30.70819111482666,0.7606056073988443,1.0,leptonic_bookkeeping,train
641217,tH,124.83570765056163,123.94966038564371,1,3,3,146.83166389813528,3.329770563201687,30.70819111482666,0.7606056073988443,1.0,leptonic_bookkeeping,train
107202,tH,124.83570765056163,123.94966038564371,1,3,3,146.83166389813528,3.329770563201687,30.70819111482666,0.7606056073988443,1.0,leptonic_bookkeeping,train
158546,tH,124.83570765056163,123.94966038564371,1,3,3,146.83166389813528,3.329770563201687,30.70819111482666,0.7606056073988443,1.0,leptonic_bookkeeping,train
754010,tH,124.83570765056163,123.94966038564371,1,3,3,146.83166389813528,3.329770563201687,30.70819111482666,0.7606056073988443,1.0,leptonic_bookkeeping,train
434217,tH,124.83570765056163,123.94966038564371,1,3,3,146.83166389813528,3.329770563201687,30.70819111482666,0.7606056073988443,1.0,leptonic_bookkeeping,train
562140,tH,124.83570765056163,123.94966038564371,1,3,3,146.83166389813528,3.329770563201687,30.70819111482666,0.7606056073988443,1.0,leptonic_bookkeeping,train
613468,tH,124.83570765056163,123.94966038564371,1,3,3,146.83166389813528,3.329770563201687,30.70819111482666,0.7606056073988443,1.0,leptonic_bookkeeping,train
539174,tH,124.83570765056163,123.94966038564371,1,3,3,146.83166389813528,3.329770563201687,30.70819111482666,0.7606056073988443,1.0,leptonic_bookkeeping,train
898026,tH,124.83570765056163,123.94966038564371,1,3,3,146.83166389813528,3.329770563201687,30.70819111482666,0.7606056073988443,1.0,leptonic_bookkeeping,train
519124,tH,124.83570765056163,123.94966038564371,1,3,3,146.83166389813528,3.329770563201687,30.70819111482666,0.7606056073988443,1.0,leptonic_bookkeeping,train
450336,tH,124.83570765056163,123.94966038564371,1,3,3,146.83166389813528,3.329770563201687,30.70819111482666,0.7606056073988443,1.0,leptonic_bookkeeping,validation
888638,tH,124.83570765056163,123.94966038564371,1,3,3,146.83166389813528,3.329770563201687,30.70819111482666,0.7606056073988443,1.0,leptonic_bookkeeping,train
507424,tH,124.83570765056163,123.94966038564371,1,3,3,146.83166389813528,3.329770563201687,30.70819111482666,0.7606056073988443,1.0,leptonic_bookkeeping,train
839385,tH,124.83570765056163,123.94966038564371,1,3,3,146.83166389813528,3.329770563201687,30.70819111482666,0.7606056073988443,1.0,leptonic_bookkeeping,train
281622,tH,124.83570765056163,123.94966038564371,1,3,3,146.83166389813528,3.329770563201687,30.70819111482666,0.7606056073988443,1.0,leptonic_bookkeeping,train
414408,tH,124.83570765056163,123.94966038564371,1,3,3,146.83166389813528,3.329770563201687,30.70819111482666,0.7606056073988443,1.0,leptonic_bookkeeping,train
461417,tH,124.83570765056163,123.94966038564371,1,3,3,146.83166389813528,3.329770563201687,30.70819111482666,0.7606056073988443,1.0,leptonic_bookkeeping,validation
215042,tH,124.83570765056163,123.94966038564371,1,3,3,146.83166389813528,3.329770563201687,30.70819111482666,0.7606056073988443,1.0,leptonic_bookkeeping,test
103528,tH,124.83570765056163,123.94966038564371,1,3,3,146.83166389813528,3.329770563201687,30.70819111482666,0.7606056073988443,1.0,leptonic_bookkeeping,train
395956,tH,124.83570765056163,123.94966038564371,1,3,3,146.83166389813528,3.329770563201687,30.70819111482666,0.7606056073988443,1.0,leptonic_bookkeeping,train
686908,tH,124.83570765056163,123.94966038564371,1,3,3,146.83166389813528,3.329770563201687,30.70819111482666,0.7606056073988443,1.0,leptonic_bookkeeping,validation
585534,tH,124.83570765056163,123.94966038564371,1,3,3,146.83166389813528,3.329770563201687,30.70819111482666,0.7606056073988443,1.0,leptonic_bookkeeping,validation
577404,tH,124.83570765056163,123.94966038564371,1,3,3,146.83166389813528,3.329770563201687,30.70819111482666,0.7606056073988443,1.0,leptonic_bookkeeping,train
575761,tH,124.83570765056163,123.94966038564371,1,3,3,146.83166389813528,3.329770563201687,30.70819111482666,0.7606056073988443,1.0,leptonic_bookkeeping,test
5509,tH,124.83570765056163,123.94966038564371,1,3,3,146.83166389813528,3.329770563201687,30.70819111482666,0.7606056073988443,1.0,leptonic_bookkeeping,train
628777,tH,124.83570765056163,123.94966038564371,1,3,3,146.83166389813528,3.329770563201687,30.70819111482666,0.7606056073988443,1.0,leptonic_bookkeeping,test
127392,tH,124.83570765056163,123.94966038564371,1,3,3,146.83166389813528,3.329770563201687,30.70819111482666,0.7606056073988443,1.0,leptonic_bookkeeping,train
406352,tH,124.83570765056163,123.94966038564371,1,3,3,146.83166389813528,3.329770563201687,30.70819111482666,0.7606056073988443,1.0,leptonic_bookkeeping,train
228462,tH,124.83570765056163,123.94966038564371,1,3,3,146.83166389813528,3.329770563201687,30.70819111482666,0.7606056073988443,1.0,leptonic_bookkeeping,train
678240,tH,124.83570765056163,123.94966038564371,1,3,3,146.83166389813528,3.329770563201687,30.70819111482666,0.7606056073988443,1.0,leptonic_bookkeeping,validation
135108,tH,124.83570765056163,123.94966038564371,1,3,3,146.83166389813528,3.329770563201687,30.70819111482666,0.7606056073988443,1.0,leptonic_bookkeeping,train
93480,tH,124.83570765056163,123.94966038564371,1,3,3,146.83166389813528,3.329770563201687,30.70819111482666,0.7606056073988443,1.0,leptonic_bookkeeping,train
92478,tH,124.83570765056163,123.94966038564371,1,3,3,146.83166389813528,3.329770563201687,30.70819111482666,0.7606056073988443,1.0,leptonic_bookkeeping,test
818709,tH,124.83570765056163,123.94966038564371,1,3,3,146.83166389813528,3.329770563201687,30.70819111482666,0.7606056073988443,1.0,leptonic_bookkeeping,train
186870,tH,124.83570765056163,123.94966038564371,1,3,3,146.83166389813528,3.329770563201687,30.70819111482666,0.7606056073988443,1.0,leptonic_bookkeeping,train
379984,tH,124.83570765056163,123.94966038564371,1,3,3,146.83166389813528,3.329770563201687,30.70819111482666,0.7606056073988443,1.0,leptonic_bookkeeping,test
477843,tH,124.83570765056163,123.94966038564371,1,3,3,146.83166389813528,3.329770563201687,30.70819111482666,0.7606056073988443,1.0,leptonic_bookkeeping,train
268754,tH,124.83570765056163,123.94966038564371,1,3,3,146.83166389813528,3.329770563201687,30.70819111482666,0.7606056073988443,1.0,leptonic_bookkeeping,train
255755,tH,124.83570765056163,123.94966038564371,1,3,3,146.83166389813528,3.329770563201687,30.70819111482666,0.7606056073988443,1.0,leptonic_bookkeeping,test
8718,tH,124.83570765056163,123.94966038564371,1,3,3,146.83166389813528,3.329770563201687,30.70819111482666,0.7606056073988443,1.0,leptonic_bookkeeping,test
208634,tH,124.83570765056163,123.94966038564371,1,3,3,146.83166389813528,3.329770563201687,30.70819111482666,0.7606056073988443,1.0,leptonic_bookkeeping,train
559511,tH,124.83570765056163,123.94966038564371,1,3,3,146.83166389813528,3.329770563201687,30.70819111482666,0.7606056073988443,1.0,leptonic_bookkeeping,train
248152,tH,124.83570765056163,123.94966038564371,1,3,3,146.83166389813528,3.329770563201687,30.70819111482666,0.7606056073988443,1.0,leptonic_bookkeeping,train
499758,tH,124.83570765056163,123.94966038564371,1,3,3,146.83166389813528,3.329770563201687,30.70819111482666,0.7606056073988443,1.0,leptonic_bookkeeping,train
48172,tH,124.83570765056163,123.94966038564371,1,3,3,146.83166389813528,3.329770563201687,30.70819111482666,0.7606056073988443,1.0,leptonic_bookkeeping,validation
999248,tH,124.83570765056163,123.94966038564371,1,3,3,146.83166389813528,3.329770563201687,30.70819111482666,0.7606056073988443,1.0,leptonic_bookkeeping,test
254427,tH,124.83570765056163,123.94966038564371,1,3,3,146.83166389813528,3.329770563201687,30.70819111482666,0.7606056073988443,1.0,leptonic_bookkeeping,validation
768472,tH,124.83570765056163,123.94966038564371,1,3,3,146.83166389813528,3.329770563201687,30.70819111482666,0.7606056073988443,1.0,leptonic_bookkeeping,train
345825,tH,124.83570765056163,123.94966038564371,1,3,3,146.83166389813528,3.329770563201687,30.70819111482666,0.7606056073988443,1.0,leptonic_bookkeeping,train
572334,tH,124.83570765056163,123.94966038564371,1,3,3,146.83166389813528,3.329770563201687,30.70819111482666,0.7606056073988443,1.0,leptonic_bookkeeping,train
957351,tH,124.83570765056163,123.94966038564371,1,3,3,146.83166389813528,3.329770563201687,30.70819111482666,0.7606056073988443,1.0,leptonic_bookkeeping,test
39579,tH,124.83570765056163,123.94966038564371,1,3,3,146.83166389813528,3.329770563201687,30.70819111482666,0.7606056073988443,1.0,leptonic_bookkeeping,test
103831,tH,124.83570765056163,123.94966038564371,1,3,3,146.83166389813528,3.329770563201687,30.70819111482666,0.7606056073988443,1.0,leptonic_bookkeeping,train
754907,tH,124.83570765056163,123.94966038564371,1,3,3,146.83166389813528,3.329770563201687,30.70819111482666,0.7606056073988443,1.0,leptonic_bookkeeping,train
608900,tH,124.83570765056163,123.94966038564371,1,3,3,146.83166389813528,3.329770563201687,30.70819111482666,0.7606056073988443,1.0,leptonic_bookkeeping,train
169917,tH,124.83570765056163,123.94966038564371,1,3,3,146.83166389813528,3.329770563201687,30.70819111482666,0.7606056073988443,1.0,leptonic_bookkeeping,train
496802,tH,124.83570765056163,123.94966038564371,1,3,3,146.83166389813528,3.329770563201687,30.70819111482666,0.7606056073988443,1.0,leptonic_bookkeeping,train
486164,tH,124.83570765056163,123.94966038564371,1,3,3,146.83166389813528,3.329770563201687,30.70819111482666,0.7606056073988443,1.0,leptonic_bookkeeping,train
272701,tH,124.83570765056163,123.94966038564371,1,3,3,146.83166389813528,3.329770563201687,30.70819111482666,0.7606056073988443,1.0,leptonic_bookkeeping,train
971482,tH,124.83570765056163,123.94966038564371,1,3,3,146.83166389813528,3.329770563201687,30.70819111482666,0.7606056073988443,1.0,leptonic_bookkeeping,train
967976,tH,124.83570765056163,123.94966038564371,1,3,3,146.83166389813528,3.329770563201687,30.70819111482666,0.7606056073988443,1.0,leptonic_bookkeeping,test
892015,tH,124.83570765056163,123.94966038564371,1,3,3,146.83166389813528,3.329770563201687,30.70819111482666,0.7606056073988443,1.0,leptonic_bookkeeping,train
251704,tH,124.83570765056163,123.94966038564371,1,3,3,146.83166389813528,3.329770563201687,30.70819111482666,0.7606056073988443,1.0,leptonic_bookkeeping,train
384938,tH,124.83570765056163,123.94966038564371,1,3,3,146.83166389813528,3.329770563201687,30.70819111482666,0.7606056073988443,1.0,leptonic_bookkeeping,train
278527,tH,124.83570765056163,123.94966038564371,1,3,3,146.83166389813528,3.329770563201687,30.70819111482666,0.7606056073988443,1.0,leptonic_bookkeeping,train
766421,tH,124.83570765056163,123.94966038564371,1,3,3,146.83166389813528,3.329770563201687,30.70819111482666,0.7606056073988443,1.0,leptonic_bookkeeping,train
790866,tH,124.83570765056163,123.94966038564371,1,3,3,146.83166389813528,3.329770563201687,30.70819111482666,0.7606056073988443,1.0,leptonic_bookkeeping,validation
145551,tH,124.83570765056163,123.94966038564371,1,3,3,146.83166389813528,3.329770563201687,30.70819111482666,0.7606056073988443,1.0,leptonic_bookkeeping,train
437133,tH,124.83570765056163,123.94966038564371,1,3,3,146.83166389813528,3.329770563201687,30.70819111482666,0.7606056073988443,1.0,leptonic_bookkeeping,train
925494,tH,124.83570765056163,123.94966038564371,1,3,3,146.83166389813528,3.329770563201687,30.70819111482666,0.7606056073988443,1.0,leptonic_bookkeeping,validation
234807,tH,124.83570765056163,123.94966038564371,1,3,3,146.83166389813528,3.329770563201687,30.70819111482666,0.7606056073988443,1.0,leptonic_bookkeeping,validation
497810,tH,124.83570765056163,123.94966038564371,1,3,3,146.83166389813528,3.329770563201687,30.70819111482666,0.7606056073988443,1.0,leptonic_bookkeeping,train
838572,tH,124.83570765056163,123.94966038564371,1,3,3,146.83166389813528,3.329770563201687,30.70819111482666,0.7606056073988443,1.0,leptonic_bookkeeping,train
432728,tH,124.83570765056163,123.94966038564371,1,3,3,146.83166389813528,3.329770563201687,30.70819111482666,0.7606056073988443,1.0,leptonic_bookkeeping,test
377331,tH,124.83570765056163,123.94966038564371,1,3,3,146.83166389813528,3.329770563201687,30.70819111482666,0.7606056073988443,1.0,leptonic_bookkeeping,validation
59293,tH,124.83570765056163,123.94966038564371,1,3,3,146.83166389813528,3.329770563201687,30.70819111482666,0.7606056073988443,1.0,leptonic_bookkeeping,validation
347185,tH,124.83570765056163,123.94966038564371,1,3,3,146.83166389813528,3.329770563201687,30.70819111482666,0.7606056073988443,1.0,leptonic_bookkeeping,validation
669062,tH,124.83570765056163,123.94966038564371,1,3,3,146.83166389813528,3.329770563201687,30.70819111482666,0.7606056073988443,1.0,leptonic_bookkeeping,test
171898,tH,124.83570765056163,123.94966038564371,1,3,3,146.83166389813528,3.329770563201687,30.70819111482666,0.7606056073988443,1.0,leptonic_bookkeeping,validation
783812,tH,124.83570765056163,123.94966038564371,1,3,3,146.83166389813528,3.329770563201687,30.70819111482666,0.7606056073988443,1.0,leptonic_bookkeeping,train
12528,tH,124.83570765056163,123.94966038564371,1,3,3,146.83166389813528,3.329770563201687,30.70819111482666,0.7606056073988443,1.0,leptonic_bookkeeping,train
43958,tH,124.83570765056163,123.94966038564371,1,3,3,146.83166389813528,3.329770563201687,30.70819111482666,0.7606056073988443,1.0,leptonic_bookkeeping,train
371751,tH,124.83570765056163,123.94966038564371,1,3,3,146.83166389813528,3.329770563201687,30.70819111482666,0.7606056073988443,1.0,leptonic_bookkeeping,train
398836,tH,124.83570765056163,123.94966038564371,1,3,3,146.83166389813528,3.329770563201687,30.70819111482666,0.7606056073988443,1.0,leptonic_bookkeeping,validation
41718,tH,124.83570765056163,123.94966038564371,1,3,3,146.83166389813528,3.329770563201687,30.70819111482666,0.7606056073988443,1.0,leptonic_bookkeeping,train
623011,data,124.83570765056163,125.91670111852694,1,3,3,146.83166389813528,3.329770563201687,30.70819111482666,0.7606056073988443,1.0,leptonic_bookkeeping,train
54559,data,124.83570765056163,125.91670111852694,1,3,3,146.83166389813528,3.329770563201687,30.70819111482666,0.7606056073988443,1.0,leptonic_bookkeeping,train
247459,data,124.83570765056163,125.91670111852694,1,3,3,146.83166389813528,3.329770563201687,30.70819111482666,0.7606056073988443,1.0,leptonic_bookkeeping,train
177411,data,124.83570765056163,125.91670111852694,1,3,3,146.83166389813528,3.329770563201687,30.70819111482666,0.7606056073988443,1.0,leptonic_bookkeeping,train
23911,data,124.83570765056163,125.91670111852694,1,3,3,146.83166389813528,3.329770563201687,30.70819111482666,0.7606056073988443,1.0,leptonic_bookkeeping,train
546070,data,124.83570765056163,125.91670111852694,1,3,3,146.83166389813528,3.329770563201687,30.70819111482666,0.7606056073988443,1.0,leptonic_bookkeeping,test
60556,data,124.83570765056163,125.91670111852694,1,3,3,146.83166389813528,3.329770563201687,30.70819111482666,0.7606056073988443,1.0,leptonic_bookkeeping,test
452181,data,124.83570765056163,125.91670111852694,1,3,3,146.83166389813528,3.329770563201687,30.70819111482666,0.7606056073988443,1.0,leptonic_bookkeeping,test
351214,data,124.83570765056163,125.91670111852694,1,3,3,146.83166389813528,3.329770563201687,30.70819111482666,0.7606056073988443,1.0,leptonic_bookkeeping,train
972114,data,124.83570765056163,125.91670111852694,1,3,3,146.83166389813528,3.329770563201687,30.70819111482666,0.7606056073988443,1.0,leptonic_bookkeeping,train
152109,data,124.83570765056163,125.91670111852694,1,3,3,146.83166389813528,3.329770563201687,30.70819111482666,0.7606056073988443,1.0,leptonic_bookkeeping,validation
78007,data,124.83570765056163,125.91670111852694,1,3,3,146.83166389813528,3.329770563201687,30.70819111482666,0.7606056073988443,1.0,leptonic_bookkeeping,train
344875,data,124.83570765056163,125.91670111852694,1,3,3,146.83166389813528,3.329770563201687,30.70819111482666,0.7606056073988443,1.0,leptonic_bookkeeping,train
221369,data,124.83570765056163,125.91670111852694,1,3,3,146.83166389813528,3.329770563201687,30.70819111482666,0.7606056073988443,1.0,leptonic_bookkeeping,train
850616,data,124.83570765056163,125.91670111852694,1,3,3,146.83166389813528,3.329770563201687,30.70819111482666,0.7606056073988443,1.0,leptonic_bookkeeping,train
735513,data,124.83570765056163,125.91670111852694,1,3,3,146.83166389813528,3.329770563201687,30.70819111482666,0.7606056073988443,1.0,leptonic_bookkeeping,train
371580,data,124.83570765056163,125.91670111852694,1,3,3,146.83166389813528,3.329770563201687,30.70819111482666,0.7606056073988443,1.0,leptonic_bookkeeping,train
687823,data,124.83570765056163,125.91670111852694,1,3,3,146.83166389813528,3.329770563201687,30.70819111482666,0.7606056073988443,1.0,leptonic_bookkeeping,validation
475519,data,124.83570765056163,125.91670111852694,1,3,3,146.83166389813528,3.329770563201687,30.70819111482666,0.7606056073988443,1.0,leptonic_bookkeeping,train
585845,data,124.83570765056163,125.91670111852694,1,3,3,146.83166389813528,3.329770563201687,30.70819111482666,0.7606056073988443,1.0,leptonic_bookkeeping,test
622245,data,124.83570765056163,125.91670111852694,1,3,3,146.83166389813528,3.329770563201687,30.70819111482666,0.7606056073988443,1.0,leptonic_bookkeeping,train
67755,data,124.83570765056163,125.91670111852694,1,3,3,146.83166389813528,3.329770563201687,30.70819111482666,0.7606056073988443,1.0,leptonic_bookkeeping,train
95533,data,124.83570765056163,125.91670111852694,1,3,3,146.83166389813528,3.329770563201687,30.70819111482666,0.7606056073988443,1.0,leptonic_bookkeeping,train
16865,data,124.83570765056163,125.91670111852694,1,3,3,146.83166389813528,3.329770563201687,30.70819111482666,0.7606056073988443,1.0,leptonic_bookkeeping,validation
402673,data,124.83570765056163,125.91670111852694,1,3,3,146.83166389813528,3.329770563201687,30.70819111482666,0.7606056073988443,1.0,leptonic_bookkeeping,train
313451,data,124.83570765056163,125.91670111852694,1,3,3,146.83166389813528,3.329770563201687,30.70819111482666,0.7606056073988443,1.0,leptonic_bookkeeping,train
75999,data,124.83570765056163,125.91670111852694,1,3,3,146.83166389813528,3.329770563201687,30.70819111482666,0.7606056073988443,1.0,leptonic_bookkeeping,train
43628,data,124.83570765056163,125.91670111852694,1,3,3,146.83166389813528,3.329770563201687,30.70819111482666,0.7606056073988443,1.0,leptonic_bookkeeping,train
757683,data,124.83570765056163,125.91670111852694,1,3,3,146.83166389813528,3.329770563201687,30.70819111482666,0.7606056073988443,1.0,leptonic_bookkeeping,train
145148,data,124.83570765056163,125.91670111852694,1,3,3,146.83166389813528,3.329770563201687,30.70819111482666,0.7606056073988443,1.0,leptonic_bookkeeping,train
126216,data,124.83570765056163,125.91670111852694,1,3,3,146.83166389813528,3.329770563201687,30.70819111482666,0.7606056073988443,1.0,leptonic_bookkeeping,train
442233,data,124.83570765056163,125.91670111852694,1,3,3,146.83166389813528,3.329770563201687,30.70819111482666,0.7606056073988443,1.0,leptonic_bookkeeping,test
568984,data,124.83570765056163,125.91670111852694,1,3,3,146.83166389813528,3.329770563201687,30.70819111482666,0.7606056073988443,1.0,leptonic_bookkeeping,train
355171,data,124.83570765056163,125.91670111852694,1,3,3,146.83166389813528,3.329770563201687,30.70819111482666,0.7606056073988443,1.0,leptonic_bookkeeping,train
443925,data,124.83570765056163,125.91670111852694,1,3,3,146.83166389813528,3.329770563201687,30.70819111482666,0.7606056073988443,1.0,leptonic_bookkeeping,train
665714,data,124.83570765056163,125.91670111852694,1,3,3,146.83166389813528,3.329770563201687,30.70819111482666,0.7606056073988443,1.0,leptonic_bookkeeping,train
597663,data,124.83570765056163,125.91670111852694,1,3,3,146.83166389813528,3.329770563201687,30.70819111482666,0.7606056073988443,1.0,leptonic_bookkeeping,test
498837,data,124.83570765056163,125.91670111852694,1,3,3,146.83166389813528,3.329770563201687,30.70819111482666,0.7606056073988443,1.0,leptonic_bookkeeping,train
855666,data,124.83570765056163,125.91670111852694,1,3,3,146.83166389813528,3.329770563201687,30.70819111482666,0.7606056073988443,1.0,leptonic_bookkeeping,test
879612,data,124.83570765056163,125.91670111852694,1,3,3,146.83166389813528,3.329770563201687,30.70819111482666,0.7606056073988443,1.0,leptonic_bookkeeping,train
230717,data,124.83570765056163,125.91670111852694,1,3,3,146.83166389813528,3.329770563201687,30.70819111482666,0.7606056073988443,1.0,leptonic_bookkeeping,train
866666,data,124.83570765056163,125.91670111852694,1,3,3,146.83166389813528,3.329770563201687,30.70819111482666,0.7606056073988443,1.0,leptonic_bookkeeping,train
564740,data,124.83570765056163,125.91670111852694,1,3,3,146.83166389813528,3.329770563201687,30.70819111482666,0.7606056073988443,1.0,leptonic_bookkeeping,validation
681371,data,124.83570765056163,125.91670111852694,1,3,3,146.83166389813528,3.329770563201687,30.70819111482666,0.7606056073988443,1.0,leptonic_bookkeeping,train
453254,data,124.83570765056163,125.91670111852694,1,3,3,146.83166389813528,3.329770563201687,30.70819111482666,0.7606056073988443,1.0,leptonic_bookkeeping,test
65251,data,124.83570765056163,125.91670111852694,1,3,3,146.83166389813528,3.329770563201687,30.70819111482666,0.7606056073988443,1.0,leptonic_bookkeeping,train
71294,data,124.83570765056163,125.91670111852694,1,3,3,146.83166389813528,3.329770563201687,30.70819111482666,0.7606056073988443,1.0,leptonic_bookkeeping,test
739089,data,124.83570765056163,125.91670111852694,1,3,3,146.83166389813528,3.329770563201687,30.70819111482666,0.7606056073988443,1.0,leptonic_bookkeeping,validation
577141,data,124.83570765056163,125.91670111852694,1,3,3,146.83166389813528,3.329770563201687,30.70819111482666,0.7606056073988443,1.0,leptonic_bookkeeping,test
907534,data,124.83570765056163,125.91670111852694,1,3,3,146.83166389813528,3.329770563201687,30.70819111482666,0.7606056073988443,1.0,leptonic_bookkeeping,train
611094,data,124.83570765056163,125.91670111852694,1,3,3,146.83166389813528,3.329770563201687,30.70819111482666,0.7606056073988443,1.0,leptonic_bookkeeping,train
437037,data,124.83570765056163,125.91670111852694,1,3,3,146.83166389813528,3.329770563201687,30.70819111482666,0.7606056073988443,1.0,leptonic_bookkeeping,train
856746,data,124.83570765056163,125.91670111852694,1,3,3,146.83166389813528,3.329770563201687,30.70819111482666,0.7606056073988443,1.0,leptonic_bookkeeping,train
179934,data,124.83570765056163,125.91670111852694,1,3,3,146.83166389813528,3.329770563201687,30.70819111482666,0.7606056073988443,1.0,leptonic_bookkeeping,train
214988,data,124.83570765056163,125.91670111852694,1,3,3,146.83166389813528,3.329770563201687,30.70819111482666,0.7606056073988443,1.0,leptonic_bookkeeping,test
61141,data,124.83570765056163,125.91670111852694,1,3,3,146.83166389813528,3.329770563201687,30.70819111482666,0.7606056073988443,1.0,leptonic_bookkeeping,test
88090,data,124.83570765056163,125.91670111852694,1,3,3,146.83166389813528,3.329770563201687,30.70819111482666,0.7606056073988443,1.0,leptonic_bookkeeping,train
622317,data,124.83570765056163,125.91670111852694,1,3,3,146.83166389813528,3.329770563201687,30.70819111482666,0.7606056073988443,1.0,leptonic_bookkeeping,train
910809,data,124.83570765056163,125.91670111852694,1,3,3,146.83166389813528,3.329770563201687,30.70819111482666,0.7606056073988443,1.0,leptonic_bookkeeping,train
892785,data,124.83570765056163,125.91670111852694,1,3,3,146.83166389813528,3.329770563201687,30.70819111482666,0.7606056073988443,1.0,leptonic_bookkeeping,validation
734851,data,124.83570765056163,125.91670111852694,1,3,3,146.83166389813528,3.329770563201687,30.70819111482666,0.7606056073988443,1.0,leptonic_bookkeeping,train
711441,data,124.83570765056163,125.91670111852694,1,3,3,146.83166389813528,3.329770563201687,30.70819111482666,0.7606056073988443,1.0,leptonic_bookkeeping,train
870712,data,124.83570765056163,125.91670111852694,1,3,3,146.83166389813528,3.329770563201687,30.70819111482666,0.7606056073988443,1.0,leptonic_bookkeeping,train
801170,data,124.83570765056163,125.91670111852694,1,3,3,146.83166389813528,3.329770563201687,30.70819111482666,0.7606056073988443,1.0,leptonic_bookkeeping,validation
760753,data,124.83570765056163,125.91670111852694,1,3,3,146.83166389813528,3.329770563201687,30.70819111482666,0.7606056073988443,1.0,leptonic_bookkeeping,validation
962254,data,124.83570765056163,125.91670111852694,1,3,3,146.83166389813528,3.329770563201687,30.70819111482666,0.7606056073988443,1.0,leptonic_bookkeeping,train
115853,data,124.83570765056163,125.91670111852694,1,3,3,146.83166389813528,3.329770563201687,30.70819111482666,0.7606056073988443,1.0,leptonic_bookkeeping,train
441656,data,124.83570765056163,125.91670111852694,1,3,3,146.83166389813528,3.329770563201687,30.70819111482666,0.7606056073988443,1.0,leptonic_bookkeeping,test
96337,data,124.83570765056163,125.91670111852694,1,3,3,146.83166389813528,3.329770563201687,30.70819111482666,0.7606056073988443,1.0,leptonic_bookkeeping,train
759513,data,124.83570765056163,125.91670111852694,1,3,3,146.83166389813528,3.329770563201687,30.70819111482666,0.7606056073988443,1.0,leptonic_bookkeeping,validation
920022,data,124.83570765056163,125.91670111852694,1,3,3,146.83166389813528,3.329770563201687,30.70819111482666,0.7606056073988443,1.0,leptonic_bookkeeping,train
359841,data,124.83570765056163,125.91670111852694,1,3,3,146.83166389813528,3.329770563201687,30.70819111482666,0.7606056073988443,1.0,leptonic_bookkeeping,test
581435,data,124.83570765056163,125.91670111852694,1,3,3,146.83166389813528,3.329770563201687,30.70819111482666,0.7606056073988443,1.0,leptonic_bookkeeping,train
922499,data,124.83570765056163,125.91670111852694,1,3,3,146.83166389813528,3.329770563201687,30.70819111482666,0.7606056073988443,1.0,leptonic_bookkeeping,train
688728,data,124.83570765056163,125.91670111852694,1,3,3,146.83166389813528,3.329770563201687,30.70819111482666,0.7606056073988443,1.0,leptonic_bookkeeping,test
762949,data,124.83570765056163,125.91670111852694,1,3,3,146.83166389813528,3.329770563201687,30.70819111482666,0.7606056073988443,1.0,leptonic_bookkeeping,train
783611,data,124.83570765056163,125.91670111852694,1,3,3,146.83166389813528,3.329770563201687,30.70819111482666,0.7606056073988443,1.0,leptonic_bookkeeping,train
942713,data,124.83570765056163,125.91670111852694,1,3,3,146.83166389813528,3.329770563201687,30.70819111482666,0.7606056073988443,1.0,leptonic_bookkeeping,train
93041,data,124.83570765056163,125.91670111852694,1,3,3,146.83166389813528,3.329770563201687,30.70819111482666,0.7606056073988443,1.0,leptonic_bookkeeping,train
704863,data,124.83570765056163,125.91670111852694,1,3,3,146.83166389813528,3.329770563201687,30.70819111482666,0.7606056073988443,1.0,leptonic_bookkeeping,train
316488,data,124.83570765056163,125.91670111852694,1,3,3,146.83166389813528,3.329770563201687,30.70819111482666,0.7606056073988443,1.0,leptonic_bookkeeping,validation
589471,data,124.83570765056163,125.91670111852694,1,3,3,146.83166389813528,3.329770563201687,30.70819111482666,0.7606056073988443,1.0,leptonic_bookkeeping,train
875343,data,124.83570765056163,125.91670111852694,1,3,3,146.83166389813528,3.329770563201687,30.70819111482666,0.7606056073988443,1.0,leptonic_bookkeeping,test
679073,data,124.83570765056163,125.91670111852694,1,3,3,146.83166389813528,3.329770563201687,30.70819111482666,0.7606056073988443,1.0,leptonic_bookkeeping,test
101533,data,124.83570765056163,125.91670111852694,1,3,3,146.83166389813528,3.329770563201687,30.70819111482666,0.7606056073988443,1.0,leptonic_bookkeeping,test
15122,data,124.83570765056163,125.91670111852694,1,3,3,146.83166389813528,3.329770563201687,30.70819111482666,0.7606056073988443,1.0,leptonic_bookkeeping,train
989406,data,124.83570765056163,125.91670111852694,1,3,3,146.83166389813528,3.329770563201687,30.70819111482666,0.7606056073988443,1.0,leptonic_bookkeeping,test
820458,data,124.83570765056163,125.91670111852694,1,3,3,146.83166389813528,3.329770563201687,30.70819111482666,0.7606056073988443,1.0,leptonic_bookkeeping,train
120526,data,124.83570765056163,125.91670111852694,1,3,3,146.83166389813528,3.329770563201687,30.70819111482666,0.7606056073988443,1.0,leptonic_bookkeeping,validation
274414,data,124.83570765056163,125.91670111852694,1,3,3,146.83166389813528,3.329770563201687,30.70819111482666,0.7606056073988443,1.0,leptonic_bookkeeping,validation
311756,data,124.83570765056163,125.91670111852694,1,3,3,146.83166389813528,3.329770563201687,30.70819111482666,0.7606056073988443,1.0,leptonic_bookkeeping,train
226348,data,124.83570765056163,125.91670111852694,1,3,3,146.83166389813528,3.329770563201687,30.70819111482666,0.7606056073988443,1.0,leptonic_bookkeeping,test
914421,data,124.83570765056163,125.91670111852694,1,3,3,146.83166389813528,3.329770563201687,30.70819111482666,0.7606056073988443,1.0,leptonic_bookkeeping,validation
961707,data,124.83570765056163,125.91670111852694,1,3,3,146.83166389813528,3.329770563201687,30.70819111482666,0.7606056073988443,1.0,leptonic_bookkeeping,train
734476,data,124.83570765056163,125.91670111852694,1,3,3,146.83166389813528,3.329770563201687,30.70819111482666,0.7606056073988443,1.0,leptonic_bookkeeping,train
527679,data,124.83570765056163,125.91670111852694,1,3,3,146.83166389813528,3.329770563201687,30.70819111482666,0.7606056073988443,1.0,leptonic_bookkeeping,train
59470,data,124.83570765056163,125.91670111852694,1,3,3,146.83166389813528,3.329770563201687,30.70819111482666,0.7606056073988443,1.0,leptonic_bookkeeping,validation
706341,data,124.83570765056163,125.91670111852694,1,3,3,146.83166389813528,3.329770563201687,30.70819111482666,0.7606056073988443,1.0,leptonic_bookkeeping,train
168623,data,124.83570765056163,125.91670111852694,1,3,3,146.83166389813528,3.329770563201687,30.70819111482666,0.7606056073988443,1.0,leptonic_bookkeeping,train
94173,data,124.83570765056163,125.91670111852694,1,3,3,146.83166389813528,3.329770563201687,30.70819111482666,0.7606056073988443,1.0,leptonic_bookkeeping,train
230545,data,124.83570765056163,125.91670111852694,1,3,3,146.83166389813528,3.329770563201687,30.70819111482666,0.7606056073988443,1.0,leptonic_bookkeeping,train
871093,data,124.83570765056163,125.91670111852694,1,3,3,146.83166389813528,3.329770563201687,30.70819111482666,0.7606056073988443,1.0,leptonic_bookkeeping,train
111433,data,124.83570765056163,125.91670111852694,1,3,3,146.83166389813528,3.329770563201687,30.70819111482666,0.7606056073988443,1.0,leptonic_bookkeeping,test
6654,data,124.83570765056163,125.91670111852694,1,3,3,146.83166389813528,3.329770563201687,30.70819111482666,0.7606056073988443,1.0,leptonic_bookkeeping,validation
367598,data,124.83570765056163,125.91670111852694,1,3,3,146.83166389813528,3.329770563201687,30.70819111482666,0.7606056073988443,1.0,leptonic_bookkeeping,validation
482072,data,124.83570765056163,125.91670111852694,1,3,3,146.83166389813528,3.329770563201687,30.70819111482666,0.7606056073988443,1.0,leptonic_bookkeeping,validation
541139,data,124.83570765056163,125.91670111852694,1,3,3,146.83166389813528,3.329770563201687,30.70819111482666,0.7606056073988443,1.0,leptonic_bookkeeping,train
265620,data,124.83570765056163,125.91670111852694,1,3,3,146.83166389813528,3.329770563201687,30.70819111482666,0.7606056073988443,1.0,leptonic_bookkeeping,validation
663262,data,124.83570765056163,125.91670111852694,1,3,3,146.83166389813528,3.329770563201687,30.70819111482666,0.7606056073988443,1.0,leptonic_bookkeeping,train
295946,data,124.83570765056163,125.91670111852694,1,3,3,146.83166389813528,3.329770563201687,30.70819111482666,0.7606056073988443,1.0,leptonic_bookkeeping,validation
416821,data,124.83570765056163,125.91670111852694,1,3,3,146.83166389813528,3.329770563201687,30.70819111482666,0.7606056073988443,1.0,leptonic_bookkeeping,train
516834,data,124.83570765056163,125.91670111852694,1,3,3,146.83166389813528,3.329770563201687,30.70819111482666,0.7606056073988443,1.0,leptonic_bookkeeping,train
446997,data,124.83570765056163,125.91670111852694,1,3,3,146.83166389813528,3.329770563201687,30.70819111482666,0.7606056073988443,1.0,leptonic_bookkeeping,train
85959,data,124.83570765056163,125.91670111852694,1,3,3,146.83166389813528,3.329770563201687,30.70819111482666,0.7606056073988443,1.0,leptonic_bookkeeping,train
180132,data,124.83570765056163,125.91670111852694,1,3,3,146.83166389813528,3.329770563201687,30.70819111482666,0.7606056073988443,1.0,leptonic_bookkeeping,train
489396,data,124.83570765056163,125.91670111852694,1,3,3,146.83166389813528,3.329770563201687,30.70819111482666,0.7606056073988443,1.0,leptonic_bookkeeping,train
505768,data,124.83570765056163,125.91670111852694,1,3,3,146.83166389813528,3.329770563201687,30.70819111482666,0.7606056073988443,1.0,leptonic_bookkeeping,train
474879,data,124.83570765056163,125.91670111852694,1,3,3,146.83166389813528,3.329770563201687,30.70819111482666,0.7606056073988443,1.0,leptonic_bookkeeping,train
679004,data,124.83570765056163,125.91670111852694,1,3,3,146.83166389813528,3.329770563201687,30.70819111482666,0.7606056073988443,1.0,leptonic_bookkeeping,test
295397,data,124.83570765056163,125.91670111852694,1,3,3,146.83166389813528,3.329770563201687,30.70819111482666,0.7606056073988443,1.0,leptonic_bookkeeping,validation
698665,data,124.83570765056163,125.91670111852694,1,3,3,146.83166389813528,3.329770563201687,30.70819111482666,0.7606056073988443,1.0,leptonic_bookkeeping,validation
923374,data,124.83570765056163,125.91670111852694,1,3,3,146.83166389813528,3.329770563201687,30.70819111482666,0.7606056073988443,1.0,leptonic_bookkeeping,train
117035,data,124.83570765056163,125.91670111852694,1,3,3,146.83166389813528,3.329770563201687,30.70819111482666,0.7606056073988443,1.0,leptonic_bookkeeping,train
469311,data,124.83570765056163,125.91670111852694,1,3,3,146.83166389813528,3.329770563201687,30.70819111482666,0.7606056073988443,1.0,leptonic_bookkeeping,train
60980,data,124.83570765056163,125.91670111852694,1,3,3,146.83166389813528,3.329770563201687,30.70819111482666,0.7606056073988443,1.0,leptonic_bookkeeping,test
488675,data,124.83570765056163,125.91670111852694,1,3,3,146.83166389813528,3.329770563201687,30.70819111482666,0.7606056073988443,1.0,leptonic_bookkeeping,train
51787,data,124.83570765056163,125.91670111852694,1,3,3,146.83166389813528,3.329770563201687,30.70819111482666,0.7606056073988443,1.0,leptonic_bookkeeping,train
873711,data,124.83570765056163,125.91670111852694,1,3,3,146.83166389813528,3.329770563201687,30.70819111482666,0.7606056073988443,1.0,leptonic_bookkeeping,validation
29926,data,124.83570765056163,125.91670111852694,1,3,3,146.83166389813528,3.329770563201687,30.70819111482666,0.7606056073988443,1.0,leptonic_bookkeeping,test
697984,data,124.83570765056163,125.91670111852694,1,3,3,146.83166389813528,3.329770563201687,30.70819111482666,0.7606056073988443,1.0,leptonic_bookkeeping,validation
259851,data,124.83570765056163,125.91670111852694,1,3,3,146.83166389813528,3.329770563201687,30.70819111482666,0.7606056073988443,1.0,leptonic_bookkeeping,train
361008,data,124.83570765056163,125.91670111852694,1,3,3,146.83166389813528,3.329770563201687,30.70819111482666,0.7606056073988443,1.0,leptonic_bookkeeping,train
639818,data,124.83570765056163,125.91670111852694,1,3,3,146.83166389813528,3.329770563201687,30.70819111482666,0.7606056073988443,1.0,leptonic_bookkeeping,train
417962,data,124.83570765056163,125.91670111852694,1,3,3,146.83166389813528,3.329770563201687,30.70819111482666,0.7606056073988443,1.0,leptonic_bookkeeping,train
204356,data,124.83570765056163,125.91670111852694,1,3,3,146.83166389813528,3.329770563201687,30.70819111482666,0.7606056073988443,1.0,leptonic_bookkeeping,test
410457,data,124.83570765056163,125.91670111852694,1,3,3,146.83166389813528,3.329770563201687,30.70819111482666,0.7606056073988443,1.0,leptonic_bookkeeping,test
645407,data,124.83570765056163,125.91670111852694,1,3,3,146.83166389813528,3.329770563201687,30.70819111482666,0.7606056073988443,1.0,leptonic_bookkeeping,validation
702485,data,124.83570765056163,125.91670111852694,1,3,3,146.83166389813528,3.329770563201687,30.70819111482666,0.7606056073988443,1.0,leptonic_bookkeeping,train
390737,data,124.83570765056163,125.91670111852694,1,3,3,146.83166389813528,3.329770563201687,30.70819111482666,0.7606056073988443,1.0,leptonic_bookkeeping,test
73813,data,124.83570765056163,125.91670111852694,1,3,3,146.83166389813528,3.329770563201687,30.70819111482666,0.7606056073988443,1.0,leptonic_bookkeeping,train
28154,data,124.83570765056163,125.91670111852694,1,3,3,146.83166389813528,3.329770563201687,30.70819111482666,0.7606056073988443,1.0,leptonic_bookkeeping,validation
641894,data,124.83570765056163,125.91670111852694,1,3,3,146.83166389813528,3.329770563201687,30.70819111482666,0.7606056073988443,1.0,leptonic_bookkeeping,train
234111,data,124.83570765056163,125.91670111852694,1,3,3,146.83166389813528,3.329770563201687,30.70819111482666,0.7606056073988443,1.0,leptonic_bookkeeping,validation
995651,data,124.83570765056163,125.91670111852694,1,3,3,146.83166389813528,3.329770563201687,30.70819111482666,0.7606056073988443,1.0,leptonic_bookkeeping,train
309648,data,124.83570765056163,125.91670111852694,1,3,3,146.83166389813528,3.329770563201687,30.70819111482666,0.7606056073988443,1.0,leptonic_bookkeeping,train
78542,data,124.83570765056163,125.91670111852694,1,3,3,146.83166389813528,3.329770563201687,30.70819111482666,0.7606056073988443,1.0,leptonic_bookkeeping,validation
425955,data,124.83570765056163,125.91670111852694,1,3,3,146.83166389813528,3.329770563201687,30.70819111482666,0.7606056073988443,1.0,leptonic_bookkeeping,train
529039,data,124.83570765056163,125.91670111852694,1,3,3,146.83166389813528,3.329770563201687,30.70819111482666,0.7606056073988443,1.0,leptonic_bookkeeping,train
138712,data,124.83570765056163,125.91670111852694,1,3,3,146.83166389813528,3.329770563201687,30.70819111482666,0.7606056073988443,1.0,leptonic_bookkeeping,train
612913,data,124.83570765056163,125.91670111852694,1,3,3,146.83166389813528,3.329770563201687,30.70819111482666,0.7606056073988443,1.0,leptonic_bookkeeping,train
366881,data,124.83570765056163,125.91670111852694,1,3,3,146.83166389813528,3.329770563201687,30.70819111482666,0.7606056073988443,1.0,leptonic_bookkeeping,train
653825,data,124.83570765056163,125.91670111852694,1,3,3,146.83166389813528,3.329770563201687,30.70819111482666,0.7606056073988443,1.0,leptonic_bookkeeping,train
790653,data,124.83570765056163,125.91670111852694,1,3,3,146.83166389813528,3.329770563201687,30.70819111482666,0.7606056073988443,1.0,leptonic_bookkeeping,validation
695162,data,124.83570765056163,125.91670111852694,1,3,3,146.83166389813528,3.329770563201687,30.70819111482666,0.7606056073988443,1.0,leptonic_bookkeeping,train
241632,data,124.83570765056163,125.91670111852694,1,3,3,146.83166389813528,3.329770563201687,30.70819111482666,0.7606056073988443,1.0,leptonic_bookkeeping,train
563566,data,124.83570765056163,125.91670111852694,1,3,3,146.83166389813528,3.329770563201687,30.70819111482666,0.7606056073988443,1.0,leptonic_bookkeeping,validation
910448,data,124.83570765056163,125.91670111852694,1,3,3,146.83166389813528,3.329770563201687,30.70819111482666,0.7606056073988443,1.0,leptonic_bookkeeping,train
385486,data,124.83570765056163,125.91670111852694,1,3,3,146.83166389813528,3.329770563201687,30.70819111482666,0.7606056073988443,1.0,leptonic_bookkeeping,train
576050,data,124.83570765056163,125.91670111852694,1,3,3,146.83166389813528,3.329770563201687,30.70819111482666,0.7606056073988443,1.0,leptonic_bookkeeping,test
940030,data,124.83570765056163,125.91670111852694,1,3,3,146.83166389813528,3.329770563201687,30.70819111482666,0.7606056073988443,1.0,leptonic_bookkeeping,train
743778,data,124.83570765056163,125.91670111852694,1,3,3,146.83166389813528,3.329770563201687,30.70819111482666,0.7606056073988443,1.0,leptonic_bookkeeping,train
336322,data,124.83570765056163,125.91670111852694,1,3,3,146.83166389813528,3.329770563201687,30.70819111482666,0.7606056073988443,1.0,leptonic_bookkeeping,validation
570964,data,124.83570765056163,125.91670111852694,1,3,3,146.83166389813528,3.329770563201687,30.70819111482666,0.7606056073988443,1.0,leptonic_bookkeeping,train
218058,data,124.83570765056163,125.91670111852694,1,3,3,146.83166389813528,3.329770563201687,30.70819111482666,0.7606056073988443,1.0,leptonic_bookkeeping,train
368108,data,124.83570765056163,125.91670111852694,1,3,3,146.83166389813528,3.329770563201687,30.70819111482666,0.7606056073988443,1.0,leptonic_bookkeeping,validation
238671,data,124.83570765056163,125.91670111852694,1,3,3,146.83166389813528,3.329770563201687,30.70819111482666,0.7606056073988443,1.0,leptonic_bookkeeping,train
844642,data,124.83570765056163,125.91670111852694,1,3,3,146.83166389813528,3.329770563201687,30.70819111482666,0.7606056073988443,1.0,leptonic_bookkeeping,test
275517,data,124.83570765056163,125.91670111852694,1,3,3,146.83166389813528,3.329770563201687,30.70819111482666,0.7606056073988443,1.0,leptonic_bookkeeping,validation
158312,data,124.83570765056163,125.91670111852694,1,3,3,146.83166389813528,3.329770563201687,30.70819111482666,0.7606056073988443,1.0,leptonic_bookkeeping,train
586000,data,124.83570765056163,125.91670111852694,1,3,3,146.83166389813528,3.329770563201687,30.70819111482666,0.7606056073988443,1.0,leptonic_bookkeeping,test
432270,data,124.83570765056163,125.91670111852694,1,3,3,146.83166389813528,3.329770563201687,30.70819111482666,0.7606056073988443,1.0,leptonic_bookkeeping,test
621660,data,124.83570765056163,125.91670111852694,1,3,3,146.83166389813528,3.329770563201687,30.70819111482666,0.7606056073988443,1.0,leptonic_bookkeeping,train
93828,data,124.83570765056163,125.91670111852694,1,3,3,146.83166389813528,3.329770563201687,30.70819111482666,0.7606056073988443,1.0,leptonic_bookkeeping,train
476798,data,124.83570765056163,125.91670111852694,1,3,3,146.83166389813528,3.329770563201687,30.70819111482666,0.7606056073988443,1.0,leptonic_bookkeeping,train
67102,data,124.83570765056163,125.91670111852694,1,3,3,146.83166389813528,3.329770563201687,30.70819111482666,0.7606056073988443,1.0,leptonic_bookkeeping,train
136898,data,124.83570765056163,125.91670111852694,1,3,3,146.83166389813528,3.329770563201687,30.70819111482666,0.7606056073988443,1.0,leptonic_bookkeeping,train
791141,data,124.83570765056163,125.91670111852694,1,3,3,146.83166389813528,3.329770563201687,30.70819111482666,0.7606056073988443,1.0,leptonic_bookkeeping,validation
646712,data,124.83570765056163,125.91670111852694,1,3,3,146.83166389813528,3.329770563201687,30.70819111482666,0.7606056073988443,1.0,leptonic_bookkeeping,validation
513783,data,124.83570765056163,125.91670111852694,1,3,3,146.83166389813528,3.329770563201687,30.70819111482666,0.7606056073988443,1.0,leptonic_bookkeeping,test
463562,data,124.83570765056163,125.91670111852694,1,3,3,146.83166389813528,3.329770563201687,30.70819111482666,0.7606056073988443,1.0,leptonic_bookkeeping,test
287952,data,124.83570765056163,125.91670111852694,1,3,3,146.83166389813528,3.329770563201687,30.70819111482666,0.7606056073988443,1.0,leptonic_bookkeeping,test
390017,data,124.83570765056163,125.91670111852694,1,3,3,146.83166389813528,3.329770563201687,30.70819111482666,0.7606056073988443,1.0,leptonic_bookkeeping,test
449770,data,124.83570765056163,125.91670111852694,1,3,3,146.83166389813528,3.329770563201687,30.70819111482666,0.7606056073988443,1.0,leptonic_bookkeeping,validation
770147,data,124.83570765056163,125.91670111852694,1,3,3,146.83166389813528,3.329770563201687,30.70819111482666,0.7606056073988443,1.0,leptonic_bookkeeping,validation
72980,data,124.83570765056163,125.91670111852694,1,3,3,146.83166389813528,3.329770563201687,30.70819111482666,0.7606056073988443,1.0,leptonic_bookkeeping,train
584088,data,124.83570765056163,125.91670111852694,1,3,3,146.83166389813528,3.329770563201687,30.70819111482666,0.7606056073988443,1.0,leptonic_bookkeeping,validation
719962,data,124.83570765056163,125.91670111852694,1,3,3,146.83166389813528,3.329770563201687,30.70819111482666,0.7606056073988443,1.0,leptonic_bookkeeping,test
943643,data,124.83570765056163,125.91670111852694,1,3,3,146.83166389813528,3.329770563201687,30.70819111482666,0.7606056073988443,1.0,leptonic_bookkeeping,train
394544,data,124.83570765056163,125.91670111852694,1,3,3,146.83166389813528,3.329770563201687,30.70819111482666,0.7606056073988443,1.0,leptonic_bookkeeping,train
393191,data,124.83570765056163,125.91670111852694,1,3,3,146.83166389813528,3.329770563201687,30.70819111482666,0.7606056073988443,1.0,leptonic_bookkeeping,train
112893,data,124.83570765056163,125.91670111852694,1,3,3,146.83166389813528,3.329770563201687,30.70819111482666,0.7606056073988443,1.0,leptonic_bookkeeping,test
598933,data,124.83570765056163,125.91670111852694,1,3,3,146.83166389813528,3.329770563201687,30.70819111482666,0.7606056073988443,1.0,leptonic_bookkeeping,train
420594,data,124.83570765056163,125.91670111852694,1,3,3,146.83166389813528,3.329770563201687,30.70819111482666,0.7606056073988443,1.0,leptonic_bookkeeping,validation
427113,data,124.83570765056163,125.91670111852694,1,3,3,146.83166389813528,3.329770563201687,30.70819111482666,0.7606056073988443,1.0,leptonic_bookkeeping,train
154368,data,124.83570765056163,125.91670111852694,1,3,3,146.83166389813528,3.329770563201687,30.70819111482666,0.7606056073988443,1.0,leptonic_bookkeeping,test
884554,data,124.83570765056163,125.91670111852694,1,3,3,146.83166389813528,3.329770563201687,30.70819111482666,0.7606056073988443,1.0,leptonic_bookkeeping,test
558805,data,124.83570765056163,125.91670111852694,1,3,3,146.83166389813528,3.329770563201687,30.70819111482666,0.7606056073988443,1.0,leptonic_bookkeeping,train
234204,data,124.83570765056163,125.91670111852694,1,3,3,146.83166389813528,3.329770563201687,30.70819111482666,0.7606056073988443,1.0,leptonic_bookkeeping,validation
911897,data,124.83570765056163,125.91670111852694,1,3,3,146.83166389813528,3.329770563201687,30.70819111482666,0.7606056073988443,1.0,leptonic_bookkeeping,train
753269,data,124.83570765056163,125.91670111852694,1,3,3,146.83166389813528,3.329770563201687,30.70819111482666,0.7606056073988443,1.0,leptonic_bookkeeping,train
338160,data,124.83570765056163,125.91670111852694,1,3,3,146.83166389813528,3.329770563201687,30.70819111482666,0.7606056073988443,1.0,leptonic_bookkeeping,test
675936,data,124.83570765056163,125.91670111852694,1,3,3,146.83166389813528,3.329770563201687,30.70819111482666,0.7606056073988443,1.0,leptonic_bookkeeping,train
232855,data,124.83570765056163,125.91670111852694,1,3,3,146.83166389813528,3.329770563201687,30.70819111482666,0.7606056073988443,1.0,leptonic_bookkeeping,train
145795,data,124.83570765056163,125.91670111852694,1,3,3,146.83166389813528,3.329770563201687,30.70819111482666,0.7606056073988443,1.0,leptonic_bookkeeping,train
919449,data,124.83570765056163,125.91670111852694,1,3,3,146.83166389813528,3.329770563201687,30.70819111482666,0.7606056073988443,1.0,leptonic_bookkeeping,train
933048,data,124.83570765056163,125.91670111852694,1,3,3,146.83166389813528,3.329770563201687,30.70819111482666,0.7606056073988443,1.0,leptonic_bookkeeping,train
891828,data,124.83570765056163,125.91670111852694,1,3,3,146.83166389813528,3.329770563201687,30.70819111482666,0.7606056073988443,1.0,leptonic_bookkeeping,train
652059,data,124.83570765056163,125.91670111852694,1,3,3,146.83166389813528,3.329770563201687,30.70819111482666,0.7606056073988443,1.0,leptonic_bookkeeping,train
598881,data,124.83570765056163,125.91670111852694,1,3,3,146.83166389813528,3.329770563201687,30.70819111482666,0.7606056073988443,1.0,leptonic_bookkeeping,train
947851,data,124.83570765056163,125.91670111852694,1,3,3,146.83166389813528,3.329770563201687,30.70819111482666,0.7606056073988443,1.0,leptonic_bookkeeping,test
270796,data,124.83570765056163,125.91670111852694,1,3,3,146.83166389813528,3.329770563201687,30.70819111482666,0.7606056073988443,1.0,leptonic_bookkeeping,train
422818,data,124.83570765056163,125.91670111852694,1,3,3,146.83166389813528,3.329770563201687,30.70819111482666,0.7606056073988443,1.0,leptonic_bookkeeping,train
545953,data,124.83570765056163,125.91670111852694,1,3,3,146.83166389813528,3.329770563201687,30.70819111482666,0.7606056073988443,1.0,leptonic_bookkeeping,test
796999,data,124.83570765056163,125.91670111852694,1,3,3,146.83166389813528,3.329770563201687,30.70819111482666,0.7606056073988443,1.0,leptonic_bookkeeping,train
528574,data,124.83570765056163,125.91670111852694,1,3,3,146.83166389813528,3.329770563201687,30.70819111482666,0.7606056073988443,1.0,leptonic_bookkeeping,train
599935,data,124.83570765056163,125.91670111852694,1,3,3,146.83166389813528,3.329770563201687,30.70819111482666,0.7606056073988443,1.0,leptonic_bookkeeping,train
290437,data,124.83570765056163,125.91670111852694,1,3,3,146.83166389813528,3.329770563201687,30.70819111482666,0.7606056073988443,1.0,leptonic_bookkeeping,train
757638,data,124.83570765056163,125.91670111852694,1,3,3,146.83166389813528,3.329770563201687,30.70819111482666,0.7606056073988443,1.0,leptonic_bookkeeping,train
99807,data,124.83570765056163,125.91670111852694,1,3,3,146.83166389813528,3.329770563201687,30.70819111482666,0.7606056073988443,1.0,leptonic_bookkeeping,validation
735970,data,124.83570765056163,125.91670111852694,1,3,3,146.83166389813528,3.329770563201687,30.70819111482666,0.7606056073988443,1.0,leptonic_bookkeeping,train
320084,data,124.83570765056163,125.91670111852694,1,3,3,146.83166389813528,3.329770563201687,30.70819111482666,0.7606056073988443,1.0,leptonic_bookkeeping,train
44451,data,124.83570765056163,125.91670111852694,1,3,3,146.83166389813528,3.329770563201687,30.70819111482666,0.7606056073988443,1.0,leptonic_bookkeeping,train
187715,data,124.83570765056163,125.91670111852694,1,3,3,146.83166389813528,3.329770563201687,30.70819111482666,0.7606056073988443,1.0,leptonic_bookkeeping,train
345271,data,124.83570765056163,125.91670111852694,1,3,3,146.83166389813528,3.329770563201687,30.70819111482666,0.7606056073988443,1.0,leptonic_bookkeeping,train
228957,data,124.83570765056163,125.91670111852694,1,3,3,146.83166389813528,3.329770563201687,30.70819111482666,0.7606056073988443,1.0,leptonic_bookkeeping,train
980268,data,124.83570765056163,125.91670111852694,1,3,3,146.83166389813528,3.329770563201687,30.70819111482666,0.7606056073988443,1.0,leptonic_bookkeeping,train
669337,data,124.83570765056163,125.91670111852694,1,3,3,146.83166389813528,3.329770563201687,30.70819111482666,0.7606056073988443,1.0,leptonic_bookkeeping,test
308284,data,124.83570765056163,125.91670111852694,1,3,3,146.83166389813528,3.329770563201687,30.70819111482666,0.7606056073988443,1.0,leptonic_bookkeeping,test
588584,data,124.83570765056163,125.91670111852694,1,3,3,146.83166389813528,3.329770563201687,30.70819111482666,0.7606056073988443,1.0,leptonic_bookkeeping,train
816953,data,124.83570765056163,125.91670111852694,1,3,3,146.83166389813528,3.329770563201687,30.70819111482666,0.7606056073988443,1.0,leptonic_bookkeeping,train
108839,data,124.83570765056163,125.91670111852694,1,3,3,146.83166389813528,3.329770563201687,30.70819111482666,0.7606056073988443,1.0,leptonic_bookkeeping,train
591817,data,124.83570765056163,125.91670111852694,1,3,3,146.83166389813528,3.329770563201687,30.70819111482666,0.7606056073988443,1.0,leptonic_bookkeeping,train
93775,data,124.83570765056163,125.91670111852694,1,3,3,146.83166389813528,3.329770563201687,30.70819111482666,0.7606056073988443,1.0,leptonic_bookkeeping,train
597398,data,124.83570765056163,125.91670111852694,1,3,3,146.83166389813528,3.329770563201687,30.70819111482666,0.7606056073988443,1.0,leptonic_bookkeeping,test
514204,data,124.83570765056163,125.91670111852694,1,3,3,146.83166389813528,3.329770563201687,30.70819111482666,0.7606056073988443,1.0,leptonic_bookkeeping,test
112405,data,124.83570765056163,125.91670111852694,1,3,3,146.83166389813528,3.329770563201687,30.70819111482666,0.7606056073988443,1.0,leptonic_bookkeeping,test
568566,data,124.83570765056163,125.91670111852694,1,3,3,146.83166389813528,3.329770563201687,30.70819111482666,0.7606056073988443,1.0,leptonic_bookkeeping,train
784699,data,124.83570765056163,125.91670111852694,1,3,3,146.83166389813528,3.329770563201687,30.70819111482666,0.7606056073988443,1.0,leptonic_bookkeeping,train
401924,data,124.83570765056163,125.91670111852694,1,3,3,146.83166389813528,3.329770563201687,30.70819111482666,0.7606056073988443,1.0,leptonic_bookkeeping,test
134416,data,124.83570765056163,125.91670111852694,1,3,3,146.83166389813528,3.329770563201687,30.70819111482666,0.7606056073988443,1.0,leptonic_bookkeeping,train
994836,data,124.83570765056163,125.91670111852694,1,3,3,146.83166389813528,3.329770563201687,30.70819111482666,0.7606056073988443,1.0,leptonic_bookkeeping,train
11566,data,124.83570765056163,125.91670111852694,1,3,3,146.83166389813528,3.329770563201687,30.70819111482666,0.7606056073988443,1.0,leptonic_bookkeeping,train
135294,data,124.83570765056163,125.91670111852694,1,3,3,146.83166389813528,3.329770563201687,30.70819111482666,0.7606056073988443,1.0,leptonic_bookkeeping,train
109956,data,124.83570765056163,125.91670111852694,1,3,3,146.83166389813528,3.329770563201687,30.70819111482666,0.7606056073988443,1.0,leptonic_bookkeeping,validation
206377,data,124.83570765056163,125.91670111852694,1,3,3,146.83166389813528,3.329770563201687,30.70819111482666,0.7606056073988443,1.0,leptonic_bookkeeping,train
879871,data,124.83570765056163,125.91670111852694,1,3,3,146.83166389813528,3.329770563201687,30.70819111482666,0.7606056073988443,1.0,leptonic_bookkeeping,train
771579,data,124.83570765056163,125.91670111852694,1,3,3,146.83166389813528,3.329770563201687,30.70819111482666,0.7606056073988443,1.0,leptonic_bookkeeping,test
275052,data,124.83570765056163,125.91670111852694,1,3,3,146.83166389813528,3.329770563201687,30.70819111482666,0.7606056073988443,1.0,leptonic_bookkeeping,validation
820365,data,124.83570765056163,125.91670111852694,1,3,3,146.83166389813528,3.329770563201687,30.70819111482666,0.7606056073988443,1.0,leptonic_bookkeeping,train
823985,data,124.83570765056163,125.91670111852694,1,3,3,146.83166389813528,3.329770563201687,30.70819111482666,0.7606056073988443,1.0,leptonic_bookkeeping,test
813549,data,124.83570765056163,125.91670111852694,1,3,3,146.83166389813528,3.329770563201687,30.70819111482666,0.7606056073988443,1.0,leptonic_bookkeeping,test
583394,data,124.83570765056163,125.91670111852694,1,3,3,146.83166389813528,3.329770563201687,30.70819111482666,0.7606056073988443,1.0,leptonic_bookkeeping,train
300746,data,124.83570765056163,125.91670111852694,1,3,3,146.83166389813528,3.329770563201687,30.70819111482666,0.7606056073988443,1.0,leptonic_bookkeeping,train
569020,data,124.83570765056163,125.91670111852694,1,3,3,146.83166389813528,3.329770563201687,30.70819111482666,0.7606056073988443,1.0,leptonic_bookkeeping,train
133138,data,124.83570765056163,125.91670111852694,1,3,3,146.83166389813528,3.329770563201687,30.70819111482666,0.7606056073988443,1.0,leptonic_bookkeeping,test
201783,data,124.83570765056163,125.91670111852694,1,3,3,146.83166389813528,3.329770563201687,30.70819111482666,0.7606056073988443,1.0,leptonic_bookkeeping,train
504678,data,124.83570765056163,125.91670111852694,1,3,3,146.83166389813528,3.329770563201687,30.70819111482666,0.7606056073988443,1.0,leptonic_bookkeeping,test
292620,data,124.83570765056163,125.91670111852694,1,3,3,146.83166389813528,3.329770563201687,30.70819111482666,0.7606056073988443,1.0,leptonic_bookkeeping,train
294799,data,124.83570765056163,125.91670111852694,1,3,3,146.83166389813528,3.329770563201687,30.70819111482666,0.7606056073988443,1.0,leptonic_bookkeeping,train
638251,data,124.83570765056163,125.91670111852694,1,3,3,146.83166389813528,3.329770563201687,30.70819111482666,0.7606056073988443,1.0,leptonic_bookkeeping,test
151905,data,124.83570765056163,125.91670111852694,1,3,3,146.83166389813528,3.329770563201687,30.70819111482666,0.7606056073988443,1.0,leptonic_bookkeeping,validation
964737,data,124.83570765056163,125.91670111852694,1,3,3,146.83166389813528,3.329770563201687,30.70819111482666,0.7606056073988443,1.0,leptonic_bookkeeping,train
543653,data,124.83570765056163,125.91670111852694,1,3,3,146.83166389813528,3.329770563201687,30.70819111482666,0.7606056073988443,1.0,leptonic_bookkeeping,validation
731322,data,124.83570765056163,125.91670111852694,1,3,3,146.83166389813528,3.329770563201687,30.70819111482666,0.7606056073988443,1.0,leptonic_bookkeeping,test
207392,data,124.83570765056163,125.91670111852694,1,3,3,146.83166389813528,3.329770563201687,30.70819111482666,0.7606056073988443,1.0,leptonic_bookkeeping,train
351729,data,124.83570765056163,125.91670111852694,1,3,3,146.83166389813528,3.329770563201687,30.70819111482666,0.7606056073988443,1.0,leptonic_bookkeeping,train
831888,data,124.83570765056163,125.91670111852694,1,3,3,146.83166389813528,3.329770563201687,30.70819111482666,0.7606056073988443,1.0,leptonic_bookkeeping,validation
438626,data,124.83570765056163,125.91670111852694,1,3,3,146.83166389813528,3.329770563201687,30.70819111482666,0.7606056073988443,1.0,leptonic_bookkeeping,train
254399,data,124.83570765056163,125.91670111852694,1,3,3,146.83166389813528,3.329770563201687,30.70819111482666,0.7606056073988443,1.0,leptonic_bookkeeping,validation
626520,data,124.83570765056163,125.91670111852694,1,3,3,146.83166389813528,3.329770563201687,30.70819111482666,0.7606056073988443,1.0,leptonic_bookkeeping,validation
552314,data,124.83570765056163,125.91670111852694,1,3,3,146.83166389813528,3.329770563201687,30.70819111482666,0.7606056073988443,1.0,leptonic_bookkeeping,train
304192,data,124.83570765056163,125.91670111852694,1,3,3,146.83166389813528,3.329770563201687,30.70819111482666,0.7606056073988443,1.0,leptonic_bookkeeping,train
234525,data,124.83570765056163,125.91670111852694,1,3,3,146.83166389813528,3.329770563201687,30.70819111482666,0.7606056073988443,1.0,leptonic_bookkeeping,validation
278157,data,124.83570765056163,125.91670111852694,1,3,3,146.83166389813528,3.329770563201687,30.70819111482666,0.7606056073988443,1.0,leptonic_bookkeeping,test
601525,data,124.83570765056163,125.91670111852694,1,3,3,146.83166389813528,3.329770563201687,30.70819111482666,0.7606056073988443,1.0,leptonic_bookkeeping,train
541030,data,124.83570765056163,125.91670111852694,1,3,3,146.83166389813528,3.329770563201687,30.70819111482666,0.7606056073988443,1.0,leptonic_bookkeeping,train
398125,data,124.83570765056163,125.91670111852694,1,3,3,146.83166389813528,3.329770563201687,30.70819111482666,0.7606056073988443,1.0,leptonic_bookkeeping,validation
785300,data,124.83570765056163,125.91670111852694,1,3,3,146.83166389813528,3.329770563201687,30.70819111482666,0.7606056073988443,1.0,leptonic_bookkeeping,train
794117,data,124.83570765056163,125.91670111852694,1,3,3,146.83166389813528,3.329770563201687,30.70819111482666,0.7606056073988443,1.0,leptonic_bookkeeping,train
380236,data,124.83570765056163,125.91670111852694,1,3,3,146.83166389813528,3.329770563201687,30.70819111482666,0.7606056073988443,1.0,leptonic_bookkeeping,test
877543,data,124.83570765056163,125.91670111852694,1,3,3,146.83166389813528,3.329770563201687,30.70819111482666,0.7606056073988443,1.0,leptonic_bookkeeping,train
821367,data,124.83570765056163,125.91670111852694,1,3,3,146.83166389813528,3.329770563201687,30.70819111482666,0.7606056073988443,1.0,leptonic_bookkeeping,validation
492184,data,124.83570765056163,125.91670111852694,1,3,3,146.83166389813528,3.329770563201687,30.70819111482666,0.7606056073988443,1.0,leptonic_bookkeeping,validation
41387,data,124.83570765056163,125.91670111852694,1,3,3,146.83166389813528,3.329770563201687,30.70819111482666,0.7606056073988443,1.0,leptonic_bookkeeping,train
722817,data,124.83570765056163,125.91670111852694,1,3,3,146.83166389813528,3.329770563201687,30.70819111482666,0.7606056073988443,1.0,leptonic_bookkeeping,train
749794,data,124.83570765056163,125.91670111852694,1,3,3,146.83166389813528,3.329770563201687,30.70819111482666,0.7606056073988443,1.0,leptonic_bookkeeping,validation
583958,data,124.83570765056163,125.91670111852694,1,3,3,146.83166389813528,3.329770563201687,30.70819111482666,0.7606056073988443,1.0,leptonic_bookkeeping,validation
92388,data,124.83570765056163,125.91670111852694,1,3,3,146.83166389813528,3.329770563201687,30.70819111482666,0.7606056073988443,1.0,leptonic_bookkeeping,test
833039,data,124.83570765056163,125.91670111852694,1,3,3,146.83166389813528,3.329770563201687,30.70819111482666,0.7606056073988443,1.0,leptonic_bookkeeping,test
106595,data,124.83570765056163,125.91670111852694,1,3,3,146.83166389813528,3.329770563201687,30.70819111482666,0.7606056073988443,1.0,leptonic_bookkeeping,train
970352,data,124.83570765056163,125.91670111852694,1,3,3,146.83166389813528,3.329770563201687,30.70819111482666,0.7606056073988443,1.0,leptonic_bookkeeping,train
865164,data,124.83570765056163,125.91670111852694,1,3,3,146.83166389813528,3.329770563201687,30.70819111482666,0.7606056073988443,1.0,leptonic_bookkeeping,test
362804,data,124.83570765056163,125.91670111852694,1,3,3,146.83166389813528,3.329770563201687,30.70819111482666,0.7606056073988443,1.0,leptonic_bookkeeping,train
424220,data,124.83570765056163,125.91670111852694,1,3,3,146.83166389813528,3.329770563201687,30.70819111482666,0.7606056073988443,1.0,leptonic_bookkeeping,train
663048,data,124.83570765056163,125.91670111852694,1,3,3,146.83166389813528,3.329770563201687,30.70819111482666,0.7606056073988443,1.0,leptonic_bookkeeping,train
310225,data,124.83570765056163,125.91670111852694,1,3,3,146.83166389813528,3.329770563201687,30.70819111482666,0.7606056073988443,1.0,leptonic_bookkeeping,train
639327,data,124.83570765056163,125.91670111852694,1,3,3,146.83166389813528,3.329770563201687,30.70819111482666,0.7606056073988443,1.0,leptonic_bookkeeping,train
888451,data,124.83570765056163,125.91670111852694,1,3,3,146.83166389813528,3.329770563201687,30.70819111482666,0.7606056073988443,1.0,leptonic_bookkeeping,train
884646,data,124.83570765056163,125.91670111852694,1,3,3,146.83166389813528,3.329770563201687,30.70819111482666,0.7606056073988443,1.0,leptonic_bookkeeping,test
514242,data,124.83570765056163,125.91670111852694,1,3,3,146.83166389813528,3.329770563201687,30.70819111482666,0.7606056073988443,1.0,leptonic_bookkeeping,test
959956,data,124.83570765056163,125.91670111852694,1,3,3,146.83166389813528,3.329770563201687,30.70819111482666,0.7606056073988443,1.0,leptonic_bookkeeping,train
471119,data,124.83570765056163,125.91670111852694,1,3,3,146.83166389813528,3.329770563201687,30.70819111482666,0.7606056073988443,1.0,leptonic_bookkeeping,validation
952526,data,124.83570765056163,125.91670111852694,1,3,3,146.83166389813528,3.329770563201687,30.70819111482666,0.7606056073988443,1.0,leptonic_bookkeeping,train
229331,data,124.83570765056163,125.91670111852694,1,3,3,146.83166389813528,3.329770563201687,30.70819111482666,0.7606056073988443,1.0,leptonic_bookkeeping,train
847698,data,124.83570765056163,125.91670111852694,1,3,3,146.83166389813528,3.329770563201687,30.70819111482666,0.7606056073988443,1.0,leptonic_bookkeeping,train
3542,data,124.83570765056163,125.91670111852694,1,3,3,146.83166389813528,3.329770563201687,30.70819111482666,0.7606056073988443,1.0,leptonic_bookkeeping,train
497240,data,124.83570765056163,125.91670111852694,1,3,3,146.83166389813528,3.329770563201687,30.70819111482666,0.7606056073988443,1.0,leptonic_bookkeeping,train
675617,data,124.83570765056163,125.91670111852694,1,3,3,146.83166389813528,3.329770563201687,30.70819111482666,0.7606056073988443,1.0,leptonic_bookkeeping,train
418139,data,124.83570765056163,125.91670111852694,1,3,3,146.83166389813528,3.329770563201687,30.70819111482666,0.7606056073988443,1.0,leptonic_bookkeeping,train
300537,data,124.83570765056163,125.91670111852694,1,3,3,146.83166389813528,3.329770563201687,30.70819111482666,0.7606056073988443,1.0,leptonic_bookkeeping,train
687165,data,124.83570765056163,125.91670111852694,1,3,3,146.83166389813528,3.329770563201687,30.70819111482666,0.7606056073988443,1.0,leptonic_bookkeeping,validation
322988,data,124.83570765056163,125.91670111852694,1,3,3,146.83166389813528,3.329770563201687,30.70819111482666,0.7606056073988443,1.0,leptonic_bookkeeping,train
648906,data,124.83570765056163,125.91670111852694,1,3,3,146.83166389813528,3.329770563201687,30.70819111482666,0.7606056073988443,1.0,leptonic_bookkeeping,test
357864,data,124.83570765056163,125.91670111852694,1,3,3,146.83166389813528,3.329770563201687,30.70819111482666,0.7606056073988443,1.0,leptonic_bookkeeping,validation
444840,data,124.83570765056163,125.91670111852694,1,3,3,146.83166389813528,3.329770563201687,30.70819111482666,0.7606056073988443,1.0,leptonic_bookkeeping,train
912264,data,124.83570765056163,125.91670111852694,1,3,3,146.83166389813528,3.329770563201687,30.70819111482666,0.7606056073988443,1.0,leptonic_bookkeeping,train
745988,data,124.83570765056163,125.91670111852694,1,3,3,146.83166389813528,3.329770563201687,30.70819111482666,0.7606056073988443,1.0,leptonic_bookkeeping,train
376778,data,124.83570765056163,125.91670111852694,1,3,3,146.83166389813528,3.329770563201687,30.70819111482666,0.7606056073988443,1.0,leptonic_bookkeeping,train
69337,data,124.83570765056163,125.91670111852694,1,3,3,146.83166389813528,3.329770563201687,30.70819111482666,0.7606056073988443,1.0,leptonic_bookkeeping,validation
267081,data,124.83570765056163,125.91670111852694,1,3,3,146.83166389813528,3.329770563201687,30.70819111482666,0.7606056073988443,1.0,leptonic_bookkeeping,test
828741,data,124.83570765056163,125.91670111852694,1,3,3,146.83166389813528,3.329770563201687,30.70819111482666,0.7606056073988443,1.0,leptonic_bookkeeping,train
767443,data,124.83570765056163,125.91670111852694,1,3,3,146.83166389813528,3.329770563201687,30.70819111482666,0.7606056073988443,1.0,leptonic_bookkeeping,train
389747,data,124.83570765056163,125.91670111852694,1,3,3,146.83166389813528,3.329770563201687,30.70819111482666,0.7606056073988443,1.0,leptonic_bookkeeping,test
121708,data,124.83570765056163,125.91670111852694,1,3,3,146.83166389813528,3.329770563201687,30.70819111482666,0.7606056073988443,1.0,leptonic_bookkeeping,test
671201,data,124.83570765056163,125.91670111852694,1,3,3,146.83166389813528,3.329770563201687,30.70819111482666,0.7606056073988443,1.0,leptonic_bookkeeping,train
144518,data,124.83570765056163,125.91670111852694,1,3,3,146.83166389813528,3.329770563201687,30.70819111482666,0.7606056073988443,1.0,leptonic_bookkeeping,train
957626,data,124.83570765056163,125.91670111852694,1,3,3,146.83166389813528,3.329770563201687,30.70819111482666,0.7606056073988443,1.0,leptonic_bookkeeping,test
71587,data,124.83570765056163,125.91670111852694,1,3,3,146.83166389813528,3.329770563201687,30.70819111482666,0.7606056073988443,1.0,leptonic_bookkeeping,test
496932,data,124.83570765056163,125.91670111852694,1,3,3,146.83166389813528,3.329770563201687,30.70819111482666,0.7606056073988443,1.0,leptonic_bookkeeping,train
887073,data,124.83570765056163,125.91670111852694,1,3,3,146.83166389813528,3.329770563201687,30.70819111482666,0.7606056073988443,1.0,leptonic_bookkeeping,train
271524,data,124.83570765056163,125.91670111852694,1,3,3,146.83166389813528,3.329770563201687,30.70819111482666,0.7606056073988443,1.0,leptonic_bookkeeping,train
713827,data,124.83570765056163,125.91670111852694,1,3,3,146.83166389813528,3.329770563201687,30.70819111482666,0.7606056073988443,1.0,leptonic_bookkeeping,train
207033,data,124.83570765056163,125.91670111852694,1,3,3,146.83166389813528,3.329770563201687,30.70819111482666,0.7606056073988443,1.0,leptonic_bookkeeping,train
27825,data,124.83570765056163,125.91670111852694,1,3,3,146.83166389813528,3.329770563201687,30.70819111482666,0.7606056073988443,1.0,leptonic_bookkeeping,validation
438964,data,124.83570765056163,125.91670111852694,1,3,3,146.83166389813528,3.329770563201687,30.70819111482666,0.7606056073988443,1.0,leptonic_bookkeeping,train
795431,data,124.83570765056163,125.91670111852694,1,3,3,146.83166389813528,3.329770563201687,30.70819111482666,0.7606056073988443,1.0,leptonic_bookkeeping,train
998541,data,124.83570765056163,125.91670111852694,1,3,3,146.83166389813528,3.329770563201687,30.70819111482666,0.7606056073988443,1.0,leptonic_bookkeeping,test
798314,data,124.83570765056163,125.91670111852694,1,3,3,146.83166389813528,3.329770563201687,30.70819111482666,0.7606056073988443,1.0,leptonic_bookkeeping,train
486116,data,124.83570765056163,125.91670111852694,1,3,3,146.83166389813528,3.329770563201687,30.70819111482666,0.7606056073988443,1.0,leptonic_bookkeeping,train
377311,data,124.83570765056163,125.91670111852694,1,3,3,146.83166389813528,3.329770563201687,30.70819111482666,0.7606056073988443,1.0,leptonic_bookkeeping,train
683564,data,124.83570765056163,125.91670111852694,1,3,3,146.83166389813528,3.329770563201687,30.70819111482666,0.7606056073988443,1.0,leptonic_bookkeeping,train
279008,data,124.83570765056163,125.91670111852694,1,3,3,146.83166389813528,3.329770563201687,30.70819111482666,0.7606056073988443,1.0,leptonic_bookkeeping,train
18530,data,124.83570765056163,125.91670111852694,1,3,3,146.83166389813528,3.329770563201687,30.70819111482666,0.7606056073988443,1.0,leptonic_bookkeeping,validation
565665,data,124.83570765056163,125.91670111852694,1,3,3,146.83166389813528,3.329770563201687,30.70819111482666,0.7606056073988443,1.0,leptonic_bookkeeping,test
578787,data,124.83570765056163,125.91670111852694,1,3,3,146.83166389813528,3.329770563201687,30.70819111482666,0.7606056073988443,1.0,leptonic_bookkeeping,train
970427,data,124.83570765056163,125.91670111852694,1,3,3,146.83166389813528,3.329770563201687,30.70819111482666,0.7606056073988443,1.0,leptonic_bookkeeping,train
624305,data,124.83570765056163,125.91670111852694,1,3,3,146.83166389813528,3.329770563201687,30.70819111482666,0.7606056073988443,1.0,leptonic_bookkeeping,train
667866,data,124.83570765056163,125.91670111852694,1,3,3,146.83166389813528,3.329770563201687,30.70819111482666,0.7606056073988443,1.0,leptonic_bookkeeping,validation
930677,data,124.83570765056163,125.91670111852694,1,3,3,146.83166389813528,3.329770563201687,30.70819111482666,0.7606056073988443,1.0,leptonic_bookkeeping,train
536747,data,124.83570765056163,125.91670111852694,1,3,3,146.83166389813528,3.329770563201687,30.70819111482666,0.7606056073988443,1.0,leptonic_bookkeeping,train
200026,data,124.83570765056163,125.91670111852694,1,3,3,146.83166389813528,3.329770563201687,30.70819111482666,0.7606056073988443,1.0,leptonic_bookkeeping,train
258911,data,124.83570765056163,125.91670111852694,1,3,3,146.83166389813528,3.329770563201687,30.70819111482666,0.7606056073988443,1.0,leptonic_bookkeeping,train
719374,data,124.83570765056163,125.91670111852694,1,3,3,146.83166389813528,3.329770563201687,30.70819111482666,0.7606056073988443,1.0,leptonic_bookkeeping,validation
2908,data,124.83570765056163,125.91670111852694,1,3,3,146.83166389813528,3.329770563201687,30.70819111482666,0.7606056073988443,1.0,leptonic_bookkeeping,train
750720,data,124.83570765056163,125.91670111852694,1,3,3,146.83166389813528,3.329770563201687,30.70819111482666,0.7606056073988443,1.0,leptonic_bookkeeping,test
87023,data,124.83570765056163,125.91670111852694,1,3,3,146.83166389813528,3.329770563201687,30.70819111482666,0.7606056073988443,1.0,leptonic_bookkeeping,train
537943,data,124.83570765056163,125.91670111852694,1,3,3,146.83166389813528,3.329770563201687,30.70819111482666,0.7606056073988443,1.0,leptonic_bookkeeping,train
105795,data,124.83570765056163,125.91670111852694,1,3,3,146.83166389813528,3.329770563201687,30.70819111482666,0.7606056073988443,1.0,leptonic_bookkeeping,train
178565,data,124.83570765056163,125.91670111852694,1,3,3,146.83166389813528,3.329770563201687,30.70819111482666,0.7606056073988443,1.0,leptonic_bookkeeping,train
998483,data,124.83570765056163,125.91670111852694,1,3,3,146.83166389813528,3.329770563201687,30.70819111482666,0.7606056073988443,1.0,leptonic_bookkeeping,test
172138,data,124.83570765056163,125.91670111852694,1,3,3,146.83166389813528,3.329770563201687,30.70819111482666,0.7606056073988443,1.0,leptonic_bookkeeping,validation
681565,data,124.83570765056163,125.91670111852694,1,3,3,146.83166389813528,3.329770563201687,30.70819111482666,0.7606056073988443,1.0,leptonic_bookkeeping,train
576400,data,124.83570765056163,125.91670111852694,1,3,3,146.83166389813528,3.329770563201687,30.70819111482666,0.7606056073988443,1.0,leptonic_bookkeeping,test
97433,data,124.83570765056163,125.91670111852694,1,3,3,146.83166389813528,3.329770563201687,30.70819111482666,0.7606056073988443,1.0,leptonic_bookkeeping,train
231050,data,124.83570765056163,125.91670111852694,1,3,3,146.83166389813528,3.329770563201687,30.70819111482666,0.7606056073988443,1.0,leptonic_bookkeeping,train
707728,data,124.83570765056163,125.91670111852694,1,3,3,146.83166389813528,3.329770563201687,30.70819111482666,0.7606056073988443,1.0,leptonic_bookkeeping,validation
128409,data,124.83570765056163,125.91670111852694,1,3,3,146.83166389813528,3.329770563201687,30.70819111482666,0.7606056073988443,1.0,leptonic_bookkeeping,train
757311,data,124.83570765056163,125.91670111852694,1,3,3,146.83166389813528,3.329770563201687,30.70819111482666,0.7606056073988443,1.0,leptonic_bookkeeping,train
400800,data,124.83570765056163,125.91670111852694,1,3,3,146.83166389813528,3.329770563201687,30.70819111482666,0.7606056073988443,1.0,leptonic_bookkeeping,test
918108,data,124.83570765056163,125.91670111852694,1,3,3,146.83166389813528,3.329770563201687,30.70819111482666,0.7606056073988443,1.0,leptonic_bookkeeping,train
923955,data,124.83570765056163,125.91670111852694,1,3,3,146.83166389813528,3.329770563201687,30.70819111482666,0.7606056073988443,1.0,leptonic_bookkeeping,validation
469179,data,124.83570765056163,125.91670111852694,1,3,3,146.83166389813528,3.329770563201687,30.70819111482666,0.7606056073988443,1.0,leptonic_bookkeeping,train
303936,data,124.83570765056163,125.91670111852694,1,3,3,146.83166389813528,3.329770563201687,30.70819111482666,0.7606056073988443,1.0,leptonic_bookkeeping,train
327187,data,124.83570765056163,125.91670111852694,1,3,3,146.83166389813528,3.329770563201687,30.70819111482666,0.7606056073988443,1.0,leptonic_bookkeeping,validation
773027,data,124.83570765056163,125.91670111852694,1,3,3,146.83166389813528,3.329770563201687,30.70819111482666,0.7606056073988443,1.0,leptonic_bookkeeping,test
336621,data,124.83570765056163,125.91670111852694,1,3,3,146.83166389813528,3.329770563201687,30.70819111482666,0.7606056073988443,1.0,leptonic_bookkeeping,validation
946875,data,124.83570765056163,125.91670111852694,1,3,3,146.83166389813528,3.329770563201687,30.70819111482666,0.7606056073988443,1.0,leptonic_bookkeeping,test
195337,data,124.83570765056163,125.91670111852694,1,3,3,146.83166389813528,3.329770563201687,30.70819111482666,0.7606056073988443,1.0,leptonic_bookkeeping,test
359428,data,124.83570765056163,125.91670111852694,1,3,3,146.83166389813528,3.329770563201687,30.70819111482666,0.7606056073988443,1.0,leptonic_bookkeeping,test
34949,data,124.83570765056163,125.91670111852694,1,3,3,146.83166389813528,3.329770563201687,30.70819111482666,0.7606056073988443,1.0,leptonic_bookkeeping,train
60929,data,124.83570765056163,125.91670111852694,1,3,3,146.83166389813528,3.329770563201687,30.70819111482666,0.7606056073988443,1.0,leptonic_bookkeeping,test
46106,data,124.83570765056163,125.91670111852694,1,3,3,146.83166389813528,3.329770563201687,30.70819111482666,0.7606056073988443,1.0,leptonic_bookkeeping,train
864781,data,124.83570765056163,125.91670111852694,1,3,3,146.83166389813528,3.329770563201687,30.70819111482666,0.7606056073988443,1.0,leptonic_bookkeeping,test
688099,data,124.83570765056163,125.91670111852694,1,3,3,146.83166389813528,3.329770563201687,30.70819111482666,0.7606056073988443,1.0,leptonic_bookkeeping,validation
282445,data,124.83570765056163,125.91670111852694,1,3,3,146.83166389813528,3.329770563201687,30.70819111482666,0.7606056073988443,1.0,leptonic_bookkeeping,train
755026,data,124.83570765056163,125.91670111852694,1,3,3,146.83166389813528,3.329770563201687,30.70819111482666,0.7606056073988443,1.0,leptonic_bookkeeping,train
843202,data,124.83570765056163,125.91670111852694,1,3,3,146.83166389813528,3.329770563201687,30.70819111482666,0.7606056073988443,1.0,leptonic_bookkeeping,validation
516375,data,124.83570765056163,125.91670111852694,1,3,3,146.83166389813528,3.329770563201687,30.70819111482666,0.7606056073988443,1.0,leptonic_bookkeeping,train
918295,data,124.83570765056163,125.91670111852694,1,3,3,146.83166389813528,3.329770563201687,30.70819111482666,0.7606056073988443,1.0,leptonic_bookkeeping,train
522914,data,124.83570765056163,125.91670111852694,1,3,3,146.83166389813528,3.329770563201687,30.70819111482666,0.7606056073988443,1.0,leptonic_bookkeeping,validation
480662,data,124.83570765056163,125.91670111852694,1,3,3,146.83166389813528,3.329770563201687,30.70819111482666,0.7606056073988443,1.0,leptonic_bookkeeping,validation
520953,data,124.83570765056163,125.91670111852694,1,3,3,146.83166389813528,3.329770563201687,30.70819111482666,0.7606056073988443,1.0,leptonic_bookkeeping,train
70005,data,124.83570765056163,125.91670111852694,1,3,3,146.83166389813528,3.329770563201687,30.70819111482666,0.7606056073988443,1.0,leptonic_bookkeeping,validation
332115,data,124.83570765056163,125.91670111852694,1,3,3,146.83166389813528,3.329770563201687,30.70819111482666,0.7606056073988443,1.0,leptonic_bookkeeping,train
850300,data,124.83570765056163,125.91670111852694,1,3,3,146.83166389813528,3.329770563201687,30.70819111482666,0.7606056073988443,1.0,leptonic_bookkeeping,train
272302,data,124.83570765056163,125.91670111852694,1,3,3,146.83166389813528,3.329770563201687,30.70819111482666,0.7606056073988443,1.0,leptonic_bookkeeping,train
397114,data,124.83570765056163,125.91670111852694,1,3,3,146.83166389813528,3.329770563201687,30.70819111482666,0.7606056073988443,1.0,leptonic_bookkeeping,train
890310,data,124.83570765056163,125.91670111852694,1,3,3,146.83166389813528,3.329770563201687,30.70819111482666,0.7606056073988443,1.0,leptonic_bookkeeping,train
46910,data,124.83570765056163,125.91670111852694,1,3,3,146.83166389813528,3.329770563201687,30.70819111482666,0.7606056073988443,1.0,leptonic_bookkeeping,train
318299,data,124.83570765056163,125.91670111852694,1,3,3,146.83166389813528,3.329770563201687,30.70819111482666,0.7606056073988443,1.0,leptonic_bookkeeping,test
998818,data,124.83570765056163,125.91670111852694,1,3,3,146.83166389813528,3.329770563201687,30.70819111482666,0.7606056073988443,1.0,leptonic_bookkeeping,test
523151,data,124.83570765056163,125.91670111852694,1,3,3,146.83166389813528,3.329770563201687,30.70819111482666,0.7606056073988443,1.0,leptonic_bookkeeping,validation
335255,data,124.83570765056163,125.91670111852694,1,3,3,146.83166389813528,3.329770563201687,30.70819111482666,0.7606056073988443,1.0,leptonic_bookkeeping,train
124969,data,124.83570765056163,125.91670111852694,1,3,3,146.83166389813528,3.329770563201687,30.70819111482666,0.7606056073988443,1.0,leptonic_bookkeeping,train
205844,data,124.83570765056163,125.91670111852694,1,3,3,146.83166389813528,3.329770563201687,30.70819111482666,0.7606056073988443,1.0,leptonic_bookkeeping,test
831188,data,124.83570765056163,125.91670111852694,1,3,3,146.83166389813528,3.329770563201687,30.70819111482666,0.7606056073988443,1.0,leptonic_bookkeeping,validation
973158,data,124.83570765056163,125.91670111852694,1,3,3,146.83166389813528,3.329770563201687,30.70819111482666,0.7606056073988443,1.0,leptonic_bookkeeping,train
86176,data,124.83570765056163,125.91670111852694,1,3,3,146.83166389813528,3.329770563201687,30.70819111482666,0.7606056073988443,1.0,leptonic_bookkeeping,train
653815,data,124.83570765056163,125.91670111852694,1,3,3,146.83166389813528,3.329770563201687,30.70819111482666,0.7606056073988443,1.0,leptonic_bookkeeping,train
581027,data,124.83570765056163,125.91670111852694,1,3,3,146.83166389813528,3.329770563201687,30.70819111482666,0.7606056073988443,1.0,leptonic_bookkeeping,train
371091,data,124.83570765056163,125.91670111852694,1,3,3,146.83166389813528,3.329770563201687,30.70819111482666,0.7606056073988443,1.0,leptonic_bookkeeping,test
407073,data,124.83570765056163,125.91670111852694,1,3,3,146.83166389813528,3.329770563201687,30.70819111482666,0.7606056073988443,1.0,leptonic_bookkeeping,train
287575,data,124.83570765056163,125.91670111852694,1,3,3,146.83166389813528,3.329770563201687,30.70819111482666,0.7606056073988443,1.0,leptonic_bookkeeping,test
976401,data,124.83570765056163,125.91670111852694,1,3,3,146.83166389813528,3.329770563201687,30.70819111482666,0.7606056073988443,1.0,leptonic_bookkeeping,validation
731477,data,124.83570765056163,125.91670111852694,1,3,3,146.83166389813528,3.329770563201687,30.70819111482666,0.7606056073988443,1.0,leptonic_bookkeeping,test
669597,data,124.83570765056163,125.91670111852694,1,3,3,146.83166389813528,3.329770563201687,30.70819111482666,0.7606056073988443,1.0,leptonic_bookkeeping,test
682744,data,124.83570765056163,125.91670111852694,1,3,3,146.83166389813528,3.329770563201687,30.70819111482666,0.7606056073988443,1.0,leptonic_bookkeeping,train
272717,data,124.83570765056163,125.91670111852694,1,3,3,146.83166389813528,3.329770563201687,30.70819111482666,0.7606056073988443,1.0,leptonic_bookkeeping,train
298229,data,124.83570765056163,125.91670111852694,1,3,3,146.83166389813528,3.329770563201687,30.70819111482666,0.7606056073988443,1.0,leptonic_bookkeeping,test
518923,data,124.83570765056163,125.91670111852694,1,3,3,146.83166389813528,3.329770563201687,30.70819111482666,0.7606056073988443,1.0,leptonic_bookkeeping,train
717817,data,124.83570765056163,125.91670111852694,1,3,3,146.83166389813528,3.329770563201687,30.70819111482666,0.7606056073988443,1.0,leptonic_bookkeeping,validation
523124,data,124.83570765056163,125.91670111852694,1,3,3,146.83166389813528,3.329770563201687,30.70819111482666,0.7606056073988443,1.0,leptonic_bookkeeping,validation
220658,data,124.83570765056163,125.91670111852694,1,3,3,146.83166389813528,3.329770563201687,30.70819111482666,0.7606056073988443,1.0,leptonic_bookkeeping,train
671674,data,124.83570765056163,125.91670111852694,1,3,3,146.83166389813528,3.329770563201687,30.70819111482666,0.7606056073988443,1.0,leptonic_bookkeeping,train
467286,data,124.83570765056163,125.91670111852694,1,3,3,146.83166389813528,3.329770563201687,30.70819111482666,0.7606056073988443,1.0,leptonic_bookkeeping,train
818780,data,124.83570765056163,125.91670111852694,1,3,3,146.83166389813528,3.329770563201687,30.70819111482666,0.7606056073988443,1.0,leptonic_bookkeeping,train
478359,data,124.83570765056163,125.91670111852694,1,3,3,146.83166389813528,3.329770563201687,30.70819111482666,0.7606056073988443,1.0,leptonic_bookkeeping,train
958054,data,124.83570765056163,125.91670111852694,1,3,3,146.83166389813528,3.329770563201687,30.70819111482666,0.7606056073988443,1.0,leptonic_bookkeeping,test
868773,data,124.83570765056163,125.91670111852694,1,3,3,146.83166389813528,3.329770563201687,30.70819111482666,0.7606056073988443,1.0,leptonic_bookkeeping,train
721187,data,124.83570765056163,125.91670111852694,1,3,3,146.83166389813528,3.329770563201687,30.70819111482666,0.7606056073988443,1.0,leptonic_bookkeeping,test
368127,data,124.83570765056163,125.91670111852694,1,3,3,146.83166389813528,3.329770563201687,30.70819111482666,0.7606056073988443,1.0,leptonic_bookkeeping,validation
507005,data,124.83570765056163,125.91670111852694,1,3,3,146.83166389813528,3.329770563201687,30.70819111482666,0.7606056073988443,1.0,leptonic_bookkeeping,train
334146,data,124.83570765056163,125.91670111852694,1,3,3,146.83166389813528,3.329770563201687,30.70819111482666,0.7606056073988443,1.0,leptonic_bookkeeping,train
830080,data,124.83570765056163,125.91670111852694,1,3,3,146.83166389813528,3.329770563201687,30.70819111482666,0.7606056073988443,1.0,leptonic_bookkeeping,train
291735,data,124.83570765056163,125.91670111852694,1,3,3,146.83166389813528,3.329770563201687,30.70819111482666,0.7606056073988443,1.0,leptonic_bookkeeping,train
961036,data,124.83570765056163,125.91670111852694,1,3,3,146.83166389813528,3.329770563201687,30.70819111482666,0.7606056073988443,1.0,leptonic_bookkeeping,train
91018,data,124.83570765056163,125.91670111852694,1,3,3,146.83166389813528,3.329770563201687,30.70819111482666,0.7606056073988443,1.0,leptonic_bookkeeping,test
455480,data,124.83570765056163,125.91670111852694,1,3,3,146.83166389813528,3.329770563201687,30.70819111482666,0.7606056073988443,1.0,leptonic_bookkeeping,train
548570,data,124.83570765056163,125.91670111852694,1,3,3,146.83166389813528,3.329770563201687,30.70819111482666,0.7606056073988443,1.0,leptonic_bookkeeping,train
487792,data,124.83570765056163,125.91670111852694,1,3,3,146.83166389813528,3.329770563201687,30.70819111482666,0.7606056073988443,1.0,leptonic_bookkeeping,train
977738,data,124.83570765056163,125.91670111852694,1,3,3,146.83166389813528,3.329770563201687,30.70819111482666,0.7606056073988443,1.0,leptonic_bookkeeping,test
911039,data,124.83570765056163,125.91670111852694,1,3,3,146.83166389813528,3.329770563201687,30.70819111482666,0.7606056073988443,1.0,leptonic_bookkeeping,train
526567,data,124.83570765056163,125.91670111852694,1,3,3,146.83166389813528,3.329770563201687,30.70819111482666,0.7606056073988443,1.0,leptonic_bookkeeping,train
672827,data,124.83570765056163,125.91670111852694,1,3,3,146.83166389813528,3.329770563201687,30.70819111482666,0.7606056073988443,1.0,leptonic_bookkeeping,train
493395,data,124.83570765056163,125.91670111852694,1,3,3,146.83166389813528,3.329770563201687,30.70819111482666,0.7606056073988443,1.0,leptonic_bookkeeping,test
78765,data,124.83570765056163,125.91670111852694,1,3,3,146.83166389813528,3.329770563201687,30.70819111482666,0.7606056073988443,1.0,leptonic_bookkeeping,validation
540666,data,124.83570765056163,125.91670111852694,1,3,3,146.83166389813528,3.329770563201687,30.70819111482666,0.7606056073988443,1.0,leptonic_bookkeeping,train
689645,data,124.83570765056163,125.91670111852694,1,3,3,146.83166389813528,3.329770563201687,30.70819111482666,0.7606056073988443,1.0,leptonic_bookkeeping,test
769722,data,124.83570765056163,125.91670111852694,1,3,3,146.83166389813528,3.329770563201687,30.70819111482666,0.7606056073988443,1.0,leptonic_bookkeeping,validation
830064,data,124.83570765056163,125.91670111852694,1,3,3,146.83166389813528,3.329770563201687,30.70819111482666,0.7606056073988443,1.0,leptonic_bookkeeping,train
713810,data,124.83570765056163,125.91670111852694,1,3,3,146.83166389813528,3.329770563201687,30.70819111482666,0.7606056073988443,1.0,leptonic_bookkeeping,train
172854,data,124.83570765056163,125.91670111852694,1,3,3,146.83166389813528,3.329770563201687,30.70819111482666,0.7606056073988443,1.0,leptonic_bookkeeping,validation
955728,data,124.83570765056163,125.91670111852694,1,3,3,146.83166389813528,3.329770563201687,30.70819111482666,0.7606056073988443,1.0,leptonic_bookkeeping,validation
837665,data,124.83570765056163,125.91670111852694,1,3,3,146.83166389813528,3.329770563201687,30.70819111482666,0.7606056073988443,1.0,leptonic_bookkeeping,train
447725,data,124.83570765056163,125.91670111852694,1,3,3,146.83166389813528,3.329770563201687,30.70819111482666,0.7606056073988443,1.0,leptonic_bookkeeping,train
103232,data,124.83570765056163,125.91670111852694,1,3,3,146.83166389813528,3.329770563201687,30.70819111482666,0.7606056073988443,1.0,leptonic_bookkeeping,train
784416,data,124.83570765056163,125.91670111852694,1,3,3,146.83166389813528,3.329770563201687,30.70819111482666,0.7606056073988443,1.0,leptonic_bookkeeping,train
473536,data,124.83570765056163,125.91670111852694,1,3,3,146.83166389813528,3.329770563201687,30.70819111482666,0.7606056073988443,1.0,leptonic_bookkeeping,test
420137,data,124.83570765056163,125.91670111852694,1,3,3,146.83166389813528,3.329770563201687,30.70819111482666,0.7606056073988443,1.0,leptonic_bookkeeping,validation
838858,data,124.83570765056163,125.91670111852694,1,3,3,146.83166389813528,3.329770563201687,30.70819111482666,0.7606056073988443,1.0,leptonic_bookkeeping,train
157579,data,124.83570765056163,125.91670111852694,1,3,3,146.83166389813528,3.329770563201687,30.70819111482666,0.7606056073988443,1.0,leptonic_bookkeeping,train
30842,data,124.83570765056163,125.91670111852694,1,3,3,146.83166389813528,3.329770563201687,30.70819111482666,0.7606056073988443,1.0,leptonic_bookkeeping,test
112743,data,124.83570765056163,125.91670111852694,1,3,3,146.83166389813528,3.329770563201687,30.70819111482666,0.7606056073988443,1.0,leptonic_bookkeeping,test
92024,data,124.83570765056163,125.91670111852694,1,3,3,146.83166389813528,3.329770563201687,30.70819111482666,0.7606056073988443,1.0,leptonic_bookkeeping,test
564311,data,124.83570765056163,125.91670111852694,1,3,3,146.83166389813528,3.329770563201687,30.70819111482666,0.7606056073988443,1.0,leptonic_bookkeeping,validation
16182,data,124.83570765056163,125.91670111852694,1,3,3,146.83166389813528,3.329770563201687,30.70819111482666,0.7606056073988443,1.0,leptonic_bookkeeping,train
393032,data,124.83570765056163,125.91670111852694,1,3,3,146.83166389813528,3.329770563201687,30.70819111482666,0.7606056073988443,1.0,leptonic_bookkeeping,train
563528,data,124.83570765056163,125.91670111852694,1,3,3,146.83166389813528,3.329770563201687,30.70819111482666,0.7606056073988443,1.0,leptonic_bookkeeping,validation
855131,data,124.83570765056163,125.91670111852694,1,3,3,146.83166389813528,3.329770563201687,30.70819111482666,0.7606056073988443,1.0,leptonic_bookkeeping,test
720773,data,124.83570765056163,125.91670111852694,1,3,3,146.83166389813528,3.329770563201687,30.70819111482666,0.7606056073988443,1.0,leptonic_bookkeeping,test
30653,data,124.83570765056163,125.91670111852694,1,3,3,146.83166389813528,3.329770563201687,30.70819111482666,0.7606056073988443,1.0,leptonic_bookkeeping,test
769478,data,124.83570765056163,125.91670111852694,1,3,3,146.83166389813528,3.329770563201687,30.70819111482666,0.7606056073988443,1.0,leptonic_bookkeeping,validation
365879,data,124.83570765056163,125.91670111852694,1,3,3,146.83166389813528,3.329770563201687,30.70819111482666,0.7606056073988443,1.0,leptonic_bookkeeping,train
336940,data,124.83570765056163,125.91670111852694,1,3,3,146.83166389813528,3.329770563201687,30.70819111482666,0.7606056073988443,1.0,leptonic_bookkeeping,validation
800781,data,124.83570765056163,125.91670111852694,1,3,3,146.83166389813528,3.329770563201687,30.70819111482666,0.7606056073988443,1.0,leptonic_bookkeeping,validation
13918,data,124.83570765056163,125.91670111852694,1,3,3,146.83166389813528,3.329770563201687,30.70819111482666,0.7606056073988443,1.0,leptonic_bookkeeping,train
762051,data,124.83570765056163,125.91670111852694,1,3,3,146.83166389813528,3.329770563201687,30.70819111482666,0.7606056073988443,1.0,leptonic_bookkeeping,test
321200,data,124.83570765056163,125.91670111852694,1,3,3,146.83166389813528,3.329770563201687,30.70819111482666,0.7606056073988443,1.0,leptonic_bookkeeping,train
660152,data,124.83570765056163,125.91670111852694,1,3,3,146.83166389813528,3.329770563201687,30.70819111482666,0.7606056073988443,1.0,leptonic_bookkeeping,train
292025,data,124.83570765056163,125.91670111852694,1,3,3,146.83166389813528,3.329770563201687,30.70819111482666,0.7606056073988443,1.0,leptonic_bookkeeping,train
128653,data,124.83570765056163,125.91670111852694,1,3,3,146.83166389813528,3.329770563201687,30.70819111482666,0.7606056073988443,1.0,leptonic_bookkeeping,train
787048,data,124.83570765056163,125.91670111852694,1,3,3,146.83166389813528,3.329770563201687,30.70819111482666,0.7606056073988443,1.0,leptonic_bookkeeping,train
578562,data,124.83570765056163,125.91670111852694,1,3,3,146.83166389813528,3.329770563201687,30.70819111482666,0.7606056073988443,1.0,leptonic_bookkeeping,train
338313,data,124.83570765056163,125.91670111852694,1,3,3,146.83166389813528,3.329770563201687,30.70819111482666,0.7606056073988443,1.0,leptonic_bookkeeping,test
74257,data,124.83570765056163,125.91670111852694,1,3,3,146.83166389813528,3.329770563201687,30.70819111482666,0.7606056073988443,1.0,leptonic_bookkeeping,train
594688,data,124.83570765056163,125.91670111852694,1,3,3,146.83166389813528,3.329770563201687,30.70819111482666,0.7606056073988443,1.0,leptonic_bookkeeping,validation
778708,data,124.83570765056163,125.91670111852694,1,3,3,146.83166389813528,3.329770563201687,30.70819111482666,0.7606056073988443,1.0,leptonic_bookkeeping,train
94103,data,124.83570765056163,125.91670111852694,1,3,3,146.83166389813528,3.329770563201687,30.70819111482666,0.7606056073988443,1.0,leptonic_bookkeeping,train
862528,data,124.83570765056163,125.91670111852694,1,3,3,146.83166389813528,3.329770563201687,30.70819111482666,0.7606056073988443,1.0,leptonic_bookkeeping,validation
482265,data,124.83570765056163,125.91670111852694,1,3,3,146.83166389813528,3.329770563201687,30.70819111482666,0.7606056073988443,1.0,leptonic_bookkeeping,validation
478740,data,124.83570765056163,125.91670111852694,1,3,3,146.83166389813528,3.329770563201687,30.70819111482666,0.7606056073988443,1.0,leptonic_bookkeeping,train
249833,data,124.83570765056163,125.91670111852694,1,3,3,146.83166389813528,3.329770563201687,30.70819111482666,0.7606056073988443,1.0,leptonic_bookkeeping,train
796317,data,124.83570765056163,125.91670111852694,1,3,3,146.83166389813528,3.329770563201687,30.70819111482666,0.7606056073988443,1.0,leptonic_bookkeeping,train
165012,data,124.83570765056163,125.91670111852694,1,3,3,146.83166389813528,3.329770563201687,30.70819111482666,0.7606056073988443,1.0,leptonic_bookkeeping,train
75721,data,124.83570765056163,125.91670111852694,1,3,3,146.83166389813528,3.329770563201687,30.70819111482666,0.7606056073988443,1.0,leptonic_bookkeeping,train
461172,data,124.83570765056163,125.91670111852694,1,3,3,146.83166389813528,3.329770563201687,30.70819111482666,0.7606056073988443,1.0,leptonic_bookkeeping,validation
557354,data,124.83570765056163,125.91670111852694,1,3,3,146.83166389813528,3.329770563201687,30.70819111482666,0.7606056073988443,1.0,leptonic_bookkeeping,train
259628,data,124.83570765056163,125.91670111852694,1,3,3,146.83166389813528,3.329770563201687,30.70819111482666,0.7606056073988443,1.0,leptonic_bookkeeping,train
8701,data,124.83570765056163,125.91670111852694,1,3,3,146.83166389813528,3.329770563201687,30.70819111482666,0.7606056073988443,1.0,leptonic_bookkeeping,test
99226,data,124.83570765056163,125.91670111852694,1,3,3,146.83166389813528,3.329770563201687,30.70819111482666,0.7606056073988443,1.0,leptonic_bookkeeping,validation
693851,data,124.83570765056163,125.91670111852694,1,3,3,146.83166389813528,3.329770563201687,30.70819111482666,0.7606056073988443,1.0,leptonic_bookkeeping,train
393067,data,124.83570765056163,125.91670111852694,1,3,3,146.83166389813528,3.329770563201687,30.70819111482666,0.7606056073988443,1.0,leptonic_bookkeeping,train
60615,data,124.83570765056163,125.91670111852694,1,3,3,146.83166389813528,3.329770563201687,30.70819111482666,0.7606056073988443,1.0,leptonic_bookkeeping,test
217452,data,124.83570765056163,125.91670111852694,1,3,3,146.83166389813528,3.329770563201687,30.70819111482666,0.7606056073988443,1.0,leptonic_bookkeeping,train
196241,data,124.83570765056163,125.91670111852694,1,3,3,146.83166389813528,3.329770563201687,30.70819111482666,0.7606056073988443,1.0,leptonic_bookkeeping,train
222194,data,124.83570765056163,125.91670111852694,1,3,3,146.83166389813528,3.329770563201687,30.70819111482666,0.7606056073988443,1.0,leptonic_bookkeeping,train
863320,data,124.83570765056163,125.91670111852694,1,3,3,146.83166389813528,3.329770563201687,30.70819111482666,0.7606056073988443,1.0,leptonic_bookkeeping,validation
764979,data,124.83570765056163,125.91670111852694,1,3,3,146.83166389813528,3.329770563201687,30.70819111482666,0.7606056073988443,1.0,leptonic_bookkeeping,train
566653,data,124.83570765056163,125.91670111852694,1,3,3,146.83166389813528,3.329770563201687,30.70819111482666,0.7606056073988443,1.0,leptonic_bookkeeping,test
700357,data,124.83570765056163,125.91670111852694,1,3,3,146.83166389813528,3.329770563201687,30.70819111482666,0.7606056073988443,1.0,leptonic_bookkeeping,test
438542,data,124.83570765056163,125.91670111852694,1,3,3,146.83166389813528,3.329770563201687,30.70819111482666,0.7606056073988443,1.0,leptonic_bookkeeping,train
735126,data,124.83570765056163,125.91670111852694,1,3,3,146.83166389813528,3.329770563201687,30.70819111482666,0.7606056073988443,1.0,leptonic_bookkeeping,train
669559,data,124.83570765056163,125.91670111852694,1,3,3,146.83166389813528,3.329770563201687,30.70819111482666,0.7606056073988443,1.0,leptonic_bookkeeping,test
647870,data,124.83570765056163,125.91670111852694,1,3,3,146.83166389813528,3.329770563201687,30.70819111482666,0.7606056073988443,1.0,leptonic_bookkeeping,test
83592,data,124.83570765056163,125.91670111852694,1,3,3,146.83166389813528,3.329770563201687,30.70819111482666,0.7606056073988443,1.0,leptonic_bookkeeping,train
343549,data,124.83570765056163,125.91670111852694,1,3,3,146.83166389813528,3.329770563201687,30.70819111482666,0.7606056073988443,1.0,leptonic_bookkeeping,train
895758,data,124.83570765056163,125.91670111852694,1,3,3,146.83166389813528,3.329770563201687,30.70819111482666,0.7606056073988443,1.0,leptonic_bookkeeping,test
107087,data,124.83570765056163,125.91670111852694,1,3,3,146.83166389813528,3.329770563201687,30.70819111482666,0.7606056073988443,1.0,leptonic_bookkeeping,train
946844,data,124.83570765056163,125.91670111852694,1,3,3,146.83166389813528,3.329770563201687,30.70819111482666,0.7606056073988443,1.0,leptonic_bookkeeping,test
763057,data,124.83570765056163,125.91670111852694,1,3,3,146.83166389813528,3.329770563201687,30.70819111482666,0.7606056073988443,1.0,leptonic_bookkeeping,train
630828,data,124.83570765056163,125.91670111852694,1,3,3,146.83166389813528,3.329770563201687,30.70819111482666,0.7606056073988443,1.0,leptonic_bookkeeping,train
196590,data,124.83570765056163,125.91670111852694,1,3,3,146.83166389813528,3.329770563201687,30.70819111482666,0.7606056073988443,1.0,leptonic_bookkeeping,train
292773,data,124.83570765056163,125.91670111852694,1,3,3,146.83166389813528,3.329770563201687,30.70819111482666,0.7606056073988443,1.0,leptonic_bookkeeping,train
379826,data,124.83570765056163,125.91670111852694,1,3,3,146.83166389813528,3.329770563201687,30.70819111482666,0.7606056073988443,1.0,leptonic_bookkeeping,test
235780,data,124.83570765056163,125.91670111852694,1,3,3,146.83166389813528,3.329770563201687,30.70819111482666,0.7606056073988443,1.0,leptonic_bookkeeping,test
685467,data,124.83570765056163,125.91670111852694,1,3,3,146.83166389813528,3.329770563201687,30.70819111482666,0.7606056073988443,1.0,leptonic_bookkeeping,train
510392,data,124.83570765056163,125.91670111852694,1,3,3,146.83166389813528,3.329770563201687,30.70819111482666,0.7606056073988443,1.0,leptonic_bookkeeping,train
267632,data,124.83570765056163,125.91670111852694,1,3,3,146.83166389813528,3.329770563201687,30.70819111482666,0.7606056073988443,1.0,leptonic_bookkeeping,test
842505,data,124.83570765056163,125.91670111852694,1,3,3,146.83166389813528,3.329770563201687,30.70819111482666,0.7606056073988443,1.0,leptonic_bookkeeping,validation
794121,data,124.83570765056163,125.91670111852694,1,3,3,146.83166389813528,3.329770563201687,30.70819111482666,0.7606056073988443,1.0,leptonic_bookkeeping,train
656503,data,124.83570765056163,125.91670111852694,1,3,3,146.83166389813528,3.329770563201687,30.70819111482666,0.7606056073988443,1.0,leptonic_bookkeeping,validation
881826,data,124.83570765056163,125.91670111852694,1,3,3,146.83166389813528,3.329770563201687,30.70819111482666,0.7606056073988443,1.0,leptonic_bookkeeping,train
928489,data,124.83570765056163,125.91670111852694,1,3,3,146.83166389813528,3.329770563201687,30.70819111482666,0.7606056073988443,1.0,leptonic_bookkeeping,train
102538,data,124.83570765056163,125.91670111852694,1,3,3,146.83166389813528,3.329770563201687,30.70819111482666,0.7606056073988443,1.0,leptonic_bookkeeping,test
890382,data,124.83570765056163,125.91670111852694,1,3,3,146.83166389813528,3.329770563201687,30.70819111482666,0.7606056073988443,1.0,leptonic_bookkeeping,train
277193,data,124.83570765056163,125.91670111852694,1,3,3,146.83166389813528,3.329770563201687,30.70819111482666,0.7606056073988443,1.0,leptonic_bookkeeping,test
27436,data,124.83570765056163,125.91670111852694,1,3,3,146.83166389813528,3.329770563201687,30.70819111482666,0.7606056073988443,1.0,leptonic_bookkeeping,validation
473398,data,124.83570765056163,125.91670111852694,1,3,3,146.83166389813528,3.329770563201687,30.70819111482666,0.7606056073988443,1.0,leptonic_bookkeeping,test
419661,data,124.83570765056163,125.91670111852694,1,3,3,146.83166389813528,3.329770563201687,30.70819111482666,0.7606056073988443,1.0,leptonic_bookkeeping,validation
718332,data,124.83570765056163,125.91670111852694,1,3,3,146.83166389813528,3.329770563201687,30.70819111482666,0.7606056073988443,1.0,leptonic_bookkeeping,validation
633016,data,124.83570765056163,125.91670111852694,1,3,3,146.83166389813528,3.329770563201687,30.70819111482666,0.7606056073988443,1.0,leptonic_bookkeeping,train
908829,data,124.83570765056163,125.91670111852694,1,3,3,146.83166389813528,3.329770563201687,30.70819111482666,0.7606056073988443,1.0,leptonic_bookkeeping,train
218029,data,124.83570765056163,125.91670111852694,1,3,3,146.83166389813528,3.329770563201687,30.70819111482666,0.7606056073988443,1.0,leptonic_bookkeeping,train
31376,data,124.83570765056163,125.91670111852694,1,3,3,146.83166389813528,3.329770563201687,30.70819111482666,0.7606056073988443,1.0,leptonic_bookkeeping,train
405176,data,124.83570765056163,125.91670111852694,1,3,3,146.83166389813528,3.329770563201687,30.70819111482666,0.7606056073988443,1.0,leptonic_bookkeeping,train
93273,data,124.83570765056163,125.91670111852694,1,3,3,146.83166389813528,3.329770563201687,30.70819111482666,0.7606056073988443,1.0,leptonic_bookkeeping,train
582466,data,124.83570765056163,125.91670111852694,1,3,3,146.83166389813528,3.329770563201687,30.70819111482666,0.7606056073988443,1.0,leptonic_bookkeeping,train
906071,data,124.83570765056163,125.91670111852694,1,3,3,146.83166389813528,3.329770563201687,30.70819111482666,0.7606056073988443,1.0,leptonic_bookkeeping,test
859767,data,124.83570765056163,125.91670111852694,1,3,3,146.83166389813528,3.329770563201687,30.70819111482666,0.7606056073988443,1.0,leptonic_bookkeeping,train
674939,data,124.83570765056163,125.91670111852694,1,3,3,146.83166389813528,3.329770563201687,30.70819111482666,0.7606056073988443,1.0,leptonic_bookkeeping,train
265831,data,124.83570765056163,125.91670111852694,1,3,3,146.83166389813528,3.329770563201687,30.70819111482666,0.7606056073988443,1.0,leptonic_bookkeeping,validation
476349,data,124.83570765056163,125.91670111852694,1,3,3,146.83166389813528,3.329770563201687,30.70819111482666,0.7606056073988443,1.0,leptonic_bookkeeping,train
975041,data,124.83570765056163,125.91670111852694,1,3,3,146.83166389813528,3.329770563201687,30.70819111482666,0.7606056073988443,1.0,leptonic_bookkeeping,train
465582,data,124.83570765056163,125.91670111852694,1,3,3,146.83166389813528,3.329770563201687,30.70819111482666,0.7606056073988443,1.0,leptonic_bookkeeping,train
412541,data,124.83570765056163,125.91670111852694,1,3,3,146.83166389813528,3.329770563201687,30.70819111482666,0.7606056073988443,1.0,leptonic_bookkeeping,train
280561,data,124.83570765056163,125.91670111852694,1,3,3,146.83166389813528,3.329770563201687,30.70819111482666,0.7606056073988443,1.0,leptonic_bookkeeping,train
600738,data,124.83570765056163,125.91670111852694,1,3,3,146.83166389813528,3.329770563201687,30.70819111482666,0.7606056073988443,1.0,leptonic_bookkeeping,train
263496,data,124.83570765056163,125.91670111852694,1,3,3,146.83166389813528,3.329770563201687,30.70819111482666,0.7606056073988443,1.0,leptonic_bookkeeping,train
844106,data,124.83570765056163,125.91670111852694,1,3,3,146.83166389813528,3.329770563201687,30.70819111482666,0.7606056073988443,1.0,leptonic_bookkeeping,test
533500,data,124.83570765056163,125.91670111852694,1,3,3,146.83166389813528,3.329770563201687,30.70819111482666,0.7606056073988443,1.0,leptonic_bookkeeping,validation
274972,data,124.83570765056163,125.91670111852694,1,3,3,146.83166389813528,3.329770563201687,30.70819111482666,0.7606056073988443,1.0,leptonic_bookkeeping,validation
126150,data,124.83570765056163,125.91670111852694,1,3,3,146.83166389813528,3.329770563201687,30.70819111482666,0.7606056073988443,1.0,leptonic_bookkeeping,train
888293,data,124.83570765056163,125.91670111852694,1,3,3,146.83166389813528,3.329770563201687,30.70819111482666,0.7606056073988443,1.0,leptonic_bookkeeping,train
158249,data,124.83570765056163,125.91670111852694,1,3,3,146.83166389813528,3.329770563201687,30.70819111482666,0.7606056073988443,1.0,leptonic_bookkeeping,train
82344,data,124.83570765056163,125.91670111852694,1,3,3,146.83166389813528,3.329770563201687,30.70819111482666,0.7606056073988443,1.0,leptonic_bookkeeping,test
247388,data,124.83570765056163,125.91670111852694,1,3,3,146.83166389813528,3.329770563201687,30.70819111482666,0.7606056073988443,1.0,leptonic_bookkeeping,test
180021,data,124.83570765056163,125.91670111852694,1,3,3,146.83166389813528,3.329770563201687,30.70819111482666,0.7606056073988443,1.0,leptonic_bookkeeping,train
779376,data,124.83570765056163,125.91670111852694,1,3,3,146.83166389813528,3.329770563201687,30.70819111482666,0.7606056073988443,1.0,leptonic_bookkeeping,train
568421,data,124.83570765056163,125.91670111852694,1,3,3,146.83166389813528,3.329770563201687,30.70819111482666,0.7606056073988443,1.0,leptonic_bookkeeping,train
281821,data,124.83570765056163,125.91670111852694,1,3,3,146.83166389813528,3.329770563201687,30.70819111482666,0.7606056073988443,1.0,leptonic_bookkeeping,train
154845,data,124.83570765056163,125.91670111852694,1,3,3,146.83166389813528,3.329770563201687,30.70819111482666,0.7606056073988443,1.0,leptonic_bookkeeping,train
41259,data,124.83570765056163,125.91670111852694,1,3,3,146.83166389813528,3.329770563201687,30.70819111482666,0.7606056073988443,1.0,leptonic_bookkeeping,train
194160,data,124.83570765056163,125.91670111852694,1,3,3,146.83166389813528,3.329770563201687,30.70819111482666,0.7606056073988443,1.0,leptonic_bookkeeping,test
569319,data,124.83570765056163,125.91670111852694,1,3,3,146.83166389813528,3.329770563201687,30.70819111482666,0.7606056073988443,1.0,leptonic_bookkeeping,train
27538,data,124.83570765056163,125.91670111852694,1,3,3,146.83166389813528,3.329770563201687,30.70819111482666,0.7606056073988443,1.0,leptonic_bookkeeping,validation
181606,data,124.83570765056163,125.91670111852694,1,3,3,146.83166389813528,3.329770563201687,30.70819111482666,0.7606056073988443,1.0,leptonic_bookkeeping,validation
71307,data,124.83570765056163,125.91670111852694,1,3,3,146.83166389813528,3.329770563201687,30.70819111482666,0.7606056073988443,1.0,leptonic_bookkeeping,test
865717,data,124.83570765056163,125.91670111852694,1,3,3,146.83166389813528,3.329770563201687,30.70819111482666,0.7606056073988443,1.0,leptonic_bookkeeping,test
289736,data,124.83570765056163,125.91670111852694,1,3,3,146.83166389813528,3.329770563201687,30.70819111482666,0.7606056073988443,1.0,leptonic_bookkeeping,train
615768,data,124.83570765056163,125.91670111852694,1,3,3,146.83166389813528,3.329770563201687,30.70819111482666,0.7606056073988443,1.0,leptonic_bookkeeping,validation
970895,data,124.83570765056163,125.91670111852694,1,3,3,146.83166389813528,3.329770563201687,30.70819111482666,0.7606056073988443,1.0,leptonic_bookkeeping,train
804839,data,124.83570765056163,125.91670111852694,1,3,3,146.83166389813528,3.329770563201687,30.70819111482666,0.7606056073988443,1.0,leptonic_bookkeeping,train
770808,data,124.83570765056163,125.91670111852694,1,3,3,146.83166389813528,3.329770563201687,30.70819111482666,0.7606056073988443,1.0,leptonic_bookkeeping,validation
853368,data,124.83570765056163,125.91670111852694,1,3,3,146.83166389813528,3.329770563201687,30.70819111482666,0.7606056073988443,1.0,leptonic_bookkeeping,validation
215434,data,124.83570765056163,125.91670111852694,1,3,3,146.83166389813528,3.329770563201687,30.70819111482666,0.7606056073988443,1.0,leptonic_bookkeeping,test
427560,data,124.83570765056163,125.91670111852694,1,3,3,146.83166389813528,3.329770563201687,30.70819111482666,0.7606056073988443,1.0,leptonic_bookkeeping,train
374657,data,124.83570765056163,125.91670111852694,1,3,3,146.83166389813528,3.329770563201687,30.70819111482666,0.7606056073988443,1.0,leptonic_bookkeeping,train
419326,data,124.83570765056163,125.91670111852694,1,3,3,146.83166389813528,3.329770563201687,30.70819111482666,0.7606056073988443,1.0,leptonic_bookkeeping,validation
935969,data,124.83570765056163,125.91670111852694,1,3,3,146.83166389813528,3.329770563201687,30.70819111482666,0.7606056073988443,1.0,leptonic_bookkeeping,validation
417988,data,124.83570765056163,125.91670111852694,1,3,3,146.83166389813528,3.329770563201687,30.70819111482666,0.7606056073988443,1.0,leptonic_bookkeeping,train
594436,data,124.83570765056163,125.91670111852694,1,3,3,146.83166389813528,3.329770563201687,30.70819111482666,0.7606056073988443,1.0,leptonic_bookkeeping,validation
875687,data,124.83570765056163,125.91670111852694,1,3,3,146.83166389813528,3.329770563201687,30.70819111482666,0.7606056073988443,1.0,leptonic_bookkeeping,test
127694,data,124.83570765056163,125.91670111852694,1,3,3,146.83166389813528,3.329770563201687,30.70819111482666,0.7606056073988443,1.0,leptonic_bookkeeping,train
566058,data,124.83570765056163,125.91670111852694,1,3,3,146.83166389813528,3.329770563201687,30.70819111482666,0.7606056073988443,1.0,leptonic_bookkeeping,test
356421,data,124.83570765056163,125.91670111852694,1,3,3,146.83166389813528,3.329770563201687,30.70819111482666,0.7606056073988443,1.0,leptonic_bookkeeping,train
842563,data,124.83570765056163,125.91670111852694,1,3,3,146.83166389813528,3.329770563201687,30.70819111482666,0.7606056073988443,1.0,leptonic_bookkeeping,validation
885704,data,124.83570765056163,125.91670111852694,1,3,3,146.83166389813528,3.329770563201687,30.70819111482666,0.7606056073988443,1.0,leptonic_bookkeeping,test
230038,data,124.83570765056163,125.91670111852694,1,3,3,146.83166389813528,3.329770563201687,30.70819111482666,0.7606056073988443,1.0,leptonic_bookkeeping,train
409620,data,124.83570765056163,125.91670111852694,1,3,3,146.83166389813528,3.329770563201687,30.70819111482666,0.7606056073988443,1.0,leptonic_bookkeeping,validation
447847,data,124.83570765056163,125.91670111852694,1,3,3,146.83166389813528,3.329770563201687,30.70819111482666,0.7606056073988443,1.0,leptonic_bookkeeping,train
946169,data,124.83570765056163,125.91670111852694,1,3,3,146.83166389813528,3.329770563201687,30.70819111482666,0.7606056073988443,1.0,leptonic_bookkeeping,validation
228908,data,124.83570765056163,125.91670111852694,1,3,3,146.83166389813528,3.329770563201687,30.70819111482666,0.7606056073988443,1.0,leptonic_bookkeeping,train
36354,data,124.83570765056163,125.91670111852694,1,3,3,146.83166389813528,3.329770563201687,30.70819111482666,0.7606056073988443,1.0,leptonic_bookkeeping,train
926186,data,124.83570765056163,125.91670111852694,1,3,3,146.83166389813528,3.329770563201687,30.70819111482666,0.7606056073988443,1.0,leptonic_bookkeeping,test
766275,data,124.83570765056163,125.91670111852694,1,3,3,146.83166389813528,3.329770563201687,30.70819111482666,0.7606056073988443,1.0,leptonic_bookkeeping,train
495084,data,124.83570765056163,125.91670111852694,1,3,3,146.83166389813528,3.329770563201687,30.70819111482666,0.7606056073988443,1.0,leptonic_bookkeeping,train
364886,data,124.83570765056163,125.91670111852694,1,3,3,146.83166389813528,3.329770563201687,30.70819111482666,0.7606056073988443,1.0,leptonic_bookkeeping,train
573081,data,124.83570765056163,125.91670111852694,1,3,3,146.83166389813528,3.329770563201687,30.70819111482666,0.7606056073988443,1.0,leptonic_bookkeeping,train
388716,data,124.83570765056163,125.91670111852694,1,3,3,146.83166389813528,3.329770563201687,30.70819111482666,0.7606056073988443,1.0,leptonic_bookkeeping,validation
890907,data,124.83570765056163,125.91670111852694,1,3,3,146.83166389813528,3.329770563201687,30.70819111482666,0.7606056073988443,1.0,leptonic_bookkeeping,train
860568,data,124.83570765056163,125.91670111852694,1,3,3,146.83166389813528,3.329770563201687,30.70819111482666,0.7606056073988443,1.0,leptonic_bookkeeping,train
45842,data,124.83570765056163,125.91670111852694,1,3,3,146.83166389813528,3.329770563201687,30.70819111482666,0.7606056073988443,1.0,leptonic_bookkeeping,train
378052,data,124.83570765056163,125.91670111852694,1,3,3,146.83166389813528,3.329770563201687,30.70819111482666,0.7606056073988443,1.0,leptonic_bookkeeping,validation
848100,data,124.83570765056163,125.91670111852694,1,3,3,146.83166389813528,3.329770563201687,30.70819111482666,0.7606056073988443,1.0,leptonic_bookkeeping,train
32062,data,124.83570765056163,125.91670111852694,1,3,3,146.83166389813528,3.329770563201687,30.70819111482666,0.7606056073988443,1.0,leptonic_bookkeeping,train
377469,data,124.83570765056163,125.91670111852694,1,3,3,146.83166389813528,3.329770563201687,30.70819111482666,0.7606056073988443,1.0,leptonic_bookkeeping,validation
284163,data,124.83570765056163,125.91670111852694,1,3,3,146.83166389813528,3.329770563201687,30.70819111482666,0.7606056073988443,1.0,leptonic_bookkeeping,train
6275,data,124.83570765056163,125.91670111852694,1,3,3,146.83166389813528,3.329770563201687,30.70819111482666,0.7606056073988443,1.0,leptonic_bookkeeping,validation
802371,data,124.83570765056163,125.91670111852694,1,3,3,146.83166389813528,3.329770563201687,30.70819111482666,0.7606056073988443,1.0,leptonic_bookkeeping,test
219982,data,124.83570765056163,125.91670111852694,1,3,3,146.83166389813528,3.329770563201687,30.70819111482666,0.7606056073988443,1.0,leptonic_bookkeeping,train
565747,data,124.83570765056163,125.91670111852694,1,3,3,146.83166389813528,3.329770563201687,30.70819111482666,0.7606056073988443,1.0,leptonic_bookkeeping,test
577723,data,124.83570765056163,125.91670111852694,1,3,3,146.83166389813528,3.329770563201687,30.70819111482666,0.7606056073988443,1.0,leptonic_bookkeeping,train
47397,data,124.83570765056163,125.91670111852694,1,3,3,146.83166389813528,3.329770563201687,30.70819111482666,0.7606056073988443,1.0,leptonic_bookkeeping,train
466390,data,124.83570765056163,125.91670111852694,1,3,3,146.83166389813528,3.329770563201687,30.70819111482666,0.7606056073988443,1.0,leptonic_bookkeeping,train
333243,data,124.83570765056163,125.91670111852694,1,3,3,146.83166389813528,3.329770563201687,30.70819111482666,0.7606056073988443,1.0,leptonic_bookkeeping,train
597067,data,124.83570765056163,125.91670111852694,1,3,3,146.83166389813528,3.329770563201687,30.70819111482666,0.7606056073988443,1.0,leptonic_bookkeeping,test
791811,data,124.83570765056163,125.91670111852694,1,3,3,146.83166389813528,3.329770563201687,30.70819111482666,0.7606056073988443,1.0,leptonic_bookkeeping,test
972714,data,124.83570765056163,125.91670111852694,1,3,3,146.83166389813528,3.329770563201687,30.70819111482666,0.7606056073988443,1.0,leptonic_bookkeeping,train
375037,data,124.83570765056163,125.91670111852694,1,3,3,146.83166389813528,3.329770563201687,30.70819111482666,0.7606056073988443,1.0,leptonic_bookkeeping,train
309555,data,124.83570765056163,125.91670111852694,1,3,3,146.83166389813528,3.329770563201687,30.70819111482666,0.7606056073988443,1.0,leptonic_bookkeeping,train
752335,data,124.83570765056163,125.91670111852694,1,3,3,146.83166389813528,3.329770563201687,30.70819111482666,0.7606056073988443,1.0,leptonic_bookkeeping,test
459359,data,124.83570765056163,125.91670111852694,1,3,3,146.83166389813528,3.329770563201687,30.70819111482666,0.7606056073988443,1.0,leptonic_bookkeeping,train
893763,data,124.83570765056163,125.91670111852694,1,3,3,146.83166389813528,3.329770563201687,30.70819111482666,0.7606056073988443,1.0,leptonic_bookkeeping,validation
9835,data,124.83570765056163,125.91670111852694,1,3,3,146.83166389813528,3.329770563201687,30.70819111482666,0.7606056073988443,1.0,leptonic_bookkeeping,test
158662,data,124.83570765056163,125.91670111852694,1,3,3,146.83166389813528,3.329770563201687,30.70819111482666,0.7606056073988443,1.0,leptonic_bookkeeping,train
846696,data,124.83570765056163,125.91670111852694,1,3,3,146.83166389813528,3.329770563201687,30.70819111482666,0.7606056073988443,1.0,leptonic_bookkeeping,train
173075,data,124.83570765056163,125.91670111852694,1,3,3,146.83166389813528,3.329770563201687,30.70819111482666,0.7606056073988443,1.0,leptonic_bookkeeping,validation
754854,data,124.83570765056163,125.91670111852694,1,3,3,146.83166389813528,3.329770563201687,30.70819111482666,0.7606056073988443,1.0,leptonic_bookkeeping,train
82775,data,124.83570765056163,125.91670111852694,1,3,3,146.83166389813528,3.329770563201687,30.70819111482666,0.7606056073988443,1.0,leptonic_bookkeeping,train
625732,data,124.83570765056163,125.91670111852694,1,3,3,146.83166389813528,3.329770563201687,30.70819111482666,0.7606056073988443,1.0,leptonic_bookkeeping,validation
88212,data,124.83570765056163,125.91670111852694,1,3,3,146.83166389813528,3.329770563201687,30.70819111482666,0.7606056073988443,1.0,leptonic_bookkeeping,train
702899,data,124.83570765056163,125.91670111852694,1,3,3,146.83166389813528,3.329770563201687,30.70819111482666,0.7606056073988443,1.0,leptonic_bookkeeping,train
545168,data,124.83570765056163,125.91670111852694,1,3,3,146.83166389813528,3.329770563201687,30.70819111482666,0.7606056073988443,1.0,leptonic_bookkeeping,test
5104,data,124.83570765056163,125.91670111852694,1,3,3,146.83166389813528,3.329770563201687,30.70819111482666,0.7606056073988443,1.0,leptonic_bookkeeping,train
631209,data,124.83570765056163,125.91670111852694,1,3,3,146.83166389813528,3.329770563201687,30.70819111482666,0.7606056073988443,1.0,leptonic_bookkeeping,train
573268,data,124.83570765056163,125.91670111852694,1,3,3,146.83166389813528,3.329770563201687,30.70819111482666,0.7606056073988443,1.0,leptonic_bookkeeping,validation
136080,data,124.83570765056163,125.91670111852694,1,3,3,146.83166389813528,3.329770563201687,30.70819111482666,0.7606056073988443,1.0,leptonic_bookkeeping,train
313791,data,124.83570765056163,125.91670111852694,1,3,3,146.83166389813528,3.329770563201687,30.70819111482666,0.7606056073988443,1.0,leptonic_bookkeeping,train
916508,data,124.83570765056163,125.91670111852694,1,3,3,146.83166389813528,3.329770563201687,30.70819111482666,0.7606056073988443,1.0,leptonic_bookkeeping,test
697441,data,124.83570765056163,125.91670111852694,1,3,3,146.83166389813528,3.329770563201687,30.70819111482666,0.7606056073988443,1.0,leptonic_bookkeeping,validation
104031,data,124.83570765056163,125.91670111852694,1,3,3,146.83166389813528,3.329770563201687,30.70819111482666,0.7606056073988443,1.0,leptonic_bookkeeping,train
409650,data,124.83570765056163,125.91670111852694,1,3,3,146.83166389813528,3.329770563201687,30.70819111482666,0.7606056073988443,1.0,leptonic_bookkeeping,validation
747022,data,124.83570765056163,125.91670111852694,1,3,3,146.83166389813528,3.329770563201687,30.70819111482666,0.7606056073988443,1.0,leptonic_bookkeeping,train
426147,data,124.83570765056163,125.91670111852694,1,3,3,146.83166389813528,3.329770563201687,30.70819111482666,0.7606056073988443,1.0,leptonic_bookkeeping,train
688683,data,124.83570765056163,125.91670111852694,1,3,3,146.83166389813528,3.329770563201687,30.70819111482666,0.7606056073988443,1.0,leptonic_bookkeeping,test
533623,data,124.83570765056163,125.91670111852694,1,3,3,146.83166389813528,3.329770563201687,30.70819111482666,0.7606056073988443,1.0,leptonic_bookkeeping,validation
535507,data,124.83570765056163,125.91670111852694,1,3,3,146.83166389813528,3.329770563201687,30.70819111482666,0.7606056073988443,1.0,leptonic_bookkeeping,test
477725,data,124.83570765056163,125.91670111852694,1,3,3,146.83166389813528,3.329770563201687,30.70819111482666,0.7606056073988443,1.0,leptonic_bookkeeping,train
766928,data,124.83570765056163,125.91670111852694,1,3,3,146.83166389813528,3.329770563201687,30.70819111482666,0.7606056073988443,1.0,leptonic_bookkeeping,train
57985,data,124.83570765056163,125.91670111852694,1,3,3,146.83166389813528,3.329770563201687,30.70819111482666,0.7606056073988443,1.0,leptonic_bookkeeping,validation
537597,data,124.83570765056163,125.91670111852694,1,3,3,146.83166389813528,3.329770563201687,30.70819111482666,0.7606056073988443,1.0,leptonic_bookkeeping,train
776784,data,124.83570765056163,125.91670111852694,1,3,3,146.83166389813528,3.329770563201687,30.70819111482666,0.7606056073988443,1.0,leptonic_bookkeeping,train
680105,data,124.83570765056163,125.91670111852694,1,3,3,146.83166389813528,3.329770563201687,30.70819111482666,0.7606056073988443,1.0,leptonic_bookkeeping,test
276357,data,124.83570765056163,125.91670111852694,1,3,3,146.83166389813528,3.329770563201687,30.70819111482666,0.7606056073988443,1.0,leptonic_bookkeeping,test
931790,data,124.83570765056163,125.91670111852694,1,3,3,146.83166389813528,3.329770563201687,30.70819111482666,0.7606056073988443,1.0,leptonic_bookkeeping,train
95147,data,124.83570765056163,125.91670111852694,1,3,3,146.83166389813528,3.329770563201687,30.70819111482666,0.7606056073988443,1.0,leptonic_bookkeeping,train
474299,data,124.83570765056163,125.91670111852694,1,3,3,146.83166389813528,3.329770563201687,30.70819111482666,0.7606056073988443,1.0,leptonic_bookkeeping,train
662616,data,124.83570765056163,125.91670111852694,1,3,3,146.83166389813528,3.329770563201687,30.70819111482666,0.7606056073988443,1.0,leptonic_bookkeeping,train
828424,data,124.83570765056163,125.91670111852694,1,3,3,146.83166389813528,3.329770563201687,30.70819111482666,0.7606056073988443,1.0,leptonic_bookkeeping,train
657558,data,124.83570765056163,125.91670111852694,1,3,3,146.83166389813528,3.329770563201687,30.70819111482666,0.7606056073988443,1.0,leptonic_bookkeeping,validation
768938,data,124.83570765056163,125.91670111852694,1,3,3,146.83166389813528,3.329770563201687,30.70819111482666,0.7606056073988443,1.0,leptonic_bookkeeping,train
571462,data,124.83570765056163,125.91670111852694,1,3,3,146.83166389813528,3.329770563201687,30.70819111482666,0.7606056073988443,1.0,leptonic_bookkeeping,train
938533,data,124.83570765056163,125.91670111852694,1,3,3,146.83166389813528,3.329770563201687,30.70819111482666,0.7606056073988443,1.0,leptonic_bookkeeping,train
813959,data,124.83570765056163,125.91670111852694,1,3,3,146.83166389813528,3.329770563201687,30.70819111482666,0.7606056073988443,1.0,leptonic_bookkeeping,test
952112,data,124.83570765056163,125.91670111852694,1,3,3,146.83166389813528,3.329770563201687,30.70819111482666,0.7606056073988443,1.0,leptonic_bookkeeping,train
262333,data,124.83570765056163,125.91670111852694,1,3,3,146.83166389813528,3.329770563201687,30.70819111482666,0.7606056073988443,1.0,leptonic_bookkeeping,train
22535,data,124.83570765056163,125.91670111852694,1,3,3,146.83166389813528,3.329770563201687,30.70819111482666,0.7606056073988443,1.0,leptonic_bookkeeping,train
531910,data,124.83570765056163,125.91670111852694,1,3,3,146.83166389813528,3.329770563201687,30.70819111482666,0.7606056073988443,1.0,leptonic_bookkeeping,train
427175,data,124.83570765056163,125.91670111852694,1,3,3,146.83166389813528,3.329770563201687,30.70819111482666,0.7606056073988443,1.0,leptonic_bookkeeping,train
516797,data,124.83570765056163,125.91670111852694,1,3,3,146.83166389813528,3.329770563201687,30.70819111482666,0.7606056073988443,1.0,leptonic_bookkeeping,train
683827,data,124.83570765056163,125.91670111852694,1,3,3,146.83166389813528,3.329770563201687,30.70819111482666,0.7606056073988443,1.0,leptonic_bookkeeping,train
768221,data,124.83570765056163,125.91670111852694,1,3,3,146.83166389813528,3.329770563201687,30.70819111482666,0.7606056073988443,1.0,leptonic_bookkeeping,train
904057,data,124.83570765056163,125.91670111852694,1,3,3,146.83166389813528,3.329770563201687,30.70819111482666,0.7606056073988443,1.0,leptonic_bookkeeping,validation
591342,data,124.83570765056163,125.91670111852694,1,3,3,146.83166389813528,3.329770563201687,30.70819111482666,0.7606056073988443,1.0,leptonic_bookkeeping,train
37788,data,124.83570765056163,125.91670111852694,1,3,3,146.83166389813528,3.329770563201687,30.70819111482666,0.7606056073988443,1.0,leptonic_bookkeeping,validation
715121,data,124.83570765056163,125.91670111852694,1,3,3,146.83166389813528,3.329770563201687,30.70819111482666,0.7606056073988443,1.0,leptonic_bookkeeping,train
866564,data,124.83570765056163,125.91670111852694,1,3,3,146.83166389813528,3.329770563201687,30.70819111482666,0.7606056073988443,1.0,leptonic_bookkeeping,train
161048,data,124.83570765056163,125.91670111852694,1,3,3,146.83166389813528,3.329770563201687,30.70819111482666,0.7606056073988443,1.0,leptonic_bookkeeping,validation
680041,data,124.83570765056163,125.91670111852694,1,3,3,146.83166389813528,3.329770563201687,30.70819111482666,0.7606056073988443,1.0,leptonic_bookkeeping,test
192487,data,124.83570765056163,125.91670111852694,1,3,3,146.83166389813528,3.329770563201687,30.70819111482666,0.7606056073988443,1.0,leptonic_bookkeeping,validation
865527,data,124.83570765056163,125.91670111852694,1,3,3,146.83166389813528,3.329770563201687,30.70819111482666,0.7606056073988443,1.0,leptonic_bookkeeping,test
333229,data,124.83570765056163,125.91670111852694,1,3,3,146.83166389813528,3.329770563201687,30.70819111482666,0.7606056073988443,1.0,leptonic_bookkeeping,train
848747,data,124.83570765056163,125.91670111852694,1,3,3,146.83166389813528,3.329770563201687,30.70819111482666,0.7606056073988443,1.0,leptonic_bookkeeping,train
856886,data,124.83570765056163,125.91670111852694,1,3,3,146.83166389813528,3.329770563201687,30.70819111482666,0.7606056073988443,1.0,leptonic_bookkeeping,train
589933,data,124.83570765056163,125.91670111852694,1,3,3,146.83166389813528,3.329770563201687,30.70819111482666,0.7606056073988443,1.0,leptonic_bookkeeping,train
949401,data,124.83570765056163,125.91670111852694,1,3,3,146.83166389813528,3.329770563201687,30.70819111482666,0.7606056073988443,1.0,leptonic_bookkeeping,train
290735,data,124.83570765056163,125.91670111852694,1,3,3,146.83166389813528,3.329770563201687,30.70819111482666,0.7606056073988443,1.0,leptonic_bookkeeping,train
993794,data,124.83570765056163,125.91670111852694,1,3,3,146.83166389813528,3.329770563201687,30.70819111482666,0.7606056073988443,1.0,leptonic_bookkeeping,train
242608,data,124.83570765056163,125.91670111852694,1,3,3,146.83166389813528,3.329770563201687,30.70819111482666,0.7606056073988443,1.0,leptonic_bookkeeping,train
753245,data,124.83570765056163,125.91670111852694,1,3,3,146.83166389813528,3.329770563201687,30.70819111482666,0.7606056073988443,1.0,leptonic_bookkeeping,train
616932,data,124.83570765056163,125.91670111852694,1,3,3,146.83166389813528,3.329770563201687,30.70819111482666,0.7606056073988443,1.0,leptonic_bookkeeping,test
156753,data,124.83570765056163,125.91670111852694,1,3,3,146.83166389813528,3.329770563201687,30.70819111482666,0.7606056073988443,1.0,leptonic_bookkeeping,train
463020,data,124.83570765056163,125.91670111852694,1,3,3,146.83166389813528,3.329770563201687,30.70819111482666,0.7606056073988443,1.0,leptonic_bookkeeping,test
242619,data,124.83570765056163,125.91670111852694,1,3,3,146.83166389813528,3.329770563201687,30.70819111482666,0.7606056073988443,1.0,leptonic_bookkeeping,train
810141,data,124.83570765056163,125.91670111852694,1,3,3,146.83166389813528,3.329770563201687,30.70819111482666,0.7606056073988443,1.0,leptonic_bookkeeping,train
401552,data,124.83570765056163,125.91670111852694,1,3,3,146.83166389813528,3.329770563201687,30.70819111482666,0.7606056073988443,1.0,leptonic_bookkeeping,test
96816,data,124.83570765056163,125.91670111852694,1,3,3,146.83166389813528,3.329770563201687,30.70819111482666,0.7606056073988443,1.0,leptonic_bookkeeping,train
260277,data,124.83570765056163,125.91670111852694,1,3,3,146.83166389813528,3.329770563201687,30.70819111482666,0.7606056073988443,1.0,leptonic_bookkeeping,train
576321,data,124.83570765056163,125.91670111852694,1,3,3,146.83166389813528,3.329770563201687,30.70819111482666,0.7606056073988443,1.0,leptonic_bookkeeping,test
740451,data,124.83570765056163,125.91670111852694,1,3,3,146.83166389813528,3.329770563201687,30.70819111482666,0.7606056073988443,1.0,leptonic_bookkeeping,test
452420,data,124.83570765056163,125.91670111852694,1,3,3,146.83166389813528,3.329770563201687,30.70819111482666,0.7606056073988443,1.0,leptonic_bookkeeping,test
131512,data,124.83570765056163,125.91670111852694,1,3,3,146.83166389813528,3.329770563201687,30.70819111482666,0.7606056073988443,1.0,leptonic_bookkeeping,validation
818877,data,124.83570765056163,125.91670111852694,1,3,3,146.83166389813528,3.329770563201687,30.70819111482666,0.7606056073988443,1.0,leptonic_bookkeeping,train
50111,data,124.83570765056163,125.91670111852694,1,3,3,146.83166389813528,3.329770563201687,30.70819111482666,0.7606056073988443,1.0,leptonic_bookkeeping,test
886206,data,124.83570765056163,125.91670111852694,1,3,3,146.83166389813528,3.329770563201687,30.70819111482666,0.7606056073988443,1.0,leptonic_bookkeeping,test
866840,data,124.83570765056163,125.91670111852694,1,3,3,146.83166389813528,3.329770563201687,30.70819111482666,0.7606056073988443,1.0,leptonic_bookkeeping,train
469538,data,124.83570765056163,125.91670111852694,1,3,3,146.83166389813528,3.329770563201687,30.70819111482666,0.7606056073988443,1.0,leptonic_bookkeeping,train
291439,data,124.83570765056163,125.91670111852694,1,3,3,146.83166389813528,3.329770563201687,30.70819111482666,0.7606056073988443,1.0,leptonic_bookkeeping,train
489928,data,124.83570765056163,125.91670111852694,1,3,3,146.83166389813528,3.329770563201687,30.70819111482666,0.7606056073988443,1.0,leptonic_bookkeeping,train
695575,data,124.83570765056163,125.91670111852694,1,3,3,146.83166389813528,3.329770563201687,30.70819111482666,0.7606056073988443,1.0,leptonic_bookkeeping,train
424469,data,124.83570765056163,125.91670111852694,1,3,3,146.83166389813528,3.329770563201687,30.70819111482666,0.7606056073988443,1.0,leptonic_bookkeeping,train
812279,data,124.83570765056163,125.91670111852694,1,3,3,146.83166389813528,3.329770563201687,30.70819111482666,0.7606056073988443,1.0,leptonic_bookkeeping,validation
769338,data,124.83570765056163,125.91670111852694,1,3,3,146.83166389813528,3.329770563201687,30.70819111482666,0.7606056073988443,1.0,leptonic_bookkeeping,validation
184992,data,124.83570765056163,125.91670111852694,1,3,3,146.83166389813528,3.329770563201687,30.70819111482666,0.7606056073988443,1.0,leptonic_bookkeeping,test
507902,data,124.83570765056163,125.91670111852694,1,3,3,146.83166389813528,3.329770563201687,30.70819111482666,0.7606056073988443,1.0,leptonic_bookkeeping,train
441755,data,124.83570765056163,125.91670111852694,1,3,3,146.83166389813528,3.329770563201687,30.70819111482666,0.7606056073988443,1.0,leptonic_bookkeeping,test
540179,data,124.83570765056163,125.91670111852694,1,3,3,146.83166389813528,3.329770563201687,30.70819111482666,0.7606056073988443,1.0,leptonic_bookkeeping,train
734234,data,124.83570765056163,125.91670111852694,1,3,3,146.83166389813528,3.329770563201687,30.70819111482666,0.7606056073988443,1.0,leptonic_bookkeeping,train
46604,data,124.83570765056163,125.91670111852694,1,3,3,146.83166389813528,3.329770563201687,30.70819111482666,0.7606056073988443,1.0,leptonic_bookkeeping,train
319210,data,124.83570765056163,125.91670111852694,1,3,3,146.83166389813528,3.329770563201687,30.70819111482666,0.7606056073988443,1.0,leptonic_bookkeeping,test
239274,data,124.83570765056163,125.91670111852694,1,3,3,146.83166389813528,3.329770563201687,30.70819111482666,0.7606056073988443,1.0,leptonic_bookkeeping,train
320624,data,124.83570765056163,125.91670111852694,1,3,3,146.83166389813528,3.329770563201687,30.70819111482666,0.7606056073988443,1.0,leptonic_bookkeeping,train
119020,data,124.83570765056163,125.91670111852694,1,3,3,146.83166389813528,3.329770563201687,30.70819111482666,0.7606056073988443,1.0,leptonic_bookkeeping,train
214893,data,124.83570765056163,125.91670111852694,1,3,3,146.83166389813528,3.329770563201687,30.70819111482666,0.7606056073988443,1.0,leptonic_bookkeeping,test
623748,data,124.83570765056163,125.91670111852694,1,3,3,146.83166389813528,3.329770563201687,30.70819111482666,0.7606056073988443,1.0,leptonic_bookkeeping,train
372948,data,124.83570765056163,125.91670111852694,1,3,3,146.83166389813528,3.329770563201687,30.70819111482666,0.7606056073988443,1.0,leptonic_bookkeeping,train
270379,data,124.83570765056163,125.91670111852694,1,3,3,146.83166389813528,3.329770563201687,30.70819111482666,0.7606056073988443,1.0,leptonic_bookkeeping,train
988800,data,124.83570765056163,125.91670111852694,1,3,3,146.83166389813528,3.329770563201687,30.70819111482666,0.7606056073988443,1.0,leptonic_bookkeeping,test
413539,data,124.83570765056163,125.91670111852694,1,3,3,146.83166389813528,3.329770563201687,30.70819111482666,0.7606056073988443,1.0,leptonic_bookkeeping,train
171391,data,124.83570765056163,125.91670111852694,1,3,3,146.83166389813528,3.329770563201687,30.70819111482666,0.7606056073988443,1.0,leptonic_bookkeeping,validation
403338,data,124.83570765056163,125.91670111852694,1,3,3,146.83166389813528,3.329770563201687,30.70819111482666,0.7606056073988443,1.0,leptonic_bookkeeping,train
312105,data,124.83570765056163,125.91670111852694,1,3,3,146.83166389813528,3.329770563201687,30.70819111482666,0.7606056073988443,1.0,leptonic_bookkeeping,train
613095,data,124.83570765056163,125.91670111852694,1,3,3,146.83166389813528,3.329770563201687,30.70819111482666,0.7606056073988443,1.0,leptonic_bookkeeping,train
73107,data,124.83570765056163,125.91670111852694,1,3,3,146.83166389813528,3.329770563201687,30.70819111482666,0.7606056073988443,1.0,leptonic_bookkeeping,train
960544,data,124.83570765056163,125.91670111852694,1,3,3,146.83166389813528,3.329770563201687,30.70819111482666,0.7606056073988443,1.0,leptonic_bookkeeping,train
672154,data,124.83570765056163,125.91670111852694,1,3,3,146.83166389813528,3.329770563201687,30.70819111482666,0.7606056073988443,1.0,leptonic_bookkeeping,train
117116,data,124.83570765056163,125.91670111852694,1,3,3,146.83166389813528,3.329770563201687,30.70819111482666,0.7606056073988443,1.0,leptonic_bookkeeping,train
252439,data,124.83570765056163,125.91670111852694,1,3,3,146.83166389813528,3.329770563201687,30.70819111482666,0.7606056073988443,1.0,leptonic_bookkeeping,train
456863,data,124.83570765056163,125.91670111852694,1,3,3,146.83166389813528,3.329770563201687,30.70819111482666,0.7606056073988443,1.0,leptonic_bookkeeping,train
854793,data,124.83570765056163,125.91670111852694,1,3,3,146.83166389813528,3.329770563201687,30.70819111482666,0.7606056073988443,1.0,leptonic_bookkeeping,test
835005,data,124.83570765056163,125.91670111852694,1,3,3,146.83166389813528,3.329770563201687,30.70819111482666,0.7606056073988443,1.0,leptonic_bookkeeping,test
63615,data,124.83570765056163,125.91670111852694,1,3,3,146.83166389813528,3.329770563201687,30.70819111482666,0.7606056073988443,1.0,leptonic_bookkeeping,train
978303,data,124.83570765056163,125.91670111852694,1,3,3,146.83166389813528,3.329770563201687,30.70819111482666,0.7606056073988443,1.0,leptonic_bookkeeping,test
138584,data,124.83570765056163,125.91670111852694,1,3,3,146.83166389813528,3.329770563201687,30.70819111482666,0.7606056073988443,1.0,leptonic_bookkeeping,train
533203,data,124.83570765056163,125.91670111852694,1,3,3,146.83166389813528,3.329770563201687,30.70819111482666,0.7606056073988443,1.0,leptonic_bookkeeping,validation
471947,data,124.83570765056163,125.91670111852694,1,3,3,146.83166389813528,3.329770563201687,30.70819111482666,0.7606056073988443,1.0,leptonic_bookkeeping,validation
723322,data,124.83570765056163,125.91670111852694,1,3,3,146.83166389813528,3.329770563201687,30.70819111482666,0.7606056073988443,1.0,leptonic_bookkeeping,train
500106,data,124.83570765056163,125.91670111852694,1,3,3,146.83166389813528,3.329770563201687,30.70819111482666,0.7606056073988443,1.0,leptonic_bookkeeping,train
749535,data,124.83570765056163,125.91670111852694,1,3,3,146.83166389813528,3.329770563201687,30.70819111482666,0.7606056073988443,1.0,leptonic_bookkeeping,validation
961972,data,124.83570765056163,125.91670111852694,1,3,3,146.83166389813528,3.329770563201687,30.70819111482666,0.7606056073988443,1.0,leptonic_bookkeeping,train
830355,data,124.83570765056163,125.91670111852694,1,3,3,146.83166389813528,3.329770563201687,30.70819111482666,0.7606056073988443,1.0,leptonic_bookkeeping,train
290956,data,124.83570765056163,125.91670111852694,1,3,3,146.83166389813528,3.329770563201687,30.70819111482666,0.7606056073988443,1.0,leptonic_bookkeeping,train
294193,data,124.83570765056163,125.91670111852694,1,3,3,146.83166389813528,3.329770563201687,30.70819111482666,0.7606056073988443,1.0,leptonic_bookkeeping,train
322608,data,124.83570765056163,125.91670111852694,1,3,3,146.83166389813528,3.329770563201687,30.70819111482666,0.7606056073988443,1.0,leptonic_bookkeeping,train
724494,data,124.83570765056163,125.91670111852694,1,3,3,146.83166389813528,3.329770563201687,30.70819111482666,0.7606056073988443,1.0,leptonic_bookkeeping,train
104508,data,124.83570765056163,125.91670111852694,1,3,3,146.83166389813528,3.329770563201687,30.70819111482666,0.7606056073988443,1.0,leptonic_bookkeeping,train
873203,data,124.83570765056163,125.91670111852694,1,3,3,146.83166389813528,3.329770563201687,30.70819111482666,0.7606056073988443,1.0,leptonic_bookkeeping,validation
173972,data,124.83570765056163,125.91670111852694,1,3,3,146.83166389813528,3.329770563201687,30.70819111482666,0.7606056073988443,1.0,leptonic_bookkeeping,test
392676,data,124.83570765056163,125.91670111852694,1,3,3,146.83166389813528,3.329770563201687,30.70819111482666,0.7606056073988443,1.0,leptonic_bookkeeping,train
261882,data,124.83570765056163,125.91670111852694,1,3,3,146.83166389813528,3.329770563201687,30.70819111482666,0.7606056073988443,1.0,leptonic_bookkeeping,train
446763,data,124.83570765056163,125.91670111852694,1,3,3,146.83166389813528,3.329770563201687,30.70819111482666,0.7606056073988443,1.0,leptonic_bookkeeping,train
356305,data,124.83570765056163,125.91670111852694,1,3,3,146.83166389813528,3.329770563201687,30.70819111482666,0.7606056073988443,1.0,leptonic_bookkeeping,train
760185,data,124.83570765056163,125.91670111852694,1,3,3,146.83166389813528,3.329770563201687,30.70819111482666,0.7606056073988443,1.0,leptonic_bookkeeping,validation
753352,data,124.83570765056163,125.91670111852694,1,3,3,146.83166389813528,3.329770563201687,30.70819111482666,0.7606056073988443,1.0,leptonic_bookkeeping,train
860780,data,124.83570765056163,125.91670111852694,1,3,3,146.83166389813528,3.329770563201687,30.70819111482666,0.7606056073988443,1.0,leptonic_bookkeeping,train
350087,data,124.83570765056163,125.91670111852694,1,3,3,146.83166389813528,3.329770563201687,30.70819111482666,0.7606056073988443,1.0,leptonic_bookkeeping,test
536897,data,124.83570765056163,125.91670111852694,1,3,3,146.83166389813528,3.329770563201687,30.70819111482666,0.7606056073988443,1.0,leptonic_bookkeeping,train
946025,data,124.83570765056163,125.91670111852694,1,3,3,146.83166389813528,3.329770563201687,30.70819111482666,0.7606056073988443,1.0,leptonic_bookkeeping,validation
607588,data,124.83570765056163,125.91670111852694,1,3,3,146.83166389813528,3.329770563201687,30.70819111482666,0.7606056073988443,1.0,leptonic_bookkeeping,test
635513,data,124.83570765056163,125.91670111852694,1,3,3,146.83166389813528,3.329770563201687,30.70819111482666,0.7606056073988443,1.0,leptonic_bookkeeping,validation
519582,data,124.83570765056163,125.91670111852694,1,3,3,146.83166389813528,3.329770563201687,30.70819111482666,0.7606056073988443,1.0,leptonic_bookkeeping,train
996118,data,124.83570765056163,125.91670111852694,1,3,3,146.83166389813528,3.329770563201687,30.70819111482666,0.7606056073988443,1.0,leptonic_bookkeeping,validation
958371,data,124.83570765056163,125.91670111852694,1,3,3,146.83166389813528,3.329770563201687,30.70819111482666,0.7606056073988443,1.0,leptonic_bookkeeping,test
157303,data,124.83570765056163,125.91670111852694,1,3,3,146.83166389813528,3.329770563201687,30.70819111482666,0.7606056073988443,1.0,leptonic_bookkeeping,train
813713,data,124.83570765056163,125.91670111852694,1,3,3,146.83166389813528,3.329770563201687,30.70819111482666,0.7606056073988443,1.0,leptonic_bookkeeping,test
975899,data,124.83570765056163,125.91670111852694,1,3,3,146.83166389813528,3.329770563201687,30.70819111482666,0.7606056073988443,1.0,leptonic_bookkeeping,validation
456992,data,124.83570765056163,125.91670111852694,1,3,3,146.83166389813528,3.329770563201687,30.70819111482666,0.7606056073988443,1.0,leptonic_bookkeeping,train
352737,data,124.83570765056163,125.91670111852694,1,3,3,146.83166389813528,3.329770563201687,30.70819111482666,0.7606056073988443,1.0,leptonic_bookkeeping,train
558152,data,124.83570765056163,125.91670111852694,1,3,3,146.83166389813528,3.329770563201687,30.70819111482666,0.7606056073988443,1.0,leptonic_bookkeeping,train
606625,data,124.83570765056163,125.91670111852694,1,3,3,146.83166389813528,3.329770563201687,30.70819111482666,0.7606056073988443,1.0,leptonic_bookkeeping,test
738126,data,124.83570765056163,125.91670111852694,1,3,3,146.83166389813528,3.329770563201687,30.70819111482666,0.7606056073988443,1.0,leptonic_bookkeeping,train
150153,data,124.83570765056163,125.91670111852694,1,3,3,146.83166389813528,3.329770563201687,30.70819111482666,0.7606056073988443,1.0,leptonic_bookkeeping,train
219637,data,124.83570765056163,125.91670111852694,1,3,3,146.83166389813528,3.329770563201687,30.70819111482666,0.7606056073988443,1.0,leptonic_bookkeeping,train
449302,data,124.83570765056163,125.91670111852694,1,3,3,146.83166389813528,3.329770563201687,30.70819111482666,0.7606056073988443,1.0,leptonic_bookkeeping,train
390214,data,124.83570765056163,125.91670111852694,1,3,3,146.83166389813528,3.329770563201687,30.70819111482666,0.7606056073988443,1.0,leptonic_bookkeeping,test
750541,data,124.83570765056163,125.91670111852694,1,3,3,146.83166389813528,3.329770563201687,30.70819111482666,0.7606056073988443,1.0,leptonic_bookkeeping,test
497502,data,124.83570765056163,125.91670111852694,1,3,3,146.83166389813528,3.329770563201687,30.70819111482666,0.7606056073988443,1.0,leptonic_bookkeeping,train
900285,data,124.83570765056163,125.91670111852694,1,3,3,146.83166389813528,3.329770563201687,30.70819111482666,0.7606056073988443,1.0,leptonic_bookkeeping,train
250212,data,124.83570765056163,125.91670111852694,1,3,3,146.83166389813528,3.329770563201687,30.70819111482666,0.7606056073988443,1.0,leptonic_bookkeeping,train
86493,data,124.83570765056163,125.91670111852694,1,3,3,146.83166389813528,3.329770563201687,30.70819111482666,0.7606056073988443,1.0,leptonic_bookkeeping,train
662629,data,124.83570765056163,125.91670111852694,1,3,3,146.83166389813528,3.329770563201687,30.70819111482666,0.7606056073988443,1.0,leptonic_bookkeeping,train
302259,data,124.83570765056163,125.91670111852694,1,3,3,146.83166389813528,3.329770563201687,30.70819111482666,0.7606056073988443,1.0,leptonic_bookkeeping,train
932880,data,124.83570765056163,125.91670111852694,1,3,3,146.83166389813528,3.329770563201687,30.70819111482666,0.7606056073988443,1.0,leptonic_bookkeeping,train
920484,data,124.83570765056163,125.91670111852694,1,3,3,146.83166389813528,3.329770563201687,30.70819111482666,0.7606056073988443,1.0,leptonic_bookkeeping,train
186935,data,124.83570765056163,125.91670111852694,1,3,3,146.83166389813528,3.329770563201687,30.70819111482666,0.7606056073988443,1.0,leptonic_bookkeeping,train
716380,data,124.83570765056163,125.91670111852694,1,3,3,146.83166389813528,3.329770563201687,30.70819111482666,0.7606056073988443,1.0,leptonic_bookkeeping,train
371303,data,124.83570765056163,125.91670111852694,1,3,3,146.83166389813528,3.329770563201687,30.70819111482666,0.7606056073988443,1.0,leptonic_bookkeeping,train
679769,data,124.83570765056163,125.91670111852694,1,3,3,146.83166389813528,3.329770563201687,30.70819111482666,0.7606056073988443,1.0,leptonic_bookkeeping,test
837281,data,124.83570765056163,125.91670111852694,1,3,3,146.83166389813528,3.329770563201687,30.70819111482666,0.7606056073988443,1.0,leptonic_bookkeeping,train
121149,data,124.83570765056163,125.91670111852694,1,3,3,146.83166389813528,3.329770563201687,30.70819111482666,0.7606056073988443,1.0,leptonic_bookkeeping,validation
496700,data,124.83570765056163,125.91670111852694,1,3,3,146.83166389813528,3.329770563201687,30.70819111482666,0.7606056073988443,1.0,leptonic_bookkeeping,train
525171,data,124.83570765056163,125.91670111852694,1,3,3,146.83166389813528,3.329770563201687,30.70819111482666,0.7606056073988443,1.0,leptonic_bookkeeping,test
272639,data,124.83570765056163,125.91670111852694,1,3,3,146.83166389813528,3.329770563201687,30.70819111482666,0.7606056073988443,1.0,leptonic_bookkeeping,train
303346,data,124.83570765056163,125.91670111852694,1,3,3,146.83166389813528,3.329770563201687,30.70819111482666,0.7606056073988443,1.0,leptonic_bookkeeping,train
421539,data,124.83570765056163,125.91670111852694,1,3,3,146.83166389813528,3.329770563201687,30.70819111482666,0.7606056073988443,1.0,leptonic_bookkeeping,test
984926,data,124.83570765056163,125.91670111852694,1,3,3,146.83166389813528,3.329770563201687,30.70819111482666,0.7606056073988443,1.0,leptonic_bookkeeping,train
181474,data,124.83570765056163,125.91670111852694,1,3,3,146.83166389813528,3.329770563201687,30.70819111482666,0.7606056073988443,1.0,leptonic_bookkeeping,validation
276254,data,124.83570765056163,125.91670111852694,1,3,3,146.83166389813528,3.329770563201687,30.70819111482666,0.7606056073988443,1.0,leptonic_bookkeeping,validation
922149,data,124.83570765056163,125.91670111852694,1,3,3,146.83166389813528,3.329770563201687,30.70819111482666,0.7606056073988443,1.0,leptonic_bookkeeping,train
938242,data,124.83570765056163,125.91670111852694,1,3,3,146.83166389813528,3.329770563201687,30.70819111482666,0.7606056073988443,1.0,leptonic_bookkeeping,train
835867,data,124.83570765056163,125.91670111852694,1,3,3,146.83166389813528,3.329770563201687,30.70819111482666,0.7606056073988443,1.0,leptonic_bookkeeping,train
413753,data,124.83570765056163,125.91670111852694,1,3,3,146.83166389813528,3.329770563201687,30.70819111482666,0.7606056073988443,1.0,leptonic_bookkeeping,train
683635,data,124.83570765056163,125.91670111852694,1,3,3,146.83166389813528,3.329770563201687,30.70819111482666,0.7606056073988443,1.0,leptonic_bookkeeping,train
859880,data,124.83570765056163,125.91670111852694,1,3,3,146.83166389813528,3.329770563201687,30.70819111482666,0.7606056073988443,1.0,leptonic_bookkeeping,train
214347,data,124.83570765056163,125.91670111852694,1,3,3,146.83166389813528,3.329770563201687,30.70819111482666,0.7606056073988443,1.0,leptonic_bookkeeping,validation
523761,data,124.83570765056163,125.91670111852694,1,3,3,146.83166389813528,3.329770563201687,30.70819111482666,0.7606056073988443,1.0,leptonic_bookkeeping,test
799345,data,124.83570765056163,125.91670111852694,1,3,3,146.83166389813528,3.329770563201687,30.70819111482666,0.7606056073988443,1.0,leptonic_bookkeeping,train
970466,data,124.83570765056163,125.91670111852694,1,3,3,146.83166389813528,3.329770563201687,30.70819111482666,0.7606056073988443,1.0,leptonic_bookkeeping,train
708958,data,124.83570765056163,125.91670111852694,1,3,3,146.83166389813528,3.329770563201687,30.70819111482666,0.7606056073988443,1.0,leptonic_bookkeeping,validation
671437,data,124.83570765056163,125.91670111852694,1,3,3,146.83166389813528,3.329770563201687,30.70819111482666,0.7606056073988443,1.0,leptonic_bookkeeping,train
450192,data,124.83570765056163,125.91670111852694,1,3,3,146.83166389813528,3.329770563201687,30.70819111482666,0.7606056073988443,1.0,leptonic_bookkeeping,validation
697903,data,124.83570765056163,125.91670111852694,1,3,3,146.83166389813528,3.329770563201687,30.70819111482666,0.7606056073988443,1.0,leptonic_bookkeeping,validation
312350,data,124.83570765056163,125.91670111852694,1,3,3,146.83166389813528,3.329770563201687,30.70819111482666,0.7606056073988443,1.0,leptonic_bookkeeping,train
156160,data,124.83570765056163,125.91670111852694,1,3,3,146.83166389813528,3.329770563201687,30.70819111482666,0.7606056073988443,1.0,leptonic_bookkeeping,train
698793,data,124.83570765056163,125.91670111852694,1,3,3,146.83166389813528,3.329770563201687,30.70819111482666,0.7606056073988443,1.0,leptonic_bookkeeping,validation
909748,data,124.83570765056163,125.91670111852694,1,3,3,146.83166389813528,3.329770563201687,30.70819111482666,0.7606056073988443,1.0,leptonic_bookkeeping,train
533746,data,124.83570765056163,125.91670111852694,1,3,3,146.83166389813528,3.329770563201687,30.70819111482666,0.7606056073988443,1.0,leptonic_bookkeeping,validation
24699,data,124.83570765056163,125.91670111852694,1,3,3,146.83166389813528,3.329770563201687,30.70819111482666,0.7606056073988443,1.0,leptonic_bookkeeping,train
598892,data,124.83570765056163,125.91670111852694,1,3,3,146.83166389813528,3.329770563201687,30.70819111482666,0.7606056073988443,1.0,leptonic_bookkeeping,train
485337,data,124.83570765056163,125.91670111852694,1,3,3,146.83166389813528,3.329770563201687,30.70819111482666,0.7606056073988443,1.0,leptonic_bookkeeping,train
290730,data,124.83570765056163,125.91670111852694,1,3,3,146.83166389813528,3.329770563201687,30.70819111482666,0.7606056073988443,1.0,leptonic_bookkeeping,train
581196,data,124.83570765056163,125.91670111852694,1,3,3,146.83166389813528,3.329770563201687,30.70819111482666,0.7606056073988443,1.0,leptonic_bookkeeping,train
992804,data,124.83570765056163,125.91670111852694,1,3,3,146.83166389813528,3.329770563201687,30.70819111482666,0.7606056073988443,1.0,leptonic_bookkeeping,train
997547,data,124.83570765056163,125.91670111852694,1,3,3,146.83166389813528,3.329770563201687,30.70819111482666,0.7606056073988443,1.0,leptonic_bookkeeping,validation
370147,data,124.83570765056163,125.91670111852694,1,3,3,146.83166389813528,3.329770563201687,30.70819111482666,0.7606056073988443,1.0,leptonic_bookkeeping,test
580014,data,124.83570765056163,125.91670111852694,1,3,3,146.83166389813528,3.329770563201687,30.70819111482666,0.7606056073988443,1.0,leptonic_bookkeeping,train
727358,data,124.83570765056163,125.91670111852694,1,3,3,146.83166389813528,3.329770563201687,30.70819111482666,0.7606056073988443,1.0,leptonic_bookkeeping,train
946638,data,124.83570765056163,125.91670111852694,1,3,3,146.83166389813528,3.329770563201687,30.70819111482666,0.7606056073988443,1.0,leptonic_bookkeeping,test
719373,data,124.83570765056163,125.91670111852694,1,3,3,146.83166389813528,3.329770563201687,30.70819111482666,0.7606056073988443,1.0,leptonic_bookkeeping,validation
776543,data,124.83570765056163,125.91670111852694,1,3,3,146.83166389813528,3.329770563201687,30.70819111482666,0.7606056073988443,1.0,leptonic_bookkeeping,train
744901,data,124.83570765056163,125.91670111852694,1,3,3,146.83166389813528,3.329770563201687,30.70819111482666,0.7606056073988443,1.0,leptonic_bookkeeping,train
967627,data,124.83570765056163,125.91670111852694,1,3,3,146.83166389813528,3.329770563201687,30.70819111482666,0.7606056073988443,1.0,leptonic_bookkeeping,test
496826,data,124.83570765056163,125.91670111852694,1,3,3,146.83166389813528,3.329770563201687,30.70819111482666,0.7606056073988443,1.0,leptonic_bookkeeping,train
141934,data,124.83570765056163,125.91670111852694,1,3,3,146.83166389813528,3.329770563201687,30.70819111482666,0.7606056073988443,1.0,leptonic_bookkeeping,validation
615061,data,124.83570765056163,125.91670111852694,1,3,3,146.83166389813528,3.329770563201687,30.70819111482666,0.7606056073988443,1.0,leptonic_bookkeeping,validation
293005,data,124.83570765056163,125.91670111852694,1,3,3,146.83166389813528,3.329770563201687,30.70819111482666,0.7606056073988443,1.0,leptonic_bookkeeping,train
465632,data,124.83570765056163,125.91670111852694,1,3,3,146.83166389813528,3.329770563201687,30.70819111482666,0.7606056073988443,1.0,leptonic_bookkeeping,train
718129,data,124.83570765056163,125.91670111852694,1,3,3,146.83166389813528,3.329770563201687,30.70819111482666,0.7606056073988443,1.0,leptonic_bookkeeping,validation
521736,data,124.83570765056163,125.91670111852694,1,3,3,146.83166389813528,3.329770563201687,30.70819111482666,0.7606056073988443,1.0,leptonic_bookkeeping,validation
230060,data,124.83570765056163,125.91670111852694,1,3,3,146.83166389813528,3.329770563201687,30.70819111482666,0.7606056073988443,1.0,leptonic_bookkeeping,train
424589,data,124.83570765056163,125.91670111852694,1,3,3,146.83166389813528,3.329770563201687,30.70819111482666,0.7606056073988443,1.0,leptonic_bookkeeping,train
215000,data,124.83570765056163,125.91670111852694,1,3,3,146.83166389813528,3.329770563201687,30.70819111482666,0.7606056073988443,1.0,leptonic_bookkeeping,test
492204,data,124.83570765056163,125.91670111852694,1,3,3,146.83166389813528,3.329770563201687,30.70819111482666,0.7606056073988443,1.0,leptonic_bookkeeping,validation
842870,data,124.83570765056163,125.91670111852694,1,3,3,146.83166389813528,3.329770563201687,30.70819111482666,0.7606056073988443,1.0,leptonic_bookkeeping,validation
299841,data,124.83570765056163,125.91670111852694,1,3,3,146.83166389813528,3.329770563201687,30.70819111482666,0.7606056073988443,1.0,leptonic_bookkeeping,train
672903,data,124.83570765056163,125.91670111852694,1,3,3,146.83166389813528,3.329770563201687,30.70819111482666,0.7606056073988443,1.0,leptonic_bookkeeping,train
707358,data,124.83570765056163,125.91670111852694,1,3,3,146.83166389813528,3.329770563201687,30.70819111482666,0.7606056073988443,1.0,leptonic_bookkeeping,validation
151502,data,124.83570765056163,125.91670111852694,1,3,3,146.83166389813528,3.329770563201687,30.70819111482666,0.7606056073988443,1.0,leptonic_bookkeeping,validation
102534,data,124.83570765056163,125.91670111852694,1,3,3,146.83166389813528,3.329770563201687,30.70819111482666,0.7606056073988443,1.0,leptonic_bookkeeping,test
879880,data,124.83570765056163,125.91670111852694,1,3,3,146.83166389813528,3.329770563201687,30.70819111482666,0.7606056073988443,1.0,leptonic_bookkeeping,train
472565,data,124.83570765056163,125.91670111852694,1,3,3,146.83166389813528,3.329770563201687,30.70819111482666,0.7606056073988443,1.0,leptonic_bookkeeping,test
320447,data,124.83570765056163,125.91670111852694,1,3,3,146.83166389813528,3.329770563201687,30.70819111482666,0.7606056073988443,1.0,leptonic_bookkeeping,train
701159,data,124.83570765056163,125.91670111852694,1,3,3,146.83166389813528,3.329770563201687,30.70819111482666,0.7606056073988443,1.0,leptonic_bookkeeping,train
910540,data,124.83570765056163,125.91670111852694,1,3,3,146.83166389813528,3.329770563201687,30.70819111482666,0.7606056073988443,1.0,leptonic_bookkeeping,train
17668,data,124.83570765056163,125.91670111852694,1,3,3,146.83166389813528,3.329770563201687,30.70819111482666,0.7606056073988443,1.0,leptonic_bookkeeping,validation
715705,data,124.83570765056163,125.91670111852694,1,3,3,146.83166389813528,3.329770563201687,30.70819111482666,0.7606056073988443,1.0,leptonic_bookkeeping,train
938892,data,124.83570765056163,125.91670111852694,1,3,3,146.83166389813528,3.329770563201687,30.70819111482666,0.7606056073988443,1.0,leptonic_bookkeeping,train
163438,data,124.83570765056163,125.91670111852694,1,3,3,146.83166389813528,3.329770563201687,30.70819111482666,0.7606056073988443,1.0,leptonic_bookkeeping,test
681231,data,124.83570765056163,125.91670111852694,1,3,3,146.83166389813528,3.329770563201687,30.70819111482666,0.7606056073988443,1.0,leptonic_bookkeeping,train
23455,data,124.83570765056163,125.91670111852694,1,3,3,146.83166389813528,3.329770563201687,30.70819111482666,0.7606056073988443,1.0,leptonic_bookkeeping,train
132346,data,124.83570765056163,125.91670111852694,1,3,3,146.83166389813528,3.329770563201687,30.70819111482666,0.7606056073988443,1.0,leptonic_bookkeeping,test
242884,data,124.83570765056163,125.91670111852694,1,3,3,146.83166389813528,3.329770563201687,30.70819111482666,0.7606056073988443,1.0,leptonic_bookkeeping,train
338359,data,124.83570765056163,125.91670111852694,1,3,3,146.83166389813528,3.329770563201687,30.70819111482666,0.7606056073988443,1.0,leptonic_bookkeeping,test
417035,data,124.83570765056163,125.91670111852694,1,3,3,146.83166389813528,3.329770563201687,30.70819111482666,0.7606056073988443,1.0,leptonic_bookkeeping,train
601272,data,124.83570765056163,125.91670111852694,1,3,3,146.83166389813528,3.329770563201687,30.70819111482666,0.7606056073988443,1.0,leptonic_bookkeeping,train
900315,data,124.83570765056163,125.91670111852694,1,3,3,146.83166389813528,3.329770563201687,30.70819111482666,0.7606056073988443,1.0,leptonic_bookkeeping,train
7505,data,124.83570765056163,125.91670111852694,1,3,3,146.83166389813528,3.329770563201687,30.70819111482666,0.7606056073988443,1.0,leptonic_bookkeeping,validation
817086,data,124.83570765056163,125.91670111852694,1,3,3,146.83166389813528,3.329770563201687,30.70819111482666,0.7606056073988443,1.0,leptonic_bookkeeping,train
354026,data,124.83570765056163,125.91670111852694,1,3,3,146.83166389813528,3.329770563201687,30.70819111482666,0.7606056073988443,1.0,leptonic_bookkeeping,train
496261,data,124.83570765056163,125.91670111852694,1,3,3,146.83166389813528,3.329770563201687,30.70819111482666,0.7606056073988443,1.0,leptonic_bookkeeping,train
804593,data,124.83570765056163,125.91670111852694,1,3,3,146.83166389813528,3.329770563201687,30.70819111482666,0.7606056073988443,1.0,leptonic_bookkeeping,train
811401,data,124.83570765056163,125.91670111852694,1,3,3,146.83166389813528,3.329770563201687,30.70819111482666,0.7606056073988443,1.0,leptonic_bookkeeping,validation
956020,data,124.83570765056163,125.91670111852694,1,3,3,146.83166389813528,3.329770563201687,30.70819111482666,0.7606056073988443,1.0,leptonic_bookkeeping,validation
868562,data,124.83570765056163,125.91670111852694,1,3,3,146.83166389813528,3.329770563201687,30.70819111482666,0.7606056073988443,1.0,leptonic_bookkeeping,train
112008,data,124.83570765056163,125.91670111852694,1,3,3,146.83166389813528,3.329770563201687,30.70819111482666,0.7606056073988443,1.0,leptonic_bookkeeping,test
389734,data,124.83570765056163,125.91670111852694,1,3,3,146.83166389813528,3.329770563201687,30.70819111482666,0.7606056073988443,1.0,leptonic_bookkeeping,test
164274,data,124.83570765056163,125.91670111852694,1,3,3,146.83166389813528,3.329770563201687,30.70819111482666,0.7606056073988443,1.0,leptonic_bookkeeping,test
227879,data,124.83570765056163,125.91670111852694,1,3,3,146.83166389813528,3.329770563201687,30.70819111482666,0.7606056073988443,1.0,leptonic_bookkeeping,train
78056,data,124.83570765056163,125.91670111852694,1,3,3,146.83166389813528,3.329770563201687,30.70819111482666,0.7606056073988443,1.0,leptonic_bookkeeping,train
669632,data,124.83570765056163,125.91670111852694,1,3,3,146.83166389813528,3.329770563201687,30.70819111482666,0.7606056073988443,1.0,leptonic_bookkeeping,test
972271,data,124.83570765056163,125.91670111852694,1,3,3,146.83166389813528,3.329770563201687,30.70819111482666,0.7606056073988443,1.0,leptonic_bookkeeping,train
752400,data,124.83570765056163,125.91670111852694,1,3,3,146.83166389813528,3.329770563201687,30.70819111482666,0.7606056073988443,1.0,leptonic_bookkeeping,test
7722,data,124.83570765056163,125.91670111852694,1,3,3,146.83166389813528,3.329770563201687,30.70819111482666,0.7606056073988443,1.0,leptonic_bookkeeping,validation
274402,data,124.83570765056163,125.91670111852694,1,3,3,146.83166389813528,3.329770563201687,30.70819111482666,0.7606056073988443,1.0,leptonic_bookkeeping,validation
295368,data,124.83570765056163,125.91670111852694,1,3,3,146.83166389813528,3.329770563201687,30.70819111482666,0.7606056073988443,1.0,leptonic_bookkeeping,validation
949848,data,124.83570765056163,125.91670111852694,1,3,3,146.83166389813528,3.329770563201687,30.70819111482666,0.7606056073988443,1.0,leptonic_bookkeeping,train
878659,data,124.83570765056163,125.91670111852694,1,3,3,146.83166389813528,3.329770563201687,30.70819111482666,0.7606056073988443,1.0,leptonic_bookkeeping,train
528040,data,124.83570765056163,125.91670111852694,1,3,3,146.83166389813528,3.329770563201687,30.70819111482666,0.7606056073988443,1.0,leptonic_bookkeeping,train
504578,data,124.83570765056163,125.91670111852694,1,3,3,146.83166389813528,3.329770563201687,30.70819111482666,0.7606056073988443,1.0,leptonic_bookkeeping,test
106298,data,124.83570765056163,125.91670111852694,1,3,3,146.83166389813528,3.329770563201687,30.70819111482666,0.7606056073988443,1.0,leptonic_bookkeeping,train
549106,data,124.83570765056163,125.91670111852694,1,3,3,146.83166389813528,3.329770563201687,30.70819111482666,0.7606056073988443,1.0,leptonic_bookkeeping,train
163868,data,124.83570765056163,125.91670111852694,1,3,3,146.83166389813528,3.329770563201687,30.70819111482666,0.7606056073988443,1.0,leptonic_bookkeeping,test
305171,data,124.83570765056163,125.91670111852694,1,3,3,146.83166389813528,3.329770563201687,30.70819111482666,0.7606056073988443,1.0,leptonic_bookkeeping,validation
215316,data,124.83570765056163,125.91670111852694,1,3,3,146.83166389813528,3.329770563201687,30.70819111482666,0.7606056073988443,1.0,leptonic_bookkeeping,test
693300,data,124.83570765056163,125.91670111852694,1,3,3,146.83166389813528,3.329770563201687,30.70819111482666,0.7606056073988443,1.0,leptonic_bookkeeping,train
149526,data,124.83570765056163,125.91670111852694,1,3,3,146.83166389813528,3.329770563201687,30.70819111482666,0.7606056073988443,1.0,leptonic_bookkeeping,train
370774,data,124.83570765056163,125.91670111852694,1,3,3,146.83166389813528,3.329770563201687,30.70819111482666,0.7606056073988443,1.0,leptonic_bookkeeping,test
440033,data,124.83570765056163,125.91670111852694,1,3,3,146.83166389813528,3.329770563201687,30.70819111482666,0.7606056073988443,1.0,leptonic_bookkeeping,validation
734771,data,124.83570765056163,125.91670111852694,1,3,3,146.83166389813528,3.329770563201687,30.70819111482666,0.7606056073988443,1.0,leptonic_bookkeeping,train
257521,data,124.83570765056163,125.91670111852694,1,3,3,146.83166389813528,3.329770563201687,30.70819111482666,0.7606056073988443,1.0,leptonic_bookkeeping,test
831670,data,124.83570765056163,125.91670111852694,1,3,3,146.83166389813528,3.329770563201687,30.70819111482666,0.7606056073988443,1.0,leptonic_bookkeeping,validation
357837,data,124.83570765056163,125.91670111852694,1,3,3,146.83166389813528,3.329770563201687,30.70819111482666,0.7606056073988443,1.0,leptonic_bookkeeping,validation
467389,data,124.83570765056163,125.91670111852694,1,3,3,146.83166389813528,3.329770563201687,30.70819111482666,0.7606056073988443,1.0,leptonic_bookkeeping,train
419259,data,124.83570765056163,125.91670111852694,1,3,3,146.83166389813528,3.329770563201687,30.70819111482666,0.7606056073988443,1.0,leptonic_bookkeeping,validation
469297,data,124.83570765056163,125.91670111852694,1,3,3,146.83166389813528,3.329770563201687,30.70819111482666,0.7606056073988443,1.0,leptonic_bookkeeping,train
751013,data,124.83570765056163,125.91670111852694,1,3,3,146.83166389813528,3.329770563201687,30.70819111482666,0.7606056073988443,1.0,leptonic_bookkeeping,test
172514,data,124.83570765056163,125.91670111852694,1,3,3,146.83166389813528,3.329770563201687,30.70819111482666,0.7606056073988443,1.0,leptonic_bookkeeping,validation
618126,data,124.83570765056163,125.91670111852694,1,3,3,146.83166389813528,3.329770563201687,30.70819111482666,0.7606056073988443,1.0,leptonic_bookkeeping,test
628611,data,124.83570765056163,125.91670111852694,1,3,3,146.83166389813528,3.329770563201687,30.70819111482666,0.7606056073988443,1.0,leptonic_bookkeeping,test
462932,data,124.83570765056163,125.91670111852694,1,3,3,146.83166389813528,3.329770563201687,30.70819111482666,0.7606056073988443,1.0,leptonic_bookkeeping,test
58721,data,124.83570765056163,125.91670111852694,1,3,3,146.83166389813528,3.329770563201687,30.70819111482666,0.7606056073988443,1.0,leptonic_bookkeeping,validation
771273,data,124.83570765056163,125.91670111852694,1,3,3,146.83166389813528,3.329770563201687,30.70819111482666,0.7606056073988443,1.0,leptonic_bookkeeping,test
944235,data,124.83570765056163,125.91670111852694,1,3,3,146.83166389813528,3.329770563201687,30.70819111482666,0.7606056073988443,1.0,leptonic_bookkeeping,train
930992,data,124.83570765056163,125.91670111852694,1,3,3,146.83166389813528,3.329770563201687,30.70819111482666,0.7606056073988443,1.0,leptonic_bookkeeping,train
874464,data,124.83570765056163,125.91670111852694,1,3,3,146.83166389813528,3.329770563201687,30.70819111482666,0.7606056073988443,1.0,leptonic_bookkeeping,test
872006,data,124.83570765056163,125.91670111852694,1,3,3,146.83166389813528,3.329770563201687,30.70819111482666,0.7606056073988443,1.0,leptonic_bookkeeping,train
274018,data,124.83570765056163,125.91670111852694,1,3,3,146.83166389813528,3.329770563201687,30.70819111482666,0.7606056073988443,1.0,leptonic_bookkeeping,train
772786,data,124.83570765056163,125.91670111852694,1,3,3,146.83166389813528,3.329770563201687,30.70819111482666,0.7606056073988443,1.0,leptonic_bookkeeping,test
34625,data,124.83570765056163,125.91670111852694,1,3,3,146.83166389813528,3.329770563201687,30.70819111482666,0.7606056073988443,1.0,leptonic_bookkeeping,train
492217,data,124.83570765056163,125.91670111852694,1,3,3,146.83166389813528,3.329770563201687,30.70819111482666,0.7606056073988443,1.0,leptonic_bookkeeping,validation
975940,data,124.83570765056163,125.91670111852694,1,3,3,146.83166389813528,3.329770563201687,30.70819111482666,0.7606056073988443,1.0,leptonic_bookkeeping,validation
664240,data,124.83570765056163,125.91670111852694,1,3,3,146.83166389813528,3.329770563201687,30.70819111482666,0.7606056073988443,1.0,leptonic_bookkeeping,train
12599,data,124.83570765056163,125.91670111852694,1,3,3,146.83166389813528,3.329770563201687,30.70819111482666,0.7606056073988443,1.0,leptonic_bookkeeping,train
607306,data,124.83570765056163,125.91670111852694,1,3,3,146.83166389813528,3.329770563201687,30.70819111482666,0.7606056073988443,1.0,leptonic_bookkeeping,test
910288,data,124.83570765056163,125.91670111852694,1,3,3,146.83166389813528,3.329770563201687,30.70819111482666,0.7606056073988443,1.0,leptonic_bookkeeping,train
399679,data,124.83570765056163,125.91670111852694,1,3,3,146.83166389813528,3.329770563201687,30.70819111482666,0.7606056073988443,1.0,leptonic_bookkeeping,validation
394551,data,124.83570765056163,125.91670111852694,1,3,3,146.83166389813528,3.329770563201687,30.70819111482666,0.7606056073988443,1.0,leptonic_bookkeeping,train
85009,data,124.83570765056163,125.91670111852694,1,3,3,146.83166389813528,3.329770563201687,30.70819111482666,0.7606056073988443,1.0,leptonic_bookkeeping,train
10858,data,124.83570765056163,125.91670111852694,1,3,3,146.83166389813528,3.329770563201687,30.70819111482666,0.7606056073988443,1.0,leptonic_bookkeeping,train
179612,data,124.83570765056163,125.91670111852694,1,3,3,146.83166389813528,3.329770563201687,30.70819111482666,0.7606056073988443,1.0,leptonic_bookkeeping,train
890497,data,124.83570765056163,125.91670111852694,1,3,3,146.83166389813528,3.329770563201687,30.70819111482666,0.7606056073988443,1.0,leptonic_bookkeeping,train
64462,data,124.83570765056163,125.91670111852694,1,3,3,146.83166389813528,3.329770563201687,30.70819111482666,0.7606056073988443,1.0,leptonic_bookkeeping,train
700336,data,124.83570765056163,125.91670111852694,1,3,3,146.83166389813528,3.329770563201687,30.70819111482666,0.7606056073988443,1.0,leptonic_bookkeeping,test
730671,data,124.83570765056163,125.91670111852694,1,3,3,146.83166389813528,3.329770563201687,30.70819111482666,0.7606056073988443,1.0,leptonic_bookkeeping,test
629518,data,124.83570765056163,125.91670111852694,1,3,3,146.83166389813528,3.329770563201687,30.70819111482666,0.7606056073988443,1.0,leptonic_bookkeeping,train
254545,data,124.83570765056163,125.91670111852694,1,3,3,146.83166389813528,3.329770563201687,30.70819111482666,0.7606056073988443,1.0,leptonic_bookkeeping,validation
525877,data,124.83570765056163,125.91670111852694,1,3,3,146.83166389813528,3.329770563201687,30.70819111482666,0.7606056073988443,1.0,leptonic_bookkeeping,train
436616,data,124.83570765056163,125.91670111852694,1,3,3,146.83166389813528,3.329770563201687,30.70819111482666,0.7606056073988443,1.0,leptonic_bookkeeping,train
810551,data,124.83570765056163,125.91670111852694,1,3,3,146.83166389813528,3.329770563201687,30.70819111482666,0.7606056073988443,1.0,leptonic_bookkeeping,validation
564351,data,124.83570765056163,125.91670111852694,1,3,3,146.83166389813528,3.329770563201687,30.70819111482666,0.7606056073988443,1.0,leptonic_bookkeeping,validation
90923,data,124.83570765056163,125.91670111852694,1,3,3,146.83166389813528,3.329770563201687,30.70819111482666,0.7606056073988443,1.0,leptonic_bookkeeping,test
943065,data,124.83570765056163,125.91670111852694,1,3,3,146.83166389813528,3.329770563201687,30.70819111482666,0.7606056073988443,1.0,leptonic_bookkeeping,train
938987,data,124.83570765056163,125.91670111852694,1,3,3,146.83166389813528,3.329770563201687,30.70819111482666,0.7606056073988443,1.0,leptonic_bookkeeping,train
438535,data,124.83570765056163,125.91670111852694,1,3,3,146.83166389813528,3.329770563201687,30.70819111482666,0.7606056073988443,1.0,leptonic_bookkeeping,train
302771,data,124.83570765056163,125.91670111852694,1,3,3,146.83166389813528,3.329770563201687,30.70819111482666,0.7606056073988443,1.0,leptonic_bookkeeping,train
574899,data,124.83570765056163,125.91670111852694,1,3,3,146.83166389813528,3.329770563201687,30.70819111482666,0.7606056073988443,1.0,leptonic_bookkeeping,validation
931059,data,124.83570765056163,125.91670111852694,1,3,3,146.83166389813528,3.329770563201687,30.70819111482666,0.7606056073988443,1.0,leptonic_bookkeeping,train
562740,data,124.83570765056163,125.91670111852694,1,3,3,146.83166389813528,3.329770563201687,30.70819111482666,0.7606056073988443,1.0,leptonic_bookkeeping,train
55200,data,124.83570765056163,125.91670111852694,1,3,3,146.83166389813528,3.329770563201687,30.70819111482666,0.7606056073988443,1.0,leptonic_bookkeeping,train
893957,data,124.83570765056163,125.91670111852694,1,3,3,146.83166389813528,3.329770563201687,30.70819111482666,0.7606056073988443,1.0,leptonic_bookkeeping,validation
197966,data,124.83570765056163,125.91670111852694,1,3,3,146.83166389813528,3.329770563201687,30.70819111482666,0.7606056073988443,1.0,leptonic_bookkeeping,train
569982,data,124.83570765056163,125.91670111852694,1,3,3,146.83166389813528,3.329770563201687,30.70819111482666,0.7606056073988443,1.0,leptonic_bookkeeping,train
300407,data,124.83570765056163,125.91670111852694,1,3,3,146.83166389813528,3.329770563201687,30.70819111482666,0.7606056073988443,1.0,leptonic_bookkeeping,train
355439,data,124.83570765056163,125.91670111852694,1,3,3,146.83166389813528,3.329770563201687,30.70819111482666,0.7606056073988443,1.0,leptonic_bookkeeping,train
489105,data,124.83570765056163,125.91670111852694,1,3,3,146.83166389813528,3.329770563201687,30.70819111482666,0.7606056073988443,1.0,leptonic_bookkeeping,train
8278,data,124.83570765056163,125.91670111852694,1,3,3,146.83166389813528,3.329770563201687,30.70819111482666,0.7606056073988443,1.0,leptonic_bookkeeping,test
325237,data,124.83570765056163,125.91670111852694,1,3,3,146.83166389813528,3.329770563201687,30.70819111482666,0.7606056073988443,1.0,leptonic_bookkeeping,train
968269,data,124.83570765056163,125.91670111852694,1,3,3,146.83166389813528,3.329770563201687,30.70819111482666,0.7606056073988443,1.0,leptonic_bookkeeping,test
292496,data,124.83570765056163,125.91670111852694,1,3,3,146.83166389813528,3.329770563201687,30.70819111482666,0.7606056073988443,1.0,leptonic_bookkeeping,train
109134,data,124.83570765056163,125.91670111852694,1,3,3,146.83166389813528,3.329770563201687,30.70819111482666,0.7606056073988443,1.0,leptonic_bookkeeping,train
789441,data,124.83570765056163,125.91670111852694,1,3,3,146.83166389813528,3.329770563201687,30.70819111482666,0.7606056073988443,1.0,leptonic_bookkeeping,train
36331,data,124.83570765056163,125.91670111852694,1,3,3,146.83166389813528,3.329770563201687,30.70819111482666,0.7606056073988443,1.0,leptonic_bookkeeping,train
260582,data,124.83570765056163,125.91670111852694,1,3,3,146.83166389813528,3.329770563201687,30.70819111482666,0.7606056073988443,1.0,leptonic_bookkeeping,train
828869,data,124.83570765056163,125.91670111852694,1,3,3,146.83166389813528,3.329770563201687,30.70819111482666,0.7606056073988443,1.0,leptonic_bookkeeping,train
847586,data,124.83570765056163,125.91670111852694,1,3,3,146.83166389813528,3.329770563201687,30.70819111482666,0.7606056073988443,1.0,leptonic_bookkeeping,train
666192,data,124.83570765056163,125.91670111852694,1,3,3,146.83166389813528,3.329770563201687,30.70819111482666,0.7606056073988443,1.0,leptonic_bookkeeping,validation
963225,data,124.83570765056163,125.91670111852694,1,3,3,146.83166389813528,3.329770563201687,30.70819111482666,0.7606056073988443,1.0,leptonic_bookkeeping,train
179708,data,124.83570765056163,125.91670111852694,1,3,3,146.83166389813528,3.329770563201687,30.70819111482666,0.7606056073988443,1.0,leptonic_bookkeeping,train
672509,data,124.83570765056163,125.91670111852694,1,3,3,146.83166389813528,3.329770563201687,30.70819111482666,0.7606056073988443,1.0,leptonic_bookkeeping,train
217620,data,124.83570765056163,125.91670111852694,1,3,3,146.83166389813528,3.329770563201687,30.70819111482666,0.7606056073988443,1.0,leptonic_bookkeeping,train
896087,data,124.83570765056163,125.91670111852694,1,3,3,146.83166389813528,3.329770563201687,30.70819111482666,0.7606056073988443,1.0,leptonic_bookkeeping,test
642903,data,124.83570765056163,125.91670111852694,1,3,3,146.83166389813528,3.329770563201687,30.70819111482666,0.7606056073988443,1.0,leptonic_bookkeeping,train
666471,data,124.83570765056163,125.91670111852694,1,3,3,146.83166389813528,3.329770563201687,30.70819111482666,0.7606056073988443,1.0,leptonic_bookkeeping,validation
97716,data,124.83570765056163,125.91670111852694,1,3,3,146.83166389813528,3.329770563201687,30.70819111482666,0.7606056073988443,1.0,leptonic_bookkeeping,train
438577,data,124.83570765056163,125.91670111852694,1,3,3,146.83166389813528,3.329770563201687,30.70819111482666,0.7606056073988443,1.0,leptonic_bookkeeping,train
369015,data,124.83570765056163,125.91670111852694,1,3,3,146.83166389813528,3.329770563201687,30.70819111482666,0.7606056073988443,1.0,leptonic_bookkeeping,validation
966675,data,124.83570765056163,125.91670111852694,1,3,3,146.83166389813528,3.329770563201687,30.70819111482666,0.7606056073988443,1.0,leptonic_bookkeeping,validation
571538,data,124.83570765056163,125.91670111852694,1,3,3,146.83166389813528,3.329770563201687,30.70819111482666,0.7606056073988443,1.0,leptonic_bookkeeping,train
603030,data,124.83570765056163,125.91670111852694,1,3,3,146.83166389813528,3.329770563201687,30.70819111482666,0.7606056073988443,1.0,leptonic_bookkeeping,train
259360,data,124.83570765056163,125.91670111852694,1,3,3,146.83166389813528,3.329770563201687,30.70819111482666,0.7606056073988443,1.0,leptonic_bookkeeping,train
