event_id,process,m_gammagamma,channel,n_leptons,n_jets,n_central_jets,n_bjets,h_pT,h_eta,m_jets,event_weight,sm_weight
1,WH,126.03086614490081,leptonic_bookkeeping,1,3,3,1,0.0,0.0,0.0,1.0,1.0
2,ggZH,124.26365811731291,leptonic_bookkeeping,1,0,0,0,0.0,0.0,0.0,1.0,1.0
5,ZH,126.44300492471729,hadronic,0,3,3,3,0.0,0.0,0.0,1.0,1.0
6,VBF,126.36019011194621,hadronic,0,1,1,1,0.0,0.0,0.0,1.0,0.0
7,ZH,126.9252825799994,leptonic_bookkeeping,1,0,0,0,0.0,0.0,0.0,1.0,1.0
13,WH,123.86740454079445,leptonic_bookkeeping,1,0,0,0,0.0,0.0,0.0,1.0,1.0
14,ggH,127.59879362852898,leptonic_bookkeeping,1,3,3,1,0.0,0.0,0.0,1.0,1.0
17,ZH,126.70024116424771,leptonic_bookkeeping,1,0,0,0,0.0,0.0,0.0,1.0,1.0
19,data_GamGam,104.22496785097263,leptonic_bookkeeping,1,1,1,1,0.0,0.0,0.0,1.0,0.0
22,VBF,132.5586780824546,hadronic,0,2,2,1,0.0,0.0,0.0,1.0,0.0
28,ggH,125.96243545685626,leptonic_bookkeeping,1,0,0,0,0.0,0.0,0.0,1.0,1.0
32,WH,127.61095761430866,hadronic,0,2,2,1,0.0,0.0,0.0,1.0,1.0
33,ggZH,125.04200768326552,hadronic,0,4,4,1,0.0,0.0,0.0,1.0,1.0
34,ggZH,125.89101380256277,hadronic,0,2,2,1,0.0,0.0,0.0,1.0,1.0
39,VBF,115.95627549785434,leptonic_bookkeeping,1,2,2,1,0.0,0.0,0.0,1.0,0.0
41,ttH,124.10514395148373,hadronic,0,2,2,1,0.0,0.0,0.0,1.0,1.0
42,VBF,129.88991119875357,hadronic,0,2,2,1,0.0,0.0,0.0,1.0,0.0
48,ttH,124.24188470763536,hadronic,0,3,3,2,0.0,0.0,0.0,1.0,1.0
49,tH,122.8808417075667,hadronic,0,3,3,3,0.0,0.0,0.0,1.0,1.0
52,ZH,125.29040812057092,hadronic,0,1,1,0,0.0,0.0,0.0,1.0,1.0
58,ZH,125.95916184886617,leptonic_bookkeeping,1,1,1,1,0.0,0.0,0.0,1.0,1.0
59,ggZH,128.16606158791308,leptonic_bookkeeping,1,1,1,0,0.0,0.0,0.0,1.0,1.0
61,tH,122.0955919130582,hadronic,0,1,1,1,0.0,0.0,0.0,1.0,1.0
64,ttH,123.5633931676585,hadronic,0,1,1,0,0.0,0.0,0.0,1.0,1.0
65,data_GamGam,128.09390970648275,leptonic_bookkeeping,1,2,2,1,0.0,0.0,0.0,1.0,0.0
67,VBF,152.01962560069143,hadronic,0,4,4,3,0.0,0.0,0.0,1.0,0.0
69,tH,127.63153301656432,hadronic,0,1,1,1,0.0,0.0,0.0,1.0,1.0
70,ggH,121.49378590612356,leptonic_bookkeeping,1,1,1,1,0.0,0.0,0.0,1.0,1.0
71,data_GamGam,107.06506497340847,hadronic,0,2,2,2,0.0,0.0,0.0,1.0,0.0
72,data_GamGam,121.23228259367497,leptonic_bookkeeping,1,2,2,2,0.0,0.0,0.0,1.0,0.0
80,data_GamGam,155.95539456551518,leptonic_bookkeeping,1,2,2,1,0.0,0.0,0.0,1.0,0.0
81,ttH,126.67212210231905,leptonic_bookkeeping,1,1,1,0,0.0,0.0,0.0,1.0,1.0
85,data_GamGam,153.84616888277225,hadronic,0,0,0,0,0.0,0.0,0.0,1.0,0.0
86,tH,125.0911843289401,leptonic_bookkeeping,1,2,2,2,0.0,0.0,0.0,1.0,1.0
89,ttH,125.68621816590351,hadronic,0,2,2,2,0.0,0.0,0.0,1.0,1.0
92,ggZH,122.54548043815828,leptonic_bookkeeping,1,2,2,2,0.0,0.0,0.0,1.0,1.0
93,tH,128.3202739068965,hadronic,0,2,2,2,0.0,0.0,0.0,1.0,1.0
97,WH,127.15024855043458,leptonic_bookkeeping,1,2,2,2,0.0,0.0,0.0,1.0,1.0
98,VBF,128.8542298869391,hadronic,0,2,2,1,0.0,0.0,0.0,1.0,0.0
99,VBF,101.25166835749229,leptonic_bookkeeping,1,1,1,1,0.0,0.0,0.0,1.0,0.0
102,data_GamGam,124.3186109851446,hadronic,0,4,4,2,0.0,0.0,0.0,1.0,0.0
106,ggH,124.09798993974015,hadronic,0,3,3,2,0.0,0.0,0.0,1.0,1.0
109,VBF,120.91442003451823,hadronic,0,3,3,2,0.0,0.0,0.0,1.0,0.0
113,ZH,122.90198615485903,leptonic_bookkeeping,1,3,3,2,0.0,0.0,0.0,1.0,1.0
114,tH,123.06160077937247,leptonic_bookkeeping,1,1,1,0,0.0,0.0,0.0,1.0,1.0
117,tH,122.37631974367166,leptonic_bookkeeping,1,3,3,3,0.0,0.0,0.0,1.0,1.0
119,data_GamGam,122.01736475228805,hadronic,0,3,3,2,0.0,0.0,0.0,1.0,0.0
120,VBF,121.77665631075952,leptonic_bookkeeping,1,2,2,1,0.0,0.0,0.0,1.0,0.0
121,ZH,125.28850004563478,leptonic_bookkeeping,1,3,3,0,0.0,0.0,0.0,1.0,1.0
122,WH,123.89854595182273,hadronic,0,0,0,0,0.0,0.0,0.0,1.0,1.0
123,data_GamGam,112.7189494541343,leptonic_bookkeeping,1,4,4,2,0.0,0.0,0.0,1.0,0.0
124,VBF,130.36645329080505,hadronic,0,3,3,2,0.0,0.0,0.0,1.0,0.0
125,tH,126.6263888137058,leptonic_bookkeeping,1,1,1,0,0.0,0.0,0.0,1.0,1.0
126,ggZH,124.74298503828838,hadronic,0,1,1,0,0.0,0.0,0.0,1.0,1.0
130,tH,126.48419074401862,leptonic_bookkeeping,1,2,2,0,0.0,0.0,0.0,1.0,1.0
137,tH,124.71991429611552,hadronic,0,2,2,2,0.0,0.0,0.0,1.0,1.0
138,ggZH,128.27788165468837,hadronic,0,3,3,1,0.0,0.0,0.0,1.0,1.0
139,ggZH,130.25017267924332,leptonic_bookkeeping,1,2,2,2,0.0,0.0,0.0,1.0,1.0
140,ZH,127.18054901268852,leptonic_bookkeeping,1,3,3,1,0.0,0.0,0.0,1.0,1.0
142,ZH,122.17835100382425,hadronic,0,3,3,2,0.0,0.0,0.0,1.0,1.0
143,tH,122.65105894646656,leptonic_bookkeeping,1,1,1,1,0.0,0.0,0.0,1.0,1.0
144,tH,124.54704221619694,leptonic_bookkeeping,1,2,2,0,0.0,0.0,0.0,1.0,1.0
152,ZH,123.11323390126013,hadronic,0,4,4,2,0.0,0.0,0.0,1.0,1.0
153,data_GamGam,107.05863928955951,leptonic_bookkeeping,1,1,1,1,0.0,0.0,0.0,1.0,0.0
156,ttH,122.75219706626982,leptonic_bookkeeping,1,2,2,2,0.0,0.0,0.0,1.0,1.0
158,WH,124.61535217385527,leptonic_bookkeeping,1,2,2,1,0.0,0.0,0.0,1.0,1.0
160,WH,127.82341875186292,hadronic,0,3,3,1,0.0,0.0,0.0,1.0,1.0
161,WH,126.31122079650578,hadronic,0,3,3,2,0.0,0.0,0.0,1.0,1.0
162,ggH,128.05544723904754,hadronic,0,2,2,1,0.0,0.0,0.0,1.0,1.0
164,ttH,121.79606837620567,leptonic_bookkeeping,1,0,0,0,0.0,0.0,0.0,1.0,1.0
166,VBF,127.77111730095103,leptonic_bookkeeping,1,1,1,0,0.0,0.0,0.0,1.0,0.0
167,WH,123.59400507946032,hadronic,0,1,1,1,0.0,0.0,0.0,1.0,1.0
169,WH,124.38623770262525,leptonic_bookkeeping,1,1,1,0,0.0,0.0,0.0,1.0,1.0
171,tH,128.80187122598915,hadronic,0,2,2,1,0.0,0.0,0.0,1.0,1.0
173,ggH,124.3087809706066,leptonic_bookkeeping,1,2,2,1,0.0,0.0,0.0,1.0,1.0
174,ZH,123.12364524914459,hadronic,0,1,1,0,0.0,0.0,0.0,1.0,1.0
177,ZH,125.24665814878108,hadronic,0,2,2,1,0.0,0.0,0.0,1.0,1.0
178,ZH,128.32888050789643,hadronic,0,3,3,2,0.0,0.0,0.0,1.0,1.0
183,ttH,126.90625009075217,hadronic,0,2,2,1,0.0,0.0,0.0,1.0,1.0
184,WH,126.02617084019458,leptonic_bookkeeping,1,0,0,0,0.0,0.0,0.0,1.0,1.0
185,WH,126.6589496838635,hadronic,0,3,3,3,0.0,0.0,0.0,1.0,1.0
186,ttH,124.61234772245439,leptonic_bookkeeping,1,0,0,0,0.0,0.0,0.0,1.0,1.0
189,WH,126.45736959443383,hadronic,0,0,0,0,0.0,0.0,0.0,1.0,1.0
190,WH,124.02360600553551,hadronic,0,2,2,2,0.0,0.0,0.0,1.0,1.0
191,ggZH,125.65348952920463,leptonic_bookkeeping,1,1,1,0,0.0,0.0,0.0,1.0,1.0
192,WH,125.60094871922166,leptonic_bookkeeping,1,3,3,3,0.0,0.0,0.0,1.0,1.0
196,ZH,125.51114730742474,hadronic,0,0,0,0,0.0,0.0,0.0,1.0,1.0
197,ggH,126.32496212032903,leptonic_bookkeeping,1,4,4,1,0.0,0.0,0.0,1.0,1.0
198,ggH,123.2675461039855,hadronic,0,2,2,2,0.0,0.0,0.0,1.0,1.0
201,WH,126.05195511683523,hadronic,0,4,4,3,0.0,0.0,0.0,1.0,1.0
202,data_GamGam,148.49652637335626,leptonic_bookkeeping,1,2,2,2,0.0,0.0,0.0,1.0,0.0
203,WH,124.75659209116426,hadronic,0,2,2,1,0.0,0.0,0.0,1.0,1.0
204,VBF,140.7729956280345,hadronic,0,1,1,0,0.0,0.0,0.0,1.0,0.0
208,VBF,112.03361506437898,leptonic_bookkeeping,1,2,2,2,0.0,0.0,0.0,1.0,0.0
209,WH,126.33233213094333,hadronic,0,3,3,3,0.0,0.0,0.0,1.0,1.0
213,WH,128.75234682645544,hadronic,0,3,3,3,0.0,0.0,0.0,1.0,1.0
214,VBF,149.96982260729627,hadronic,0,3,3,2,0.0,0.0,0.0,1.0,0.0
215,ggH,127.77451482210519,leptonic_bookkeeping,1,1,1,1,0.0,0.0,0.0,1.0,1.0
218,ggH,125.68979401649983,leptonic_bookkeeping,1,2,2,2,0.0,0.0,0.0,1.0,1.0
221,ggZH,119.36013813599315,hadronic,0,2,2,1,0.0,0.0,0.0,1.0,1.0
222,VBF,135.82574621120318,hadronic,0,2,2,1,0.0,0.0,0.0,1.0,0.0
223,ggH,126.16489624930966,hadronic,0,2,2,2,0.0,0.0,0.0,1.0,1.0
224,ttH,125.93116803308206,leptonic_bookkeeping,1,2,2,1,0.0,0.0,0.0,1.0,1.0
226,ZH,124.79175169155096,hadronic,0,2,2,2,0.0,0.0,0.0,1.0,1.0
227,ttH,126.55951099257764,hadronic,0,1,1,0,0.0,0.0,0.0,1.0,1.0
230,tH,126.0727557052034,hadronic,0,3,3,2,0.0,0.0,0.0,1.0,1.0
232,ZH,127.10219024139866,leptonic_bookkeeping,1,1,1,1,0.0,0.0,0.0,1.0,1.0
233,ZH,126.64151860796261,hadronic,0,4,4,1,0.0,0.0,0.0,1.0,1.0
234,WH,125.63147179775471,leptonic_bookkeeping,1,2,2,2,0.0,0.0,0.0,1.0,1.0
235,ggZH,125.6112584609163,leptonic_bookkeeping,1,2,2,1,0.0,0.0,0.0,1.0,1.0
236,ggZH,123.02433863815907,hadronic,0,1,1,1,0.0,0.0,0.0,1.0,1.0
237,ttH,126.86646489663127,hadronic,0,1,1,0,0.0,0.0,0.0,1.0,1.0
238,ZH,122.98289063184758,leptonic_bookkeeping,1,2,2,2,0.0,0.0,0.0,1.0,1.0
240,WH,125.47917776144834,hadronic,0,3,3,2,0.0,0.0,0.0,1.0,1.0
241,tH,125.9683182378659,hadronic,0,4,4,3,0.0,0.0,0.0,1.0,1.0
242,WH,126.50057382016189,hadronic,0,3,3,2,0.0,0.0,0.0,1.0,1.0
245,tH,126.19846389422594,leptonic_bookkeeping,1,0,0,0,0.0,0.0,0.0,1.0,1.0
246,VBF,128.49705791582488,hadronic,0,2,2,1,0.0,0.0,0.0,1.0,0.0
247,data_GamGam,158.52239662878526,hadronic,0,3,3,2,0.0,0.0,0.0,1.0,0.0
250,tH,122.92185286721644,hadronic,0,2,2,2,0.0,0.0,0.0,1.0,1.0
251,ttH,125.59124897749419,leptonic_bookkeeping,1,4,4,4,0.0,0.0,0.0,1.0,1.0
252,ggZH,121.96671490115841,hadronic,0,4,4,3,0.0,0.0,0.0,1.0,1.0
254,ttH,126.7799751244342,leptonic_bookkeeping,1,1,1,1,0.0,0.0,0.0,1.0,1.0
255,tH,121.89373589326235,leptonic_bookkeeping,1,3,3,2,0.0,0.0,0.0,1.0,1.0
257,ggZH,124.39700527295825,hadronic,0,2,2,1,0.0,0.0,0.0,1.0,1.0
258,VBF,120.60320213065864,hadronic,0,2,2,2,0.0,0.0,0.0,1.0,0.0
261,tH,124.71106316940042,hadronic,0,2,2,1,0.0,0.0,0.0,1.0,1.0
263,VBF,134.611442867962,leptonic_bookkeeping,1,0,0,0,0.0,0.0,0.0,1.0,0.0
264,ZH,125.86966244153369,hadronic,0,2,2,1,0.0,0.0,0.0,1.0,1.0
265,ttH,124.35449794776314,hadronic,0,2,2,2,0.0,0.0,0.0,1.0,1.0
266,ttH,123.93339053314426,leptonic_bookkeeping,1,0,0,0,0.0,0.0,0.0,1.0,1.0
267,tH,125.45139627562304,hadronic,0,2,2,1,0.0,0.0,0.0,1.0,1.0
268,ggZH,129.66657864329957,leptonic_bookkeeping,1,2,2,0,0.0,0.0,0.0,1.0,1.0
274,ggH,126.14478062235135,hadronic,0,2,2,1,0.0,0.0,0.0,1.0,1.0
276,tH,123.58474821035595,hadronic,0,2,2,1,0.0,0.0,0.0,1.0,1.0
277,ZH,123.57565227164791,leptonic_bookkeeping,1,2,2,2,0.0,0.0,0.0,1.0,1.0
280,data_GamGam,133.85390900107217,hadronic,0,0,0,0,0.0,0.0,0.0,1.0,0.0
281,VBF,117.26987793109635,hadronic,0,4,4,2,0.0,0.0,0.0,1.0,0.0
282,ZH,126.55205582768696,hadronic,0,3,3,1,0.0,0.0,0.0,1.0,1.0
287,ggZH,126.29297907545154,hadronic,0,4,4,1,0.0,0.0,0.0,1.0,1.0
289,ggH,124.63230623855624,hadronic,0,3,3,3,0.0,0.0,0.0,1.0,1.0
291,ggZH,126.46065401184666,hadronic,0,3,3,0,0.0,0.0,0.0,1.0,1.0
295,ttH,122.64311930627991,hadronic,0,3,3,2,0.0,0.0,0.0,1.0,1.0
296,ggH,124.84511307854801,leptonic_bookkeeping,1,1,1,1,0.0,0.0,0.0,1.0,1.0
297,WH,122.60941247280151,leptonic_bookkeeping,1,2,2,1,0.0,0.0,0.0,1.0,1.0
298,ZH,123.75284781759596,leptonic_bookkeeping,1,3,3,2,0.0,0.0,0.0,1.0,1.0
299,ggZH,122.98267537123309,leptonic_bookkeeping,1,2,2,0,0.0,0.0,0.0,1.0,1.0
300,VBF,126.46903313383794,leptonic_bookkeeping,1,2,2,1,0.0,0.0,0.0,1.0,0.0
301,WH,123.81498086957414,hadronic,0,3,3,1,0.0,0.0,0.0,1.0,1.0
305,data_GamGam,139.17837531447637,hadronic,0,3,3,2,0.0,0.0,0.0,1.0,0.0
312,ggZH,127.75299290003908,leptonic_bookkeeping,1,1,1,1,0.0,0.0,0.0,1.0,1.0
313,ggH,125.6262642800263,hadronic,0,3,3,1,0.0,0.0,0.0,1.0,1.0
314,VBF,118.38492696106218,leptonic_bookkeeping,1,1,1,1,0.0,0.0,0.0,1.0,0.0
315,data_GamGam,124.01877017037964,hadronic,0,2,2,2,0.0,0.0,0.0,1.0,0.0
316,ggZH,123.05324232394594,leptonic_bookkeeping,1,1,1,1,0.0,0.0,0.0,1.0,1.0
317,ggH,127.01426667294632,hadronic,0,3,3,2,0.0,0.0,0.0,1.0,1.0
318,ttH,123.01144657662209,leptonic_bookkeeping,1,2,2,1,0.0,0.0,0.0,1.0,1.0
320,tH,124.14106971299768,hadronic,0,1,1,1,0.0,0.0,0.0,1.0,1.0
322,ZH,126.76609225540206,hadronic,0,2,2,2,0.0,0.0,0.0,1.0,1.0
324,tH,125.12027395593658,leptonic_bookkeeping,1,4,4,4,0.0,0.0,0.0,1.0,1.0
325,WH,125.69517820512554,leptonic_bookkeeping,1,1,1,1,0.0,0.0,0.0,1.0,1.0
327,VBF,100.01362229309534,leptonic_bookkeeping,1,5,5,3,0.0,0.0,0.0,1.0,0.0
329,ttH,125.04212039672872,hadronic,0,1,1,1,0.0,0.0,0.0,1.0,1.0
330,ggH,125.23119599412745,hadronic,0,0,0,0,0.0,0.0,0.0,1.0,1.0
332,ZH,124.8153172740163,leptonic_bookkeeping,1,1,1,0,0.0,0.0,0.0,1.0,1.0
334,ggZH,125.95588775466781,hadronic,0,0,0,0,0.0,0.0,0.0,1.0,1.0
336,tH,126.43870289858167,hadronic,0,3,3,1,0.0,0.0,0.0,1.0,1.0
340,ZH,124.25628423544266,hadronic,0,2,2,0,0.0,0.0,0.0,1.0,1.0
341,data_GamGam,135.8457545544052,leptonic_bookkeeping,1,2,2,2,0.0,0.0,0.0,1.0,0.0
343,ttH,123.86686561094206,hadronic,0,2,2,1,0.0,0.0,0.0,1.0,1.0
344,VBF,157.42808995238778,hadronic,0,2,2,2,0.0,0.0,0.0,1.0,0.0
345,ZH,125.11010924397392,hadronic,0,3,3,3,0.0,0.0,0.0,1.0,1.0
347,tH,123.64777852948774,hadronic,0,4,4,3,0.0,0.0,0.0,1.0,1.0
348,ggZH,127.06614996919703,hadronic,0,4,4,3,0.0,0.0,0.0,1.0,1.0
350,ggH,126.53089847686455,leptonic_bookkeeping,1,2,2,1,0.0,0.0,0.0,1.0,1.0
351,ttH,126.02250655707915,hadronic,0,0,0,0,0.0,0.0,0.0,1.0,1.0
352,ttH,127.95032269481338,hadronic,0,2,2,1,0.0,0.0,0.0,1.0,1.0
355,VBF,130.9183112796626,hadronic,0,3,3,2,0.0,0.0,0.0,1.0,0.0
358,ZH,127.27911107205094,hadronic,0,3,3,2,0.0,0.0,0.0,1.0,1.0
360,VBF,145.37153404640682,leptonic_bookkeeping,1,2,2,1,0.0,0.0,0.0,1.0,0.0
362,tH,124.22527607089438,hadronic,0,2,2,2,0.0,0.0,0.0,1.0,1.0
364,ZH,123.29084763926335,leptonic_bookkeeping,1,1,1,1,0.0,0.0,0.0,1.0,1.0
365,VBF,119.75383692048368,hadronic,0,2,2,0,0.0,0.0,0.0,1.0,0.0
366,ZH,121.72058176225943,hadronic,0,2,2,2,0.0,0.0,0.0,1.0,1.0
368,ggH,125.2357173044951,hadronic,0,3,3,2,0.0,0.0,0.0,1.0,1.0
369,WH,126.4200065180741,hadronic,0,4,4,4,0.0,0.0,0.0,1.0,1.0
373,ggZH,124.0607906870363,hadronic,0,2,2,2,0.0,0.0,0.0,1.0,1.0
374,ZH,126.4421855929722,leptonic_bookkeeping,1,0,0,0,0.0,0.0,0.0,1.0,1.0
375,VBF,126.68276661150014,hadronic,0,2,2,1,0.0,0.0,0.0,1.0,0.0
376,ggZH,124.34376933366292,leptonic_bookkeeping,1,1,1,1,0.0,0.0,0.0,1.0,1.0
377,ggH,123.82946639822092,leptonic_bookkeeping,1,2,2,1,0.0,0.0,0.0,1.0,1.0
378,ttH,122.51929149569806,hadronic,0,2,2,2,0.0,0.0,0.0,1.0,1.0
380,data_GamGam,127.83912504642285,leptonic_bookkeeping,1,2,2,1,0.0,0.0,0.0,1.0,0.0
381,tH,124.36529901551494,leptonic_bookkeeping,1,1,1,1,0.0,0.0,0.0,1.0,1.0
382,tH,125.8511885069256,leptonic_bookkeeping,1,3,3,3,0.0,0.0,0.0,1.0,1.0
383,data_GamGam,116.74782824645618,hadronic,0,2,2,1,0.0,0.0,0.0,1.0,0.0
384,ggZH,127.21608571676647,leptonic_bookkeeping,1,2,2,1,0.0,0.0,0.0,1.0,1.0
385,ZH,124.66704522610395,hadronic,0,2,2,0,0.0,0.0,0.0,1.0,1.0
386,ggZH,124.0604066107477,hadronic,0,2,2,2,0.0,0.0,0.0,1.0,1.0
388,ggH,125.98183069785331,hadronic,0,3,3,2,0.0,0.0,0.0,1.0,1.0
391,VBF,100.13940436791582,hadronic,0,1,1,1,0.0,0.0,0.0,1.0,0.0
398,tH,128.46170309173993,hadronic,0,2,2,2,0.0,0.0,0.0,1.0,1.0
399,ggZH,123.33009926342464,leptonic_bookkeeping,1,2,2,1,0.0,0.0,0.0,1.0,1.0
400,ggH,125.000443032794,hadronic,0,2,2,1,0.0,0.0,0.0,1.0,1.0
403,WH,123.97525151864662,leptonic_bookkeeping,1,1,1,0,0.0,0.0,0.0,1.0,1.0
408,ttH,125.93648659614307,leptonic_bookkeeping,1,1,1,0,0.0,0.0,0.0,1.0,1.0
415,WH,127.033640986893,hadronic,0,4,4,3,0.0,0.0,0.0,1.0,1.0
417,data_GamGam,142.81961698672922,leptonic_bookkeeping,1,2,2,2,0.0,0.0,0.0,1.0,0.0
418,ggH,125.16050197942354,hadronic,0,2,2,2,0.0,0.0,0.0,1.0,1.0
421,ZH,125.09191879223754,hadronic,0,2,2,0,0.0,0.0,0.0,1.0,1.0
422,data_GamGam,114.06220544067253,hadronic,0,1,1,1,0.0,0.0,0.0,1.0,0.0
425,tH,126.03812444720985,leptonic_bookkeeping,1,0,0,0,0.0,0.0,0.0,1.0,1.0
427,ggH,123.93151945607414,leptonic_bookkeeping,1,2,2,1,0.0,0.0,0.0,1.0,1.0
428,data_GamGam,138.56839546517043,leptonic_bookkeeping,1,1,1,1,0.0,0.0,0.0,1.0,0.0
429,WH,125.30182192725015,leptonic_bookkeeping,1,2,2,1,0.0,0.0,0.0,1.0,1.0
432,VBF,143.7526569100512,leptonic_bookkeeping,1,2,2,1,0.0,0.0,0.0,1.0,0.0
437,ttH,122.9831025349053,hadronic,0,3,3,1,0.0,0.0,0.0,1.0,1.0
438,WH,120.82820424453332,hadronic,0,2,2,2,0.0,0.0,0.0,1.0,1.0
439,tH,127.31952992390354,leptonic_bookkeeping,1,1,1,1,0.0,0.0,0.0,1.0,1.0
441,VBF,128.1882592869209,hadronic,0,3,3,2,0.0,0.0,0.0,1.0,0.0
442,VBF,153.39018364529863,hadronic,0,3,3,2,0.0,0.0,0.0,1.0,0.0
443,data_GamGam,152.9464714808549,hadronic,0,3,3,3,0.0,0.0,0.0,1.0,0.0
445,ggH,128.08739552198483,hadronic,0,2,2,1,0.0,0.0,0.0,1.0,1.0
446,ttH,125.17077722026991,leptonic_bookkeeping,1,0,0,0,0.0,0.0,0.0,1.0,1.0
447,data_GamGam,149.43378289747986,hadronic,0,4,4,3,0.0,0.0,0.0,1.0,0.0
449,ggZH,124.86073309339979,hadronic,0,2,2,1,0.0,0.0,0.0,1.0,1.0
450,ttH,124.32112069640438,leptonic_bookkeeping,1,0,0,0,0.0,0.0,0.0,1.0,1.0
452,tH,122.98033984780218,hadronic,0,0,0,0,0.0,0.0,0.0,1.0,1.0
455,ggZH,126.24015999689267,leptonic_bookkeeping,1,0,0,0,0.0,0.0,0.0,1.0,1.0
456,ggZH,123.31134310242099,hadronic,0,3,3,3,0.0,0.0,0.0,1.0,1.0
459,ggH,121.74599015826651,hadronic,0,1,1,1,0.0,0.0,0.0,1.0,1.0
461,VBF,144.45299240331912,hadronic,0,3,3,2,0.0,0.0,0.0,1.0,0.0
462,data_GamGam,142.53400037509493,hadronic,0,1,1,0,0.0,0.0,0.0,1.0,0.0
463,WH,124.61258924039008,leptonic_bookkeeping,1,1,1,1,0.0,0.0,0.0,1.0,1.0
464,WH,126.0805758880714,leptonic_bookkeeping,1,1,1,1,0.0,0.0,0.0,1.0,1.0
465,ggH,124.15857753881626,hadronic,0,1,1,1,0.0,0.0,0.0,1.0,1.0
466,data_GamGam,109.41503632223363,hadronic,0,3,3,2,0.0,0.0,0.0,1.0,0.0
467,data_GamGam,115.58766497026963,leptonic_bookkeeping,1,2,2,0,0.0,0.0,0.0,1.0,0.0
469,VBF,103.59550931926489,hadronic,0,2,2,2,0.0,0.0,0.0,1.0,0.0
471,WH,122.40072466027517,leptonic_bookkeeping,1,0,0,0,0.0,0.0,0.0,1.0,1.0
472,tH,123.0368640108872,hadronic,0,2,2,2,0.0,0.0,0.0,1.0,1.0
475,ZH,123.60476709878189,hadronic,0,2,2,2,0.0,0.0,0.0,1.0,1.0
479,WH,128.48052886742585,leptonic_bookkeeping,1,3,3,1,0.0,0.0,0.0,1.0,1.0
480,data_GamGam,109.44229500099462,leptonic_bookkeeping,1,3,3,1,0.0,0.0,0.0,1.0,0.0
481,ggZH,123.5777783708939,hadronic,0,1,1,1,0.0,0.0,0.0,1.0,1.0
482,ZH,122.88872102040281,hadronic,0,1,1,1,0.0,0.0,0.0,1.0,1.0
483,tH,124.29262848086599,hadronic,0,1,1,1,0.0,0.0,0.0,1.0,1.0
487,ttH,125.22678878393337,hadronic,0,1,1,1,0.0,0.0,0.0,1.0,1.0
489,ttH,126.06333756740774,leptonic_bookkeeping,1,1,1,1,0.0,0.0,0.0,1.0,1.0
490,data_GamGam,134.29766160166992,hadronic,0,3,3,2,0.0,0.0,0.0,1.0,0.0
491,VBF,151.87248049492501,leptonic_bookkeeping,1,4,4,4,0.0,0.0,0.0,1.0,0.0
492,ggZH,123.61928331839303,leptonic_bookkeeping,1,2,2,1,0.0,0.0,0.0,1.0,1.0
493,ggH,124.83095538196575,hadronic,0,2,2,2,0.0,0.0,0.0,1.0,1.0
494,data_GamGam,151.50821515589578,leptonic_bookkeeping,1,1,1,0,0.0,0.0,0.0,1.0,0.0
503,VBF,109.08745734402487,hadronic,0,3,3,2,0.0,0.0,0.0,1.0,0.0
507,WH,127.20643514410732,hadronic,0,2,2,1,0.0,0.0,0.0,1.0,1.0
508,ttH,127.8838848039052,leptonic_bookkeeping,1,4,4,4,0.0,0.0,0.0,1.0,1.0
509,data_GamGam,110.54291475020955,hadronic,0,1,1,1,0.0,0.0,0.0,1.0,0.0
510,ZH,127.16470774632462,leptonic_bookkeeping,1,2,2,2,0.0,0.0,0.0,1.0,1.0
512,tH,122.04244575230743,hadronic,0,2,2,1,0.0,0.0,0.0,1.0,1.0
513,ggZH,128.34453180819506,hadronic,0,2,2,2,0.0,0.0,0.0,1.0,1.0
514,ggZH,125.34293226670962,hadronic,0,5,5,3,0.0,0.0,0.0,1.0,1.0
515,data_GamGam,143.71690940756662,hadronic,0,3,3,2,0.0,0.0,0.0,1.0,0.0
518,tH,126.9514267553385,hadronic,0,3,3,2,0.0,0.0,0.0,1.0,1.0
525,VBF,154.07065739304133,hadronic,0,3,3,3,0.0,0.0,0.0,1.0,0.0
526,data_GamGam,104.33376089634866,hadronic,0,3,3,2,0.0,0.0,0.0,1.0,0.0
527,WH,127.18835909504296,hadronic,0,2,2,2,0.0,0.0,0.0,1.0,1.0
532,data_GamGam,154.18303918615092,hadronic,0,3,3,2,0.0,0.0,0.0,1.0,0.0
535,VBF,113.78838048535991,hadronic,0,2,2,0,0.0,0.0,0.0,1.0,0.0
536,ttH,124.54716653730948,hadronic,0,2,2,1,0.0,0.0,0.0,1.0,1.0
538,ggZH,124.479795100347,leptonic_bookkeeping,1,3,3,2,0.0,0.0,0.0,1.0,1.0
539,WH,122.398314052754,hadronic,0,2,2,1,0.0,0.0,0.0,1.0,1.0
540,ggZH,121.24014445063273,leptonic_bookkeeping,1,0,0,0,0.0,0.0,0.0,1.0,1.0
543,ggZH,123.95897356245757,leptonic_bookkeeping,1,3,3,2,0.0,0.0,0.0,1.0,1.0
544,ZH,127.08769088434534,leptonic_bookkeeping,1,2,2,2,0.0,0.0,0.0,1.0,1.0
545,data_GamGam,110.1300163991542,leptonic_bookkeeping,1,2,2,1,0.0,0.0,0.0,1.0,0.0
548,ggZH,123.99592024637548,leptonic_bookkeeping,1,2,2,2,0.0,0.0,0.0,1.0,1.0
552,WH,120.06295063974999,leptonic_bookkeeping,1,1,1,1,0.0,0.0,0.0,1.0,1.0
553,ggZH,126.1095015088705,leptonic_bookkeeping,1,0,0,0,0.0,0.0,0.0,1.0,1.0
554,ggZH,124.71268094020576,hadronic,0,2,2,1,0.0,0.0,0.0,1.0,1.0
557,VBF,106.33081878407206,leptonic_bookkeeping,1,2,2,1,0.0,0.0,0.0,1.0,0.0
560,data_GamGam,117.39924355864851,leptonic_bookkeeping,1,2,2,2,0.0,0.0,0.0,1.0,0.0
563,VBF,129.48443580596012,hadronic,0,2,2,0,0.0,0.0,0.0,1.0,0.0
566,VBF,152.4963643361603,hadronic,0,2,2,1,0.0,0.0,0.0,1.0,0.0
567,VBF,133.07904343976884,leptonic_bookkeeping,1,3,3,2,0.0,0.0,0.0,1.0,0.0
569,ttH,122.57967899403823,leptonic_bookkeeping,1,2,2,2,0.0,0.0,0.0,1.0,1.0
570,WH,122.63556353991662,hadronic,0,1,1,1,0.0,0.0,0.0,1.0,1.0
573,WH,126.11369880387215,hadronic,0,3,3,1,0.0,0.0,0.0,1.0,1.0
577,tH,120.93150228097815,leptonic_bookkeeping,1,1,1,0,0.0,0.0,0.0,1.0,1.0
578,tH,122.51550153706175,leptonic_bookkeeping,1,1,1,1,0.0,0.0,0.0,1.0,1.0
580,ZH,123.16208433060093,hadronic,0,3,3,0,0.0,0.0,0.0,1.0,1.0
581,tH,123.99957096849825,leptonic_bookkeeping,1,2,2,2,0.0,0.0,0.0,1.0,1.0
584,ggZH,125.5132029562861,leptonic_bookkeeping,1,2,2,0,0.0,0.0,0.0,1.0,1.0
590,ggZH,121.07342170432206,hadronic,0,1,1,0,0.0,0.0,0.0,1.0,1.0
591,tH,125.92164973080773,hadronic,0,2,2,1,0.0,0.0,0.0,1.0,1.0
592,ttH,122.99737069160406,hadronic,0,1,1,1,0.0,0.0,0.0,1.0,1.0
595,VBF,152.64935450388927,leptonic_bookkeeping,1,2,2,2,0.0,0.0,0.0,1.0,0.0
597,ggZH,124.59851868858166,hadronic,0,2,2,2,0.0,0.0,0.0,1.0,1.0
599,ZH,123.9761786770296,hadronic,0,2,2,2,0.0,0.0,0.0,1.0,1.0
601,VBF,157.77222964010858,hadronic,0,4,4,3,0.0,0.0,0.0,1.0,0.0
603,data_GamGam,130.61482598818873,leptonic_bookkeeping,1,1,1,1,0.0,0.0,0.0,1.0,0.0
604,ggZH,127.10421364494927,leptonic_bookkeeping,1,1,1,0,0.0,0.0,0.0,1.0,1.0
607,data_GamGam,121.38318871138169,leptonic_bookkeeping,1,3,3,2,0.0,0.0,0.0,1.0,0.0
608,WH,125.20898005523827,hadronic,0,2,2,2,0.0,0.0,0.0,1.0,1.0
609,ttH,124.19478691768234,hadronic,0,3,3,0,0.0,0.0,0.0,1.0,1.0
612,tH,124.06573470078834,hadronic,0,1,1,1,0.0,0.0,0.0,1.0,1.0
613,tH,125.14695003242062,leptonic_bookkeeping,1,3,3,3,0.0,0.0,0.0,1.0,1.0
616,data_GamGam,103.77355734714921,leptonic_bookkeeping,1,3,3,3,0.0,0.0,0.0,1.0,0.0
618,ggZH,125.29084603234976,hadronic,0,5,5,4,0.0,0.0,0.0,1.0,1.0
619,VBF,130.7549576108282,hadronic,0,1,1,1,0.0,0.0,0.0,1.0,0.0
620,ttH,127.79458812136328,hadronic,0,2,2,1,0.0,0.0,0.0,1.0,1.0
621,VBF,133.8580638801898,hadronic,0,3,3,3,0.0,0.0,0.0,1.0,0.0
623,ggZH,126.24980718930809,hadronic,0,3,3,2,0.0,0.0,0.0,1.0,1.0
624,WH,127.73277882370888,hadronic,0,4,4,3,0.0,0.0,0.0,1.0,1.0
626,VBF,111.30209392402419,hadronic,0,2,2,2,0.0,0.0,0.0,1.0,0.0
628,VBF,146.59641038778344,hadronic,0,2,2,1,0.0,0.0,0.0,1.0,0.0
630,ttH,123.74370120048872,leptonic_bookkeeping,1,3,3,2,0.0,0.0,0.0,1.0,1.0
631,ggH,127.57276427399107,hadronic,0,1,1,1,0.0,0.0,0.0,1.0,1.0
633,ttH,124.70572099037179,hadronic,0,2,2,1,0.0,0.0,0.0,1.0,1.0
634,ZH,123.68675185840058,leptonic_bookkeeping,1,0,0,0,0.0,0.0,0.0,1.0,1.0
636,ggZH,124.96887382225941,leptonic_bookkeeping,1,1,1,1,0.0,0.0,0.0,1.0,1.0
637,data_GamGam,122.86603081670884,leptonic_bookkeeping,1,3,3,3,0.0,0.0,0.0,1.0,0.0
639,ZH,124.07210406103118,hadronic,0,1,1,1,0.0,0.0,0.0,1.0,1.0
642,ggH,122.55286562904998,hadronic,0,3,3,2,0.0,0.0,0.0,1.0,1.0
645,VBF,102.82234320488487,leptonic_bookkeeping,1,3,3,2,0.0,0.0,0.0,1.0,0.0
646,ttH,124.47576368287993,leptonic_bookkeeping,1,2,2,1,0.0,0.0,0.0,1.0,1.0
648,ggH,122.95572751225275,hadronic,0,2,2,0,0.0,0.0,0.0,1.0,1.0
650,ZH,122.88658110327356,hadronic,0,3,3,2,0.0,0.0,0.0,1.0,1.0
651,WH,126.65388692093039,leptonic_bookkeeping,1,2,2,1,0.0,0.0,0.0,1.0,1.0
656,ttH,123.46068844766026,hadronic,0,1,1,0,0.0,0.0,0.0,1.0,1.0
661,VBF,103.8643069609026,hadronic,0,3,3,1,0.0,0.0,0.0,1.0,0.0
662,ggH,125.97722619283292,hadronic,0,3,3,1,0.0,0.0,0.0,1.0,1.0
663,WH,125.36929814574827,leptonic_bookkeeping,1,2,2,2,0.0,0.0,0.0,1.0,1.0
664,ttH,126.49957482381348,hadronic,0,3,3,2,0.0,0.0,0.0,1.0,1.0
666,WH,127.5944984003721,hadronic,0,2,2,1,0.0,0.0,0.0,1.0,1.0
667,ttH,122.69863283741645,hadronic,0,3,3,1,0.0,0.0,0.0,1.0,1.0
670,ZH,126.9952395256158,hadronic,0,2,2,1,0.0,0.0,0.0,1.0,1.0
671,ggH,126.12837563519678,hadronic,0,2,2,2,0.0,0.0,0.0,1.0,1.0
672,ggH,123.04093578013939,hadronic,0,0,0,0,0.0,0.0,0.0,1.0,1.0
674,tH,123.72119230232806,hadronic,0,2,2,1,0.0,0.0,0.0,1.0,1.0
675,VBF,154.985331350052,leptonic_bookkeeping,1,1,1,1,0.0,0.0,0.0,1.0,0.0
676,ggH,127.41653818317612,hadronic,0,4,4,1,0.0,0.0,0.0,1.0,1.0
677,VBF,131.01020606406996,leptonic_bookkeeping,1,1,1,1,0.0,0.0,0.0,1.0,0.0
678,data_GamGam,133.94509385347493,hadronic,0,1,1,0,0.0,0.0,0.0,1.0,0.0
680,ttH,123.0002094155038,hadronic,0,1,1,1,0.0,0.0,0.0,1.0,1.0
681,tH,129.38720523122015,leptonic_bookkeeping,1,1,1,1,0.0,0.0,0.0,1.0,1.0
682,WH,122.16746228131879,hadronic,0,1,1,0,0.0,0.0,0.0,1.0,1.0
683,ttH,123.71444723420011,leptonic_bookkeeping,1,4,4,1,0.0,0.0,0.0,1.0,1.0
686,WH,127.6426324056068,hadronic,0,4,4,4,0.0,0.0,0.0,1.0,1.0
688,ggZH,127.57840610281374,hadronic,0,2,2,1,0.0,0.0,0.0,1.0,1.0
690,ttH,127.30778826907698,leptonic_bookkeeping,1,3,3,2,0.0,0.0,0.0,1.0,1.0
693,data_GamGam,153.44000055351444,hadronic,0,3,3,1,0.0,0.0,0.0,1.0,0.0
694,ggZH,125.08960491277588,hadronic,0,2,2,2,0.0,0.0,0.0,1.0,1.0
695,ggH,125.39593219994711,leptonic_bookkeeping,1,2,2,2,0.0,0.0,0.0,1.0,1.0
697,ZH,124.92380083465207,leptonic_bookkeeping,1,3,3,2,0.0,0.0,0.0,1.0,1.0
699,ggZH,125.86987410835616,leptonic_bookkeeping,1,4,4,2,0.0,0.0,0.0,1.0,1.0
702,ttH,125.50469838736164,hadronic,0,2,2,1,0.0,0.0,0.0,1.0,1.0
704,VBF,149.73579347158073,hadronic,0,4,4,2,0.0,0.0,0.0,1.0,0.0
705,ggZH,125.9363039593685,leptonic_bookkeeping,1,4,4,3,0.0,0.0,0.0,1.0,1.0
706,ZH,125.51447550135305,hadronic,0,2,2,1,0.0,0.0,0.0,1.0,1.0
711,WH,124.9859181829386,leptonic_bookkeeping,1,4,4,4,0.0,0.0,0.0,1.0,1.0
713,tH,124.10671390637079,leptonic_bookkeeping,1,2,2,2,0.0,0.0,0.0,1.0,1.0
714,VBF,122.58330978649666,hadronic,0,4,4,3,0.0,0.0,0.0,1.0,0.0
715,VBF,136.01091665885954,leptonic_bookkeeping,1,3,3,3,0.0,0.0,0.0,1.0,0.0
716,data_GamGam,140.9586929375879,hadronic,0,1,1,0,0.0,0.0,0.0,1.0,0.0
718,ggH,123.40915041649039,hadronic,0,3,3,3,0.0,0.0,0.0,1.0,1.0
720,ggH,125.38622926738005,hadronic,0,3,3,2,0.0,0.0,0.0,1.0,1.0
722,ttH,128.28285725544464,hadronic,0,3,3,3,0.0,0.0,0.0,1.0,1.0
723,ggZH,122.51892834159253,hadronic,0,4,4,3,0.0,0.0,0.0,1.0,1.0
724,tH,124.83281625983025,hadronic,0,1,1,1,0.0,0.0,0.0,1.0,1.0
725,data_GamGam,154.1665628658727,leptonic_bookkeeping,1,1,1,1,0.0,0.0,0.0,1.0,0.0
727,ggH,120.09399158215926,hadronic,0,1,1,1,0.0,0.0,0.0,1.0,1.0
730,data_GamGam,104.27240305247395,hadronic,0,1,1,1,0.0,0.0,0.0,1.0,0.0
731,data_GamGam,106.97084650071346,hadronic,0,0,0,0,0.0,0.0,0.0,1.0,0.0
733,data_GamGam,127.09278165838339,leptonic_bookkeeping,1,4,4,1,0.0,0.0,0.0,1.0,0.0
734,ggH,121.44024978358367,hadronic,0,2,2,2,0.0,0.0,0.0,1.0,1.0
735,ggH,127.12834140468209,leptonic_bookkeeping,1,3,3,2,0.0,0.0,0.0,1.0,1.0
737,data_GamGam,125.78472286454,hadronic,0,2,2,0,0.0,0.0,0.0,1.0,0.0
740,ttH,125.49977511632765,hadronic,0,0,0,0,0.0,0.0,0.0,1.0,1.0
742,data_GamGam,117.07243661632337,hadronic,0,4,4,2,0.0,0.0,0.0,1.0,0.0
747,data_GamGam,113.4047526957775,hadronic,0,3,3,0,0.0,0.0,0.0,1.0,0.0
749,ggZH,128.29575521156735,leptonic_bookkeeping,1,2,2,1,0.0,0.0,0.0,1.0,1.0
750,ggH,124.3153903131017,hadronic,0,1,1,0,0.0,0.0,0.0,1.0,1.0
754,ggH,123.82452406136021,leptonic_bookkeeping,1,3,3,2,0.0,0.0,0.0,1.0,1.0
756,WH,124.24515319773934,hadronic,0,4,4,2,0.0,0.0,0.0,1.0,1.0
758,ZH,124.248982038721,hadronic,0,2,2,2,0.0,0.0,0.0,1.0,1.0
760,ttH,122.67067330297522,hadronic,0,1,1,0,0.0,0.0,0.0,1.0,1.0
762,data_GamGam,112.63234881027057,leptonic_bookkeeping,1,4,4,2,0.0,0.0,0.0,1.0,0.0
766,VBF,145.89087359319902,hadronic,0,2,2,0,0.0,0.0,0.0,1.0,0.0
769,ggZH,126.35220985858966,leptonic_bookkeeping,1,1,1,1,0.0,0.0,0.0,1.0,1.0
770,ttH,124.5539486374672,hadronic,0,3,3,2,0.0,0.0,0.0,1.0,1.0
771,WH,125.56407242092445,hadronic,0,3,3,1,0.0,0.0,0.0,1.0,1.0
772,tH,124.70930115537223,hadronic,0,4,4,2,0.0,0.0,0.0,1.0,1.0
775,ttH,126.47282748907203,hadronic,0,2,2,1,0.0,0.0,0.0,1.0,1.0
776,ttH,123.72508695136477,hadronic,0,2,2,1,0.0,0.0,0.0,1.0,1.0
777,VBF,111.5126027861414,hadronic,0,4,4,2,0.0,0.0,0.0,1.0,0.0
779,ttH,120.7953177780953,hadronic,0,4,4,2,0.0,0.0,0.0,1.0,1.0
780,ggZH,124.2723485489042,leptonic_bookkeeping,1,2,2,0,0.0,0.0,0.0,1.0,1.0
781,ZH,126.02458862100852,hadronic,0,3,3,3,0.0,0.0,0.0,1.0,1.0
784,ZH,120.932998660019,hadronic,0,1,1,0,0.0,0.0,0.0,1.0,1.0
785,ggZH,127.12433489517733,hadronic,0,1,1,0,0.0,0.0,0.0,1.0,1.0
787,ggZH,121.9536550716523,leptonic_bookkeeping,1,1,1,0,0.0,0.0,0.0,1.0,1.0
788,ggZH,123.93717719772314,leptonic_bookkeeping,1,1,1,1,0.0,0.0,0.0,1.0,1.0
790,ggZH,125.3942366702454,hadronic,0,2,2,0,0.0,0.0,0.0,1.0,1.0
791,tH,125.37527570872851,hadronic,0,2,2,2,0.0,0.0,0.0,1.0,1.0
792,ZH,122.64986183828184,hadronic,0,3,3,3,0.0,0.0,0.0,1.0,1.0
796,VBF,153.10715925445876,hadronic,0,1,1,0,0.0,0.0,0.0,1.0,0.0
797,ttH,120.90459851506309,hadronic,0,2,2,1,0.0,0.0,0.0,1.0,1.0
801,ZH,123.655212831347,leptonic_bookkeeping,1,0,0,0,0.0,0.0,0.0,1.0,1.0
802,ZH,125.6729995776418,hadronic,0,3,3,2,0.0,0.0,0.0,1.0,1.0
803,ZH,127.15625079158954,leptonic_bookkeeping,1,4,4,3,0.0,0.0,0.0,1.0,1.0
804,ggH,124.8275658039851,hadronic,0,1,1,0,0.0,0.0,0.0,1.0,1.0
806,data_GamGam,100.73743966934025,leptonic_bookkeeping,1,1,1,1,0.0,0.0,0.0,1.0,0.0
807,data_GamGam,131.91830406978988,leptonic_bookkeeping,1,3,3,2,0.0,0.0,0.0,1.0,0.0
808,data_GamGam,138.09485411872384,leptonic_bookkeeping,1,1,1,1,0.0,0.0,0.0,1.0,0.0
809,data_GamGam,103.33831955972217,leptonic_bookkeeping,1,1,1,0,0.0,0.0,0.0,1.0,0.0
810,ZH,125.04244530166852,hadronic,0,2,2,1,0.0,0.0,0.0,1.0,1.0
813,ggH,124.21329775035426,leptonic_bookkeeping,1,2,2,2,0.0,0.0,0.0,1.0,1.0
814,ZH,125.25263616606733,leptonic_bookkeeping,1,1,1,1,0.0,0.0,0.0,1.0,1.0
815,WH,125.34318832412983,hadronic,0,1,1,1,0.0,0.0,0.0,1.0,1.0
816,ZH,126.00915611237531,hadronic,0,3,3,2,0.0,0.0,0.0,1.0,1.0
817,ggH,126.6409572391662,hadronic,0,5,5,3,0.0,0.0,0.0,1.0,1.0
819,ggZH,125.57910139005641,hadronic,0,0,0,0,0.0,0.0,0.0,1.0,1.0
820,ZH,123.38983031110838,leptonic_bookkeeping,1,1,1,1,0.0,0.0,0.0,1.0,1.0
821,ggZH,121.80388901614221,hadronic,0,1,1,1,0.0,0.0,0.0,1.0,1.0
822,ggH,124.231753481981,hadronic,0,2,2,2,0.0,0.0,0.0,1.0,1.0
825,data_GamGam,141.4123999012481,leptonic_bookkeeping,1,2,2,1,0.0,0.0,0.0,1.0,0.0
826,ggZH,123.79465511910175,leptonic_bookkeeping,1,3,3,3,0.0,0.0,0.0,1.0,1.0
827,tH,119.39617686102422,hadronic,0,2,2,2,0.0,0.0,0.0,1.0,1.0
829,ttH,124.86359493933466,hadronic,0,3,3,1,0.0,0.0,0.0,1.0,1.0
831,WH,126.38750384141353,hadronic,0,2,2,1,0.0,0.0,0.0,1.0,1.0
835,WH,121.95280437866367,leptonic_bookkeeping,1,2,2,2,0.0,0.0,0.0,1.0,1.0
836,ggZH,122.43054446716506,leptonic_bookkeeping,1,1,1,1,0.0,0.0,0.0,1.0,1.0
838,data_GamGam,119.41465624237071,leptonic_bookkeeping,1,2,2,1,0.0,0.0,0.0,1.0,0.0
840,data_GamGam,156.12375725102203,leptonic_bookkeeping,1,1,1,1,0.0,0.0,0.0,1.0,0.0
845,WH,122.82100561569042,hadronic,0,1,1,1,0.0,0.0,0.0,1.0,1.0
846,ggH,126.06274886014381,hadronic,0,3,3,1,0.0,0.0,0.0,1.0,1.0
847,WH,127.29441137515262,hadronic,0,1,1,1,0.0,0.0,0.0,1.0,1.0
850,ggZH,125.89200055786081,leptonic_bookkeeping,1,0,0,0,0.0,0.0,0.0,1.0,1.0
851,ZH,124.37891370639421,hadronic,0,4,4,2,0.0,0.0,0.0,1.0,1.0
852,ZH,126.53257913501787,hadronic,0,2,2,2,0.0,0.0,0.0,1.0,1.0
855,WH,125.09327473313193,hadronic,0,2,2,1,0.0,0.0,0.0,1.0,1.0
856,tH,123.95821419219247,hadronic,0,2,2,2,0.0,0.0,0.0,1.0,1.0
857,ttH,124.36303640225904,hadronic,0,4,4,2,0.0,0.0,0.0,1.0,1.0
858,data_GamGam,103.85172915986885,hadronic,0,1,1,1,0.0,0.0,0.0,1.0,0.0
860,ggZH,121.69649766498308,hadronic,0,3,3,0,0.0,0.0,0.0,1.0,1.0
861,ggZH,125.06871493288455,hadronic,0,1,1,1,0.0,0.0,0.0,1.0,1.0
862,WH,126.19131155115575,hadronic,0,1,1,0,0.0,0.0,0.0,1.0,1.0
864,tH,123.78413644715582,hadronic,0,1,1,1,0.0,0.0,0.0,1.0,1.0
865,ZH,124.19340883616582,hadronic,0,2,2,0,0.0,0.0,0.0,1.0,1.0
869,VBF,149.02509681517898,hadronic,0,3,3,1,0.0,0.0,0.0,1.0,0.0
870,ZH,123.27940031561677,leptonic_bookkeeping,1,2,2,1,0.0,0.0,0.0,1.0,1.0
872,WH,125.65402365003862,leptonic_bookkeeping,1,2,2,1,0.0,0.0,0.0,1.0,1.0
873,WH,123.37123260987923,leptonic_bookkeeping,1,1,1,0,0.0,0.0,0.0,1.0,1.0
874,ggH,125.46719016252315,hadronic,0,2,2,1,0.0,0.0,0.0,1.0,1.0
876,tH,129.2336061099277,leptonic_bookkeeping,1,4,4,3,0.0,0.0,0.0,1.0,1.0
878,WH,123.36146707162126,hadronic,0,2,2,2,0.0,0.0,0.0,1.0,1.0
879,tH,126.52648569783877,hadronic,0,0,0,0,0.0,0.0,0.0,1.0,1.0
881,ggH,127.83069629399662,leptonic_bookkeeping,1,0,0,0,0.0,0.0,0.0,1.0,1.0
883,ttH,125.27468264913021,hadronic,0,4,4,3,0.0,0.0,0.0,1.0,1.0
884,tH,127.37928529097047,hadronic,0,3,3,1,0.0,0.0,0.0,1.0,1.0
885,ZH,126.73645850699914,hadronic,0,2,2,1,0.0,0.0,0.0,1.0,1.0
888,data_GamGam,133.93361760748246,leptonic_bookkeeping,1,1,1,0,0.0,0.0,0.0,1.0,0.0
891,tH,123.9407455213244,leptonic_bookkeeping,1,1,1,1,0.0,0.0,0.0,1.0,1.0
893,data_GamGam,147.4169641223705,hadronic,0,2,2,2,0.0,0.0,0.0,1.0,0.0
894,ggH,122.15168057085845,hadronic,0,1,1,1,0.0,0.0,0.0,1.0,1.0
895,ZH,124.94647319774593,hadronic,0,1,1,1,0.0,0.0,0.0,1.0,1.0
896,ggH,123.34794471422963,hadronic,0,3,3,1,0.0,0.0,0.0,1.0,1.0
901,tH,123.2803490584242,hadronic,0,2,2,1,0.0,0.0,0.0,1.0,1.0
902,ggH,127.5991769553304,hadronic,0,2,2,1,0.0,0.0,0.0,1.0,1.0
903,ttH,121.42131884201683,hadronic,0,2,2,0,0.0,0.0,0.0,1.0,1.0
906,ZH,126.79240316934127,hadronic,0,4,4,2,0.0,0.0,0.0,1.0,1.0
908,ggZH,124.83761363172906,hadronic,0,3,3,2,0.0,0.0,0.0,1.0,1.0
910,VBF,144.8647492559577,hadronic,0,1,1,0,0.0,0.0,0.0,1.0,0.0
912,VBF,126.5482556196111,hadronic,0,0,0,0,0.0,0.0,0.0,1.0,0.0
915,data_GamGam,101.94071727513385,hadronic,0,0,0,0,0.0,0.0,0.0,1.0,0.0
918,ggH,126.04243158237745,leptonic_bookkeeping,1,2,2,1,0.0,0.0,0.0,1.0,1.0
920,ttH,126.2779136284255,leptonic_bookkeeping,1,4,4,2,0.0,0.0,0.0,1.0,1.0
921,tH,123.58302379694182,hadronic,0,1,1,0,0.0,0.0,0.0,1.0,1.0
922,VBF,127.23597770457943,hadronic,0,3,3,1,0.0,0.0,0.0,1.0,0.0
923,ttH,126.75730970036076,leptonic_bookkeeping,1,2,2,1,0.0,0.0,0.0,1.0,1.0
928,tH,130.11897577890545,hadronic,0,1,1,1,0.0,0.0,0.0,1.0,1.0
929,ttH,123.42724804626928,leptonic_bookkeeping,1,2,2,0,0.0,0.0,0.0,1.0,1.0
930,data_GamGam,140.58337416450607,leptonic_bookkeeping,1,1,1,0,0.0,0.0,0.0,1.0,0.0
935,ggZH,125.11827531228934,hadronic,0,1,1,1,0.0,0.0,0.0,1.0,1.0
936,tH,123.60792984534022,hadronic,0,1,1,1,0.0,0.0,0.0,1.0,1.0
939,WH,122.9044501077218,hadronic,0,1,1,1,0.0,0.0,0.0,1.0,1.0
940,WH,123.06332827349289,hadronic,0,3,3,1,0.0,0.0,0.0,1.0,1.0
941,ttH,125.49661095147196,leptonic_bookkeeping,1,1,1,1,0.0,0.0,0.0,1.0,1.0
943,VBF,105.60954169503938,hadronic,0,0,0,0,0.0,0.0,0.0,1.0,0.0
944,ggZH,127.35852631715846,hadronic,0,3,3,3,0.0,0.0,0.0,1.0,1.0
950,ggZH,126.31710320400802,leptonic_bookkeeping,1,3,3,2,0.0,0.0,0.0,1.0,1.0
953,ttH,124.60266173235419,hadronic,0,2,2,2,0.0,0.0,0.0,1.0,1.0
954,VBF,146.97907897456176,leptonic_bookkeeping,1,2,2,0,0.0,0.0,0.0,1.0,0.0
958,WH,130.05886660440834,leptonic_bookkeeping,1,0,0,0,0.0,0.0,0.0,1.0,1.0
965,WH,126.72066511883344,leptonic_bookkeeping,1,3,3,2,0.0,0.0,0.0,1.0,1.0
966,data_GamGam,105.85475017457617,leptonic_bookkeeping,1,0,0,0,0.0,0.0,0.0,1.0,0.0
972,ttH,122.35614823984106,hadronic,0,3,3,1,0.0,0.0,0.0,1.0,1.0
974,tH,125.13582688160177,hadronic,0,3,3,3,0.0,0.0,0.0,1.0,1.0
975,WH,126.81356853335086,hadronic,0,4,4,3,0.0,0.0,0.0,1.0,1.0
976,tH,125.8117005333858,leptonic_bookkeeping,1,1,1,1,0.0,0.0,0.0,1.0,1.0
978,ggH,125.85036895992323,hadronic,0,3,3,1,0.0,0.0,0.0,1.0,1.0
979,WH,124.09348094810592,leptonic_bookkeeping,1,3,3,3,0.0,0.0,0.0,1.0,1.0
981,ggZH,128.43687923120544,leptonic_bookkeeping,1,1,1,0,0.0,0.0,0.0,1.0,1.0
983,ggH,126.19306866298346,hadronic,0,4,4,2,0.0,0.0,0.0,1.0,1.0
984,ggZH,125.55605460667886,leptonic_bookkeeping,1,5,5,4,0.0,0.0,0.0,1.0,1.0
986,VBF,120.86590125487767,hadronic,0,1,1,1,0.0,0.0,0.0,1.0,0.0
990,tH,123.66328367201822,hadronic,0,1,1,0,0.0,0.0,0.0,1.0,1.0
991,data_GamGam,141.64119674947392,hadronic,0,3,3,3,0.0,0.0,0.0,1.0,0.0
993,tH,125.2366604377964,hadronic,0,1,1,0,0.0,0.0,0.0,1.0,1.0
996,ttH,126.11028162125113,leptonic_bookkeeping,1,2,2,2,0.0,0.0,0.0,1.0,1.0
997,ggZH,123.91145113415092,hadronic,0,2,2,0,0.0,0.0,0.0,1.0,1.0
999,ttH,123.10191941756887,hadronic,0,1,1,1,0.0,0.0,0.0,1.0,1.0
1000,ggZH,125.24516213736095,hadronic,0,0,0,0,0.0,0.0,0.0,1.0,1.0
1002,ZH,128.05684451572432,leptonic_bookkeeping,1,3,3,2,0.0,0.0,0.0,1.0,1.0
1003,VBF,159.76474773440958,leptonic_bookkeeping,1,2,2,1,0.0,0.0,0.0,1.0,0.0
1005,tH,126.49174725795787,hadronic,0,1,1,1,0.0,0.0,0.0,1.0,1.0
1006,ZH,124.01919958685367,leptonic_bookkeeping,1,1,1,1,0.0,0.0,0.0,1.0,1.0
1009,ttH,129.89153913822736,leptonic_bookkeeping,1,1,1,1,0.0,0.0,0.0,1.0,1.0
1010,ZH,124.78276669012331,hadronic,0,2,2,1,0.0,0.0,0.0,1.0,1.0
1011,ggH,124.76785837975903,hadronic,0,3,3,3,0.0,0.0,0.0,1.0,1.0
1012,WH,124.17625720151374,hadronic,0,1,1,1,0.0,0.0,0.0,1.0,1.0
1014,data_GamGam,120.79246418581147,leptonic_bookkeeping,1,4,4,4,0.0,0.0,0.0,1.0,0.0
1015,WH,127.09680374628326,leptonic_bookkeeping,1,2,2,0,0.0,0.0,0.0,1.0,1.0
1018,WH,126.16872697809235,hadronic,0,2,2,1,0.0,0.0,0.0,1.0,1.0
1019,ggH,123.07736921646476,hadronic,0,3,3,0,0.0,0.0,0.0,1.0,1.0
1020,ggH,128.23220348098002,leptonic_bookkeeping,1,3,3,2,0.0,0.0,0.0,1.0,1.0
1022,ttH,122.96367442908182,leptonic_bookkeeping,1,2,2,2,0.0,0.0,0.0,1.0,1.0
1027,tH,128.65443745144063,leptonic_bookkeeping,1,3,3,1,0.0,0.0,0.0,1.0,1.0
1030,VBF,124.39229883322079,leptonic_bookkeeping,1,2,2,2,0.0,0.0,0.0,1.0,0.0
1032,tH,126.02855906533696,hadronic,0,3,3,3,0.0,0.0,0.0,1.0,1.0
1033,ZH,123.96226566409396,hadronic,0,3,3,3,0.0,0.0,0.0,1.0,1.0
1034,VBF,136.9180705464011,hadronic,0,2,2,2,0.0,0.0,0.0,1.0,0.0
1040,ZH,124.65027672864663,hadronic,0,2,2,1,0.0,0.0,0.0,1.0,1.0
1041,tH,122.60978287947958,hadronic,0,2,2,1,0.0,0.0,0.0,1.0,1.0
1046,data_GamGam,147.8559609693873,leptonic_bookkeeping,1,0,0,0,0.0,0.0,0.0,1.0,0.0
1047,data_GamGam,159.31939329484075,leptonic_bookkeeping,1,1,1,1,0.0,0.0,0.0,1.0,0.0
1056,VBF,142.58962449519257,hadronic,0,2,2,1,0.0,0.0,0.0,1.0,0.0
1058,VBF,120.93200330771063,hadronic,0,2,2,0,0.0,0.0,0.0,1.0,0.0
1059,WH,126.4260517008659,hadronic,0,4,4,3,0.0,0.0,0.0,1.0,1.0
1063,VBF,129.4138048877161,hadronic,0,3,3,3,0.0,0.0,0.0,1.0,0.0
1065,WH,124.15185378197164,hadronic,0,3,3,3,0.0,0.0,0.0,1.0,1.0
1068,ttH,126.33976898043149,hadronic,0,2,2,1,0.0,0.0,0.0,1.0,1.0
1071,tH,128.1797911896214,hadronic,0,1,1,1,0.0,0.0,0.0,1.0,1.0
1073,data_GamGam,141.93024134765318,hadronic,0,2,2,1,0.0,0.0,0.0,1.0,0.0
1076,ttH,126.11109594550855,hadronic,0,2,2,2,0.0,0.0,0.0,1.0,1.0
1077,data_GamGam,104.11155925581929,leptonic_bookkeeping,1,3,3,2,0.0,0.0,0.0,1.0,0.0
1079,ggH,123.09315139835499,hadronic,0,0,0,0,0.0,0.0,0.0,1.0,1.0
1084,tH,123.53321725817176,hadronic,0,1,1,0,0.0,0.0,0.0,1.0,1.0
1086,ggZH,124.77408706954178,leptonic_bookkeeping,1,2,2,0,0.0,0.0,0.0,1.0,1.0
1088,ZH,126.40973616359415,hadronic,0,2,2,1,0.0,0.0,0.0,1.0,1.0
1091,VBF,104.86506047597719,hadronic,0,2,2,0,0.0,0.0,0.0,1.0,0.0
1096,data_GamGam,115.8944316098692,leptonic_bookkeeping,1,3,3,1,0.0,0.0,0.0,1.0,0.0
1097,ttH,127.34454991921613,hadronic,0,2,2,1,0.0,0.0,0.0,1.0,1.0
1100,ggH,126.33965029085248,hadronic,0,4,4,4,0.0,0.0,0.0,1.0,1.0
1102,ggH,126.1743973796471,leptonic_bookkeeping,1,0,0,0,0.0,0.0,0.0,1.0,1.0
1105,VBF,136.62170615931439,hadronic,0,2,2,1,0.0,0.0,0.0,1.0,0.0
1110,data_GamGam,152.54919052309157,leptonic_bookkeeping,1,2,2,1,0.0,0.0,0.0,1.0,0.0
1112,WH,127.51141565116966,leptonic_bookkeeping,1,3,3,2,0.0,0.0,0.0,1.0,1.0
1113,WH,127.35685391697531,leptonic_bookkeeping,1,0,0,0,0.0,0.0,0.0,1.0,1.0
1114,ggH,121.79264583643379,leptonic_bookkeeping,1,1,1,1,0.0,0.0,0.0,1.0,1.0
1118,VBF,101.05539497275147,hadronic,0,4,4,2,0.0,0.0,0.0,1.0,0.0
1120,tH,127.95742313606695,hadronic,0,2,2,1,0.0,0.0,0.0,1.0,1.0
1121,data_GamGam,132.0347379123364,hadronic,0,1,1,1,0.0,0.0,0.0,1.0,0.0
1123,WH,126.04958515100265,hadronic,0,3,3,2,0.0,0.0,0.0,1.0,1.0
1126,ggH,124.31739097067988,hadronic,0,3,3,2,0.0,0.0,0.0,1.0,1.0
1129,VBF,157.82122995739905,hadronic,0,0,0,0,0.0,0.0,0.0,1.0,0.0
1130,ggH,128.84174229987957,hadronic,0,1,1,1,0.0,0.0,0.0,1.0,1.0
1131,data_GamGam,110.81629216110257,hadronic,0,1,1,1,0.0,0.0,0.0,1.0,0.0
1132,VBF,140.42191845943432,hadronic,0,5,5,3,0.0,0.0,0.0,1.0,0.0
1133,ggH,125.09596544089322,hadronic,0,2,2,0,0.0,0.0,0.0,1.0,1.0
1135,ggH,126.95093102008639,hadronic,0,3,3,2,0.0,0.0,0.0,1.0,1.0
1136,WH,126.38386991803772,leptonic_bookkeeping,1,5,5,5,0.0,0.0,0.0,1.0,1.0
1137,WH,123.2695818922955,hadronic,0,2,2,1,0.0,0.0,0.0,1.0,1.0
1139,ggZH,123.88706844430004,hadronic,0,2,2,2,0.0,0.0,0.0,1.0,1.0
1141,data_GamGam,125.00082282588627,hadronic,0,1,1,0,0.0,0.0,0.0,1.0,0.0
1143,ttH,126.22525275467423,hadronic,0,2,2,2,0.0,0.0,0.0,1.0,1.0
1146,ggH,124.83422603225027,leptonic_bookkeeping,1,0,0,0,0.0,0.0,0.0,1.0,1.0
1147,VBF,117.82531919123444,leptonic_bookkeeping,1,1,1,1,0.0,0.0,0.0,1.0,0.0
1148,tH,127.74219762782384,hadronic,0,3,3,3,0.0,0.0,0.0,1.0,1.0
1149,ggZH,125.03593983003294,leptonic_bookkeeping,1,1,1,0,0.0,0.0,0.0,1.0,1.0
1150,WH,126.01337475903837,leptonic_bookkeeping,1,3,3,1,0.0,0.0,0.0,1.0,1.0
1154,WH,124.10522515355197,hadronic,0,2,2,2,0.0,0.0,0.0,1.0,1.0
1155,ttH,123.87694868033664,hadronic,0,1,1,1,0.0,0.0,0.0,1.0,1.0
1157,WH,127.0659602955614,hadronic,0,3,3,3,0.0,0.0,0.0,1.0,1.0
1162,ttH,124.62815670776195,hadronic,0,3,3,1,0.0,0.0,0.0,1.0,1.0
1164,ZH,125.0716865897161,leptonic_bookkeeping,1,2,2,1,0.0,0.0,0.0,1.0,1.0
1165,WH,123.47639150252974,hadronic,0,2,2,0,0.0,0.0,0.0,1.0,1.0
1166,VBF,148.0858229325187,hadronic,0,1,1,0,0.0,0.0,0.0,1.0,0.0
1168,VBF,125.61726672978861,leptonic_bookkeeping,1,2,2,1,0.0,0.0,0.0,1.0,0.0
1170,WH,125.82422188894868,leptonic_bookkeeping,1,2,2,1,0.0,0.0,0.0,1.0,1.0
1173,ggH,126.39890018121308,leptonic_bookkeeping,1,1,1,1,0.0,0.0,0.0,1.0,1.0
1176,tH,124.41313719537338,hadronic,0,4,4,2,0.0,0.0,0.0,1.0,1.0
1177,ggZH,124.20115043802797,leptonic_bookkeeping,1,2,2,2,0.0,0.0,0.0,1.0,1.0
1179,VBF,130.248909383699,leptonic_bookkeeping,1,1,1,1,0.0,0.0,0.0,1.0,0.0
1181,ggZH,129.1613850208606,hadronic,0,2,2,2,0.0,0.0,0.0,1.0,1.0
1185,ZH,120.56002182488724,hadronic,0,3,3,2,0.0,0.0,0.0,1.0,1.0
1186,VBF,140.3063635817338,leptonic_bookkeeping,1,3,3,3,0.0,0.0,0.0,1.0,0.0
1187,data_GamGam,122.27157919891147,leptonic_bookkeeping,1,0,0,0,0.0,0.0,0.0,1.0,0.0
1190,tH,124.00939351479317,hadronic,0,2,2,2,0.0,0.0,0.0,1.0,1.0
1191,data_GamGam,119.53878953124719,hadronic,0,1,1,1,0.0,0.0,0.0,1.0,0.0
1193,tH,121.52853212610475,hadronic,0,4,4,2,0.0,0.0,0.0,1.0,1.0
1196,ggZH,128.04170246412755,hadronic,0,2,2,0,0.0,0.0,0.0,1.0,1.0
1197,ZH,125.20321543738002,hadronic,0,1,1,1,0.0,0.0,0.0,1.0,1.0
1198,ttH,125.550719958466,hadronic,0,0,0,0,0.0,0.0,0.0,1.0,1.0
1201,ggH,127.8279703139956,leptonic_bookkeeping,1,3,3,3,0.0,0.0,0.0,1.0,1.0
1202,ggZH,123.27716272380489,leptonic_bookkeeping,1,2,2,2,0.0,0.0,0.0,1.0,1.0
1203,ggH,125.4337681293085,hadronic,0,4,4,2,0.0,0.0,0.0,1.0,1.0
1204,WH,125.06460462163288,leptonic_bookkeeping,1,1,1,1,0.0,0.0,0.0,1.0,1.0
1205,data_GamGam,141.93654351811426,leptonic_bookkeeping,1,2,2,1,0.0,0.0,0.0,1.0,0.0
1206,ggH,123.91556819309503,hadronic,0,1,1,0,0.0,0.0,0.0,1.0,1.0
1207,tH,123.90562379572837,leptonic_bookkeeping,1,2,2,1,0.0,0.0,0.0,1.0,1.0
1208,ttH,123.09444568799107,hadronic,0,3,3,2,0.0,0.0,0.0,1.0,1.0
1211,ttH,121.89135661698731,leptonic_bookkeeping,1,1,1,0,0.0,0.0,0.0,1.0,1.0
1212,ttH,124.95095776518657,hadronic,0,3,3,1,0.0,0.0,0.0,1.0,1.0
1216,ttH,126.95082746385776,hadronic,0,3,3,1,0.0,0.0,0.0,1.0,1.0
1217,data_GamGam,145.72999349572282,hadronic,0,3,3,2,0.0,0.0,0.0,1.0,0.0
1218,ggZH,125.76033766523199,hadronic,0,2,2,1,0.0,0.0,0.0,1.0,1.0
1220,tH,124.30314409941681,hadronic,0,2,2,2,0.0,0.0,0.0,1.0,1.0
1221,tH,125.65986480770015,hadronic,0,2,2,2,0.0,0.0,0.0,1.0,1.0
1224,data_GamGam,104.85646805854111,leptonic_bookkeeping,1,1,1,1,0.0,0.0,0.0,1.0,0.0
1225,VBF,143.66954015043663,hadronic,0,2,2,2,0.0,0.0,0.0,1.0,0.0
1226,data_GamGam,112.48279925597615,leptonic_bookkeeping,1,2,2,1,0.0,0.0,0.0,1.0,0.0
1227,ggZH,126.14523078411365,leptonic_bookkeeping,1,2,2,1,0.0,0.0,0.0,1.0,1.0
1228,ggZH,125.9068569784447,leptonic_bookkeeping,1,1,1,1,0.0,0.0,0.0,1.0,1.0
1229,ZH,123.47090618978498,hadronic,0,1,1,0,0.0,0.0,0.0,1.0,1.0
1230,tH,126.2918240308384,hadronic,0,2,2,2,0.0,0.0,0.0,1.0,1.0
1232,VBF,105.72242847388165,hadronic,0,2,2,0,0.0,0.0,0.0,1.0,0.0
1233,data_GamGam,152.97311839871105,hadronic,0,2,2,1,0.0,0.0,0.0,1.0,0.0
1234,ggH,125.47236831059578,hadronic,0,2,2,1,0.0,0.0,0.0,1.0,1.0
1236,tH,122.1231465624492,leptonic_bookkeeping,1,3,3,2,0.0,0.0,0.0,1.0,1.0
1238,ggZH,125.20314701114451,leptonic_bookkeeping,1,2,2,2,0.0,0.0,0.0,1.0,1.0
1239,ttH,122.01829281530375,leptonic_bookkeeping,1,2,2,1,0.0,0.0,0.0,1.0,1.0
1241,tH,124.86500403550036,leptonic_bookkeeping,1,1,1,1,0.0,0.0,0.0,1.0,1.0
1242,WH,124.28013365703828,hadronic,0,2,2,1,0.0,0.0,0.0,1.0,1.0
1244,VBF,130.2442602314004,hadronic,0,3,3,2,0.0,0.0,0.0,1.0,0.0
1245,data_GamGam,118.42724169232365,hadronic,0,2,2,2,0.0,0.0,0.0,1.0,0.0
1247,WH,126.07808299350552,leptonic_bookkeeping,1,2,2,1,0.0,0.0,0.0,1.0,1.0
1250,ggH,127.21683423092183,leptonic_bookkeeping,1,1,1,1,0.0,0.0,0.0,1.0,1.0
1258,data_GamGam,127.22493723625308,hadronic,0,3,3,2,0.0,0.0,0.0,1.0,0.0
1259,ggZH,128.77571797591727,hadronic,0,3,3,2,0.0,0.0,0.0,1.0,1.0
1261,ZH,125.78408650246539,leptonic_bookkeeping,1,0,0,0,0.0,0.0,0.0,1.0,1.0
1262,ZH,122.94150750539248,leptonic_bookkeeping,1,1,1,1,0.0,0.0,0.0,1.0,1.0
1263,VBF,157.42337778881858,hadronic,0,2,2,1,0.0,0.0,0.0,1.0,0.0
1264,ggZH,126.87105902782281,hadronic,0,2,2,2,0.0,0.0,0.0,1.0,1.0
1265,ZH,127.10467741776499,hadronic,0,2,2,1,0.0,0.0,0.0,1.0,1.0
1266,tH,123.2079950900135,leptonic_bookkeeping,1,3,3,2,0.0,0.0,0.0,1.0,1.0
1270,ggH,127.32580514508828,hadronic,0,1,1,1,0.0,0.0,0.0,1.0,1.0
1271,WH,124.70568938956627,hadronic,0,3,3,3,0.0,0.0,0.0,1.0,1.0
1272,ZH,127.58619504248219,hadronic,0,3,3,2,0.0,0.0,0.0,1.0,1.0
1273,ttH,124.68855495706532,hadronic,0,3,3,3,0.0,0.0,0.0,1.0,1.0
1274,VBF,103.03665044543041,leptonic_bookkeeping,1,0,0,0,0.0,0.0,0.0,1.0,0.0
1276,ttH,127.53285407525378,hadronic,0,3,3,1,0.0,0.0,0.0,1.0,1.0
1277,ZH,122.95579741207172,leptonic_bookkeeping,1,0,0,0,0.0,0.0,0.0,1.0,1.0
1278,data_GamGam,116.57592274788549,hadronic,0,2,2,1,0.0,0.0,0.0,1.0,0.0
1279,ggH,122.64528322439861,hadronic,0,1,1,1,0.0,0.0,0.0,1.0,1.0
1281,ggZH,123.98431248628,leptonic_bookkeeping,1,1,1,1,0.0,0.0,0.0,1.0,1.0
1282,ZH,122.7589074484411,leptonic_bookkeeping,1,4,4,2,0.0,0.0,0.0,1.0,1.0
1285,ttH,127.36555474094416,hadronic,0,2,2,2,0.0,0.0,0.0,1.0,1.0
1288,ttH,124.62670412451682,hadronic,0,3,3,3,0.0,0.0,0.0,1.0,1.0
1289,ttH,123.30950199268587,hadronic,0,2,2,0,0.0,0.0,0.0,1.0,1.0
1290,ttH,124.72507246052197,leptonic_bookkeeping,1,1,1,0,0.0,0.0,0.0,1.0,1.0
1292,VBF,136.47232065949112,hadronic,0,4,4,2,0.0,0.0,0.0,1.0,0.0
1293,ZH,126.39765417067241,hadronic,0,3,3,2,0.0,0.0,0.0,1.0,1.0
1296,ZH,125.36032429313296,leptonic_bookkeeping,1,1,1,1,0.0,0.0,0.0,1.0,1.0
1297,WH,125.61034526916102,hadronic,0,1,1,0,0.0,0.0,0.0,1.0,1.0
1300,ggH,124.92517870365228,leptonic_bookkeeping,1,1,1,1,0.0,0.0,0.0,1.0,1.0
1301,ggZH,128.63655740748564,leptonic_bookkeeping,1,2,2,1,0.0,0.0,0.0,1.0,1.0
1302,ttH,125.38438449891738,hadronic,0,0,0,0,0.0,0.0,0.0,1.0,1.0
1304,ZH,119.65760343183285,hadronic,0,1,1,0,0.0,0.0,0.0,1.0,1.0
1305,WH,120.89972649603855,leptonic_bookkeeping,1,3,3,2,0.0,0.0,0.0,1.0,1.0
1306,ZH,125.84040229976927,hadronic,0,0,0,0,0.0,0.0,0.0,1.0,1.0
1308,data_GamGam,111.4786370819073,hadronic,0,5,5,3,0.0,0.0,0.0,1.0,0.0
1310,ggH,126.6511778335578,leptonic_bookkeeping,1,3,3,1,0.0,0.0,0.0,1.0,1.0
1315,data_GamGam,114.7897352461462,leptonic_bookkeeping,1,2,2,2,0.0,0.0,0.0,1.0,0.0
1317,ggZH,128.37982398986398,hadronic,0,2,2,2,0.0,0.0,0.0,1.0,1.0
1318,tH,122.93156163877117,leptonic_bookkeeping,1,1,1,1,0.0,0.0,0.0,1.0,1.0
1323,data_GamGam,114.37912798096569,hadronic,0,1,1,0,0.0,0.0,0.0,1.0,0.0
1324,tH,123.53367825466157,leptonic_bookkeeping,1,3,3,2,0.0,0.0,0.0,1.0,1.0
1325,data_GamGam,102.3393651890937,leptonic_bookkeeping,1,0,0,0,0.0,0.0,0.0,1.0,0.0
1326,VBF,111.73653977513155,hadronic,0,1,1,0,0.0,0.0,0.0,1.0,0.0
1328,ttH,124.28533535528688,hadronic,0,5,5,3,0.0,0.0,0.0,1.0,1.0
1330,ggZH,124.44201619942268,hadronic,0,2,2,1,0.0,0.0,0.0,1.0,1.0
1331,ttH,122.6962562365513,hadronic,0,3,3,2,0.0,0.0,0.0,1.0,1.0
1333,data_GamGam,114.43868881086259,hadronic,0,1,1,0,0.0,0.0,0.0,1.0,0.0
1335,ttH,122.83161498210906,leptonic_bookkeeping,1,5,5,3,0.0,0.0,0.0,1.0,1.0
1338,ttH,121.58130856231621,leptonic_bookkeeping,1,2,2,2,0.0,0.0,0.0,1.0,1.0
1339,data_GamGam,135.138472758305,hadronic,0,1,1,0,0.0,0.0,0.0,1.0,0.0
1341,ggH,125.48343358813504,leptonic_bookkeeping,1,2,2,1,0.0,0.0,0.0,1.0,1.0
1344,data_GamGam,156.30531112592618,hadronic,0,3,3,3,0.0,0.0,0.0,1.0,0.0
1345,ZH,125.05839630039986,leptonic_bookkeeping,1,2,2,1,0.0,0.0,0.0,1.0,1.0
1348,ttH,127.71099106575001,leptonic_bookkeeping,1,1,1,1,0.0,0.0,0.0,1.0,1.0
1352,ttH,122.28460254626489,hadronic,0,2,2,2,0.0,0.0,0.0,1.0,1.0
1353,ggH,123.04987854915917,hadronic,0,1,1,1,0.0,0.0,0.0,1.0,1.0
1354,data_GamGam,152.13996447710815,leptonic_bookkeeping,1,2,2,2,0.0,0.0,0.0,1.0,0.0
1355,ggZH,125.55452058873233,hadronic,0,1,1,1,0.0,0.0,0.0,1.0,1.0
1358,ttH,124.06092028325739,hadronic,0,2,2,1,0.0,0.0,0.0,1.0,1.0
1359,VBF,118.03911238030983,hadronic,0,3,3,2,0.0,0.0,0.0,1.0,0.0
1360,WH,124.99812812628203,hadronic,0,3,3,2,0.0,0.0,0.0,1.0,1.0
1361,ttH,125.86959912204765,leptonic_bookkeeping,1,3,3,3,0.0,0.0,0.0,1.0,1.0
1363,tH,125.18611494478982,leptonic_bookkeeping,1,5,5,3,0.0,0.0,0.0,1.0,1.0
1364,tH,124.13912885181706,hadronic,0,4,4,4,0.0,0.0,0.0,1.0,1.0
1365,ggH,125.92420332290693,leptonic_bookkeeping,1,2,2,1,0.0,0.0,0.0,1.0,1.0
1366,ZH,120.73860281883547,hadronic,0,3,3,2,0.0,0.0,0.0,1.0,1.0
1369,data_GamGam,110.92655574058396,hadronic,0,3,3,1,0.0,0.0,0.0,1.0,0.0
1371,WH,124.51501844674998,leptonic_bookkeeping,1,3,3,3,0.0,0.0,0.0,1.0,1.0
1372,tH,126.03711740401404,leptonic_bookkeeping,1,2,2,1,0.0,0.0,0.0,1.0,1.0
1373,ZH,126.87911972584564,hadronic,0,1,1,1,0.0,0.0,0.0,1.0,1.0
1374,ZH,128.21718902761367,leptonic_bookkeeping,1,3,3,2,0.0,0.0,0.0,1.0,1.0
1375,VBF,153.92036533381827,hadronic,0,1,1,0,0.0,0.0,0.0,1.0,0.0
1379,tH,123.12588464706774,leptonic_bookkeeping,1,3,3,2,0.0,0.0,0.0,1.0,1.0
1381,tH,125.58787969657246,hadronic,0,3,3,1,0.0,0.0,0.0,1.0,1.0
1383,tH,125.57498472045764,hadronic,0,1,1,0,0.0,0.0,0.0,1.0,1.0
1385,ttH,122.74804467305526,leptonic_bookkeeping,1,1,1,1,0.0,0.0,0.0,1.0,1.0
1386,VBF,138.73995467274068,hadronic,0,2,2,2,0.0,0.0,0.0,1.0,0.0
1387,tH,122.45688185940152,hadronic,0,4,4,2,0.0,0.0,0.0,1.0,1.0
1388,data_GamGam,135.3976387885653,hadronic,0,5,5,3,0.0,0.0,0.0,1.0,0.0
1389,ggZH,122.73478541895749,leptonic_bookkeeping,1,2,2,1,0.0,0.0,0.0,1.0,1.0
1391,WH,130.8719497492762,leptonic_bookkeeping,1,1,1,0,0.0,0.0,0.0,1.0,1.0
1392,VBF,141.36045188057275,hadronic,0,2,2,1,0.0,0.0,0.0,1.0,0.0
1393,ggZH,127.54668110410329,hadronic,0,3,3,2,0.0,0.0,0.0,1.0,1.0
1394,ttH,124.62778097048808,hadronic,0,2,2,1,0.0,0.0,0.0,1.0,1.0
1395,tH,124.5379261286772,leptonic_bookkeeping,1,0,0,0,0.0,0.0,0.0,1.0,1.0
1396,WH,124.02683750729052,leptonic_bookkeeping,1,1,1,1,0.0,0.0,0.0,1.0,1.0
1399,WH,124.61902860438978,leptonic_bookkeeping,1,3,3,2,0.0,0.0,0.0,1.0,1.0
1402,ggH,126.7840214138039,leptonic_bookkeeping,1,2,2,0,0.0,0.0,0.0,1.0,1.0
1404,tH,125.4530325532634,hadronic,0,2,2,1,0.0,0.0,0.0,1.0,1.0
1405,ggH,123.03614304097299,leptonic_bookkeeping,1,0,0,0,0.0,0.0,0.0,1.0,1.0
1406,ZH,124.34820476422826,hadronic,0,4,4,2,0.0,0.0,0.0,1.0,1.0
1407,data_GamGam,152.86566378300674,hadronic,0,2,2,2,0.0,0.0,0.0,1.0,0.0
1410,WH,126.90464080466164,leptonic_bookkeeping,1,2,2,2,0.0,0.0,0.0,1.0,1.0
1413,data_GamGam,119.93432211267613,hadronic,0,2,2,1,0.0,0.0,0.0,1.0,0.0
1414,ttH,123.5497386651252,hadronic,0,1,1,1,0.0,0.0,0.0,1.0,1.0
1415,ggH,122.5327569626258,leptonic_bookkeeping,1,3,3,2,0.0,0.0,0.0,1.0,1.0
1416,VBF,140.32803280384678,hadronic,0,2,2,1,0.0,0.0,0.0,1.0,0.0
1417,VBF,131.28123851120935,hadronic,0,1,1,1,0.0,0.0,0.0,1.0,0.0
1423,ttH,125.58964692091497,hadronic,0,4,4,2,0.0,0.0,0.0,1.0,1.0
1426,VBF,150.198341044418,leptonic_bookkeeping,1,0,0,0,0.0,0.0,0.0,1.0,0.0
1427,WH,126.4566884506617,hadronic,0,3,3,2,0.0,0.0,0.0,1.0,1.0
1429,ggZH,121.94874223084862,hadronic,0,2,2,2,0.0,0.0,0.0,1.0,1.0
1432,ggZH,122.41846434333698,hadronic,0,2,2,2,0.0,0.0,0.0,1.0,1.0
1433,data_GamGam,121.6275632264051,hadronic,0,0,0,0,0.0,0.0,0.0,1.0,0.0
1436,tH,126.29237202427305,hadronic,0,3,3,2,0.0,0.0,0.0,1.0,1.0
1437,ggH,126.71611645109192,leptonic_bookkeeping,1,1,1,1,0.0,0.0,0.0,1.0,1.0
1441,data_GamGam,106.06749034698925,hadronic,0,4,4,1,0.0,0.0,0.0,1.0,0.0
1442,tH,124.1895027094312,leptonic_bookkeeping,1,3,3,3,0.0,0.0,0.0,1.0,1.0
1443,data_GamGam,103.70498225006666,leptonic_bookkeeping,1,4,4,1,0.0,0.0,0.0,1.0,0.0
1445,WH,127.11979531706879,leptonic_bookkeeping,1,1,1,1,0.0,0.0,0.0,1.0,1.0
1446,ggH,124.51353296318729,hadronic,0,3,3,3,0.0,0.0,0.0,1.0,1.0
1447,ggZH,125.2356886522826,leptonic_bookkeeping,1,1,1,1,0.0,0.0,0.0,1.0,1.0
1452,data_GamGam,138.9182421482973,leptonic_bookkeeping,1,0,0,0,0.0,0.0,0.0,1.0,0.0
1453,ZH,124.56188282395078,hadronic,0,2,2,1,0.0,0.0,0.0,1.0,1.0
1457,ttH,124.21764367272856,hadronic,0,1,1,1,0.0,0.0,0.0,1.0,1.0
1460,ttH,121.14658080683812,hadronic,0,1,1,1,0.0,0.0,0.0,1.0,1.0
1461,VBF,133.75486322587977,hadronic,0,2,2,1,0.0,0.0,0.0,1.0,0.0
1463,VBF,100.94443666700307,hadronic,0,2,2,2,0.0,0.0,0.0,1.0,0.0
1465,tH,124.87782910011128,hadronic,0,2,2,0,0.0,0.0,0.0,1.0,1.0
1466,data_GamGam,155.7069902166551,leptonic_bookkeeping,1,1,1,0,0.0,0.0,0.0,1.0,0.0
1467,ggH,125.31279719868182,leptonic_bookkeeping,1,2,2,1,0.0,0.0,0.0,1.0,1.0
1468,tH,125.46248703458538,hadronic,0,2,2,1,0.0,0.0,0.0,1.0,1.0
1470,tH,122.63321165114085,hadronic,0,3,3,1,0.0,0.0,0.0,1.0,1.0
1472,VBF,138.71839181634692,leptonic_bookkeeping,1,2,2,1,0.0,0.0,0.0,1.0,0.0
1473,WH,126.80078046651842,leptonic_bookkeeping,1,1,1,1,0.0,0.0,0.0,1.0,1.0
1474,tH,123.77286877610425,hadronic,0,2,2,0,0.0,0.0,0.0,1.0,1.0
1475,tH,128.4797591093269,hadronic,0,3,3,2,0.0,0.0,0.0,1.0,1.0
1476,ggZH,123.39125947038018,hadronic,0,2,2,1,0.0,0.0,0.0,1.0,1.0
1477,ggZH,123.22789142128723,hadronic,0,2,2,1,0.0,0.0,0.0,1.0,1.0
1478,data_GamGam,129.84390108016578,hadronic,0,0,0,0,0.0,0.0,0.0,1.0,0.0
1479,ggZH,121.25545730595434,leptonic_bookkeeping,1,2,2,2,0.0,0.0,0.0,1.0,1.0
1481,WH,125.33864518972213,leptonic_bookkeeping,1,2,2,1,0.0,0.0,0.0,1.0,1.0
1482,ggH,125.6356752639494,hadronic,0,3,3,2,0.0,0.0,0.0,1.0,1.0
1484,ggZH,124.16159187796717,leptonic_bookkeeping,1,3,3,2,0.0,0.0,0.0,1.0,1.0
1489,ttH,124.41611339611808,leptonic_bookkeeping,1,1,1,1,0.0,0.0,0.0,1.0,1.0
1490,ZH,126.9640491217977,leptonic_bookkeeping,1,3,3,1,0.0,0.0,0.0,1.0,1.0
1492,ttH,124.5690044450778,leptonic_bookkeeping,1,4,4,3,0.0,0.0,0.0,1.0,1.0
1493,tH,126.65794488154778,hadronic,0,1,1,1,0.0,0.0,0.0,1.0,1.0
1494,ggH,124.14595361208816,leptonic_bookkeeping,1,1,1,0,0.0,0.0,0.0,1.0,1.0
1499,ggZH,122.17461769501473,hadronic,0,2,2,1,0.0,0.0,0.0,1.0,1.0
1504,ttH,126.92502210394231,leptonic_bookkeeping,1,1,1,1,0.0,0.0,0.0,1.0,1.0
1507,ZH,125.06173474908964,hadronic,0,3,3,2,0.0,0.0,0.0,1.0,1.0
1508,VBF,151.35404578903095,hadronic,0,3,3,1,0.0,0.0,0.0,1.0,0.0
1509,WH,126.42821186469163,leptonic_bookkeeping,1,3,3,3,0.0,0.0,0.0,1.0,1.0
1512,VBF,139.37053785798503,leptonic_bookkeeping,1,2,2,1,0.0,0.0,0.0,1.0,0.0
1514,tH,125.90239017055383,hadronic,0,2,2,1,0.0,0.0,0.0,1.0,1.0
1516,ttH,126.72805481595913,hadronic,0,1,1,1,0.0,0.0,0.0,1.0,1.0
1517,ggH,123.8270573142374,hadronic,0,3,3,2,0.0,0.0,0.0,1.0,1.0
1520,ttH,125.33589045275993,leptonic_bookkeeping,1,2,2,1,0.0,0.0,0.0,1.0,1.0
1521,tH,128.06556776953622,leptonic_bookkeeping,1,3,3,1,0.0,0.0,0.0,1.0,1.0
1522,ZH,125.72942354641697,hadronic,0,1,1,0,0.0,0.0,0.0,1.0,1.0
1523,ggH,123.86234282488682,hadronic,0,3,3,3,0.0,0.0,0.0,1.0,1.0
1524,data_GamGam,156.4686968322328,hadronic,0,3,3,1,0.0,0.0,0.0,1.0,0.0
1526,data_GamGam,149.1023832321937,hadronic,0,3,3,1,0.0,0.0,0.0,1.0,0.0
1527,WH,127.50612745385783,leptonic_bookkeeping,1,2,2,2,0.0,0.0,0.0,1.0,1.0
1528,ggH,122.92511660718336,hadronic,0,2,2,2,0.0,0.0,0.0,1.0,1.0
1530,ZH,125.06053734221724,hadronic,0,3,3,1,0.0,0.0,0.0,1.0,1.0
1531,VBF,131.00563805780797,hadronic,0,3,3,0,0.0,0.0,0.0,1.0,0.0
1532,data_GamGam,146.84727075878754,hadronic,0,3,3,3,0.0,0.0,0.0,1.0,0.0
1535,WH,123.36795385610759,hadronic,0,2,2,1,0.0,0.0,0.0,1.0,1.0
1538,ZH,124.4587258634729,leptonic_bookkeeping,1,2,2,2,0.0,0.0,0.0,1.0,1.0
1541,ZH,123.40523406839841,hadronic,0,0,0,0,0.0,0.0,0.0,1.0,1.0
1542,WH,126.95807165093504,hadronic,0,3,3,1,0.0,0.0,0.0,1.0,1.0
1543,tH,123.71369200559778,hadronic,0,1,1,0,0.0,0.0,0.0,1.0,1.0
1545,ggZH,125.8242286014612,leptonic_bookkeeping,1,1,1,0,0.0,0.0,0.0,1.0,1.0
1547,ggH,122.91497492573683,leptonic_bookkeeping,1,1,1,0,0.0,0.0,0.0,1.0,1.0
1548,VBF,153.2014415990072,leptonic_bookkeeping,1,0,0,0,0.0,0.0,0.0,1.0,0.0
1549,ggH,124.27266129838758,hadronic,0,2,2,2,0.0,0.0,0.0,1.0,1.0
1552,data_GamGam,118.98774845965856,hadronic,0,2,2,0,0.0,0.0,0.0,1.0,0.0
1556,ggZH,124.27623488765768,leptonic_bookkeeping,1,2,2,0,0.0,0.0,0.0,1.0,1.0
1557,ggH,129.20248222293955,leptonic_bookkeeping,1,4,4,1,0.0,0.0,0.0,1.0,1.0
1558,ggZH,127.36905207992116,hadronic,0,4,4,4,0.0,0.0,0.0,1.0,1.0
1559,data_GamGam,108.17382327027161,hadronic,0,3,3,1,0.0,0.0,0.0,1.0,0.0
1561,ggH,125.40005623233596,hadronic,0,1,1,0,0.0,0.0,0.0,1.0,1.0
1563,WH,124.30886576127871,hadronic,0,2,2,2,0.0,0.0,0.0,1.0,1.0
1565,data_GamGam,119.4021853140612,hadronic,0,1,1,1,0.0,0.0,0.0,1.0,0.0
1568,ggZH,124.89920765291008,hadronic,0,2,2,2,0.0,0.0,0.0,1.0,1.0
1569,ggZH,123.7599314660556,leptonic_bookkeeping,1,3,3,1,0.0,0.0,0.0,1.0,1.0
1571,ZH,124.27263745584422,hadronic,0,3,3,2,0.0,0.0,0.0,1.0,1.0
1572,ZH,124.09837942017765,hadronic,0,3,3,2,0.0,0.0,0.0,1.0,1.0
1573,ZH,129.08234973207587,hadronic,0,0,0,0,0.0,0.0,0.0,1.0,1.0
1574,VBF,152.54327788415006,hadronic,0,2,2,2,0.0,0.0,0.0,1.0,0.0
1575,ZH,127.85741831476533,leptonic_bookkeeping,1,0,0,0,0.0,0.0,0.0,1.0,1.0
1576,tH,124.13033532916542,leptonic_bookkeeping,1,1,1,0,0.0,0.0,0.0,1.0,1.0
1577,tH,122.4550115566932,leptonic_bookkeeping,1,1,1,0,0.0,0.0,0.0,1.0,1.0
1579,data_GamGam,156.10700460994946,hadronic,0,3,3,3,0.0,0.0,0.0,1.0,0.0
1580,VBF,158.36482182529255,hadronic,0,1,1,1,0.0,0.0,0.0,1.0,0.0
1581,ttH,124.48765890274217,hadronic,0,1,1,0,0.0,0.0,0.0,1.0,1.0
1583,ggZH,130.28206155732494,leptonic_bookkeeping,1,2,2,1,0.0,0.0,0.0,1.0,1.0
1584,ttH,130.97127962207063,hadronic,0,2,2,1,0.0,0.0,0.0,1.0,1.0
1585,ggZH,127.4400256473288,hadronic,0,3,3,3,0.0,0.0,0.0,1.0,1.0
1588,tH,125.31150381566256,leptonic_bookkeeping,1,2,2,1,0.0,0.0,0.0,1.0,1.0
1589,ZH,124.79990737779266,hadronic,0,3,3,2,0.0,0.0,0.0,1.0,1.0
1591,data_GamGam,126.26164229348271,hadronic,0,3,3,2,0.0,0.0,0.0,1.0,0.0
1593,WH,124.20660764006959,hadronic,0,2,2,2,0.0,0.0,0.0,1.0,1.0
1594,WH,124.43683638484613,hadronic,0,4,4,3,0.0,0.0,0.0,1.0,1.0
1596,tH,124.22157770960648,hadronic,0,2,2,1,0.0,0.0,0.0,1.0,1.0
1599,ZH,125.80122268007418,hadronic,0,2,2,2,0.0,0.0,0.0,1.0,1.0
1600,ttH,125.19679945954414,hadronic,0,0,0,0,0.0,0.0,0.0,1.0,1.0
1601,ZH,120.98194763138095,hadronic,0,0,0,0,0.0,0.0,0.0,1.0,1.0
1603,ttH,126.4511975027724,hadronic,0,3,3,3,0.0,0.0,0.0,1.0,1.0
1604,WH,123.33244093069491,leptonic_bookkeeping,1,1,1,1,0.0,0.0,0.0,1.0,1.0
1607,ZH,122.41406797519295,hadronic,0,3,3,2,0.0,0.0,0.0,1.0,1.0
1608,tH,122.96550926142632,hadronic,0,4,4,1,0.0,0.0,0.0,1.0,1.0
1610,WH,127.66749809725503,hadronic,0,2,2,1,0.0,0.0,0.0,1.0,1.0
1611,ggH,124.15347797812768,hadronic,0,3,3,3,0.0,0.0,0.0,1.0,1.0
1613,ggZH,124.64933159165045,leptonic_bookkeeping,1,2,2,1,0.0,0.0,0.0,1.0,1.0
1614,ttH,128.7925158176804,hadronic,0,3,3,1,0.0,0.0,0.0,1.0,1.0
1615,ZH,122.78637612506452,hadronic,0,2,2,0,0.0,0.0,0.0,1.0,1.0
1617,VBF,134.92646099081333,leptonic_bookkeeping,1,2,2,0,0.0,0.0,0.0,1.0,0.0
1620,ggH,124.96169381919732,leptonic_bookkeeping,1,3,3,2,0.0,0.0,0.0,1.0,1.0
1622,WH,124.1331367247197,leptonic_bookkeeping,1,1,1,0,0.0,0.0,0.0,1.0,1.0
1623,tH,128.0583722469414,leptonic_bookkeeping,1,3,3,1,0.0,0.0,0.0,1.0,1.0
1624,WH,124.44910306927038,hadronic,0,2,2,1,0.0,0.0,0.0,1.0,1.0
1625,ZH,127.79372778610461,leptonic_bookkeeping,1,1,1,1,0.0,0.0,0.0,1.0,1.0
1630,ttH,123.829585337122,hadronic,0,1,1,1,0.0,0.0,0.0,1.0,1.0
1631,VBF,153.3055685312714,hadronic,0,1,1,0,0.0,0.0,0.0,1.0,0.0
1632,ZH,128.4380716672718,hadronic,0,3,3,2,0.0,0.0,0.0,1.0,1.0
1637,ggZH,123.0466446093853,hadronic,0,1,1,1,0.0,0.0,0.0,1.0,1.0
1638,VBF,151.9305663163688,hadronic,0,2,2,1,0.0,0.0,0.0,1.0,0.0
1640,ttH,121.40032092922313,leptonic_bookkeeping,1,3,3,0,0.0,0.0,0.0,1.0,1.0
1643,WH,124.67382198715842,hadronic,0,2,2,1,0.0,0.0,0.0,1.0,1.0
1644,ggH,123.15031970868608,leptonic_bookkeeping,1,1,1,1,0.0,0.0,0.0,1.0,1.0
1647,ggH,125.22833816697626,leptonic_bookkeeping,1,1,1,1,0.0,0.0,0.0,1.0,1.0
1650,VBF,131.77629124395767,hadronic,0,2,2,2,0.0,0.0,0.0,1.0,0.0
1651,tH,123.49135072290719,leptonic_bookkeeping,1,1,1,0,0.0,0.0,0.0,1.0,1.0
1652,ttH,122.35042817920154,hadronic,0,1,1,1,0.0,0.0,0.0,1.0,1.0
1656,ttH,126.8668086090431,leptonic_bookkeeping,1,1,1,1,0.0,0.0,0.0,1.0,1.0
1658,ggZH,121.7562675262211,hadronic,0,1,1,1,0.0,0.0,0.0,1.0,1.0
1659,ttH,121.64861166192564,hadronic,0,2,2,2,0.0,0.0,0.0,1.0,1.0
1665,ttH,124.73820017075867,hadronic,0,2,2,1,0.0,0.0,0.0,1.0,1.0
1668,tH,125.72114830464297,leptonic_bookkeeping,1,2,2,2,0.0,0.0,0.0,1.0,1.0
1670,data_GamGam,101.04489423647357,hadronic,0,2,2,2,0.0,0.0,0.0,1.0,0.0
1672,ZH,125.04281064307595,hadronic,0,2,2,1,0.0,0.0,0.0,1.0,1.0
1674,data_GamGam,150.65958785962727,hadronic,0,1,1,1,0.0,0.0,0.0,1.0,0.0
1675,data_GamGam,140.19055052215668,hadronic,0,2,2,0,0.0,0.0,0.0,1.0,0.0
1678,data_GamGam,121.78330515308605,hadronic,0,0,0,0,0.0,0.0,0.0,1.0,0.0
1680,WH,125.6235731078353,leptonic_bookkeeping,1,2,2,1,0.0,0.0,0.0,1.0,1.0
1683,VBF,128.6876783344517,hadronic,0,3,3,2,0.0,0.0,0.0,1.0,0.0
1685,ggH,125.05354146551007,hadronic,0,2,2,1,0.0,0.0,0.0,1.0,1.0
1694,tH,122.70030608552894,leptonic_bookkeeping,1,2,2,2,0.0,0.0,0.0,1.0,1.0
1695,tH,127.3142262968411,hadronic,0,2,2,0,0.0,0.0,0.0,1.0,1.0
1696,ZH,122.75920330649923,leptonic_bookkeeping,1,2,2,2,0.0,0.0,0.0,1.0,1.0
1697,data_GamGam,148.33225828489088,hadronic,0,2,2,2,0.0,0.0,0.0,1.0,0.0
1700,VBF,101.2351980002345,leptonic_bookkeeping,1,1,1,1,0.0,0.0,0.0,1.0,0.0
1702,WH,125.25975908353591,hadronic,0,3,3,2,0.0,0.0,0.0,1.0,1.0
1705,tH,125.31639944463069,hadronic,0,3,3,3,0.0,0.0,0.0,1.0,1.0
1707,ggZH,126.22656204435266,hadronic,0,2,2,1,0.0,0.0,0.0,1.0,1.0
1710,WH,123.2502849011123,leptonic_bookkeeping,1,0,0,0,0.0,0.0,0.0,1.0,1.0
1713,ggZH,125.46281270255483,hadronic,0,0,0,0,0.0,0.0,0.0,1.0,1.0
1715,ttH,126.4367865166947,leptonic_bookkeeping,1,3,3,1,0.0,0.0,0.0,1.0,1.0
1717,VBF,123.38836184144846,leptonic_bookkeeping,1,3,3,3,0.0,0.0,0.0,1.0,0.0
1718,ggZH,126.15238999704233,hadronic,0,1,1,0,0.0,0.0,0.0,1.0,1.0
1721,ttH,124.5828037718498,hadronic,0,3,3,2,0.0,0.0,0.0,1.0,1.0
1722,VBF,119.11111459511704,hadronic,0,3,3,3,0.0,0.0,0.0,1.0,0.0
1725,ggH,123.48292823695809,leptonic_bookkeeping,1,4,4,2,0.0,0.0,0.0,1.0,1.0
1726,ggZH,119.28029667561223,hadronic,0,1,1,0,0.0,0.0,0.0,1.0,1.0
1727,ggH,123.0923302838438,hadronic,0,2,2,1,0.0,0.0,0.0,1.0,1.0
1731,data_GamGam,125.52934250558147,hadronic,0,2,2,1,0.0,0.0,0.0,1.0,0.0
1732,ZH,125.0081342493876,hadronic,0,2,2,2,0.0,0.0,0.0,1.0,1.0
1733,VBF,158.2839392541977,leptonic_bookkeeping,1,3,3,1,0.0,0.0,0.0,1.0,0.0
1735,ggH,121.71346193085944,hadronic,0,4,4,3,0.0,0.0,0.0,1.0,1.0
1737,ggZH,123.82916067832561,hadronic,0,3,3,2,0.0,0.0,0.0,1.0,1.0
1739,ZH,124.37254164369195,leptonic_bookkeeping,1,3,3,2,0.0,0.0,0.0,1.0,1.0
1741,ttH,124.53669502372513,hadronic,0,3,3,1,0.0,0.0,0.0,1.0,1.0
1744,ggH,125.5187686668856,leptonic_bookkeeping,1,2,2,2,0.0,0.0,0.0,1.0,1.0
1745,tH,123.34562761775776,hadronic,0,1,1,0,0.0,0.0,0.0,1.0,1.0
1747,VBF,156.50714365057402,leptonic_bookkeeping,1,3,3,2,0.0,0.0,0.0,1.0,0.0
1750,WH,127.4235714623035,leptonic_bookkeeping,1,3,3,1,0.0,0.0,0.0,1.0,1.0
1753,ggH,123.26653953333256,hadronic,0,1,1,0,0.0,0.0,0.0,1.0,1.0
1755,WH,126.99829918923437,hadronic,0,2,2,1,0.0,0.0,0.0,1.0,1.0
1757,ttH,124.84286130502241,hadronic,0,3,3,3,0.0,0.0,0.0,1.0,1.0
1758,ZH,123.2445453293542,hadronic,0,2,2,2,0.0,0.0,0.0,1.0,1.0
1763,WH,125.78596620031966,leptonic_bookkeeping,1,1,1,1,0.0,0.0,0.0,1.0,1.0
1767,tH,126.44491605146847,hadronic,0,3,3,3,0.0,0.0,0.0,1.0,1.0
1768,WH,127.10398809629739,leptonic_bookkeeping,1,2,2,2,0.0,0.0,0.0,1.0,1.0
1769,ggZH,126.98524993337247,hadronic,0,4,4,2,0.0,0.0,0.0,1.0,1.0
1770,ttH,128.07676032835792,hadronic,0,1,1,1,0.0,0.0,0.0,1.0,1.0
1772,ZH,125.85230083285367,hadronic,0,2,2,2,0.0,0.0,0.0,1.0,1.0
1773,data_GamGam,135.35257663132262,leptonic_bookkeeping,1,2,2,2,0.0,0.0,0.0,1.0,0.0
1777,ggZH,121.61362062360713,leptonic_bookkeeping,1,1,1,0,0.0,0.0,0.0,1.0,1.0
1778,WH,123.56411037548169,leptonic_bookkeeping,1,2,2,0,0.0,0.0,0.0,1.0,1.0
1782,ttH,124.30669485217659,hadronic,0,3,3,3,0.0,0.0,0.0,1.0,1.0
1783,WH,127.74729514340186,leptonic_bookkeeping,1,2,2,1,0.0,0.0,0.0,1.0,1.0
1784,tH,126.54238381065947,hadronic,0,3,3,2,0.0,0.0,0.0,1.0,1.0
1785,ggH,127.82674584937041,leptonic_bookkeeping,1,3,3,1,0.0,0.0,0.0,1.0,1.0
1786,ggH,123.3375801606731,leptonic_bookkeeping,1,5,5,3,0.0,0.0,0.0,1.0,1.0
1788,WH,119.47611066002861,leptonic_bookkeeping,1,1,1,1,0.0,0.0,0.0,1.0,1.0
1789,ZH,127.26637082814501,hadronic,0,1,1,1,0.0,0.0,0.0,1.0,1.0
1791,ggZH,128.82378832899488,hadronic,0,2,2,1,0.0,0.0,0.0,1.0,1.0
1793,data_GamGam,155.11440879307656,hadronic,0,3,3,2,0.0,0.0,0.0,1.0,0.0
1794,WH,126.20313741951419,leptonic_bookkeeping,1,1,1,1,0.0,0.0,0.0,1.0,1.0
1798,WH,125.09066703532373,hadronic,0,1,1,1,0.0,0.0,0.0,1.0,1.0
1799,ggH,124.76641981753404,leptonic_bookkeeping,1,2,2,2,0.0,0.0,0.0,1.0,1.0
1806,ggH,129.63586585928647,leptonic_bookkeeping,1,3,3,2,0.0,0.0,0.0,1.0,1.0
1808,ggH,128.06506618121855,hadronic,0,1,1,1,0.0,0.0,0.0,1.0,1.0
1810,ggZH,125.30197805041699,hadronic,0,2,2,1,0.0,0.0,0.0,1.0,1.0
1812,tH,122.5832961010088,hadronic,0,3,3,3,0.0,0.0,0.0,1.0,1.0
1813,tH,123.67143805105135,leptonic_bookkeeping,1,2,2,1,0.0,0.0,0.0,1.0,1.0
1814,ZH,127.06939668495606,leptonic_bookkeeping,1,1,1,1,0.0,0.0,0.0,1.0,1.0
1818,ttH,125.37609713268684,hadronic,0,3,3,1,0.0,0.0,0.0,1.0,1.0
1819,ggZH,122.78396721203846,leptonic_bookkeeping,1,3,3,3,0.0,0.0,0.0,1.0,1.0
1824,WH,126.16540368867912,leptonic_bookkeeping,1,1,1,1,0.0,0.0,0.0,1.0,1.0
1830,ggZH,123.45191729926839,hadronic,0,4,4,2,0.0,0.0,0.0,1.0,1.0
1831,ZH,123.07341228928442,hadronic,0,4,4,2,0.0,0.0,0.0,1.0,1.0
1832,ggH,124.96922108552765,hadronic,0,3,3,2,0.0,0.0,0.0,1.0,1.0
1834,ZH,128.13164118818824,leptonic_bookkeeping,1,1,1,1,0.0,0.0,0.0,1.0,1.0
1837,ggZH,126.24175083181349,hadronic,0,1,1,0,0.0,0.0,0.0,1.0,1.0
1838,VBF,155.42554671213506,hadronic,0,3,3,1,0.0,0.0,0.0,1.0,0.0
1840,tH,121.20108949674383,leptonic_bookkeeping,1,1,1,1,0.0,0.0,0.0,1.0,1.0
1842,VBF,102.68645795780554,leptonic_bookkeeping,1,2,2,0,0.0,0.0,0.0,1.0,0.0
1845,tH,125.4268921519784,hadronic,0,2,2,1,0.0,0.0,0.0,1.0,1.0
1847,VBF,150.20596661529726,hadronic,0,2,2,1,0.0,0.0,0.0,1.0,0.0
1848,WH,128.50638911702396,leptonic_bookkeeping,1,2,2,1,0.0,0.0,0.0,1.0,1.0
1854,ggZH,123.64938957134981,leptonic_bookkeeping,1,1,1,1,0.0,0.0,0.0,1.0,1.0
1858,ttH,125.01523700677315,leptonic_bookkeeping,1,2,2,1,0.0,0.0,0.0,1.0,1.0
1859,data_GamGam,112.94853993795196,hadronic,0,4,4,2,0.0,0.0,0.0,1.0,0.0
1861,ggZH,126.29721893357785,leptonic_bookkeeping,1,2,2,1,0.0,0.0,0.0,1.0,1.0
1862,ggH,125.36115282915536,leptonic_bookkeeping,1,1,1,1,0.0,0.0,0.0,1.0,1.0
1863,ZH,128.38721341407316,leptonic_bookkeeping,1,2,2,1,0.0,0.0,0.0,1.0,1.0
1864,ZH,126.09992065017606,hadronic,0,1,1,1,0.0,0.0,0.0,1.0,1.0
1870,VBF,111.44306614802797,leptonic_bookkeeping,1,0,0,0,0.0,0.0,0.0,1.0,0.0
1871,ZH,124.05351047674375,hadronic,0,3,3,2,0.0,0.0,0.0,1.0,1.0
1874,ggH,121.09169951934231,hadronic,0,1,1,1,0.0,0.0,0.0,1.0,1.0
1875,ggH,124.12044505124591,hadronic,0,2,2,0,0.0,0.0,0.0,1.0,1.0
1876,VBF,146.86168251657682,hadronic,0,3,3,1,0.0,0.0,0.0,1.0,0.0
1877,ggH,122.62231416647234,hadronic,0,2,2,1,0.0,0.0,0.0,1.0,1.0
1879,ggH,121.78977687777169,leptonic_bookkeeping,1,2,2,2,0.0,0.0,0.0,1.0,1.0
1880,tH,124.05006420756425,hadronic,0,3,3,1,0.0,0.0,0.0,1.0,1.0
1881,data_GamGam,121.62384914234894,hadronic,0,1,1,0,0.0,0.0,0.0,1.0,0.0
1882,ZH,128.7931658449726,hadronic,0,4,4,4,0.0,0.0,0.0,1.0,1.0
1883,data_GamGam,148.64752432976968,leptonic_bookkeeping,1,2,2,2,0.0,0.0,0.0,1.0,0.0
1885,tH,124.94214191927048,hadronic,0,1,1,1,0.0,0.0,0.0,1.0,1.0
1886,ggH,124.05425867599331,leptonic_bookkeeping,1,1,1,1,0.0,0.0,0.0,1.0,1.0
1888,WH,125.60708729400586,hadronic,0,2,2,1,0.0,0.0,0.0,1.0,1.0
1890,ttH,124.0369114842779,leptonic_bookkeeping,1,0,0,0,0.0,0.0,0.0,1.0,1.0
1891,tH,123.62316335613357,leptonic_bookkeeping,1,1,1,0,0.0,0.0,0.0,1.0,1.0
1892,ZH,128.23947816476863,leptonic_bookkeeping,1,3,3,2,0.0,0.0,0.0,1.0,1.0
1893,data_GamGam,139.19477292135554,hadronic,0,2,2,2,0.0,0.0,0.0,1.0,0.0
1896,data_GamGam,125.81163727607594,hadronic,0,2,2,0,0.0,0.0,0.0,1.0,0.0
1897,ZH,126.39134465457423,hadronic,0,1,1,0,0.0,0.0,0.0,1.0,1.0
1898,ggH,123.2788065016478,leptonic_bookkeeping,1,1,1,1,0.0,0.0,0.0,1.0,1.0
1900,ggZH,124.59622797533623,hadronic,0,1,1,1,0.0,0.0,0.0,1.0,1.0
1901,ttH,128.2364776265873,hadronic,0,2,2,2,0.0,0.0,0.0,1.0,1.0
1902,ZH,124.44447722035962,hadronic,0,2,2,1,0.0,0.0,0.0,1.0,1.0
1904,WH,124.4992143248431,hadronic,0,2,2,1,0.0,0.0,0.0,1.0,1.0
1905,ggH,123.76444676777248,leptonic_bookkeeping,1,2,2,2,0.0,0.0,0.0,1.0,1.0
1907,WH,128.16352740592296,hadronic,0,2,2,1,0.0,0.0,0.0,1.0,1.0
1910,ttH,127.18375201249499,hadronic,0,3,3,1,0.0,0.0,0.0,1.0,1.0
1911,tH,128.3257421971281,hadronic,0,1,1,0,0.0,0.0,0.0,1.0,1.0
1912,WH,127.46182418176427,leptonic_bookkeeping,1,1,1,1,0.0,0.0,0.0,1.0,1.0
1915,ggZH,124.07323458390454,hadronic,0,1,1,1,0.0,0.0,0.0,1.0,1.0
1917,ZH,123.44677583871719,leptonic_bookkeeping,1,2,2,2,0.0,0.0,0.0,1.0,1.0
1919,ggH,125.503570491351,leptonic_bookkeeping,1,2,2,1,0.0,0.0,0.0,1.0,1.0
1920,ttH,127.34245610975863,hadronic,0,1,1,1,0.0,0.0,0.0,1.0,1.0
1921,tH,120.64726769347614,hadronic,0,2,2,0,0.0,0.0,0.0,1.0,1.0
1922,ttH,130.69474770569002,leptonic_bookkeeping,1,2,2,2,0.0,0.0,0.0,1.0,1.0
1923,ZH,125.8068925800246,hadronic,0,2,2,1,0.0,0.0,0.0,1.0,1.0
1924,ttH,121.65298397454369,hadronic,0,4,4,1,0.0,0.0,0.0,1.0,1.0
1926,ttH,124.10638707963476,hadronic,0,0,0,0,0.0,0.0,0.0,1.0,1.0
1927,VBF,153.97462344478657,hadronic,0,2,2,1,0.0,0.0,0.0,1.0,0.0
1928,ZH,125.3054139500302,leptonic_bookkeeping,1,1,1,1,0.0,0.0,0.0,1.0,1.0
1930,VBF,139.09519601609145,hadronic,0,2,2,1,0.0,0.0,0.0,1.0,0.0
1931,tH,123.99169023289278,leptonic_bookkeeping,1,0,0,0,0.0,0.0,0.0,1.0,1.0
1932,WH,123.19591443740097,hadronic,0,3,3,3,0.0,0.0,0.0,1.0,1.0
1933,WH,123.72093958295441,hadronic,0,3,3,2,0.0,0.0,0.0,1.0,1.0
1935,ggZH,126.11034353795732,hadronic,0,2,2,1,0.0,0.0,0.0,1.0,1.0
1936,ZH,122.52065912129504,hadronic,0,2,2,2,0.0,0.0,0.0,1.0,1.0
1937,ggZH,124.00090492890159,hadronic,0,3,3,2,0.0,0.0,0.0,1.0,1.0
1938,ttH,124.21973529577664,leptonic_bookkeeping,1,2,2,1,0.0,0.0,0.0,1.0,1.0
1940,ggZH,125.09521432889231,hadronic,0,2,2,1,0.0,0.0,0.0,1.0,1.0
1941,ggH,123.45496504863121,leptonic_bookkeeping,1,3,3,2,0.0,0.0,0.0,1.0,1.0
1944,ggZH,128.9487463101786,hadronic,0,1,1,1,0.0,0.0,0.0,1.0,1.0
1945,VBF,116.447965528802,hadronic,0,2,2,2,0.0,0.0,0.0,1.0,0.0
1946,ggZH,125.15158739649962,hadronic,0,1,1,1,0.0,0.0,0.0,1.0,1.0
1947,WH,129.09086647670637,leptonic_bookkeeping,1,3,3,3,0.0,0.0,0.0,1.0,1.0
1950,WH,127.0516390666038,leptonic_bookkeeping,1,1,1,1,0.0,0.0,0.0,1.0,1.0
1952,ZH,123.25006996663966,hadronic,0,1,1,1,0.0,0.0,0.0,1.0,1.0
1953,WH,126.37553346002245,leptonic_bookkeeping,1,4,4,1,0.0,0.0,0.0,1.0,1.0
1955,tH,123.76886614151199,leptonic_bookkeeping,1,0,0,0,0.0,0.0,0.0,1.0,1.0
1959,data_GamGam,112.84650470367976,hadronic,0,2,2,1,0.0,0.0,0.0,1.0,0.0
1961,WH,125.68671069677261,hadronic,0,3,3,0,0.0,0.0,0.0,1.0,1.0
1962,WH,127.32977325707809,hadronic,0,1,1,1,0.0,0.0,0.0,1.0,1.0
1963,ttH,127.77806935109639,leptonic_bookkeeping,1,1,1,1,0.0,0.0,0.0,1.0,1.0
1964,VBF,159.640541683719,leptonic_bookkeeping,1,2,2,2,0.0,0.0,0.0,1.0,0.0
1965,ttH,125.12669585529022,leptonic_bookkeeping,1,2,2,1,0.0,0.0,0.0,1.0,1.0
1966,ttH,122.53531281533846,leptonic_bookkeeping,1,4,4,4,0.0,0.0,0.0,1.0,1.0
1967,VBF,137.00053617580122,leptonic_bookkeeping,1,1,1,0,0.0,0.0,0.0,1.0,0.0
1969,VBF,116.0293429106656,hadronic,0,2,2,2,0.0,0.0,0.0,1.0,0.0
1970,data_GamGam,107.64822128711448,hadronic,0,1,1,0,0.0,0.0,0.0,1.0,0.0
1977,data_GamGam,152.45046214262197,leptonic_bookkeeping,1,1,1,0,0.0,0.0,0.0,1.0,0.0
1979,data_GamGam,110.02881249958658,leptonic_bookkeeping,1,1,1,1,0.0,0.0,0.0,1.0,0.0
1980,VBF,109.044129008847,hadronic,0,1,1,1,0.0,0.0,0.0,1.0,0.0
1981,tH,124.55456983928724,hadronic,0,3,3,3,0.0,0.0,0.0,1.0,1.0
1985,WH,126.40576123232232,hadronic,0,0,0,0,0.0,0.0,0.0,1.0,1.0
1986,tH,127.32842359710912,leptonic_bookkeeping,1,3,3,2,0.0,0.0,0.0,1.0,1.0
1988,ZH,125.61218158043056,hadronic,0,1,1,0,0.0,0.0,0.0,1.0,1.0
1989,data_GamGam,137.57588824452,leptonic_bookkeeping,1,1,1,1,0.0,0.0,0.0,1.0,0.0
1990,WH,126.0918142566455,hadronic,0,1,1,0,0.0,0.0,0.0,1.0,1.0
1993,data_GamGam,106.04221763874146,hadronic,0,1,1,0,0.0,0.0,0.0,1.0,0.0
1995,ggH,125.32087817552036,leptonic_bookkeeping,1,2,2,1,0.0,0.0,0.0,1.0,1.0
1996,VBF,125.39049108598337,hadronic,0,4,4,3,0.0,0.0,0.0,1.0,0.0
1997,ggH,123.79222789989389,leptonic_bookkeeping,1,3,3,1,0.0,0.0,0.0,1.0,1.0
1998,ggH,125.17133667670835,hadronic,0,1,1,1,0.0,0.0,0.0,1.0,1.0
1999,ggZH,126.12059373292908,hadronic,0,3,3,3,0.0,0.0,0.0,1.0,1.0
2002,tH,125.31363766208133,hadronic,0,2,2,1,0.0,0.0,0.0,1.0,1.0
2003,ggH,122.66230441598354,leptonic_bookkeeping,1,4,4,2,0.0,0.0,0.0,1.0,1.0
2004,tH,126.89987083618102,hadronic,0,3,3,0,0.0,0.0,0.0,1.0,1.0
2008,data_GamGam,147.22215053171658,hadronic,0,4,4,2,0.0,0.0,0.0,1.0,0.0
2009,ggZH,123.93607708521152,leptonic_bookkeeping,1,1,1,1,0.0,0.0,0.0,1.0,1.0
2010,ggZH,126.30864198540274,leptonic_bookkeeping,1,1,1,1,0.0,0.0,0.0,1.0,1.0
2011,data_GamGam,103.8595170089469,hadronic,0,5,5,3,0.0,0.0,0.0,1.0,0.0
2013,ttH,126.33744901054496,leptonic_bookkeeping,1,2,2,1,0.0,0.0,0.0,1.0,1.0
2014,ggZH,122.33756002298574,hadronic,0,2,2,1,0.0,0.0,0.0,1.0,1.0
2016,ggH,127.21354925052053,leptonic_bookkeeping,1,1,1,1,0.0,0.0,0.0,1.0,1.0
2019,WH,126.47322152841377,hadronic,0,1,1,1,0.0,0.0,0.0,1.0,1.0
2020,VBF,104.02315641695432,leptonic_bookkeeping,1,3,3,3,0.0,0.0,0.0,1.0,0.0
2021,ggH,125.16152523468438,leptonic_bookkeeping,1,0,0,0,0.0,0.0,0.0,1.0,1.0
2023,VBF,111.83357722151815,hadronic,0,3,3,2,0.0,0.0,0.0,1.0,0.0
2024,VBF,155.05707281067436,hadronic,0,3,3,2,0.0,0.0,0.0,1.0,0.0
2026,VBF,109.28241291175578,hadronic,0,5,5,1,0.0,0.0,0.0,1.0,0.0
2027,tH,123.7577122420212,leptonic_bookkeeping,1,1,1,1,0.0,0.0,0.0,1.0,1.0
2028,ttH,124.7139588970113,hadronic,0,2,2,0,0.0,0.0,0.0,1.0,1.0
2030,WH,125.63825468613808,hadronic,0,3,3,1,0.0,0.0,0.0,1.0,1.0
2031,ttH,128.52280509987224,hadronic,0,2,2,2,0.0,0.0,0.0,1.0,1.0
2032,data_GamGam,124.49186992548593,leptonic_bookkeeping,1,1,1,1,0.0,0.0,0.0,1.0,0.0
2035,ZH,125.80950171799272,hadronic,0,2,2,1,0.0,0.0,0.0,1.0,1.0
2037,ggH,126.04054070150565,hadronic,0,3,3,0,0.0,0.0,0.0,1.0,1.0
2038,ttH,126.3010729779552,hadronic,0,2,2,1,0.0,0.0,0.0,1.0,1.0
2041,VBF,112.45668193410657,hadronic,0,1,1,1,0.0,0.0,0.0,1.0,0.0
2043,WH,124.54783227344585,hadronic,0,1,1,1,0.0,0.0,0.0,1.0,1.0
2051,ttH,127.65306031573283,leptonic_bookkeeping,1,0,0,0,0.0,0.0,0.0,1.0,1.0
2052,ZH,122.82462147940416,leptonic_bookkeeping,1,1,1,0,0.0,0.0,0.0,1.0,1.0
2055,tH,124.60363531994525,leptonic_bookkeeping,1,2,2,1,0.0,0.0,0.0,1.0,1.0
2058,ttH,126.82616187899168,hadronic,0,2,2,0,0.0,0.0,0.0,1.0,1.0
2059,ttH,127.01267113821027,leptonic_bookkeeping,1,0,0,0,0.0,0.0,0.0,1.0,1.0
2060,WH,128.20673898401475,leptonic_bookkeeping,1,3,3,1,0.0,0.0,0.0,1.0,1.0
2061,ttH,123.32585002517727,leptonic_bookkeeping,1,2,2,1,0.0,0.0,0.0,1.0,1.0
2062,WH,123.37401068118012,hadronic,0,1,1,1,0.0,0.0,0.0,1.0,1.0
2063,VBF,146.00747148340307,leptonic_bookkeeping,1,2,2,0,0.0,0.0,0.0,1.0,0.0
2065,data_GamGam,113.61939594086566,hadronic,0,3,3,2,0.0,0.0,0.0,1.0,0.0
2067,ggZH,125.87224617753958,leptonic_bookkeeping,1,1,1,1,0.0,0.0,0.0,1.0,1.0
2068,VBF,109.78101942013129,leptonic_bookkeeping,1,2,2,2,0.0,0.0,0.0,1.0,0.0
2069,ZH,123.49672745796143,leptonic_bookkeeping,1,1,1,1,0.0,0.0,0.0,1.0,1.0
2071,tH,124.11401820111894,leptonic_bookkeeping,1,3,3,2,0.0,0.0,0.0,1.0,1.0
2074,tH,121.07514097454289,hadronic,0,2,2,2,0.0,0.0,0.0,1.0,1.0
2075,ttH,126.07024201759907,hadronic,0,2,2,1,0.0,0.0,0.0,1.0,1.0
2077,ggZH,125.1422077146347,hadronic,0,2,2,2,0.0,0.0,0.0,1.0,1.0
2078,ggH,126.92343192102643,leptonic_bookkeeping,1,2,2,0,0.0,0.0,0.0,1.0,1.0
2079,VBF,105.19355343059851,hadronic,0,3,3,3,0.0,0.0,0.0,1.0,0.0
2081,VBF,107.90347584166322,hadronic,0,3,3,2,0.0,0.0,0.0,1.0,0.0
2082,VBF,125.65890583093906,hadronic,0,4,4,2,0.0,0.0,0.0,1.0,0.0
2083,WH,127.13123051941662,hadronic,0,2,2,1,0.0,0.0,0.0,1.0,1.0
2084,tH,122.66255817686334,hadronic,0,3,3,0,0.0,0.0,0.0,1.0,1.0
2085,VBF,131.12872459907302,hadronic,0,2,2,2,0.0,0.0,0.0,1.0,0.0
2087,ZH,123.08286690773089,hadronic,0,2,2,0,0.0,0.0,0.0,1.0,1.0
2088,WH,121.67619078588311,hadronic,0,0,0,0,0.0,0.0,0.0,1.0,1.0
2095,data_GamGam,137.74807637985825,hadronic,0,2,2,1,0.0,0.0,0.0,1.0,0.0
2096,data_GamGam,110.23429319237154,hadronic,0,3,3,3,0.0,0.0,0.0,1.0,0.0
2097,ZH,126.00502336887509,hadronic,0,3,3,2,0.0,0.0,0.0,1.0,1.0
2098,ggH,124.51588632257825,hadronic,0,2,2,1,0.0,0.0,0.0,1.0,1.0
2099,ggZH,123.34943950076978,hadronic,0,2,2,2,0.0,0.0,0.0,1.0,1.0
2105,data_GamGam,106.35943290699753,hadronic,0,3,3,2,0.0,0.0,0.0,1.0,0.0
2106,tH,122.30183909722136,hadronic,0,1,1,1,0.0,0.0,0.0,1.0,1.0
2107,ZH,128.01106370038292,leptonic_bookkeeping,1,1,1,1,0.0,0.0,0.0,1.0,1.0
2109,data_GamGam,102.39414055258531,hadronic,0,2,2,1,0.0,0.0,0.0,1.0,0.0
2111,VBF,115.15997203020825,hadronic,0,2,2,2,0.0,0.0,0.0,1.0,0.0
2112,ZH,126.61412112441704,hadronic,0,2,2,1,0.0,0.0,0.0,1.0,1.0
2113,ttH,126.58499418295884,hadronic,0,3,3,2,0.0,0.0,0.0,1.0,1.0
2115,data_GamGam,135.06977542590323,leptonic_bookkeeping,1,2,2,2,0.0,0.0,0.0,1.0,0.0
2116,ggH,121.60122984995964,leptonic_bookkeeping,1,4,4,2,0.0,0.0,0.0,1.0,1.0
2118,ggZH,122.18310171879591,hadronic,0,1,1,1,0.0,0.0,0.0,1.0,1.0
2120,ZH,123.95336081189504,leptonic_bookkeeping,1,2,2,1,0.0,0.0,0.0,1.0,1.0
2121,ZH,124.48161357087736,leptonic_bookkeeping,1,2,2,1,0.0,0.0,0.0,1.0,1.0
2122,ZH,125.7891075565847,leptonic_bookkeeping,1,3,3,3,0.0,0.0,0.0,1.0,1.0
2124,VBF,119.91181662600165,hadronic,0,1,1,1,0.0,0.0,0.0,1.0,0.0
2125,ttH,124.79853147413993,hadronic,0,1,1,1,0.0,0.0,0.0,1.0,1.0
2126,WH,123.25989576098205,hadronic,0,2,2,1,0.0,0.0,0.0,1.0,1.0
2128,VBF,139.80760588778486,leptonic_bookkeeping,1,2,2,1,0.0,0.0,0.0,1.0,0.0
2129,ggH,119.35946699314152,hadronic,0,4,4,2,0.0,0.0,0.0,1.0,1.0
2130,tH,123.80410130996438,hadronic,0,3,3,2,0.0,0.0,0.0,1.0,1.0
2132,VBF,104.6640781148897,hadronic,0,3,3,2,0.0,0.0,0.0,1.0,0.0
2134,ggZH,124.63235115372846,hadronic,0,1,1,0,0.0,0.0,0.0,1.0,1.0
2135,VBF,131.73427416876672,hadronic,0,1,1,1,0.0,0.0,0.0,1.0,0.0
2137,ttH,123.95578601618205,hadronic,0,1,1,1,0.0,0.0,0.0,1.0,1.0
2138,ggZH,127.50033270590738,hadronic,0,3,3,1,0.0,0.0,0.0,1.0,1.0
2140,ttH,123.57009198723289,leptonic_bookkeeping,1,2,2,1,0.0,0.0,0.0,1.0,1.0
2144,VBF,136.99254525934307,hadronic,0,2,2,1,0.0,0.0,0.0,1.0,0.0
2147,tH,127.14828571373134,leptonic_bookkeeping,1,2,2,1,0.0,0.0,0.0,1.0,1.0
2148,ZH,122.13189505365432,hadronic,0,4,4,2,0.0,0.0,0.0,1.0,1.0
2154,ggZH,124.95489558701455,leptonic_bookkeeping,1,3,3,3,0.0,0.0,0.0,1.0,1.0
2155,ttH,126.90692302686459,hadronic,0,2,2,1,0.0,0.0,0.0,1.0,1.0
2157,ggZH,126.55630199693191,hadronic,0,1,1,1,0.0,0.0,0.0,1.0,1.0
2159,data_GamGam,125.13706171852125,leptonic_bookkeeping,1,2,2,1,0.0,0.0,0.0,1.0,0.0
2161,ggZH,126.3278934644938,leptonic_bookkeeping,1,4,4,2,0.0,0.0,0.0,1.0,1.0
2163,ggH,128.61771306344562,leptonic_bookkeeping,1,2,2,2,0.0,0.0,0.0,1.0,1.0
2164,VBF,140.2612957382783,hadronic,0,2,2,2,0.0,0.0,0.0,1.0,0.0
2165,ggH,126.57068335386715,leptonic_bookkeeping,1,1,1,1,0.0,0.0,0.0,1.0,1.0
2167,ttH,121.38271107307212,hadronic,0,2,2,2,0.0,0.0,0.0,1.0,1.0
2169,ttH,127.59576890791462,leptonic_bookkeeping,1,2,2,2,0.0,0.0,0.0,1.0,1.0
2172,ttH,122.4140069732283,hadronic,0,4,4,2,0.0,0.0,0.0,1.0,1.0
2173,ggH,126.04495964618826,leptonic_bookkeeping,1,0,0,0,0.0,0.0,0.0,1.0,1.0
2174,WH,125.84585721702257,leptonic_bookkeeping,1,2,2,1,0.0,0.0,0.0,1.0,1.0
2176,tH,123.57177246667183,hadronic,0,1,1,1,0.0,0.0,0.0,1.0,1.0
2177,ttH,122.71543498254711,leptonic_bookkeeping,1,0,0,0,0.0,0.0,0.0,1.0,1.0
2178,ZH,128.6867743281437,hadronic,0,2,2,2,0.0,0.0,0.0,1.0,1.0
2179,ggZH,124.29229961287645,hadronic,0,1,1,1,0.0,0.0,0.0,1.0,1.0
2181,data_GamGam,103.59844519881364,leptonic_bookkeeping,1,0,0,0,0.0,0.0,0.0,1.0,0.0
2182,ttH,122.85372914665375,hadronic,0,1,1,1,0.0,0.0,0.0,1.0,1.0
2183,WH,124.2249644341829,leptonic_bookkeeping,1,4,4,2,0.0,0.0,0.0,1.0,1.0
2184,WH,124.4880321508487,leptonic_bookkeeping,1,2,2,1,0.0,0.0,0.0,1.0,1.0
2185,VBF,131.04491559773913,leptonic_bookkeeping,1,4,4,3,0.0,0.0,0.0,1.0,0.0
2186,ggZH,125.99627438055933,leptonic_bookkeeping,1,3,3,3,0.0,0.0,0.0,1.0,1.0
2187,ggH,126.02546764625903,hadronic,0,3,3,1,0.0,0.0,0.0,1.0,1.0
2188,ZH,125.34572946915864,leptonic_bookkeeping,1,0,0,0,0.0,0.0,0.0,1.0,1.0
2189,ggZH,126.36894741833952,hadronic,0,1,1,1,0.0,0.0,0.0,1.0,1.0
2191,tH,124.65215837480297,hadronic,0,1,1,0,0.0,0.0,0.0,1.0,1.0
2193,data_GamGam,150.0215056945143,leptonic_bookkeeping,1,2,2,2,0.0,0.0,0.0,1.0,0.0
2194,ttH,125.80892872576865,hadronic,0,3,3,3,0.0,0.0,0.0,1.0,1.0
2195,ggZH,122.25593409938854,hadronic,0,1,1,1,0.0,0.0,0.0,1.0,1.0
2196,ggZH,121.68876349539302,hadronic,0,0,0,0,0.0,0.0,0.0,1.0,1.0
2197,tH,126.68948222224684,hadronic,0,3,3,2,0.0,0.0,0.0,1.0,1.0
2198,WH,127.70408473733028,leptonic_bookkeeping,1,3,3,2,0.0,0.0,0.0,1.0,1.0
2201,WH,124.97091499619386,leptonic_bookkeeping,1,1,1,1,0.0,0.0,0.0,1.0,1.0
2202,tH,124.37018328238904,hadronic,0,4,4,1,0.0,0.0,0.0,1.0,1.0
2203,ggH,127.00966251402187,hadronic,0,0,0,0,0.0,0.0,0.0,1.0,1.0
2208,WH,127.14142540175037,hadronic,0,4,4,2,0.0,0.0,0.0,1.0,1.0
2209,ttH,126.53684799546826,hadronic,0,3,3,3,0.0,0.0,0.0,1.0,1.0
2211,tH,125.82728338882161,leptonic_bookkeeping,1,0,0,0,0.0,0.0,0.0,1.0,1.0
2212,data_GamGam,118.16337546795707,hadronic,0,3,3,2,0.0,0.0,0.0,1.0,0.0
2213,ZH,125.36145905628464,hadronic,0,3,3,1,0.0,0.0,0.0,1.0,1.0
2214,data_GamGam,154.78308549429576,hadronic,0,1,1,1,0.0,0.0,0.0,1.0,0.0
2215,VBF,133.48552242202896,hadronic,0,4,4,1,0.0,0.0,0.0,1.0,0.0
2216,ZH,125.32139121731383,leptonic_bookkeeping,1,1,1,1,0.0,0.0,0.0,1.0,1.0
2220,ggZH,123.52038403536264,leptonic_bookkeeping,1,2,2,1,0.0,0.0,0.0,1.0,1.0
2222,ggH,126.5156678361972,hadronic,0,1,1,1,0.0,0.0,0.0,1.0,1.0
2223,WH,125.0093744947434,leptonic_bookkeeping,1,1,1,1,0.0,0.0,0.0,1.0,1.0
2226,ggH,123.15991900754847,hadronic,0,2,2,1,0.0,0.0,0.0,1.0,1.0
2227,WH,126.92908740947234,leptonic_bookkeeping,1,1,1,1,0.0,0.0,0.0,1.0,1.0
2229,WH,123.02987500436899,hadronic,0,0,0,0,0.0,0.0,0.0,1.0,1.0
2230,ttH,123.76796456115615,leptonic_bookkeeping,1,2,2,2,0.0,0.0,0.0,1.0,1.0
2233,VBF,159.12409242982199,hadronic,0,2,2,1,0.0,0.0,0.0,1.0,0.0
2234,WH,129.10005853537334,leptonic_bookkeeping,1,1,1,1,0.0,0.0,0.0,1.0,1.0
2237,data_GamGam,121.0422189886601,hadronic,0,2,2,1,0.0,0.0,0.0,1.0,0.0
2238,WH,128.06989254806302,hadronic,0,2,2,2,0.0,0.0,0.0,1.0,1.0
2239,WH,125.99101019619044,leptonic_bookkeeping,1,0,0,0,0.0,0.0,0.0,1.0,1.0
2240,tH,123.73720115945834,hadronic,0,3,3,2,0.0,0.0,0.0,1.0,1.0
2241,ggZH,124.19261376106873,leptonic_bookkeeping,1,2,2,1,0.0,0.0,0.0,1.0,1.0
2242,tH,125.40489362325624,hadronic,0,5,5,3,0.0,0.0,0.0,1.0,1.0
2245,ttH,125.77620304720188,leptonic_bookkeeping,1,3,3,3,0.0,0.0,0.0,1.0,1.0
2246,tH,127.48003567592197,hadronic,0,3,3,2,0.0,0.0,0.0,1.0,1.0
2247,ggZH,127.60203724591237,leptonic_bookkeeping,1,2,2,1,0.0,0.0,0.0,1.0,1.0
2248,WH,127.48216844384099,hadronic,0,1,1,1,0.0,0.0,0.0,1.0,1.0
2249,ZH,123.73057362025732,hadronic,0,2,2,2,0.0,0.0,0.0,1.0,1.0
2251,ggZH,121.69844364155209,hadronic,0,4,4,2,0.0,0.0,0.0,1.0,1.0
2253,WH,125.02720814664171,hadronic,0,2,2,2,0.0,0.0,0.0,1.0,1.0
2254,ggH,122.52942065321832,hadronic,0,3,3,2,0.0,0.0,0.0,1.0,1.0
2255,ZH,125.12866808163224,hadronic,0,3,3,2,0.0,0.0,0.0,1.0,1.0
2256,tH,126.06541280870415,hadronic,0,4,4,3,0.0,0.0,0.0,1.0,1.0
2257,ggH,124.01007418296344,hadronic,0,0,0,0,0.0,0.0,0.0,1.0,1.0
2262,ggH,125.32721181923557,hadronic,0,2,2,2,0.0,0.0,0.0,1.0,1.0
2263,ZH,123.27398830477897,leptonic_bookkeeping,1,2,2,1,0.0,0.0,0.0,1.0,1.0
2265,ZH,123.92310480950655,hadronic,0,4,4,3,0.0,0.0,0.0,1.0,1.0
2270,ZH,123.6437109072162,leptonic_bookkeeping,1,1,1,1,0.0,0.0,0.0,1.0,1.0
2271,ttH,120.53846469370521,leptonic_bookkeeping,1,2,2,1,0.0,0.0,0.0,1.0,1.0
2272,tH,123.51964170916777,hadronic,0,2,2,2,0.0,0.0,0.0,1.0,1.0
2273,ttH,125.65718284970953,hadronic,0,3,3,1,0.0,0.0,0.0,1.0,1.0
2275,data_GamGam,122.46222637644624,hadronic,0,2,2,1,0.0,0.0,0.0,1.0,0.0
2276,ttH,122.74592626385956,hadronic,0,1,1,0,0.0,0.0,0.0,1.0,1.0
2278,ZH,126.6784833756433,leptonic_bookkeeping,1,1,1,1,0.0,0.0,0.0,1.0,1.0
2279,ZH,124.45540298091558,leptonic_bookkeeping,1,1,1,1,0.0,0.0,0.0,1.0,1.0
2281,VBF,106.7420352012167,leptonic_bookkeeping,1,4,4,2,0.0,0.0,0.0,1.0,0.0
2285,tH,124.21611112987222,hadronic,0,2,2,1,0.0,0.0,0.0,1.0,1.0
2286,ggZH,123.16093163102441,hadronic,0,1,1,0,0.0,0.0,0.0,1.0,1.0
2289,ggZH,124.27114629677787,leptonic_bookkeeping,1,3,3,1,0.0,0.0,0.0,1.0,1.0
2291,ttH,127.83509556529461,hadronic,0,3,3,1,0.0,0.0,0.0,1.0,1.0
2292,data_GamGam,126.67226838955,hadronic,0,3,3,2,0.0,0.0,0.0,1.0,0.0
2293,VBF,103.77504714788455,leptonic_bookkeeping,1,3,3,1,0.0,0.0,0.0,1.0,0.0
2295,ggH,125.8387408283888,leptonic_bookkeeping,1,1,1,1,0.0,0.0,0.0,1.0,1.0
2300,data_GamGam,138.8344940926118,leptonic_bookkeeping,1,2,2,2,0.0,0.0,0.0,1.0,0.0
2301,VBF,109.58363108672872,hadronic,0,1,1,1,0.0,0.0,0.0,1.0,0.0
2302,data_GamGam,135.12932557502825,hadronic,0,3,3,3,0.0,0.0,0.0,1.0,0.0
2304,ZH,123.72012086227345,hadronic,0,1,1,1,0.0,0.0,0.0,1.0,1.0
2305,ggZH,125.2863993614206,hadronic,0,2,2,2,0.0,0.0,0.0,1.0,1.0
2309,ZH,124.25789133866644,leptonic_bookkeeping,1,3,3,1,0.0,0.0,0.0,1.0,1.0
2310,VBF,107.00618144272077,leptonic_bookkeeping,1,2,2,2,0.0,0.0,0.0,1.0,0.0
2311,VBF,120.39837418204078,hadronic,0,3,3,2,0.0,0.0,0.0,1.0,0.0
2313,ttH,120.93843400375022,hadronic,0,3,3,1,0.0,0.0,0.0,1.0,1.0
2314,WH,125.66960058227889,leptonic_bookkeeping,1,2,2,1,0.0,0.0,0.0,1.0,1.0
2316,ggH,127.65635181306719,hadronic,0,2,2,2,0.0,0.0,0.0,1.0,1.0
2317,ZH,125.99594659853081,hadronic,0,2,2,1,0.0,0.0,0.0,1.0,1.0
2318,ggZH,128.79385808993857,hadronic,0,3,3,2,0.0,0.0,0.0,1.0,1.0
2319,ttH,124.78938180133171,hadronic,0,2,2,2,0.0,0.0,0.0,1.0,1.0
2321,ggH,125.3572226681803,leptonic_bookkeeping,1,1,1,0,0.0,0.0,0.0,1.0,1.0
2322,ttH,128.95717501273367,leptonic_bookkeeping,1,1,1,1,0.0,0.0,0.0,1.0,1.0
2323,VBF,136.77859949562566,hadronic,0,4,4,3,0.0,0.0,0.0,1.0,0.0
2324,ZH,124.24331212570912,hadronic,0,1,1,0,0.0,0.0,0.0,1.0,1.0
2325,tH,127.80960910387104,hadronic,0,0,0,0,0.0,0.0,0.0,1.0,1.0
2326,ggZH,122.66395161633652,hadronic,0,4,4,3,0.0,0.0,0.0,1.0,1.0
2327,ggH,119.3683790110454,hadronic,0,2,2,2,0.0,0.0,0.0,1.0,1.0
2330,data_GamGam,101.73364254137901,hadronic,0,2,2,2,0.0,0.0,0.0,1.0,0.0
2332,tH,126.30487438794404,leptonic_bookkeeping,1,1,1,1,0.0,0.0,0.0,1.0,1.0
2334,tH,128.4838991477429,hadronic,0,1,1,0,0.0,0.0,0.0,1.0,1.0
2335,VBF,151.11386430674608,leptonic_bookkeeping,1,0,0,0,0.0,0.0,0.0,1.0,0.0
2336,ttH,124.61167528008319,leptonic_bookkeeping,1,0,0,0,0.0,0.0,0.0,1.0,1.0
2337,ggH,125.02200156931079,hadronic,0,4,4,1,0.0,0.0,0.0,1.0,1.0
2344,tH,124.76033639363307,leptonic_bookkeeping,1,1,1,1,0.0,0.0,0.0,1.0,1.0
2345,WH,121.87378755300303,leptonic_bookkeeping,1,1,1,1,0.0,0.0,0.0,1.0,1.0
2346,data_GamGam,117.35225299263014,hadronic,0,3,3,2,0.0,0.0,0.0,1.0,0.0
2348,data_GamGam,125.39162839021078,leptonic_bookkeeping,1,3,3,2,0.0,0.0,0.0,1.0,0.0
2349,ggH,125.35514083519607,hadronic,0,2,2,1,0.0,0.0,0.0,1.0,1.0
2351,WH,119.6437152282937,hadronic,0,1,1,1,0.0,0.0,0.0,1.0,1.0
2352,data_GamGam,150.1617484436619,hadronic,0,2,2,2,0.0,0.0,0.0,1.0,0.0
2353,ggH,126.4983887601874,hadronic,0,4,4,3,0.0,0.0,0.0,1.0,1.0
2354,ZH,128.3939949305894,hadronic,0,2,2,0,0.0,0.0,0.0,1.0,1.0
2355,data_GamGam,122.83465767617709,leptonic_bookkeeping,1,2,2,1,0.0,0.0,0.0,1.0,0.0
2356,VBF,122.4392671017137,leptonic_bookkeeping,1,1,1,1,0.0,0.0,0.0,1.0,0.0
2358,WH,124.3913317208857,hadronic,0,2,2,2,0.0,0.0,0.0,1.0,1.0
2359,ttH,123.82494356206475,leptonic_bookkeeping,1,2,2,1,0.0,0.0,0.0,1.0,1.0
2360,tH,124.29723685729682,leptonic_bookkeeping,1,2,2,2,0.0,0.0,0.0,1.0,1.0
2361,data_GamGam,146.050554825809,hadronic,0,5,5,4,0.0,0.0,0.0,1.0,0.0
2363,VBF,113.22538648569954,hadronic,0,4,4,2,0.0,0.0,0.0,1.0,0.0
2364,ggH,122.1997192258517,hadronic,0,0,0,0,0.0,0.0,0.0,1.0,1.0
2365,ggH,126.95725518717026,leptonic_bookkeeping,1,0,0,0,0.0,0.0,0.0,1.0,1.0
2366,data_GamGam,125.24084662459065,leptonic_bookkeeping,1,1,1,1,0.0,0.0,0.0,1.0,0.0
2368,WH,128.85679856170313,hadronic,0,2,2,1,0.0,0.0,0.0,1.0,1.0
2371,ggH,127.73686846173668,hadronic,0,2,2,2,0.0,0.0,0.0,1.0,1.0
2372,ggZH,129.11752157271837,hadronic,0,3,3,1,0.0,0.0,0.0,1.0,1.0
2373,VBF,131.1422877813041,leptonic_bookkeeping,1,2,2,1,0.0,0.0,0.0,1.0,0.0
2374,ZH,123.42635864785174,leptonic_bookkeeping,1,1,1,0,0.0,0.0,0.0,1.0,1.0
2375,VBF,117.1789771333822,leptonic_bookkeeping,1,4,4,2,0.0,0.0,0.0,1.0,0.0
2376,ZH,124.27968462154577,hadronic,0,3,3,1,0.0,0.0,0.0,1.0,1.0
2377,data_GamGam,139.27791491522999,hadronic,0,3,3,3,0.0,0.0,0.0,1.0,0.0
2378,ZH,127.69345254708584,leptonic_bookkeeping,1,1,1,1,0.0,0.0,0.0,1.0,1.0
2379,ggZH,124.44801153103877,leptonic_bookkeeping,1,4,4,2,0.0,0.0,0.0,1.0,1.0
2382,ZH,120.52050562462543,leptonic_bookkeeping,1,1,1,1,0.0,0.0,0.0,1.0,1.0
2383,ggZH,126.5304735075588,hadronic,0,2,2,0,0.0,0.0,0.0,1.0,1.0
2384,ZH,126.76987696238753,hadronic,0,3,3,3,0.0,0.0,0.0,1.0,1.0
2387,ggZH,123.22979528255922,hadronic,0,1,1,0,0.0,0.0,0.0,1.0,1.0
2388,tH,122.53882311964529,hadronic,0,1,1,1,0.0,0.0,0.0,1.0,1.0
2390,WH,124.74762108816857,hadronic,0,3,3,1,0.0,0.0,0.0,1.0,1.0
2392,tH,125.43961830135791,leptonic_bookkeeping,1,1,1,1,0.0,0.0,0.0,1.0,1.0
2395,data_GamGam,100.03134306018401,leptonic_bookkeeping,1,0,0,0,0.0,0.0,0.0,1.0,0.0
2399,ggZH,123.83242365738461,leptonic_bookkeeping,1,2,2,2,0.0,0.0,0.0,1.0,1.0
2401,ggZH,123.36321949054603,hadronic,0,4,4,2,0.0,0.0,0.0,1.0,1.0
2404,VBF,159.19952338124344,hadronic,0,4,4,2,0.0,0.0,0.0,1.0,0.0
2406,VBF,157.33973740116923,hadronic,0,2,2,2,0.0,0.0,0.0,1.0,0.0
2407,ttH,125.47838253990336,hadronic,0,2,2,1,0.0,0.0,0.0,1.0,1.0
2409,WH,123.46266162558618,leptonic_bookkeeping,1,1,1,1,0.0,0.0,0.0,1.0,1.0
2411,ttH,125.54679628418504,hadronic,0,1,1,1,0.0,0.0,0.0,1.0,1.0
2412,ttH,125.15279132210856,hadronic,0,3,3,2,0.0,0.0,0.0,1.0,1.0
2413,ZH,125.33611938659385,hadronic,0,3,3,2,0.0,0.0,0.0,1.0,1.0
2416,ZH,126.7828326748227,hadronic,0,3,3,2,0.0,0.0,0.0,1.0,1.0
2419,ggH,124.10382172214625,leptonic_bookkeeping,1,2,2,1,0.0,0.0,0.0,1.0,1.0
2423,tH,124.12076186455162,hadronic,0,3,3,2,0.0,0.0,0.0,1.0,1.0
2424,ggZH,124.64285532642003,hadronic,0,2,2,1,0.0,0.0,0.0,1.0,1.0
2425,ZH,126.80833582922925,leptonic_bookkeeping,1,3,3,1,0.0,0.0,0.0,1.0,1.0
2427,ZH,122.48015891824602,hadronic,0,2,2,2,0.0,0.0,0.0,1.0,1.0
2428,VBF,107.05220245824599,hadronic,0,3,3,1,0.0,0.0,0.0,1.0,0.0
2429,ttH,124.4812227625953,leptonic_bookkeeping,1,0,0,0,0.0,0.0,0.0,1.0,1.0
2430,ZH,125.75824380893874,hadronic,0,3,3,3,0.0,0.0,0.0,1.0,1.0
2432,ZH,122.7397355681927,hadronic,0,1,1,1,0.0,0.0,0.0,1.0,1.0
2433,tH,126.15416131073749,leptonic_bookkeeping,1,0,0,0,0.0,0.0,0.0,1.0,1.0
2434,ZH,124.77838869148644,hadronic,0,2,2,1,0.0,0.0,0.0,1.0,1.0
2435,tH,123.70029162944252,leptonic_bookkeeping,1,4,4,2,0.0,0.0,0.0,1.0,1.0
2437,ggZH,121.54302558967646,leptonic_bookkeeping,1,2,2,1,0.0,0.0,0.0,1.0,1.0
2438,data_GamGam,156.67471577580358,hadronic,0,4,4,3,0.0,0.0,0.0,1.0,0.0
2439,data_GamGam,142.03071937942542,hadronic,0,2,2,2,0.0,0.0,0.0,1.0,0.0
2441,ggZH,125.00330343426488,leptonic_bookkeeping,1,2,2,2,0.0,0.0,0.0,1.0,1.0
2443,data_GamGam,117.03321772738691,hadronic,0,3,3,3,0.0,0.0,0.0,1.0,0.0
2444,WH,125.88455867201476,leptonic_bookkeeping,1,2,2,2,0.0,0.0,0.0,1.0,1.0
2445,ggH,128.71187182706794,hadronic,0,4,4,4,0.0,0.0,0.0,1.0,1.0
2450,ZH,122.7584105250158,leptonic_bookkeeping,1,3,3,2,0.0,0.0,0.0,1.0,1.0
2451,WH,124.73455849915905,hadronic,0,1,1,0,0.0,0.0,0.0,1.0,1.0
2453,ttH,126.16379888036658,hadronic,0,2,2,2,0.0,0.0,0.0,1.0,1.0
2454,WH,125.5420325604811,leptonic_bookkeeping,1,3,3,3,0.0,0.0,0.0,1.0,1.0
2458,WH,125.74573037791511,hadronic,0,1,1,1,0.0,0.0,0.0,1.0,1.0
2460,ZH,126.67797993793019,hadronic,0,2,2,0,0.0,0.0,0.0,1.0,1.0
2462,ZH,123.21422334618154,leptonic_bookkeeping,1,0,0,0,0.0,0.0,0.0,1.0,1.0
2465,ggZH,125.31324422890947,leptonic_bookkeeping,1,1,1,1,0.0,0.0,0.0,1.0,1.0
2468,VBF,130.5341285074338,leptonic_bookkeeping,1,1,1,1,0.0,0.0,0.0,1.0,0.0
2470,ttH,123.74590566549207,leptonic_bookkeeping,1,2,2,2,0.0,0.0,0.0,1.0,1.0
2471,WH,122.94011055255878,hadronic,0,1,1,1,0.0,0.0,0.0,1.0,1.0
2472,ZH,123.41834659966027,leptonic_bookkeeping,1,2,2,0,0.0,0.0,0.0,1.0,1.0
2473,VBF,157.94749077889347,leptonic_bookkeeping,1,1,1,1,0.0,0.0,0.0,1.0,0.0
2474,WH,125.34011628514119,leptonic_bookkeeping,1,1,1,1,0.0,0.0,0.0,1.0,1.0
2476,ZH,123.82001215576508,hadronic,0,2,2,2,0.0,0.0,0.0,1.0,1.0
2478,ggZH,127.18335181789365,leptonic_bookkeeping,1,2,2,1,0.0,0.0,0.0,1.0,1.0
2479,ggH,126.28790795680189,hadronic,0,2,2,2,0.0,0.0,0.0,1.0,1.0
2480,ggH,124.86053002132299,leptonic_bookkeeping,1,3,3,3,0.0,0.0,0.0,1.0,1.0
2481,ggZH,124.0306480701228,hadronic,0,1,1,1,0.0,0.0,0.0,1.0,1.0
2482,VBF,155.65395051037927,leptonic_bookkeeping,1,2,2,2,0.0,0.0,0.0,1.0,0.0
2484,WH,124.48640507266954,hadronic,0,2,2,2,0.0,0.0,0.0,1.0,1.0
2485,ZH,120.51671858166374,hadronic,0,4,4,2,0.0,0.0,0.0,1.0,1.0
2486,WH,123.09264105829106,hadronic,0,4,4,4,0.0,0.0,0.0,1.0,1.0
2487,ttH,125.3223510006647,hadronic,0,1,1,1,0.0,0.0,0.0,1.0,1.0
2488,data_GamGam,126.59580624563512,hadronic,0,2,2,2,0.0,0.0,0.0,1.0,0.0
2494,tH,127.25635225209115,leptonic_bookkeeping,1,1,1,1,0.0,0.0,0.0,1.0,1.0
2495,ggH,123.32758012660221,hadronic,0,2,2,1,0.0,0.0,0.0,1.0,1.0
2496,data_GamGam,121.99352711635875,leptonic_bookkeeping,1,1,1,0,0.0,0.0,0.0,1.0,0.0
2499,ttH,125.29264080724515,hadronic,0,3,3,1,0.0,0.0,0.0,1.0,1.0
2502,data_GamGam,101.41880806421082,hadronic,0,2,2,2,0.0,0.0,0.0,1.0,0.0
2507,ggH,121.21299426446554,hadronic,0,1,1,0,0.0,0.0,0.0,1.0,1.0
2508,ZH,122.76301020784405,hadronic,0,3,3,2,0.0,0.0,0.0,1.0,1.0
2509,ZH,126.6916939323602,leptonic_bookkeeping,1,2,2,1,0.0,0.0,0.0,1.0,1.0
2510,ttH,124.7536579368997,leptonic_bookkeeping,1,3,3,2,0.0,0.0,0.0,1.0,1.0
2511,tH,128.26894341659582,leptonic_bookkeeping,1,1,1,1,0.0,0.0,0.0,1.0,1.0
2512,VBF,140.61797096373047,leptonic_bookkeeping,1,1,1,1,0.0,0.0,0.0,1.0,0.0
2513,ttH,123.98511219075517,hadronic,0,1,1,1,0.0,0.0,0.0,1.0,1.0
2514,ZH,122.77670991787382,leptonic_bookkeeping,1,0,0,0,0.0,0.0,0.0,1.0,1.0
2515,data_GamGam,143.3633890245362,leptonic_bookkeeping,1,0,0,0,0.0,0.0,0.0,1.0,0.0
2516,ZH,125.62058863124811,leptonic_bookkeeping,1,0,0,0,0.0,0.0,0.0,1.0,1.0
2517,VBF,103.96626171329426,hadronic,0,4,4,2,0.0,0.0,0.0,1.0,0.0
2520,ggZH,128.1798392452374,hadronic,0,4,4,3,0.0,0.0,0.0,1.0,1.0
2522,tH,125.90702969819475,hadronic,0,3,3,2,0.0,0.0,0.0,1.0,1.0
2525,tH,126.34509934913588,leptonic_bookkeeping,1,1,1,1,0.0,0.0,0.0,1.0,1.0
2531,data_GamGam,144.2815822005141,hadronic,0,3,3,3,0.0,0.0,0.0,1.0,0.0
2534,tH,126.32220547173024,leptonic_bookkeeping,1,2,2,1,0.0,0.0,0.0,1.0,1.0
2535,tH,124.74138887838987,hadronic,0,2,2,1,0.0,0.0,0.0,1.0,1.0
2536,ggZH,119.62370043955312,leptonic_bookkeeping,1,3,3,1,0.0,0.0,0.0,1.0,1.0
2539,data_GamGam,120.83274097538256,hadronic,0,3,3,0,0.0,0.0,0.0,1.0,0.0
2544,VBF,120.29399699396328,leptonic_bookkeeping,1,4,4,2,0.0,0.0,0.0,1.0,0.0
2546,tH,123.2953367771317,hadronic,0,2,2,1,0.0,0.0,0.0,1.0,1.0
2547,data_GamGam,111.0149466220021,leptonic_bookkeeping,1,2,2,2,0.0,0.0,0.0,1.0,0.0
2554,VBF,102.38521439404244,hadronic,0,3,3,2,0.0,0.0,0.0,1.0,0.0
2556,ggH,127.27349607649036,hadronic,0,2,2,2,0.0,0.0,0.0,1.0,1.0
2557,data_GamGam,123.62556827743757,leptonic_bookkeeping,1,1,1,1,0.0,0.0,0.0,1.0,0.0
2558,ggZH,125.26369663445415,leptonic_bookkeeping,1,5,5,4,0.0,0.0,0.0,1.0,1.0
2560,ZH,123.90763397454576,leptonic_bookkeeping,1,2,2,1,0.0,0.0,0.0,1.0,1.0
2562,ZH,122.7776196472531,leptonic_bookkeeping,1,1,1,1,0.0,0.0,0.0,1.0,1.0
2563,ttH,126.84586499638239,hadronic,0,1,1,1,0.0,0.0,0.0,1.0,1.0
2566,VBF,119.17331580313142,hadronic,0,2,2,1,0.0,0.0,0.0,1.0,0.0
2567,ttH,125.0381475819137,leptonic_bookkeeping,1,2,2,2,0.0,0.0,0.0,1.0,1.0
2568,ggZH,122.25908689801132,leptonic_bookkeeping,1,2,2,1,0.0,0.0,0.0,1.0,1.0
2570,ZH,125.3730821377729,leptonic_bookkeeping,1,1,1,0,0.0,0.0,0.0,1.0,1.0
2572,data_GamGam,159.26258337495898,hadronic,0,3,3,1,0.0,0.0,0.0,1.0,0.0
2573,ggH,126.84601896342404,leptonic_bookkeeping,1,1,1,0,0.0,0.0,0.0,1.0,1.0
2574,data_GamGam,137.21095789112866,leptonic_bookkeeping,1,3,3,2,0.0,0.0,0.0,1.0,0.0
2578,ggH,126.95966451412272,leptonic_bookkeeping,1,3,3,1,0.0,0.0,0.0,1.0,1.0
2580,ggZH,128.11311567714324,hadronic,0,3,3,2,0.0,0.0,0.0,1.0,1.0
2583,ttH,123.22927052747251,leptonic_bookkeeping,1,0,0,0,0.0,0.0,0.0,1.0,1.0
2584,ggZH,124.90459073508747,hadronic,0,2,2,2,0.0,0.0,0.0,1.0,1.0
2586,ggZH,124.90046177820625,leptonic_bookkeeping,1,2,2,1,0.0,0.0,0.0,1.0,1.0
2588,ggZH,127.55185590555773,hadronic,0,4,4,2,0.0,0.0,0.0,1.0,1.0
2590,data_GamGam,150.84771201488894,hadronic,0,2,2,2,0.0,0.0,0.0,1.0,0.0
2591,WH,124.12935860286058,leptonic_bookkeeping,1,1,1,0,0.0,0.0,0.0,1.0,1.0
2593,ZH,123.00325811272401,hadronic,0,1,1,0,0.0,0.0,0.0,1.0,1.0
2594,ggH,121.42899546138952,leptonic_bookkeeping,1,0,0,0,0.0,0.0,0.0,1.0,1.0
2595,ZH,124.61683121834199,hadronic,0,2,2,2,0.0,0.0,0.0,1.0,1.0
2596,ZH,126.09723099879032,leptonic_bookkeeping,1,2,2,1,0.0,0.0,0.0,1.0,1.0
2599,data_GamGam,144.82856739676936,hadronic,0,2,2,0,0.0,0.0,0.0,1.0,0.0
2600,VBF,155.9403615883092,hadronic,0,1,1,1,0.0,0.0,0.0,1.0,0.0
2602,WH,124.43835582472354,hadronic,0,0,0,0,0.0,0.0,0.0,1.0,1.0
2606,tH,125.94798425519772,hadronic,0,2,2,0,0.0,0.0,0.0,1.0,1.0
2608,VBF,144.69157192859203,hadronic,0,3,3,2,0.0,0.0,0.0,1.0,0.0
2609,ttH,125.39611510145046,hadronic,0,1,1,0,0.0,0.0,0.0,1.0,1.0
2615,data_GamGam,123.98111622257129,leptonic_bookkeeping,1,0,0,0,0.0,0.0,0.0,1.0,0.0
2617,ggH,128.61285341944304,hadronic,0,3,3,1,0.0,0.0,0.0,1.0,1.0
2620,ggZH,125.50308252716964,hadronic,0,1,1,1,0.0,0.0,0.0,1.0,1.0
2622,ZH,123.22091816342102,hadronic,0,2,2,2,0.0,0.0,0.0,1.0,1.0
2623,ggZH,126.9928638864432,hadronic,0,2,2,0,0.0,0.0,0.0,1.0,1.0
2626,ggZH,127.54445258242067,leptonic_bookkeeping,1,3,3,1,0.0,0.0,0.0,1.0,1.0
2628,tH,122.42036573254796,hadronic,0,1,1,0,0.0,0.0,0.0,1.0,1.0
2635,tH,126.20750530640163,leptonic_bookkeeping,1,1,1,0,0.0,0.0,0.0,1.0,1.0
2637,WH,125.84000449864237,leptonic_bookkeeping,1,1,1,1,0.0,0.0,0.0,1.0,1.0
2638,data_GamGam,106.60306002785794,hadronic,0,1,1,1,0.0,0.0,0.0,1.0,0.0
2639,data_GamGam,139.10695619011193,leptonic_bookkeeping,1,1,1,0,0.0,0.0,0.0,1.0,0.0
2642,ttH,126.58970367097658,hadronic,0,3,3,3,0.0,0.0,0.0,1.0,1.0
2647,ZH,124.80531848207141,hadronic,0,3,3,1,0.0,0.0,0.0,1.0,1.0
2648,ggH,125.34980016315275,hadronic,0,3,3,1,0.0,0.0,0.0,1.0,1.0
2653,VBF,127.78297417793286,leptonic_bookkeeping,1,1,1,1,0.0,0.0,0.0,1.0,0.0
2656,ZH,120.55987699723055,hadronic,0,2,2,1,0.0,0.0,0.0,1.0,1.0
2659,ggH,124.07047017031272,hadronic,0,2,2,1,0.0,0.0,0.0,1.0,1.0
2660,ggZH,125.27915184866869,leptonic_bookkeeping,1,4,4,2,0.0,0.0,0.0,1.0,1.0
2664,tH,121.4370330303532,hadronic,0,3,3,1,0.0,0.0,0.0,1.0,1.0
2665,ggZH,122.86797553481502,leptonic_bookkeeping,1,2,2,2,0.0,0.0,0.0,1.0,1.0
2667,ggZH,125.12159698286608,leptonic_bookkeeping,1,2,2,1,0.0,0.0,0.0,1.0,1.0
2670,ttH,126.33257277726219,leptonic_bookkeeping,1,3,3,3,0.0,0.0,0.0,1.0,1.0
2673,tH,121.53381229403296,hadronic,0,2,2,1,0.0,0.0,0.0,1.0,1.0
2675,data_GamGam,103.8337209159606,hadronic,0,2,2,1,0.0,0.0,0.0,1.0,0.0
2678,VBF,154.92213083738847,hadronic,0,2,2,0,0.0,0.0,0.0,1.0,0.0
2679,ZH,127.59073777838202,leptonic_bookkeeping,1,2,2,1,0.0,0.0,0.0,1.0,1.0
2680,VBF,155.38181439248282,leptonic_bookkeeping,1,1,1,1,0.0,0.0,0.0,1.0,0.0
2681,ZH,125.48957017593314,leptonic_bookkeeping,1,0,0,0,0.0,0.0,0.0,1.0,1.0
2682,ttH,125.85061753897756,hadronic,0,2,2,2,0.0,0.0,0.0,1.0,1.0
2685,ttH,125.76538676737108,hadronic,0,1,1,1,0.0,0.0,0.0,1.0,1.0
2691,VBF,115.75029215324291,hadronic,0,2,2,2,0.0,0.0,0.0,1.0,0.0
2692,ttH,125.15683539591332,leptonic_bookkeeping,1,1,1,0,0.0,0.0,0.0,1.0,1.0
2695,ggZH,123.5865006820694,hadronic,0,3,3,2,0.0,0.0,0.0,1.0,1.0
2697,data_GamGam,129.79400505486146,hadronic,0,2,2,2,0.0,0.0,0.0,1.0,0.0
2698,WH,120.88523580612458,leptonic_bookkeeping,1,1,1,1,0.0,0.0,0.0,1.0,1.0
2703,VBF,146.2164333348327,hadronic,0,2,2,2,0.0,0.0,0.0,1.0,0.0
2706,WH,128.4229848533094,leptonic_bookkeeping,1,1,1,0,0.0,0.0,0.0,1.0,1.0
2707,WH,124.47454997585255,hadronic,0,1,1,1,0.0,0.0,0.0,1.0,1.0
2708,ttH,125.61746270506171,hadronic,0,0,0,0,0.0,0.0,0.0,1.0,1.0
2709,ZH,125.59320512376165,hadronic,0,3,3,3,0.0,0.0,0.0,1.0,1.0
2716,data_GamGam,105.20539636405778,leptonic_bookkeeping,1,2,2,2,0.0,0.0,0.0,1.0,0.0
2719,ttH,124.0823301425342,leptonic_bookkeeping,1,1,1,1,0.0,0.0,0.0,1.0,1.0
2720,tH,118.81771917469872,hadronic,0,2,2,2,0.0,0.0,0.0,1.0,1.0
2721,data_GamGam,107.03496541350711,hadronic,0,3,3,3,0.0,0.0,0.0,1.0,0.0
2722,WH,125.24165542688664,leptonic_bookkeeping,1,0,0,0,0.0,0.0,0.0,1.0,1.0
2723,ggZH,126.57348614963729,hadronic,0,1,1,1,0.0,0.0,0.0,1.0,1.0
2727,ggH,122.63387398716266,leptonic_bookkeeping,1,2,2,1,0.0,0.0,0.0,1.0,1.0
2729,tH,126.97821723306282,hadronic,0,3,3,1,0.0,0.0,0.0,1.0,1.0
2734,data_GamGam,135.43333602462036,leptonic_bookkeeping,1,3,3,2,0.0,0.0,0.0,1.0,0.0
2738,ggZH,124.99181630771858,leptonic_bookkeeping,1,3,3,1,0.0,0.0,0.0,1.0,1.0
2741,ggZH,124.86734255215498,leptonic_bookkeeping,1,0,0,0,0.0,0.0,0.0,1.0,1.0
2742,VBF,103.37999775546825,hadronic,0,1,1,1,0.0,0.0,0.0,1.0,0.0
2744,WH,121.1797994740983,hadronic,0,2,2,2,0.0,0.0,0.0,1.0,1.0
2746,ggZH,128.66201396095425,hadronic,0,1,1,0,0.0,0.0,0.0,1.0,1.0
2747,VBF,126.19689918948126,hadronic,0,2,2,2,0.0,0.0,0.0,1.0,0.0
2749,ggZH,126.38602743936943,leptonic_bookkeeping,1,0,0,0,0.0,0.0,0.0,1.0,1.0
2752,ggH,127.1894648666567,leptonic_bookkeeping,1,4,4,3,0.0,0.0,0.0,1.0,1.0
2753,VBF,106.29746965622687,hadronic,0,2,2,1,0.0,0.0,0.0,1.0,0.0
2754,ttH,125.1728306267924,hadronic,0,4,4,3,0.0,0.0,0.0,1.0,1.0
2755,tH,127.84935189156847,leptonic_bookkeeping,1,3,3,2,0.0,0.0,0.0,1.0,1.0
2759,VBF,112.33579989981287,hadronic,0,3,3,2,0.0,0.0,0.0,1.0,0.0
2760,ggZH,129.11059450718383,hadronic,0,1,1,0,0.0,0.0,0.0,1.0,1.0
2761,ggZH,129.76222297241688,leptonic_bookkeeping,1,2,2,2,0.0,0.0,0.0,1.0,1.0
2762,ttH,126.0430934740166,leptonic_bookkeeping,1,2,2,2,0.0,0.0,0.0,1.0,1.0
2767,ggH,123.30493182795261,leptonic_bookkeeping,1,0,0,0,0.0,0.0,0.0,1.0,1.0
2769,ZH,126.45984239380982,leptonic_bookkeeping,1,3,3,1,0.0,0.0,0.0,1.0,1.0
2770,VBF,147.49178560428757,hadronic,0,1,1,1,0.0,0.0,0.0,1.0,0.0
2771,data_GamGam,103.63514651516385,leptonic_bookkeeping,1,1,1,1,0.0,0.0,0.0,1.0,0.0
2776,ggZH,124.79171088213094,hadronic,0,1,1,1,0.0,0.0,0.0,1.0,1.0
2777,WH,126.1844558332527,leptonic_bookkeeping,1,1,1,1,0.0,0.0,0.0,1.0,1.0
2784,WH,127.74160296317002,hadronic,0,2,2,2,0.0,0.0,0.0,1.0,1.0
2785,ttH,127.43528818497177,leptonic_bookkeeping,1,2,2,2,0.0,0.0,0.0,1.0,1.0
2787,VBF,159.6011694130692,leptonic_bookkeeping,1,1,1,1,0.0,0.0,0.0,1.0,0.0
2789,data_GamGam,150.64136170494606,leptonic_bookkeeping,1,1,1,1,0.0,0.0,0.0,1.0,0.0
2790,data_GamGam,149.30607399069757,hadronic,0,4,4,1,0.0,0.0,0.0,1.0,0.0
2791,VBF,124.04668185328046,hadronic,0,2,2,1,0.0,0.0,0.0,1.0,0.0
2796,ZH,124.94984580668785,leptonic_bookkeeping,1,1,1,1,0.0,0.0,0.0,1.0,1.0
2798,ggZH,131.2358258052644,hadronic,0,1,1,0,0.0,0.0,0.0,1.0,1.0
2800,tH,124.42725709766432,leptonic_bookkeeping,1,2,2,2,0.0,0.0,0.0,1.0,1.0
2807,ttH,127.90623097257448,hadronic,0,3,3,2,0.0,0.0,0.0,1.0,1.0
2808,ggZH,127.72664596823283,hadronic,0,4,4,2,0.0,0.0,0.0,1.0,1.0
2809,ggZH,123.77644747933167,hadronic,0,1,1,1,0.0,0.0,0.0,1.0,1.0
2811,data_GamGam,137.08059200835174,leptonic_bookkeeping,1,2,2,1,0.0,0.0,0.0,1.0,0.0
2812,ggZH,127.94042702110079,leptonic_bookkeeping,1,2,2,0,0.0,0.0,0.0,1.0,1.0
2813,ttH,125.7189363896373,leptonic_bookkeeping,1,2,2,1,0.0,0.0,0.0,1.0,1.0
2814,data_GamGam,107.22900911425569,hadronic,0,3,3,2,0.0,0.0,0.0,1.0,0.0
2816,tH,124.86639652835053,hadronic,0,1,1,0,0.0,0.0,0.0,1.0,1.0
2822,ttH,122.15623680564423,hadronic,0,2,2,1,0.0,0.0,0.0,1.0,1.0
2823,ttH,126.25000120151367,leptonic_bookkeeping,1,1,1,1,0.0,0.0,0.0,1.0,1.0
2826,VBF,111.8877012977196,leptonic_bookkeeping,1,2,2,1,0.0,0.0,0.0,1.0,0.0
2827,ggZH,126.6886637097449,hadronic,0,2,2,1,0.0,0.0,0.0,1.0,1.0
2828,tH,124.76028091440008,hadronic,0,2,2,0,0.0,0.0,0.0,1.0,1.0
2829,ttH,124.68460058286897,hadronic,0,2,2,2,0.0,0.0,0.0,1.0,1.0
2830,ZH,122.31471783240252,hadronic,0,3,3,2,0.0,0.0,0.0,1.0,1.0
2837,tH,124.44848659273016,hadronic,0,4,4,3,0.0,0.0,0.0,1.0,1.0
2839,WH,127.08307194079076,hadronic,0,3,3,1,0.0,0.0,0.0,1.0,1.0
2841,ggZH,125.00501039738991,hadronic,0,3,3,1,0.0,0.0,0.0,1.0,1.0
2844,ggH,122.37137375567589,hadronic,0,1,1,1,0.0,0.0,0.0,1.0,1.0
2846,VBF,152.8247812114145,leptonic_bookkeeping,1,2,2,2,0.0,0.0,0.0,1.0,0.0
2850,ggH,124.81063187701095,leptonic_bookkeeping,1,3,3,2,0.0,0.0,0.0,1.0,1.0
2851,ttH,126.18717697268445,hadronic,0,1,1,1,0.0,0.0,0.0,1.0,1.0
2852,WH,126.865367219244,hadronic,0,1,1,1,0.0,0.0,0.0,1.0,1.0
2854,ggH,128.3360568770898,leptonic_bookkeeping,1,3,3,0,0.0,0.0,0.0,1.0,1.0
2855,WH,125.84974085469453,leptonic_bookkeeping,1,2,2,2,0.0,0.0,0.0,1.0,1.0
2860,WH,125.91303529333452,leptonic_bookkeeping,1,1,1,1,0.0,0.0,0.0,1.0,1.0
2862,ggZH,125.500527903606,hadronic,0,1,1,0,0.0,0.0,0.0,1.0,1.0
2863,VBF,137.8887631239275,hadronic,0,1,1,0,0.0,0.0,0.0,1.0,0.0
2865,ttH,126.65757079100457,hadronic,0,1,1,1,0.0,0.0,0.0,1.0,1.0
2867,ggH,123.415384667881,hadronic,0,2,2,2,0.0,0.0,0.0,1.0,1.0
2869,tH,123.35329229227409,hadronic,0,3,3,1,0.0,0.0,0.0,1.0,1.0
2870,ZH,126.15100956425076,leptonic_bookkeeping,1,1,1,0,0.0,0.0,0.0,1.0,1.0
2871,VBF,127.3506632756227,hadronic,0,3,3,3,0.0,0.0,0.0,1.0,0.0
2874,WH,122.59684645142951,hadronic,0,2,2,2,0.0,0.0,0.0,1.0,1.0
2878,ttH,127.56390175985932,hadronic,0,2,2,1,0.0,0.0,0.0,1.0,1.0
2880,ggZH,124.56969180474198,leptonic_bookkeeping,1,0,0,0,0.0,0.0,0.0,1.0,1.0
2881,ZH,121.79257829715726,hadronic,0,2,2,1,0.0,0.0,0.0,1.0,1.0
2883,tH,127.63492712220899,hadronic,0,4,4,2,0.0,0.0,0.0,1.0,1.0
2884,ZH,122.71781727959905,leptonic_bookkeeping,1,2,2,2,0.0,0.0,0.0,1.0,1.0
2885,ggZH,124.73374315248357,hadronic,0,1,1,1,0.0,0.0,0.0,1.0,1.0
2886,data_GamGam,115.505940083956,hadronic,0,2,2,2,0.0,0.0,0.0,1.0,0.0
2888,ttH,128.29300597002901,leptonic_bookkeeping,1,1,1,0,0.0,0.0,0.0,1.0,1.0
2889,tH,126.00098218728476,hadronic,0,0,0,0,0.0,0.0,0.0,1.0,1.0
2890,ggH,126.17178286273963,hadronic,0,2,2,1,0.0,0.0,0.0,1.0,1.0
2894,ttH,124.21199937394303,leptonic_bookkeeping,1,1,1,0,0.0,0.0,0.0,1.0,1.0
2895,ggZH,124.99977525403655,hadronic,0,2,2,1,0.0,0.0,0.0,1.0,1.0
2896,WH,126.68349691446453,leptonic_bookkeeping,1,1,1,1,0.0,0.0,0.0,1.0,1.0
2899,tH,126.97063214727626,leptonic_bookkeeping,1,4,4,0,0.0,0.0,0.0,1.0,1.0
2901,data_GamGam,141.3021595160249,hadronic,0,2,2,2,0.0,0.0,0.0,1.0,0.0
2902,ttH,124.01586501993006,hadronic,0,3,3,2,0.0,0.0,0.0,1.0,1.0
2903,ggH,123.55024021500896,hadronic,0,0,0,0,0.0,0.0,0.0,1.0,1.0
2904,ttH,130.9615537907678,hadronic,0,3,3,1,0.0,0.0,0.0,1.0,1.0
2905,ggZH,123.41873586258778,hadronic,0,0,0,0,0.0,0.0,0.0,1.0,1.0
2906,VBF,134.97045651964498,leptonic_bookkeeping,1,2,2,1,0.0,0.0,0.0,1.0,0.0
2907,data_GamGam,142.9720317911238,hadronic,0,0,0,0,0.0,0.0,0.0,1.0,0.0
2908,WH,124.70354348484668,leptonic_bookkeeping,1,4,4,3,0.0,0.0,0.0,1.0,1.0
2913,VBF,147.99048618995965,hadronic,0,4,4,3,0.0,0.0,0.0,1.0,0.0
2916,data_GamGam,124.77351641775194,hadronic,0,2,2,0,0.0,0.0,0.0,1.0,0.0
2919,ggZH,123.14267464575006,hadronic,0,0,0,0,0.0,0.0,0.0,1.0,1.0
2922,data_GamGam,110.08143049975399,hadronic,0,2,2,2,0.0,0.0,0.0,1.0,0.0
2923,ZH,121.61596688386273,hadronic,0,2,2,1,0.0,0.0,0.0,1.0,1.0
2926,ttH,125.96310893537817,leptonic_bookkeeping,1,0,0,0,0.0,0.0,0.0,1.0,1.0
2930,VBF,133.14247606027322,leptonic_bookkeeping,1,1,1,1,0.0,0.0,0.0,1.0,0.0
2932,VBF,158.81079088739378,hadronic,0,2,2,0,0.0,0.0,0.0,1.0,0.0
2933,data_GamGam,111.15921997574343,hadronic,0,3,3,2,0.0,0.0,0.0,1.0,0.0
2934,WH,126.81015346307422,leptonic_bookkeeping,1,0,0,0,0.0,0.0,0.0,1.0,1.0
2941,WH,124.95004695494993,hadronic,0,2,2,1,0.0,0.0,0.0,1.0,1.0
2942,ggZH,123.29218491833763,hadronic,0,3,3,2,0.0,0.0,0.0,1.0,1.0
2945,VBF,120.56410754304352,hadronic,0,2,2,1,0.0,0.0,0.0,1.0,0.0
2946,ggH,123.06695879997486,leptonic_bookkeeping,1,2,2,1,0.0,0.0,0.0,1.0,1.0
2949,WH,127.79287405304211,leptonic_bookkeeping,1,1,1,1,0.0,0.0,0.0,1.0,1.0
2952,ggZH,126.44515028034648,hadronic,0,1,1,0,0.0,0.0,0.0,1.0,1.0
2957,WH,126.34933655637961,hadronic,0,2,2,0,0.0,0.0,0.0,1.0,1.0
2958,tH,125.37204271911003,leptonic_bookkeeping,1,2,2,1,0.0,0.0,0.0,1.0,1.0
2963,ZH,123.5982726923436,leptonic_bookkeeping,1,4,4,3,0.0,0.0,0.0,1.0,1.0
2965,data_GamGam,159.89997473328145,leptonic_bookkeeping,1,0,0,0,0.0,0.0,0.0,1.0,0.0
2966,VBF,102.66304571929075,leptonic_bookkeeping,1,2,2,2,0.0,0.0,0.0,1.0,0.0
2968,ggH,125.41875254531799,hadronic,0,1,1,1,0.0,0.0,0.0,1.0,1.0
2970,ggZH,120.32917522144274,leptonic_bookkeeping,1,2,2,2,0.0,0.0,0.0,1.0,1.0
2971,ggZH,123.94087199447539,leptonic_bookkeeping,1,1,1,1,0.0,0.0,0.0,1.0,1.0
2975,ZH,126.58536871830114,leptonic_bookkeeping,1,2,2,2,0.0,0.0,0.0,1.0,1.0
2976,VBF,147.11072647824054,leptonic_bookkeeping,1,0,0,0,0.0,0.0,0.0,1.0,0.0
2979,ggZH,123.03687190908089,leptonic_bookkeeping,1,2,2,2,0.0,0.0,0.0,1.0,1.0
2981,WH,124.6288851120062,leptonic_bookkeeping,1,0,0,0,0.0,0.0,0.0,1.0,1.0
2984,WH,124.18921192272798,hadronic,0,3,3,2,0.0,0.0,0.0,1.0,1.0
2985,tH,121.18188661670139,hadronic,0,2,2,2,0.0,0.0,0.0,1.0,1.0
2987,WH,124.24529704971056,hadronic,0,3,3,3,0.0,0.0,0.0,1.0,1.0
2988,WH,122.40790152078726,hadronic,0,2,2,2,0.0,0.0,0.0,1.0,1.0
2990,VBF,154.11178066740194,leptonic_bookkeeping,1,1,1,0,0.0,0.0,0.0,1.0,0.0
2994,ttH,126.66337772869275,leptonic_bookkeeping,1,2,2,1,0.0,0.0,0.0,1.0,1.0
2995,ZH,126.08885976862193,hadronic,0,3,3,2,0.0,0.0,0.0,1.0,1.0
3005,data_GamGam,158.04344194296908,leptonic_bookkeeping,1,2,2,1,0.0,0.0,0.0,1.0,0.0
3007,WH,125.40770531546359,hadronic,0,2,2,2,0.0,0.0,0.0,1.0,1.0
3008,ttH,127.02889842842336,leptonic_bookkeeping,1,3,3,2,0.0,0.0,0.0,1.0,1.0
3010,WH,131.50319335079564,hadronic,0,2,2,2,0.0,0.0,0.0,1.0,1.0
3011,WH,122.69641117655826,leptonic_bookkeeping,1,3,3,2,0.0,0.0,0.0,1.0,1.0
3012,ggZH,123.09382232819894,hadronic,0,1,1,1,0.0,0.0,0.0,1.0,1.0
3013,data_GamGam,132.44458282863098,leptonic_bookkeeping,1,1,1,1,0.0,0.0,0.0,1.0,0.0
3016,ZH,121.98221827686679,hadronic,0,3,3,2,0.0,0.0,0.0,1.0,1.0
3020,tH,125.61299527884358,leptonic_bookkeeping,1,3,3,1,0.0,0.0,0.0,1.0,1.0
3021,WH,128.6999431886019,hadronic,0,4,4,1,0.0,0.0,0.0,1.0,1.0
3022,ggZH,125.94228616279774,leptonic_bookkeeping,1,1,1,0,0.0,0.0,0.0,1.0,1.0
3026,tH,124.30408106075181,hadronic,0,3,3,3,0.0,0.0,0.0,1.0,1.0
3027,WH,126.0167905735039,hadronic,0,1,1,1,0.0,0.0,0.0,1.0,1.0
3028,data_GamGam,159.06556672741357,hadronic,0,1,1,0,0.0,0.0,0.0,1.0,0.0
3029,ggZH,128.2711461181915,leptonic_bookkeeping,1,2,2,1,0.0,0.0,0.0,1.0,1.0
3031,WH,122.55951977099551,leptonic_bookkeeping,1,0,0,0,0.0,0.0,0.0,1.0,1.0
3032,VBF,115.83372314627223,leptonic_bookkeeping,1,1,1,0,0.0,0.0,0.0,1.0,0.0
3033,ggZH,125.55202531407845,hadronic,0,2,2,1,0.0,0.0,0.0,1.0,1.0
3034,WH,126.0594265292822,hadronic,0,3,3,3,0.0,0.0,0.0,1.0,1.0
3035,data_GamGam,146.26099028775218,leptonic_bookkeeping,1,0,0,0,0.0,0.0,0.0,1.0,0.0
3036,ZH,125.64258946374454,leptonic_bookkeeping,1,1,1,1,0.0,0.0,0.0,1.0,1.0
3037,ggH,126.5995142238879,hadronic,0,3,3,3,0.0,0.0,0.0,1.0,1.0
3038,ggH,127.92631915665262,hadronic,0,2,2,2,0.0,0.0,0.0,1.0,1.0
3041,WH,124.20230828908828,hadronic,0,3,3,0,0.0,0.0,0.0,1.0,1.0
3043,tH,123.93366802541219,hadronic,0,4,4,2,0.0,0.0,0.0,1.0,1.0
3046,ggH,127.4497623620157,leptonic_bookkeeping,1,3,3,1,0.0,0.0,0.0,1.0,1.0
3047,tH,123.62351944298524,leptonic_bookkeeping,1,2,2,1,0.0,0.0,0.0,1.0,1.0
3050,ggZH,123.67513319313977,leptonic_bookkeeping,1,1,1,1,0.0,0.0,0.0,1.0,1.0
3051,tH,126.91527536389273,leptonic_bookkeeping,1,1,1,1,0.0,0.0,0.0,1.0,1.0
3052,ZH,123.21483572890757,hadronic,0,3,3,2,0.0,0.0,0.0,1.0,1.0
3057,tH,123.20955347669603,leptonic_bookkeeping,1,3,3,2,0.0,0.0,0.0,1.0,1.0
3060,VBF,131.8138002983284,leptonic_bookkeeping,1,3,3,1,0.0,0.0,0.0,1.0,0.0
3061,ggZH,128.40864903152126,leptonic_bookkeeping,1,3,3,0,0.0,0.0,0.0,1.0,1.0
3062,ggZH,129.79963499957356,hadronic,0,5,5,1,0.0,0.0,0.0,1.0,1.0
3063,ggZH,123.8135823664717,leptonic_bookkeeping,1,1,1,0,0.0,0.0,0.0,1.0,1.0
3064,ttH,126.66493228451766,leptonic_bookkeeping,1,2,2,0,0.0,0.0,0.0,1.0,1.0
3065,ttH,123.93346074853629,leptonic_bookkeeping,1,1,1,1,0.0,0.0,0.0,1.0,1.0
3066,tH,126.26352117383665,hadronic,0,3,3,2,0.0,0.0,0.0,1.0,1.0
3068,ZH,124.98947557259916,hadronic,0,2,2,1,0.0,0.0,0.0,1.0,1.0
3069,ttH,127.94652941163254,hadronic,0,2,2,1,0.0,0.0,0.0,1.0,1.0
3070,ttH,123.00057109500669,hadronic,0,4,4,4,0.0,0.0,0.0,1.0,1.0
3072,ggH,123.30804070347368,leptonic_bookkeeping,1,2,2,2,0.0,0.0,0.0,1.0,1.0
3073,ggZH,120.89396795812026,leptonic_bookkeeping,1,2,2,2,0.0,0.0,0.0,1.0,1.0
3075,ZH,125.53455660084991,hadronic,0,2,2,2,0.0,0.0,0.0,1.0,1.0
3076,ttH,120.64928385314411,hadronic,0,2,2,1,0.0,0.0,0.0,1.0,1.0
3077,ggH,124.89938415314043,hadronic,0,2,2,2,0.0,0.0,0.0,1.0,1.0
3078,ZH,128.2329432707758,hadronic,0,1,1,1,0.0,0.0,0.0,1.0,1.0
3083,ttH,126.30391184460986,leptonic_bookkeeping,1,1,1,1,0.0,0.0,0.0,1.0,1.0
3085,tH,124.05022598329874,hadronic,0,1,1,1,0.0,0.0,0.0,1.0,1.0
3088,ggH,124.5292672463878,hadronic,0,3,3,2,0.0,0.0,0.0,1.0,1.0
3091,ttH,125.71073771094193,hadronic,0,4,4,2,0.0,0.0,0.0,1.0,1.0
3092,VBF,111.82706333258898,hadronic,0,2,2,2,0.0,0.0,0.0,1.0,0.0
3094,ggZH,121.22536621695184,leptonic_bookkeeping,1,1,1,1,0.0,0.0,0.0,1.0,1.0
3096,ZH,123.29327790574058,hadronic,0,3,3,2,0.0,0.0,0.0,1.0,1.0
3098,ggH,122.28786151401678,hadronic,0,2,2,0,0.0,0.0,0.0,1.0,1.0
3099,ttH,120.09434529062405,hadronic,0,2,2,1,0.0,0.0,0.0,1.0,1.0
3101,tH,123.45988739559152,leptonic_bookkeeping,1,2,2,2,0.0,0.0,0.0,1.0,1.0
3104,WH,128.74223165023082,leptonic_bookkeeping,1,2,2,2,0.0,0.0,0.0,1.0,1.0
3105,ttH,126.44330119544442,leptonic_bookkeeping,1,0,0,0,0.0,0.0,0.0,1.0,1.0
3106,WH,121.38951291458321,leptonic_bookkeeping,1,1,1,0,0.0,0.0,0.0,1.0,1.0
3107,VBF,127.84773407707593,hadronic,0,2,2,2,0.0,0.0,0.0,1.0,0.0
3108,ggH,125.00447639036908,leptonic_bookkeeping,1,2,2,1,0.0,0.0,0.0,1.0,1.0
3109,ZH,122.47415701644465,hadronic,0,2,2,1,0.0,0.0,0.0,1.0,1.0
3110,tH,126.41085860521977,hadronic,0,2,2,2,0.0,0.0,0.0,1.0,1.0
3111,tH,122.8341704403878,leptonic_bookkeeping,1,3,3,3,0.0,0.0,0.0,1.0,1.0
3112,data_GamGam,137.87754799121274,hadronic,0,2,2,1,0.0,0.0,0.0,1.0,0.0
3113,ggZH,123.2709586172956,hadronic,0,2,2,1,0.0,0.0,0.0,1.0,1.0
3114,ggZH,126.74445376036344,leptonic_bookkeeping,1,1,1,1,0.0,0.0,0.0,1.0,1.0
3118,ttH,124.64283495233443,hadronic,0,3,3,2,0.0,0.0,0.0,1.0,1.0
3121,WH,124.3636085975875,hadronic,0,1,1,1,0.0,0.0,0.0,1.0,1.0
3122,VBF,128.51101950408338,leptonic_bookkeeping,1,2,2,2,0.0,0.0,0.0,1.0,0.0
3123,ttH,123.1506038804543,hadronic,0,4,4,3,0.0,0.0,0.0,1.0,1.0
3125,ggH,124.23738379839472,hadronic,0,3,3,2,0.0,0.0,0.0,1.0,1.0
3126,WH,125.49238487643635,leptonic_bookkeeping,1,2,2,2,0.0,0.0,0.0,1.0,1.0
3129,ggH,127.33391189514765,hadronic,0,1,1,1,0.0,0.0,0.0,1.0,1.0
3131,ggZH,122.37897487056262,hadronic,0,3,3,3,0.0,0.0,0.0,1.0,1.0
3132,data_GamGam,136.0576770379502,leptonic_bookkeeping,1,0,0,0,0.0,0.0,0.0,1.0,0.0
3133,ZH,123.97553298311333,hadronic,0,1,1,1,0.0,0.0,0.0,1.0,1.0
3134,VBF,128.79780623341975,hadronic,0,3,3,2,0.0,0.0,0.0,1.0,0.0
3136,WH,125.33964593654275,leptonic_bookkeeping,1,1,1,1,0.0,0.0,0.0,1.0,1.0
3137,tH,122.54578836555478,leptonic_bookkeeping,1,1,1,1,0.0,0.0,0.0,1.0,1.0
3139,WH,121.27525835162913,hadronic,0,2,2,1,0.0,0.0,0.0,1.0,1.0
3140,ggZH,126.77562562359226,leptonic_bookkeeping,1,3,3,2,0.0,0.0,0.0,1.0,1.0
3141,data_GamGam,117.20430119193178,leptonic_bookkeeping,1,1,1,1,0.0,0.0,0.0,1.0,0.0
3142,ZH,125.93411870914177,hadronic,0,2,2,1,0.0,0.0,0.0,1.0,1.0
3145,WH,125.50436681807679,leptonic_bookkeeping,1,2,2,1,0.0,0.0,0.0,1.0,1.0
3148,tH,125.01339844214964,hadronic,0,3,3,2,0.0,0.0,0.0,1.0,1.0
3152,WH,125.39416814379913,leptonic_bookkeeping,1,1,1,0,0.0,0.0,0.0,1.0,1.0
3154,ttH,128.61278336046334,leptonic_bookkeeping,1,0,0,0,0.0,0.0,0.0,1.0,1.0
3155,data_GamGam,106.88400164493211,leptonic_bookkeeping,1,3,3,3,0.0,0.0,0.0,1.0,0.0
3156,VBF,105.1372262689469,hadronic,0,2,2,2,0.0,0.0,0.0,1.0,0.0
3157,ggZH,124.73614622078311,hadronic,0,2,2,2,0.0,0.0,0.0,1.0,1.0
3160,tH,123.15843354248261,hadronic,0,2,2,1,0.0,0.0,0.0,1.0,1.0
3165,VBF,102.14786709824037,hadronic,0,2,2,2,0.0,0.0,0.0,1.0,0.0
3166,WH,124.94545035374416,leptonic_bookkeeping,1,3,3,1,0.0,0.0,0.0,1.0,1.0
3167,ggH,123.72607097538997,hadronic,0,1,1,0,0.0,0.0,0.0,1.0,1.0
3170,WH,125.34711398315989,leptonic_bookkeeping,1,2,2,1,0.0,0.0,0.0,1.0,1.0
3171,data_GamGam,124.23505653051028,hadronic,0,2,2,1,0.0,0.0,0.0,1.0,0.0
3175,data_GamGam,152.16529886714005,hadronic,0,4,4,1,0.0,0.0,0.0,1.0,0.0
3181,ggH,127.73749919267689,leptonic_bookkeeping,1,1,1,1,0.0,0.0,0.0,1.0,1.0
3183,ggH,125.46926018108587,hadronic,0,1,1,0,0.0,0.0,0.0,1.0,1.0
3185,VBF,120.19456250424341,hadronic,0,3,3,3,0.0,0.0,0.0,1.0,0.0
3186,VBF,106.00485369420821,leptonic_bookkeeping,1,1,1,1,0.0,0.0,0.0,1.0,0.0
3191,data_GamGam,115.55080291646482,hadronic,0,2,2,2,0.0,0.0,0.0,1.0,0.0
3193,ZH,124.67909669021101,leptonic_bookkeeping,1,2,2,1,0.0,0.0,0.0,1.0,1.0
3196,tH,123.33984727121717,leptonic_bookkeeping,1,1,1,1,0.0,0.0,0.0,1.0,1.0
3198,ttH,126.6813065586575,hadronic,0,1,1,0,0.0,0.0,0.0,1.0,1.0
3199,ttH,124.26405615567373,hadronic,0,1,1,0,0.0,0.0,0.0,1.0,1.0
3201,ggH,126.13568684024013,leptonic_bookkeeping,1,0,0,0,0.0,0.0,0.0,1.0,1.0
3203,tH,126.87303629866406,leptonic_bookkeeping,1,4,4,2,0.0,0.0,0.0,1.0,1.0
3204,ttH,127.37377561575519,hadronic,0,2,2,1,0.0,0.0,0.0,1.0,1.0
3205,ZH,122.6587075154926,hadronic,0,2,2,1,0.0,0.0,0.0,1.0,1.0
3206,ggH,125.99736391782409,hadronic,0,2,2,1,0.0,0.0,0.0,1.0,1.0
3211,tH,127.23952375710977,hadronic,0,3,3,3,0.0,0.0,0.0,1.0,1.0
3213,data_GamGam,112.32368435900443,hadronic,0,3,3,1,0.0,0.0,0.0,1.0,0.0
3214,data_GamGam,152.03448934119504,leptonic_bookkeeping,1,0,0,0,0.0,0.0,0.0,1.0,0.0
3218,VBF,122.33089607279776,leptonic_bookkeeping,1,4,4,1,0.0,0.0,0.0,1.0,0.0
3219,tH,125.7645265415811,hadronic,0,1,1,0,0.0,0.0,0.0,1.0,1.0
3221,ggH,123.53485450133358,hadronic,0,2,2,0,0.0,0.0,0.0,1.0,1.0
3223,tH,124.67062393864464,leptonic_bookkeeping,1,1,1,1,0.0,0.0,0.0,1.0,1.0
3227,ttH,125.17109011980232,hadronic,0,2,2,1,0.0,0.0,0.0,1.0,1.0
3229,VBF,136.94583966590952,hadronic,0,4,4,3,0.0,0.0,0.0,1.0,0.0
3230,ttH,121.82331029695099,hadronic,0,1,1,1,0.0,0.0,0.0,1.0,1.0
3231,ggH,125.49173645482178,leptonic_bookkeeping,1,1,1,1,0.0,0.0,0.0,1.0,1.0
3232,ggZH,123.43794802099299,hadronic,0,2,2,1,0.0,0.0,0.0,1.0,1.0
3237,ggZH,124.73158197321015,hadronic,0,2,2,1,0.0,0.0,0.0,1.0,1.0
3239,ggZH,127.87338998298637,hadronic,0,2,2,1,0.0,0.0,0.0,1.0,1.0
3240,ggH,127.76317134901738,leptonic_bookkeeping,1,3,3,3,0.0,0.0,0.0,1.0,1.0
3242,tH,123.5187440442034,hadronic,0,3,3,2,0.0,0.0,0.0,1.0,1.0
3244,ggZH,123.07239459570847,hadronic,0,3,3,3,0.0,0.0,0.0,1.0,1.0
3245,tH,123.5563236054752,leptonic_bookkeeping,1,1,1,1,0.0,0.0,0.0,1.0,1.0
3249,data_GamGam,112.32799334450334,leptonic_bookkeeping,1,4,4,2,0.0,0.0,0.0,1.0,0.0
3256,ttH,126.50050634111751,hadronic,0,3,3,2,0.0,0.0,0.0,1.0,1.0
3258,VBF,137.94472066371387,hadronic,0,2,2,1,0.0,0.0,0.0,1.0,0.0
3261,data_GamGam,113.14465838807868,hadronic,0,3,3,1,0.0,0.0,0.0,1.0,0.0
3263,ggH,123.50234021232333,leptonic_bookkeeping,1,1,1,1,0.0,0.0,0.0,1.0,1.0
3268,ggH,123.0560994470131,hadronic,0,2,2,1,0.0,0.0,0.0,1.0,1.0
3269,tH,122.68785291214735,leptonic_bookkeeping,1,1,1,1,0.0,0.0,0.0,1.0,1.0
3272,ZH,121.21397623355259,leptonic_bookkeeping,1,3,3,2,0.0,0.0,0.0,1.0,1.0
3273,ttH,122.00074145327004,hadronic,0,2,2,1,0.0,0.0,0.0,1.0,1.0
3274,data_GamGam,107.80282031288097,leptonic_bookkeeping,1,1,1,1,0.0,0.0,0.0,1.0,0.0
3276,ggZH,122.61726182039015,hadronic,0,4,4,3,0.0,0.0,0.0,1.0,1.0
3277,ZH,125.87591221798249,hadronic,0,1,1,1,0.0,0.0,0.0,1.0,1.0
3278,ttH,128.80886062822827,hadronic,0,0,0,0,0.0,0.0,0.0,1.0,1.0
3282,WH,122.74524980742125,leptonic_bookkeeping,1,2,2,2,0.0,0.0,0.0,1.0,1.0
3283,ZH,124.8530471866305,leptonic_bookkeeping,1,0,0,0,0.0,0.0,0.0,1.0,1.0
3284,ggZH,124.45331672525468,leptonic_bookkeeping,1,0,0,0,0.0,0.0,0.0,1.0,1.0
3285,ZH,125.94785473545991,leptonic_bookkeeping,1,4,4,2,0.0,0.0,0.0,1.0,1.0
3286,ggH,121.05223895681632,hadronic,0,3,3,2,0.0,0.0,0.0,1.0,1.0
3288,WH,124.18519293769883,leptonic_bookkeeping,1,2,2,2,0.0,0.0,0.0,1.0,1.0
3290,data_GamGam,152.43573248391064,leptonic_bookkeeping,1,3,3,2,0.0,0.0,0.0,1.0,0.0
3292,ttH,124.03637198463895,leptonic_bookkeeping,1,1,1,1,0.0,0.0,0.0,1.0,1.0
3293,ggH,125.69265378963853,hadronic,0,4,4,4,0.0,0.0,0.0,1.0,1.0
3296,data_GamGam,151.43207829149662,hadronic,0,2,2,1,0.0,0.0,0.0,1.0,0.0
3299,ZH,126.00981399667334,hadronic,0,1,1,1,0.0,0.0,0.0,1.0,1.0
3301,data_GamGam,105.17999584314147,hadronic,0,3,3,2,0.0,0.0,0.0,1.0,0.0
3302,data_GamGam,124.02461501598412,leptonic_bookkeeping,1,1,1,0,0.0,0.0,0.0,1.0,0.0
3303,ggH,125.48749984717817,leptonic_bookkeeping,1,1,1,1,0.0,0.0,0.0,1.0,1.0
3305,WH,124.58953470992991,hadronic,0,2,2,1,0.0,0.0,0.0,1.0,1.0
3306,data_GamGam,121.88139794548327,leptonic_bookkeeping,1,1,1,1,0.0,0.0,0.0,1.0,0.0
3308,tH,122.98212188019839,leptonic_bookkeeping,1,1,1,1,0.0,0.0,0.0,1.0,1.0
3309,ttH,124.67640582292671,hadronic,0,3,3,2,0.0,0.0,0.0,1.0,1.0
3311,VBF,156.86906870989168,leptonic_bookkeeping,1,1,1,1,0.0,0.0,0.0,1.0,0.0
3312,data_GamGam,105.39773046029056,hadronic,0,4,4,3,0.0,0.0,0.0,1.0,0.0
3318,VBF,120.23815461186379,hadronic,0,2,2,1,0.0,0.0,0.0,1.0,0.0
3319,tH,124.31530068656299,hadronic,0,2,2,0,0.0,0.0,0.0,1.0,1.0
3321,tH,127.19924253707043,hadronic,0,4,4,2,0.0,0.0,0.0,1.0,1.0
3323,WH,125.94651751424058,hadronic,0,2,2,1,0.0,0.0,0.0,1.0,1.0
3324,ggH,125.07682552573783,leptonic_bookkeeping,1,3,3,2,0.0,0.0,0.0,1.0,1.0
3325,WH,122.46224791027485,leptonic_bookkeeping,1,3,3,3,0.0,0.0,0.0,1.0,1.0
3326,ttH,129.77337847830916,hadronic,0,2,2,1,0.0,0.0,0.0,1.0,1.0
3327,ZH,122.20890161059971,hadronic,0,2,2,1,0.0,0.0,0.0,1.0,1.0
3329,data_GamGam,128.83722873514438,leptonic_bookkeeping,1,2,2,2,0.0,0.0,0.0,1.0,0.0
3330,ggH,124.2866392157682,leptonic_bookkeeping,1,0,0,0,0.0,0.0,0.0,1.0,1.0
3331,tH,124.90315431911746,hadronic,0,3,3,3,0.0,0.0,0.0,1.0,1.0
3332,ggZH,128.15344440220798,leptonic_bookkeeping,1,3,3,2,0.0,0.0,0.0,1.0,1.0
3333,ZH,122.06333428738537,leptonic_bookkeeping,1,1,1,1,0.0,0.0,0.0,1.0,1.0
3335,tH,124.25895338471425,hadronic,0,2,2,2,0.0,0.0,0.0,1.0,1.0
3336,tH,123.29209406336918,leptonic_bookkeeping,1,1,1,1,0.0,0.0,0.0,1.0,1.0
3337,WH,120.14178729342882,leptonic_bookkeeping,1,5,5,2,0.0,0.0,0.0,1.0,1.0
3339,data_GamGam,143.7467006509979,hadronic,0,2,2,1,0.0,0.0,0.0,1.0,0.0
3340,tH,122.77741928941937,leptonic_bookkeeping,1,2,2,1,0.0,0.0,0.0,1.0,1.0
3343,ttH,125.89300868398476,hadronic,0,3,3,1,0.0,0.0,0.0,1.0,1.0
3345,ggH,120.96720982591052,hadronic,0,1,1,1,0.0,0.0,0.0,1.0,1.0
3348,WH,124.72161124180141,hadronic,0,3,3,2,0.0,0.0,0.0,1.0,1.0
3349,ttH,126.37101825479276,hadronic,0,1,1,1,0.0,0.0,0.0,1.0,1.0
3351,WH,126.20340397894113,hadronic,0,4,4,3,0.0,0.0,0.0,1.0,1.0
3352,WH,123.6066298303071,hadronic,0,3,3,2,0.0,0.0,0.0,1.0,1.0
3353,data_GamGam,125.91607721214588,leptonic_bookkeeping,1,0,0,0,0.0,0.0,0.0,1.0,0.0
3357,tH,127.6952455041653,leptonic_bookkeeping,1,0,0,0,0.0,0.0,0.0,1.0,1.0
3358,ggZH,123.27264229274631,hadronic,0,4,4,1,0.0,0.0,0.0,1.0,1.0
3359,WH,127.63513231465754,leptonic_bookkeeping,1,4,4,2,0.0,0.0,0.0,1.0,1.0
3360,ggH,123.0801952221614,leptonic_bookkeeping,1,2,2,2,0.0,0.0,0.0,1.0,1.0
3361,ggH,127.02899354064577,leptonic_bookkeeping,1,3,3,1,0.0,0.0,0.0,1.0,1.0
3363,ZH,123.2041979840143,hadronic,0,3,3,2,0.0,0.0,0.0,1.0,1.0
3366,ZH,123.66641279544974,leptonic_bookkeeping,1,3,3,2,0.0,0.0,0.0,1.0,1.0
3368,ggH,125.66477085609618,hadronic,0,1,1,0,0.0,0.0,0.0,1.0,1.0
3371,ggZH,126.26792925271768,leptonic_bookkeeping,1,1,1,0,0.0,0.0,0.0,1.0,1.0
3374,data_GamGam,135.51562785624714,leptonic_bookkeeping,1,1,1,0,0.0,0.0,0.0,1.0,0.0
3377,data_GamGam,151.44185032960186,hadronic,0,1,1,1,0.0,0.0,0.0,1.0,0.0
3378,tH,120.75572728502058,leptonic_bookkeeping,1,1,1,1,0.0,0.0,0.0,1.0,1.0
3379,WH,125.96794091752403,hadronic,0,2,2,2,0.0,0.0,0.0,1.0,1.0
3382,ZH,124.60905994080193,leptonic_bookkeeping,1,2,2,1,0.0,0.0,0.0,1.0,1.0
3383,ZH,125.86435153109268,hadronic,0,1,1,1,0.0,0.0,0.0,1.0,1.0
3385,tH,124.54216004778357,hadronic,0,1,1,1,0.0,0.0,0.0,1.0,1.0
3388,ttH,125.20071089217352,hadronic,0,2,2,2,0.0,0.0,0.0,1.0,1.0
3393,ggH,121.29126312606185,hadronic,0,1,1,1,0.0,0.0,0.0,1.0,1.0
3394,ZH,123.5751391911315,leptonic_bookkeeping,1,1,1,1,0.0,0.0,0.0,1.0,1.0
3396,ggH,125.86046759539684,hadronic,0,1,1,0,0.0,0.0,0.0,1.0,1.0
3399,ZH,127.80878327090393,leptonic_bookkeeping,1,1,1,0,0.0,0.0,0.0,1.0,1.0
3400,tH,121.39174204756893,leptonic_bookkeeping,1,0,0,0,0.0,0.0,0.0,1.0,1.0
3401,ggH,124.73289327988867,leptonic_bookkeeping,1,3,3,2,0.0,0.0,0.0,1.0,1.0
3404,ttH,123.13584188419689,leptonic_bookkeeping,1,3,3,3,0.0,0.0,0.0,1.0,1.0
3406,data_GamGam,155.93540187772834,hadronic,0,3,3,1,0.0,0.0,0.0,1.0,0.0
3407,WH,124.09190798479004,hadronic,0,1,1,1,0.0,0.0,0.0,1.0,1.0
3408,ggH,126.05875004408756,hadronic,0,3,3,2,0.0,0.0,0.0,1.0,1.0
3410,ttH,126.90105851631876,leptonic_bookkeeping,1,0,0,0,0.0,0.0,0.0,1.0,1.0
3412,ggH,125.60700052045074,leptonic_bookkeeping,1,2,2,1,0.0,0.0,0.0,1.0,1.0
3413,tH,125.89304953918085,leptonic_bookkeeping,1,1,1,1,0.0,0.0,0.0,1.0,1.0
3414,tH,125.25675379787583,hadronic,0,3,3,3,0.0,0.0,0.0,1.0,1.0
3417,ggZH,124.36563060936511,hadronic,0,3,3,3,0.0,0.0,0.0,1.0,1.0
3420,tH,121.08275329893917,hadronic,0,3,3,3,0.0,0.0,0.0,1.0,1.0
3424,data_GamGam,115.33867791194847,hadronic,0,4,4,3,0.0,0.0,0.0,1.0,0.0
3425,VBF,139.858868691324,leptonic_bookkeeping,1,3,3,3,0.0,0.0,0.0,1.0,0.0
3426,tH,126.11304440553502,hadronic,0,1,1,1,0.0,0.0,0.0,1.0,1.0
3427,VBF,116.0118475184378,hadronic,0,3,3,2,0.0,0.0,0.0,1.0,0.0
3428,VBF,157.33224725065543,hadronic,0,3,3,3,0.0,0.0,0.0,1.0,0.0
3429,ggZH,124.81317397161287,leptonic_bookkeeping,1,0,0,0,0.0,0.0,0.0,1.0,1.0
3430,VBF,150.49054184831343,hadronic,0,2,2,1,0.0,0.0,0.0,1.0,0.0
3434,WH,122.62219554597006,hadronic,0,2,2,1,0.0,0.0,0.0,1.0,1.0
3436,tH,124.95297304799446,leptonic_bookkeeping,1,3,3,3,0.0,0.0,0.0,1.0,1.0
3437,ZH,129.35473002078163,hadronic,0,2,2,0,0.0,0.0,0.0,1.0,1.0
3440,WH,123.31047490333361,hadronic,0,2,2,2,0.0,0.0,0.0,1.0,1.0
3442,ggH,125.72485788110914,hadronic,0,2,2,2,0.0,0.0,0.0,1.0,1.0
3443,VBF,122.65305571985465,leptonic_bookkeeping,1,0,0,0,0.0,0.0,0.0,1.0,0.0
3444,WH,124.47480214681049,hadronic,0,2,2,1,0.0,0.0,0.0,1.0,1.0
3445,tH,124.72334863031888,leptonic_bookkeeping,1,3,3,2,0.0,0.0,0.0,1.0,1.0
3446,tH,124.37013124988478,hadronic,0,3,3,3,0.0,0.0,0.0,1.0,1.0
3447,data_GamGam,116.17031591797856,leptonic_bookkeeping,1,2,2,2,0.0,0.0,0.0,1.0,0.0
3448,ttH,123.71305984008907,hadronic,0,2,2,2,0.0,0.0,0.0,1.0,1.0
3450,ggZH,124.09120421182075,leptonic_bookkeeping,1,1,1,0,0.0,0.0,0.0,1.0,1.0
3452,ZH,124.22524998169904,leptonic_bookkeeping,1,2,2,2,0.0,0.0,0.0,1.0,1.0
3456,WH,125.14121582122196,leptonic_bookkeeping,1,0,0,0,0.0,0.0,0.0,1.0,1.0
3460,tH,126.47006904282692,hadronic,0,1,1,1,0.0,0.0,0.0,1.0,1.0
3462,ZH,126.05243852798588,leptonic_bookkeeping,1,1,1,1,0.0,0.0,0.0,1.0,1.0
3463,tH,126.21983378156685,hadronic,0,2,2,2,0.0,0.0,0.0,1.0,1.0
3464,ggH,126.993948840183,hadronic,0,3,3,3,0.0,0.0,0.0,1.0,1.0
3465,VBF,145.10916089900599,hadronic,0,1,1,0,0.0,0.0,0.0,1.0,0.0
3466,ggZH,125.38585644117148,leptonic_bookkeeping,1,0,0,0,0.0,0.0,0.0,1.0,1.0
3469,ggH,123.24208617668833,hadronic,0,1,1,1,0.0,0.0,0.0,1.0,1.0
3470,ggZH,124.32184795080718,hadronic,0,2,2,0,0.0,0.0,0.0,1.0,1.0
3473,ZH,125.37993745093935,hadronic,0,3,3,2,0.0,0.0,0.0,1.0,1.0
3475,ZH,130.18988794316044,hadronic,0,2,2,1,0.0,0.0,0.0,1.0,1.0
3476,data_GamGam,105.43781518836317,leptonic_bookkeeping,1,2,2,2,0.0,0.0,0.0,1.0,0.0
3477,WH,124.52680941171512,hadronic,0,1,1,1,0.0,0.0,0.0,1.0,1.0
3478,ggZH,125.93654051029387,hadronic,0,2,2,1,0.0,0.0,0.0,1.0,1.0
3479,ggH,125.0350763154978,hadronic,0,3,3,2,0.0,0.0,0.0,1.0,1.0
3480,tH,126.8867402868262,hadronic,0,4,4,3,0.0,0.0,0.0,1.0,1.0
3481,data_GamGam,129.22462331492915,hadronic,0,1,1,1,0.0,0.0,0.0,1.0,0.0
3483,ttH,124.82777838251879,leptonic_bookkeeping,1,1,1,0,0.0,0.0,0.0,1.0,1.0
3484,ggZH,128.38543807181236,hadronic,0,3,3,2,0.0,0.0,0.0,1.0,1.0
3486,VBF,118.41737818508746,hadronic,0,2,2,1,0.0,0.0,0.0,1.0,0.0
3487,ggH,122.57302095262878,hadronic,0,4,4,2,0.0,0.0,0.0,1.0,1.0
3490,tH,123.5884775845535,hadronic,0,1,1,1,0.0,0.0,0.0,1.0,1.0
3492,WH,125.05675012413263,hadronic,0,2,2,2,0.0,0.0,0.0,1.0,1.0
3493,tH,124.12408872890549,hadronic,0,3,3,3,0.0,0.0,0.0,1.0,1.0
3495,ZH,126.27260939269769,leptonic_bookkeeping,1,1,1,1,0.0,0.0,0.0,1.0,1.0
3496,tH,125.9655271709318,hadronic,0,2,2,2,0.0,0.0,0.0,1.0,1.0
3501,ggH,128.4746118134705,hadronic,0,4,4,1,0.0,0.0,0.0,1.0,1.0
3504,WH,121.81051759034324,hadronic,0,2,2,1,0.0,0.0,0.0,1.0,1.0
3509,tH,123.85641680365501,leptonic_bookkeeping,1,1,1,1,0.0,0.0,0.0,1.0,1.0
3510,ttH,125.53749509713442,hadronic,0,2,2,1,0.0,0.0,0.0,1.0,1.0
3513,VBF,118.65544167915212,leptonic_bookkeeping,1,3,3,3,0.0,0.0,0.0,1.0,0.0
3516,tH,123.74002795551164,hadronic,0,1,1,1,0.0,0.0,0.0,1.0,1.0
3518,ggZH,128.868830782068,leptonic_bookkeeping,1,0,0,0,0.0,0.0,0.0,1.0,1.0
3520,ZH,124.52299713311209,hadronic,0,2,2,2,0.0,0.0,0.0,1.0,1.0
3522,tH,125.73004805846028,leptonic_bookkeeping,1,2,2,1,0.0,0.0,0.0,1.0,1.0
3523,ZH,125.58268109717315,hadronic,0,4,4,1,0.0,0.0,0.0,1.0,1.0
3526,VBF,108.1479925455792,leptonic_bookkeeping,1,1,1,1,0.0,0.0,0.0,1.0,0.0
3531,tH,126.8382032061636,hadronic,0,1,1,1,0.0,0.0,0.0,1.0,1.0
3532,WH,120.93745783227335,leptonic_bookkeeping,1,4,4,2,0.0,0.0,0.0,1.0,1.0
3533,tH,125.68208448753747,hadronic,0,4,4,3,0.0,0.0,0.0,1.0,1.0
3534,WH,124.77490526552963,hadronic,0,2,2,1,0.0,0.0,0.0,1.0,1.0
3537,WH,123.60185690631457,hadronic,0,3,3,1,0.0,0.0,0.0,1.0,1.0
3538,tH,124.22746281017312,leptonic_bookkeeping,1,3,3,2,0.0,0.0,0.0,1.0,1.0
3540,VBF,127.7638494971833,hadronic,0,4,4,2,0.0,0.0,0.0,1.0,0.0
3543,data_GamGam,124.1511897391261,hadronic,0,2,2,1,0.0,0.0,0.0,1.0,0.0
3547,ZH,129.36381921826327,hadronic,0,4,4,3,0.0,0.0,0.0,1.0,1.0
3548,tH,125.39104364233445,hadronic,0,3,3,3,0.0,0.0,0.0,1.0,1.0
3549,VBF,125.17018653246785,leptonic_bookkeeping,1,1,1,1,0.0,0.0,0.0,1.0,0.0
3557,ggH,125.60684891844414,leptonic_bookkeeping,1,2,2,1,0.0,0.0,0.0,1.0,1.0
3558,ggH,122.5098419708406,leptonic_bookkeeping,1,1,1,0,0.0,0.0,0.0,1.0,1.0
3562,ggZH,125.48996930544678,hadronic,0,3,3,3,0.0,0.0,0.0,1.0,1.0
3563,VBF,140.61781887077433,leptonic_bookkeeping,1,1,1,1,0.0,0.0,0.0,1.0,0.0
3566,tH,128.6785220802498,leptonic_bookkeeping,1,1,1,1,0.0,0.0,0.0,1.0,1.0
3572,data_GamGam,117.30477246430986,hadronic,0,2,2,1,0.0,0.0,0.0,1.0,0.0
3573,ggZH,128.77236018065489,hadronic,0,0,0,0,0.0,0.0,0.0,1.0,1.0
3578,data_GamGam,145.96333433282607,hadronic,0,4,4,2,0.0,0.0,0.0,1.0,0.0
3580,tH,124.41887558089648,hadronic,0,1,1,1,0.0,0.0,0.0,1.0,1.0
3581,ZH,126.09025767518287,hadronic,0,2,2,0,0.0,0.0,0.0,1.0,1.0
3582,ggH,125.43568992227902,leptonic_bookkeeping,1,3,3,1,0.0,0.0,0.0,1.0,1.0
3583,ttH,126.71024940593692,hadronic,0,3,3,2,0.0,0.0,0.0,1.0,1.0
3585,ggZH,124.16435053140593,hadronic,0,3,3,2,0.0,0.0,0.0,1.0,1.0
3587,VBF,115.41312933251167,hadronic,0,2,2,0,0.0,0.0,0.0,1.0,0.0
3588,ZH,124.62276970549813,hadronic,0,1,1,1,0.0,0.0,0.0,1.0,1.0
3591,data_GamGam,110.33423730623163,hadronic,0,3,3,1,0.0,0.0,0.0,1.0,0.0
3593,VBF,103.9255232150363,leptonic_bookkeeping,1,2,2,2,0.0,0.0,0.0,1.0,0.0
3594,ttH,124.34358625993278,leptonic_bookkeeping,1,3,3,1,0.0,0.0,0.0,1.0,1.0
3595,ttH,125.18803100542718,leptonic_bookkeeping,1,2,2,2,0.0,0.0,0.0,1.0,1.0
3599,ZH,127.6895249538614,leptonic_bookkeeping,1,1,1,1,0.0,0.0,0.0,1.0,1.0
3602,WH,128.71031614124243,hadronic,0,2,2,1,0.0,0.0,0.0,1.0,1.0
3604,ttH,126.27218046683322,leptonic_bookkeeping,1,3,3,1,0.0,0.0,0.0,1.0,1.0
3605,data_GamGam,111.47358932074941,hadronic,0,0,0,0,0.0,0.0,0.0,1.0,0.0
3606,ggZH,126.1207148540599,leptonic_bookkeeping,1,1,1,1,0.0,0.0,0.0,1.0,1.0
3608,ggH,125.53673645000148,leptonic_bookkeeping,1,1,1,0,0.0,0.0,0.0,1.0,1.0
3609,data_GamGam,156.1952018059136,hadronic,0,1,1,1,0.0,0.0,0.0,1.0,0.0
3610,ZH,127.78650766698472,leptonic_bookkeeping,1,2,2,0,0.0,0.0,0.0,1.0,1.0
3611,ttH,127.1561160881444,leptonic_bookkeeping,1,1,1,0,0.0,0.0,0.0,1.0,1.0
3614,ggH,123.65017640961044,hadronic,0,3,3,2,0.0,0.0,0.0,1.0,1.0
3618,data_GamGam,159.15013242511608,leptonic_bookkeeping,1,3,3,2,0.0,0.0,0.0,1.0,0.0
3621,ggZH,124.33488855774368,leptonic_bookkeeping,1,1,1,1,0.0,0.0,0.0,1.0,1.0
3623,VBF,133.07520931400092,hadronic,0,2,2,2,0.0,0.0,0.0,1.0,0.0
3624,ttH,122.95030061336281,leptonic_bookkeeping,1,3,3,2,0.0,0.0,0.0,1.0,1.0
3625,ttH,126.77516770606586,hadronic,0,1,1,1,0.0,0.0,0.0,1.0,1.0
3631,tH,126.8476418055907,leptonic_bookkeeping,1,2,2,2,0.0,0.0,0.0,1.0,1.0
3636,data_GamGam,119.29398213861997,hadronic,0,1,1,1,0.0,0.0,0.0,1.0,0.0
3637,ggH,124.71143106016534,leptonic_bookkeeping,1,0,0,0,0.0,0.0,0.0,1.0,1.0
3639,ttH,128.2359982114092,hadronic,0,4,4,3,0.0,0.0,0.0,1.0,1.0
3640,VBF,125.62014387714545,leptonic_bookkeeping,1,0,0,0,0.0,0.0,0.0,1.0,0.0
3642,ttH,124.62054641196457,hadronic,0,3,3,2,0.0,0.0,0.0,1.0,1.0
3643,ttH,126.06601611720828,hadronic,0,2,2,0,0.0,0.0,0.0,1.0,1.0
3646,ZH,122.63707782656991,hadronic,0,1,1,1,0.0,0.0,0.0,1.0,1.0
3649,data_GamGam,113.77531772837476,hadronic,0,3,3,2,0.0,0.0,0.0,1.0,0.0
3652,ggH,126.35584519391985,hadronic,0,4,4,1,0.0,0.0,0.0,1.0,1.0
3656,ZH,126.80734665954073,hadronic,0,2,2,1,0.0,0.0,0.0,1.0,1.0
3657,tH,127.36067658565582,leptonic_bookkeeping,1,3,3,1,0.0,0.0,0.0,1.0,1.0
3659,WH,124.31843145673189,hadronic,0,3,3,2,0.0,0.0,0.0,1.0,1.0
3661,VBF,139.77431629221394,leptonic_bookkeeping,1,1,1,1,0.0,0.0,0.0,1.0,0.0
3663,ZH,124.47482660937538,leptonic_bookkeeping,1,2,2,2,0.0,0.0,0.0,1.0,1.0
3664,VBF,108.17484504928507,leptonic_bookkeeping,1,3,3,1,0.0,0.0,0.0,1.0,0.0
3666,ggH,124.45005199996754,hadronic,0,2,2,2,0.0,0.0,0.0,1.0,1.0
3667,ttH,125.71187297174238,hadronic,0,4,4,2,0.0,0.0,0.0,1.0,1.0
3669,ggZH,127.74698487491862,hadronic,0,2,2,0,0.0,0.0,0.0,1.0,1.0
3673,VBF,158.7179086280102,hadronic,0,1,1,1,0.0,0.0,0.0,1.0,0.0
3674,ggZH,126.05208643867965,leptonic_bookkeeping,1,1,1,1,0.0,0.0,0.0,1.0,1.0
3677,tH,126.13438227323763,hadronic,0,2,2,2,0.0,0.0,0.0,1.0,1.0
3679,ggZH,125.9724796671156,leptonic_bookkeeping,1,1,1,1,0.0,0.0,0.0,1.0,1.0
3682,ggZH,125.4925444553746,hadronic,0,0,0,0,0.0,0.0,0.0,1.0,1.0
3683,ggZH,129.8295197521327,hadronic,0,4,4,4,0.0,0.0,0.0,1.0,1.0
3686,tH,124.19876802490182,leptonic_bookkeeping,1,1,1,0,0.0,0.0,0.0,1.0,1.0
3687,ZH,126.64263605476144,hadronic,0,3,3,2,0.0,0.0,0.0,1.0,1.0
3688,ggH,124.951130766876,leptonic_bookkeeping,1,0,0,0,0.0,0.0,0.0,1.0,1.0
3689,tH,125.35899540616612,leptonic_bookkeeping,1,3,3,1,0.0,0.0,0.0,1.0,1.0
3690,ttH,124.28539570091259,hadronic,0,2,2,0,0.0,0.0,0.0,1.0,1.0
3691,ggH,125.89500782553817,leptonic_bookkeeping,1,2,2,0,0.0,0.0,0.0,1.0,1.0
3693,WH,122.60353500132042,hadronic,0,3,3,2,0.0,0.0,0.0,1.0,1.0
3696,tH,125.81538610069322,hadronic,0,2,2,1,0.0,0.0,0.0,1.0,1.0
3698,ggH,123.85882437614679,leptonic_bookkeeping,1,2,2,2,0.0,0.0,0.0,1.0,1.0
3699,ggZH,124.04016907034018,leptonic_bookkeeping,1,1,1,1,0.0,0.0,0.0,1.0,1.0
3701,WH,125.70954588730906,leptonic_bookkeeping,1,0,0,0,0.0,0.0,0.0,1.0,1.0
3703,ggZH,128.3345140296439,hadronic,0,3,3,3,0.0,0.0,0.0,1.0,1.0
3706,ggH,124.58872371537791,leptonic_bookkeeping,1,1,1,1,0.0,0.0,0.0,1.0,1.0
3707,ggZH,117.73692237215081,leptonic_bookkeeping,1,0,0,0,0.0,0.0,0.0,1.0,1.0
3708,WH,125.68599472509635,hadronic,0,0,0,0,0.0,0.0,0.0,1.0,1.0
3711,ZH,128.96566926982916,hadronic,0,3,3,2,0.0,0.0,0.0,1.0,1.0
3712,data_GamGam,146.6288857714759,hadronic,0,3,3,3,0.0,0.0,0.0,1.0,0.0
3713,ggZH,125.04906429119244,hadronic,0,2,2,2,0.0,0.0,0.0,1.0,1.0
3715,VBF,121.56360495558364,hadronic,0,2,2,0,0.0,0.0,0.0,1.0,0.0
3717,data_GamGam,122.21345160419625,hadronic,0,1,1,1,0.0,0.0,0.0,1.0,0.0
3718,tH,121.30121511203893,hadronic,0,3,3,1,0.0,0.0,0.0,1.0,1.0
3719,ggH,122.9719795076693,leptonic_bookkeeping,1,1,1,1,0.0,0.0,0.0,1.0,1.0
3720,data_GamGam,136.8216302395552,leptonic_bookkeeping,1,2,2,2,0.0,0.0,0.0,1.0,0.0
3723,data_GamGam,142.26837820091293,hadronic,0,1,1,0,0.0,0.0,0.0,1.0,0.0
3728,ggZH,123.18157777214707,hadronic,0,2,2,1,0.0,0.0,0.0,1.0,1.0
3729,data_GamGam,134.86794988858668,hadronic,0,2,2,2,0.0,0.0,0.0,1.0,0.0
3730,data_GamGam,144.58604309708338,hadronic,0,3,3,3,0.0,0.0,0.0,1.0,0.0
3733,tH,122.63912964068945,hadronic,0,2,2,1,0.0,0.0,0.0,1.0,1.0
3734,ttH,124.4914821484315,hadronic,0,3,3,2,0.0,0.0,0.0,1.0,1.0
3735,tH,121.45732388535188,hadronic,0,1,1,1,0.0,0.0,0.0,1.0,1.0
3737,ggZH,128.03549694039566,hadronic,0,3,3,1,0.0,0.0,0.0,1.0,1.0
3739,WH,127.10291622561567,leptonic_bookkeeping,1,4,4,3,0.0,0.0,0.0,1.0,1.0
3741,VBF,150.7073284142264,hadronic,0,3,3,1,0.0,0.0,0.0,1.0,0.0
3744,ggZH,123.42884216518839,leptonic_bookkeeping,1,2,2,1,0.0,0.0,0.0,1.0,1.0
3747,ggH,125.3426711980416,hadronic,0,3,3,1,0.0,0.0,0.0,1.0,1.0
3750,VBF,130.97388678344785,hadronic,0,3,3,2,0.0,0.0,0.0,1.0,0.0
3751,VBF,142.78580218316046,leptonic_bookkeeping,1,0,0,0,0.0,0.0,0.0,1.0,0.0
3752,ZH,125.17345425863581,leptonic_bookkeeping,1,0,0,0,0.0,0.0,0.0,1.0,1.0
3753,WH,124.73920006790189,hadronic,0,1,1,1,0.0,0.0,0.0,1.0,1.0
3756,data_GamGam,131.45677234553028,leptonic_bookkeeping,1,3,3,2,0.0,0.0,0.0,1.0,0.0
3760,ZH,123.86093549531692,hadronic,0,2,2,2,0.0,0.0,0.0,1.0,1.0
3762,data_GamGam,106.79977078872649,leptonic_bookkeeping,1,1,1,1,0.0,0.0,0.0,1.0,0.0
3764,ggZH,126.08821617790643,leptonic_bookkeeping,1,2,2,2,0.0,0.0,0.0,1.0,1.0
3770,ttH,124.05619748166193,hadronic,0,1,1,0,0.0,0.0,0.0,1.0,1.0
3771,VBF,147.11970343156793,leptonic_bookkeeping,1,1,1,1,0.0,0.0,0.0,1.0,0.0
3772,data_GamGam,106.84008392935658,leptonic_bookkeeping,1,2,2,1,0.0,0.0,0.0,1.0,0.0
3774,data_GamGam,115.21867583046536,hadronic,0,1,1,1,0.0,0.0,0.0,1.0,0.0
3776,ttH,126.77285743634046,hadronic,0,3,3,2,0.0,0.0,0.0,1.0,1.0
3778,ZH,125.05860970794276,leptonic_bookkeeping,1,2,2,1,0.0,0.0,0.0,1.0,1.0
3786,ggZH,125.64418302572997,hadronic,0,0,0,0,0.0,0.0,0.0,1.0,1.0
3787,tH,123.70671015752096,hadronic,0,1,1,1,0.0,0.0,0.0,1.0,1.0
3789,data_GamGam,158.8593542145204,leptonic_bookkeeping,1,3,3,2,0.0,0.0,0.0,1.0,0.0
3790,ggH,123.32464713651322,hadronic,0,3,3,2,0.0,0.0,0.0,1.0,1.0
3791,VBF,158.99253056558968,hadronic,0,1,1,0,0.0,0.0,0.0,1.0,0.0
3793,ggH,125.36434653154173,hadronic,0,3,3,2,0.0,0.0,0.0,1.0,1.0
3794,ggZH,123.03906835250339,hadronic,0,2,2,1,0.0,0.0,0.0,1.0,1.0
3796,ZH,120.55162708083998,leptonic_bookkeeping,1,2,2,1,0.0,0.0,0.0,1.0,1.0
3802,ZH,127.65737204415221,hadronic,0,1,1,1,0.0,0.0,0.0,1.0,1.0
3804,ggH,126.41473495201477,leptonic_bookkeeping,1,3,3,2,0.0,0.0,0.0,1.0,1.0
3807,ttH,124.78605083958503,leptonic_bookkeeping,1,2,2,0,0.0,0.0,0.0,1.0,1.0
3814,data_GamGam,106.97898078715836,leptonic_bookkeeping,1,2,2,2,0.0,0.0,0.0,1.0,0.0
3815,WH,123.04617064377108,leptonic_bookkeeping,1,1,1,1,0.0,0.0,0.0,1.0,1.0
3822,data_GamGam,117.1768656636307,hadronic,0,2,2,1,0.0,0.0,0.0,1.0,0.0
3823,data_GamGam,126.41711640467466,hadronic,0,4,4,3,0.0,0.0,0.0,1.0,0.0
3824,tH,127.54709869536887,leptonic_bookkeeping,1,3,3,3,0.0,0.0,0.0,1.0,1.0
3828,VBF,140.6755249158158,hadronic,0,1,1,1,0.0,0.0,0.0,1.0,0.0
3830,tH,125.76095249426204,leptonic_bookkeeping,1,1,1,0,0.0,0.0,0.0,1.0,1.0
3831,ggZH,123.91395552670015,leptonic_bookkeeping,1,5,5,2,0.0,0.0,0.0,1.0,1.0
3832,ZH,125.28865591672552,hadronic,0,2,2,1,0.0,0.0,0.0,1.0,1.0
3833,VBF,141.0147922368597,hadronic,0,0,0,0,0.0,0.0,0.0,1.0,0.0
3837,data_GamGam,104.5001156574194,leptonic_bookkeeping,1,4,4,1,0.0,0.0,0.0,1.0,0.0
3839,WH,126.69340442201444,leptonic_bookkeeping,1,1,1,1,0.0,0.0,0.0,1.0,1.0
3840,tH,129.0832342060665,hadronic,0,1,1,1,0.0,0.0,0.0,1.0,1.0
3841,tH,128.1220081815002,leptonic_bookkeeping,1,1,1,0,0.0,0.0,0.0,1.0,1.0
3842,ggH,124.40545669300907,leptonic_bookkeeping,1,0,0,0,0.0,0.0,0.0,1.0,1.0
3843,ggH,125.26444451724385,leptonic_bookkeeping,1,2,2,1,0.0,0.0,0.0,1.0,1.0
3845,ggZH,124.44583946087921,hadronic,0,0,0,0,0.0,0.0,0.0,1.0,1.0
3847,ggH,125.52153764942322,leptonic_bookkeeping,1,1,1,1,0.0,0.0,0.0,1.0,1.0
3848,ggH,128.53945347030398,leptonic_bookkeeping,1,1,1,1,0.0,0.0,0.0,1.0,1.0
3849,tH,124.4404724579567,leptonic_bookkeeping,1,2,2,1,0.0,0.0,0.0,1.0,1.0
3851,WH,125.50099644438619,hadronic,0,3,3,2,0.0,0.0,0.0,1.0,1.0
3853,WH,126.5212605320048,hadronic,0,2,2,1,0.0,0.0,0.0,1.0,1.0
3859,data_GamGam,140.0664888799588,leptonic_bookkeeping,1,3,3,2,0.0,0.0,0.0,1.0,0.0
3861,tH,127.8833861206097,leptonic_bookkeeping,1,3,3,1,0.0,0.0,0.0,1.0,1.0
3862,ggH,120.85445202020648,leptonic_bookkeeping,1,3,3,2,0.0,0.0,0.0,1.0,1.0
3866,ggZH,128.60933575831646,leptonic_bookkeeping,1,2,2,2,0.0,0.0,0.0,1.0,1.0
3869,ggH,126.33667220041171,leptonic_bookkeeping,1,2,2,2,0.0,0.0,0.0,1.0,1.0
3875,VBF,146.849356531728,hadronic,0,2,2,2,0.0,0.0,0.0,1.0,0.0
3876,ZH,127.52930161807964,hadronic,0,4,4,1,0.0,0.0,0.0,1.0,1.0
3877,ZH,125.33325262757697,hadronic,0,0,0,0,0.0,0.0,0.0,1.0,1.0
3880,WH,124.77355250103477,hadronic,0,2,2,1,0.0,0.0,0.0,1.0,1.0
3885,ttH,125.9226120646519,hadronic,0,2,2,2,0.0,0.0,0.0,1.0,1.0
3891,data_GamGam,159.50899354125792,hadronic,0,4,4,1,0.0,0.0,0.0,1.0,0.0
3892,data_GamGam,156.96322737925442,hadronic,0,2,2,1,0.0,0.0,0.0,1.0,0.0
3894,VBF,126.84595963317159,leptonic_bookkeeping,1,2,2,2,0.0,0.0,0.0,1.0,0.0
3895,ggZH,124.81122177746757,hadronic,0,2,2,2,0.0,0.0,0.0,1.0,1.0
3897,tH,122.19188998592124,leptonic_bookkeeping,1,1,1,1,0.0,0.0,0.0,1.0,1.0
3900,tH,125.44670444850559,leptonic_bookkeeping,1,2,2,2,0.0,0.0,0.0,1.0,1.0
3901,ttH,123.68034297593532,leptonic_bookkeeping,1,1,1,0,0.0,0.0,0.0,1.0,1.0
3905,tH,126.3421307993747,hadronic,0,2,2,0,0.0,0.0,0.0,1.0,1.0
3906,VBF,142.20260398420663,hadronic,0,4,4,4,0.0,0.0,0.0,1.0,0.0
3907,tH,124.47565996604493,leptonic_bookkeeping,1,1,1,1,0.0,0.0,0.0,1.0,1.0
3913,VBF,153.12330173681357,hadronic,0,1,1,1,0.0,0.0,0.0,1.0,0.0
3915,VBF,157.08416913694813,hadronic,0,3,3,2,0.0,0.0,0.0,1.0,0.0
3917,VBF,142.8382036695802,hadronic,0,3,3,1,0.0,0.0,0.0,1.0,0.0
3919,ZH,127.15590174020909,leptonic_bookkeeping,1,4,4,2,0.0,0.0,0.0,1.0,1.0
3920,VBF,141.4165930862585,hadronic,0,3,3,3,0.0,0.0,0.0,1.0,0.0
3923,ttH,126.2505239215631,leptonic_bookkeeping,1,2,2,1,0.0,0.0,0.0,1.0,1.0
3926,ggH,130.13727227891025,leptonic_bookkeeping,1,1,1,0,0.0,0.0,0.0,1.0,1.0
3928,WH,123.4636364363163,leptonic_bookkeeping,1,1,1,0,0.0,0.0,0.0,1.0,1.0
3929,tH,123.36958603328401,hadronic,0,2,2,2,0.0,0.0,0.0,1.0,1.0
3930,ZH,125.52544575204384,hadronic,0,1,1,0,0.0,0.0,0.0,1.0,1.0
3933,ttH,125.60343030349244,hadronic,0,3,3,2,0.0,0.0,0.0,1.0,1.0
3936,tH,122.88880746727588,leptonic_bookkeeping,1,1,1,0,0.0,0.0,0.0,1.0,1.0
3937,VBF,118.06507518888432,hadronic,0,3,3,1,0.0,0.0,0.0,1.0,0.0
3938,ggZH,127.55631034067147,hadronic,0,1,1,1,0.0,0.0,0.0,1.0,1.0
3941,data_GamGam,137.44199853597448,hadronic,0,4,4,3,0.0,0.0,0.0,1.0,0.0
3947,ZH,125.28819903946786,leptonic_bookkeeping,1,0,0,0,0.0,0.0,0.0,1.0,1.0
3950,WH,127.52166229471159,hadronic,0,3,3,3,0.0,0.0,0.0,1.0,1.0
3951,VBF,145.75131921645755,leptonic_bookkeeping,1,1,1,0,0.0,0.0,0.0,1.0,0.0
3952,WH,124.53900936258157,hadronic,0,3,3,1,0.0,0.0,0.0,1.0,1.0
3953,ggH,122.73070769614452,leptonic_bookkeeping,1,1,1,1,0.0,0.0,0.0,1.0,1.0
3954,ZH,122.75040159725191,hadronic,0,1,1,0,0.0,0.0,0.0,1.0,1.0
3955,tH,126.50943847857091,leptonic_bookkeeping,1,4,4,3,0.0,0.0,0.0,1.0,1.0
3956,ggZH,123.34310171563767,leptonic_bookkeeping,1,1,1,1,0.0,0.0,0.0,1.0,1.0
3957,data_GamGam,102.91213634022611,hadronic,0,0,0,0,0.0,0.0,0.0,1.0,0.0
3959,WH,123.6672539523001,hadronic,0,4,4,4,0.0,0.0,0.0,1.0,1.0
3960,WH,123.24568694521304,hadronic,0,0,0,0,0.0,0.0,0.0,1.0,1.0
3961,ZH,124.37303450057513,hadronic,0,4,4,2,0.0,0.0,0.0,1.0,1.0
3962,ggZH,124.92145867130904,leptonic_bookkeeping,1,2,2,0,0.0,0.0,0.0,1.0,1.0
3964,ggZH,124.15855429570513,hadronic,0,2,2,1,0.0,0.0,0.0,1.0,1.0
3968,ZH,124.42793364297779,leptonic_bookkeeping,1,0,0,0,0.0,0.0,0.0,1.0,1.0
3969,VBF,149.65775906992482,hadronic,0,3,3,3,0.0,0.0,0.0,1.0,0.0
3970,ZH,125.60344773029091,leptonic_bookkeeping,1,4,4,2,0.0,0.0,0.0,1.0,1.0
3972,WH,124.78069001126589,hadronic,0,4,4,2,0.0,0.0,0.0,1.0,1.0
3975,ggH,122.65047438615984,leptonic_bookkeeping,1,2,2,2,0.0,0.0,0.0,1.0,1.0
3977,tH,126.9733637080908,leptonic_bookkeeping,1,1,1,1,0.0,0.0,0.0,1.0,1.0
3978,WH,125.26719118432973,leptonic_bookkeeping,1,2,2,1,0.0,0.0,0.0,1.0,1.0
3980,VBF,121.00368794852074,leptonic_bookkeeping,1,2,2,2,0.0,0.0,0.0,1.0,0.0
3983,data_GamGam,109.86969523115526,hadronic,0,2,2,0,0.0,0.0,0.0,1.0,0.0
3984,ttH,128.05300085860367,leptonic_bookkeeping,1,3,3,2,0.0,0.0,0.0,1.0,1.0
3985,ggH,126.05959719935252,hadronic,0,2,2,1,0.0,0.0,0.0,1.0,1.0
3988,WH,124.29626977038718,leptonic_bookkeeping,1,3,3,2,0.0,0.0,0.0,1.0,1.0
3989,ttH,123.43504362508708,leptonic_bookkeeping,1,2,2,1,0.0,0.0,0.0,1.0,1.0
3990,ZH,125.95762768864809,hadronic,0,2,2,1,0.0,0.0,0.0,1.0,1.0
3993,ZH,123.89358298992994,hadronic,0,1,1,1,0.0,0.0,0.0,1.0,1.0
3994,tH,125.95946074874999,hadronic,0,2,2,1,0.0,0.0,0.0,1.0,1.0
3996,WH,127.64910992425112,hadronic,0,2,2,1,0.0,0.0,0.0,1.0,1.0
3998,VBF,102.34369643330662,hadronic,0,2,2,2,0.0,0.0,0.0,1.0,0.0
3999,ZH,123.55063546017391,hadronic,0,3,3,2,0.0,0.0,0.0,1.0,1.0
4001,ggH,127.35897555077523,hadronic,0,1,1,1,0.0,0.0,0.0,1.0,1.0
4002,WH,120.92964852994658,leptonic_bookkeeping,1,4,4,4,0.0,0.0,0.0,1.0,1.0
4004,ggZH,121.67362527923153,hadronic,0,2,2,2,0.0,0.0,0.0,1.0,1.0
4005,ZH,125.14633866640419,hadronic,0,3,3,2,0.0,0.0,0.0,1.0,1.0
4006,ggH,123.43659084872961,hadronic,0,4,4,1,0.0,0.0,0.0,1.0,1.0
4007,ttH,122.46541284639905,leptonic_bookkeeping,1,1,1,0,0.0,0.0,0.0,1.0,1.0
4010,ttH,122.37894366423863,hadronic,0,3,3,2,0.0,0.0,0.0,1.0,1.0
4012,ttH,122.23424867409372,hadronic,0,4,4,4,0.0,0.0,0.0,1.0,1.0
4013,VBF,155.64266940113453,leptonic_bookkeeping,1,2,2,2,0.0,0.0,0.0,1.0,0.0
4014,tH,126.65681356984615,leptonic_bookkeeping,1,1,1,0,0.0,0.0,0.0,1.0,1.0
4016,WH,124.54809133642483,leptonic_bookkeeping,1,2,2,2,0.0,0.0,0.0,1.0,1.0
4017,data_GamGam,141.42096310951715,hadronic,0,0,0,0,0.0,0.0,0.0,1.0,0.0
4018,tH,125.72565744728685,leptonic_bookkeeping,1,0,0,0,0.0,0.0,0.0,1.0,1.0
4019,tH,121.12101617082611,hadronic,0,2,2,2,0.0,0.0,0.0,1.0,1.0
4021,data_GamGam,105.50438205005203,hadronic,0,2,2,1,0.0,0.0,0.0,1.0,0.0
4023,data_GamGam,105.75047409718087,hadronic,0,0,0,0,0.0,0.0,0.0,1.0,0.0
4026,ggZH,124.81478195763991,hadronic,0,3,3,3,0.0,0.0,0.0,1.0,1.0
4028,ZH,129.54351824541288,leptonic_bookkeeping,1,1,1,1,0.0,0.0,0.0,1.0,1.0
4029,ggH,123.5226522447272,hadronic,0,3,3,2,0.0,0.0,0.0,1.0,1.0
4031,tH,128.96983978291203,hadronic,0,3,3,1,0.0,0.0,0.0,1.0,1.0
4032,ggH,124.87902995965938,hadronic,0,2,2,0,0.0,0.0,0.0,1.0,1.0
4034,data_GamGam,118.80509722531673,hadronic,0,3,3,2,0.0,0.0,0.0,1.0,0.0
4035,ttH,126.12046781427021,leptonic_bookkeeping,1,0,0,0,0.0,0.0,0.0,1.0,1.0
4036,data_GamGam,124.10542746508344,leptonic_bookkeeping,1,4,4,4,0.0,0.0,0.0,1.0,0.0
4038,VBF,143.93446628810344,hadronic,0,2,2,0,0.0,0.0,0.0,1.0,0.0
4039,ggH,124.3341177777959,hadronic,0,2,2,1,0.0,0.0,0.0,1.0,1.0
4040,WH,127.38795182817599,leptonic_bookkeeping,1,1,1,1,0.0,0.0,0.0,1.0,1.0
4042,tH,127.19353001517976,leptonic_bookkeeping,1,2,2,2,0.0,0.0,0.0,1.0,1.0
4043,tH,124.07151561821678,hadronic,0,2,2,1,0.0,0.0,0.0,1.0,1.0
4046,VBF,156.7029287140963,leptonic_bookkeeping,1,0,0,0,0.0,0.0,0.0,1.0,0.0
4049,ttH,127.24303769450076,hadronic,0,4,4,2,0.0,0.0,0.0,1.0,1.0
4050,VBF,100.59065489440142,hadronic,0,2,2,2,0.0,0.0,0.0,1.0,0.0
4051,ZH,125.04947855321616,hadronic,0,3,3,2,0.0,0.0,0.0,1.0,1.0
4053,ZH,123.86073865734777,hadronic,0,2,2,1,0.0,0.0,0.0,1.0,1.0
4054,WH,125.68988879049137,hadronic,0,3,3,2,0.0,0.0,0.0,1.0,1.0
4055,ggH,124.50969857694353,hadronic,0,3,3,2,0.0,0.0,0.0,1.0,1.0
4056,VBF,113.88510793531371,leptonic_bookkeeping,1,1,1,0,0.0,0.0,0.0,1.0,0.0
4059,VBF,159.63114780411013,hadronic,0,1,1,1,0.0,0.0,0.0,1.0,0.0
4064,VBF,151.49185302354562,hadronic,0,3,3,2,0.0,0.0,0.0,1.0,0.0
4065,ZH,126.69845223707274,hadronic,0,4,4,3,0.0,0.0,0.0,1.0,1.0
4066,VBF,151.10060435711415,leptonic_bookkeeping,1,1,1,1,0.0,0.0,0.0,1.0,0.0
4067,ttH,124.58130024779881,leptonic_bookkeeping,1,2,2,1,0.0,0.0,0.0,1.0,1.0
4068,ggZH,124.75176577829713,hadronic,0,3,3,2,0.0,0.0,0.0,1.0,1.0
4069,ggH,121.7068756329999,leptonic_bookkeeping,1,2,2,1,0.0,0.0,0.0,1.0,1.0
4071,tH,127.1544554940876,hadronic,0,2,2,2,0.0,0.0,0.0,1.0,1.0
4072,ttH,125.40235762766126,hadronic,0,2,2,1,0.0,0.0,0.0,1.0,1.0
4073,ttH,124.96154987969244,hadronic,0,2,2,2,0.0,0.0,0.0,1.0,1.0
4074,WH,124.45075876343479,hadronic,0,1,1,0,0.0,0.0,0.0,1.0,1.0
4075,ZH,128.5024673804244,hadronic,0,1,1,0,0.0,0.0,0.0,1.0,1.0
4076,ggZH,123.7366776820132,leptonic_bookkeeping,1,1,1,1,0.0,0.0,0.0,1.0,1.0
4077,ggZH,127.56891171873528,leptonic_bookkeeping,1,3,3,2,0.0,0.0,0.0,1.0,1.0
4078,VBF,102.62290326663462,hadronic,0,3,3,1,0.0,0.0,0.0,1.0,0.0
4081,ZH,122.00555071912221,hadronic,0,1,1,0,0.0,0.0,0.0,1.0,1.0
4084,ZH,123.8163836107238,hadronic,0,2,2,2,0.0,0.0,0.0,1.0,1.0
4085,ttH,129.29362578756854,leptonic_bookkeeping,1,2,2,1,0.0,0.0,0.0,1.0,1.0
4087,data_GamGam,133.29147147665324,leptonic_bookkeeping,1,5,5,3,0.0,0.0,0.0,1.0,0.0
4088,ZH,126.71760768608675,hadronic,0,2,2,1,0.0,0.0,0.0,1.0,1.0
4090,tH,127.12279252686821,hadronic,0,2,2,1,0.0,0.0,0.0,1.0,1.0
4091,data_GamGam,133.17914453884333,hadronic,0,2,2,2,0.0,0.0,0.0,1.0,0.0
4092,ggH,123.40313395114643,hadronic,0,3,3,1,0.0,0.0,0.0,1.0,1.0
4093,ZH,122.56410357455087,leptonic_bookkeeping,1,0,0,0,0.0,0.0,0.0,1.0,1.0
4094,WH,128.99993287754512,leptonic_bookkeeping,1,2,2,2,0.0,0.0,0.0,1.0,1.0
4095,VBF,153.14460356008675,hadronic,0,2,2,2,0.0,0.0,0.0,1.0,0.0
4096,ggZH,124.8723726642819,hadronic,0,4,4,3,0.0,0.0,0.0,1.0,1.0
4098,data_GamGam,109.83711227557941,leptonic_bookkeeping,1,1,1,1,0.0,0.0,0.0,1.0,0.0
4101,ZH,125.80796705248947,hadronic,0,2,2,1,0.0,0.0,0.0,1.0,1.0
4103,ttH,122.51634125713775,leptonic_bookkeeping,1,1,1,1,0.0,0.0,0.0,1.0,1.0
4104,ZH,125.20072448585,leptonic_bookkeeping,1,2,2,2,0.0,0.0,0.0,1.0,1.0
4105,VBF,146.55141040801195,hadronic,0,0,0,0,0.0,0.0,0.0,1.0,0.0
4106,ggH,126.85717469921497,hadronic,0,3,3,3,0.0,0.0,0.0,1.0,1.0
4107,tH,130.15608845644346,leptonic_bookkeeping,1,1,1,1,0.0,0.0,0.0,1.0,1.0
4111,tH,125.30123195085463,hadronic,0,5,5,3,0.0,0.0,0.0,1.0,1.0
4114,ZH,126.29181091215,hadronic,0,1,1,1,0.0,0.0,0.0,1.0,1.0
4115,ggH,123.71274420308438,hadronic,0,2,2,2,0.0,0.0,0.0,1.0,1.0
4119,ggH,126.70724631539227,leptonic_bookkeeping,1,1,1,0,0.0,0.0,0.0,1.0,1.0
4120,WH,124.15416827292535,hadronic,0,0,0,0,0.0,0.0,0.0,1.0,1.0
4121,ggZH,124.1117110534114,hadronic,0,2,2,1,0.0,0.0,0.0,1.0,1.0
4122,VBF,153.91225703143274,leptonic_bookkeeping,1,1,1,1,0.0,0.0,0.0,1.0,0.0
4124,ZH,124.97779219278645,leptonic_bookkeeping,1,2,2,2,0.0,0.0,0.0,1.0,1.0
4128,data_GamGam,150.67007411898004,leptonic_bookkeeping,1,3,3,1,0.0,0.0,0.0,1.0,0.0
4129,data_GamGam,115.06714927087224,leptonic_bookkeeping,1,1,1,0,0.0,0.0,0.0,1.0,0.0
4130,ggH,125.73883163249975,hadronic,0,2,2,2,0.0,0.0,0.0,1.0,1.0
4134,WH,126.71077438914618,hadronic,0,3,3,2,0.0,0.0,0.0,1.0,1.0
4135,ggH,124.35271018635902,hadronic,0,0,0,0,0.0,0.0,0.0,1.0,1.0
4136,WH,125.70016797104442,hadronic,0,2,2,0,0.0,0.0,0.0,1.0,1.0
4139,ZH,123.3540920116467,leptonic_bookkeeping,1,0,0,0,0.0,0.0,0.0,1.0,1.0
4144,ggZH,124.47828446411009,hadronic,0,3,3,2,0.0,0.0,0.0,1.0,1.0
4145,ggH,121.21144712933744,hadronic,0,3,3,2,0.0,0.0,0.0,1.0,1.0
4147,WH,124.17478182122136,leptonic_bookkeeping,1,2,2,1,0.0,0.0,0.0,1.0,1.0
4149,ggH,122.48198002919888,hadronic,0,1,1,0,0.0,0.0,0.0,1.0,1.0
4150,VBF,130.36684959306933,leptonic_bookkeeping,1,0,0,0,0.0,0.0,0.0,1.0,0.0
4152,ZH,126.71433661389054,hadronic,0,3,3,3,0.0,0.0,0.0,1.0,1.0
4153,WH,127.25551706460865,hadronic,0,0,0,0,0.0,0.0,0.0,1.0,1.0
4154,ggH,127.17058944459146,leptonic_bookkeeping,1,0,0,0,0.0,0.0,0.0,1.0,1.0
4156,WH,124.70236815994552,leptonic_bookkeeping,1,1,1,0,0.0,0.0,0.0,1.0,1.0
4157,ggZH,122.43718463666181,hadronic,0,2,2,1,0.0,0.0,0.0,1.0,1.0
4158,VBF,119.43358354225478,leptonic_bookkeeping,1,1,1,1,0.0,0.0,0.0,1.0,0.0
4159,tH,126.82069556015215,leptonic_bookkeeping,1,0,0,0,0.0,0.0,0.0,1.0,1.0
4162,ttH,125.37556923684599,leptonic_bookkeeping,1,3,3,2,0.0,0.0,0.0,1.0,1.0
4166,WH,126.5773798070477,hadronic,0,2,2,2,0.0,0.0,0.0,1.0,1.0
4167,data_GamGam,159.5502722713123,hadronic,0,1,1,1,0.0,0.0,0.0,1.0,0.0
4168,ZH,124.80831701775257,leptonic_bookkeeping,1,2,2,1,0.0,0.0,0.0,1.0,1.0
4169,ggH,126.638211484841,hadronic,0,3,3,3,0.0,0.0,0.0,1.0,1.0
4170,data_GamGam,100.7843278196102,leptonic_bookkeeping,1,4,4,1,0.0,0.0,0.0,1.0,0.0
4171,tH,127.43843507587826,leptonic_bookkeeping,1,4,4,2,0.0,0.0,0.0,1.0,1.0
4173,WH,126.62820384600109,leptonic_bookkeeping,1,2,2,1,0.0,0.0,0.0,1.0,1.0
4176,WH,121.88732603524089,hadronic,0,2,2,2,0.0,0.0,0.0,1.0,1.0
4179,ttH,123.558806286454,hadronic,0,1,1,0,0.0,0.0,0.0,1.0,1.0
4181,WH,123.9424682269928,hadronic,0,2,2,1,0.0,0.0,0.0,1.0,1.0
4184,WH,124.41240021513538,hadronic,0,1,1,1,0.0,0.0,0.0,1.0,1.0
4186,ggH,122.65761845477296,hadronic,0,1,1,1,0.0,0.0,0.0,1.0,1.0
4188,WH,123.74931954060237,leptonic_bookkeeping,1,2,2,2,0.0,0.0,0.0,1.0,1.0
4191,WH,124.3994362866979,leptonic_bookkeeping,1,3,3,2,0.0,0.0,0.0,1.0,1.0
4192,WH,124.95653509950839,leptonic_bookkeeping,1,3,3,1,0.0,0.0,0.0,1.0,1.0
4193,ZH,128.17854471106327,hadronic,0,1,1,0,0.0,0.0,0.0,1.0,1.0
4198,data_GamGam,144.12923572378617,leptonic_bookkeeping,1,0,0,0,0.0,0.0,0.0,1.0,0.0
4202,ggZH,123.91216446526568,hadronic,0,3,3,1,0.0,0.0,0.0,1.0,1.0
4204,data_GamGam,128.49956020365352,leptonic_bookkeeping,1,4,4,3,0.0,0.0,0.0,1.0,0.0
4205,VBF,119.39497418348482,leptonic_bookkeeping,1,0,0,0,0.0,0.0,0.0,1.0,0.0
4206,tH,121.83405393319816,leptonic_bookkeeping,1,1,1,1,0.0,0.0,0.0,1.0,1.0
4210,data_GamGam,152.64421558468678,hadronic,0,0,0,0,0.0,0.0,0.0,1.0,0.0
4213,VBF,130.16211727609613,hadronic,0,3,3,3,0.0,0.0,0.0,1.0,0.0
4216,ZH,128.04235258151036,hadronic,0,1,1,1,0.0,0.0,0.0,1.0,1.0
4217,VBF,112.13878516761469,hadronic,0,3,3,1,0.0,0.0,0.0,1.0,0.0
4218,tH,123.44123386628009,leptonic_bookkeeping,1,2,2,2,0.0,0.0,0.0,1.0,1.0
4221,data_GamGam,101.98908931165447,hadronic,0,4,4,4,0.0,0.0,0.0,1.0,0.0
4224,WH,127.3335364923964,hadronic,0,1,1,0,0.0,0.0,0.0,1.0,1.0
4225,ggZH,127.4629489782005,leptonic_bookkeeping,1,1,1,1,0.0,0.0,0.0,1.0,1.0
4226,ttH,126.11066185800038,leptonic_bookkeeping,1,4,4,2,0.0,0.0,0.0,1.0,1.0
4227,ggZH,126.68407689097863,hadronic,0,4,4,3,0.0,0.0,0.0,1.0,1.0
4229,data_GamGam,157.18088517134842,hadronic,0,3,3,1,0.0,0.0,0.0,1.0,0.0
4230,WH,125.67639758571796,hadronic,0,1,1,0,0.0,0.0,0.0,1.0,1.0
4233,data_GamGam,145.89850454851836,hadronic,0,1,1,1,0.0,0.0,0.0,1.0,0.0
4234,data_GamGam,114.20473068300035,hadronic,0,2,2,2,0.0,0.0,0.0,1.0,0.0
4235,ggZH,122.13881225702853,hadronic,0,1,1,1,0.0,0.0,0.0,1.0,1.0
4238,tH,127.71587862691757,leptonic_bookkeeping,1,0,0,0,0.0,0.0,0.0,1.0,1.0
4239,ttH,128.03373857831025,hadronic,0,2,2,2,0.0,0.0,0.0,1.0,1.0
4241,VBF,139.01844245054798,hadronic,0,3,3,2,0.0,0.0,0.0,1.0,0.0
4242,tH,128.58257490736838,hadronic,0,2,2,2,0.0,0.0,0.0,1.0,1.0
4245,tH,122.63962678600689,hadronic,0,3,3,3,0.0,0.0,0.0,1.0,1.0
4248,ggH,127.85093030279742,hadronic,0,3,3,2,0.0,0.0,0.0,1.0,1.0
4249,WH,121.39357909505085,hadronic,0,2,2,0,0.0,0.0,0.0,1.0,1.0
4250,ggZH,124.31069606306943,leptonic_bookkeeping,1,2,2,1,0.0,0.0,0.0,1.0,1.0
4251,tH,126.6465942256909,leptonic_bookkeeping,1,1,1,1,0.0,0.0,0.0,1.0,1.0
4252,ggH,122.89618899066573,leptonic_bookkeeping,1,5,5,4,0.0,0.0,0.0,1.0,1.0
4254,ttH,125.37873076776482,leptonic_bookkeeping,1,2,2,1,0.0,0.0,0.0,1.0,1.0
4255,VBF,116.04434059801073,leptonic_bookkeeping,1,1,1,1,0.0,0.0,0.0,1.0,0.0
4258,ggH,124.57234094324389,hadronic,0,3,3,2,0.0,0.0,0.0,1.0,1.0
4259,ZH,122.07620031963118,leptonic_bookkeeping,1,2,2,0,0.0,0.0,0.0,1.0,1.0
4260,ggH,127.0516732641849,hadronic,0,3,3,1,0.0,0.0,0.0,1.0,1.0
4263,ggZH,122.23504769437459,leptonic_bookkeeping,1,3,3,2,0.0,0.0,0.0,1.0,1.0
4264,ZH,125.1843185685462,leptonic_bookkeeping,1,1,1,1,0.0,0.0,0.0,1.0,1.0
4265,ggZH,127.26239723595165,hadronic,0,0,0,0,0.0,0.0,0.0,1.0,1.0
4269,tH,122.31376466662772,leptonic_bookkeeping,1,3,3,2,0.0,0.0,0.0,1.0,1.0
4272,ttH,124.97351954188537,leptonic_bookkeeping,1,1,1,0,0.0,0.0,0.0,1.0,1.0
4273,WH,125.84756007225074,hadronic,0,1,1,1,0.0,0.0,0.0,1.0,1.0
4274,ttH,122.06914076860019,leptonic_bookkeeping,1,0,0,0,0.0,0.0,0.0,1.0,1.0
4276,VBF,159.64775733788858,leptonic_bookkeeping,1,1,1,1,0.0,0.0,0.0,1.0,0.0
4279,ZH,128.1352920616972,leptonic_bookkeeping,1,1,1,0,0.0,0.0,0.0,1.0,1.0
4280,WH,124.85805007020305,hadronic,0,2,2,0,0.0,0.0,0.0,1.0,1.0
4284,VBF,152.3068969806917,hadronic,0,3,3,2,0.0,0.0,0.0,1.0,0.0
4285,ggH,122.4069834857952,hadronic,0,2,2,2,0.0,0.0,0.0,1.0,1.0
4286,ZH,124.02362379734362,hadronic,0,1,1,1,0.0,0.0,0.0,1.0,1.0
4289,VBF,122.5720692464186,hadronic,0,4,4,2,0.0,0.0,0.0,1.0,0.0
4292,VBF,104.25317354953114,hadronic,0,0,0,0,0.0,0.0,0.0,1.0,0.0
4295,VBF,132.20140988691386,leptonic_bookkeeping,1,2,2,1,0.0,0.0,0.0,1.0,0.0
4296,WH,124.32502179762862,leptonic_bookkeeping,1,2,2,1,0.0,0.0,0.0,1.0,1.0
4297,ggZH,123.02874349292613,hadronic,0,3,3,2,0.0,0.0,0.0,1.0,1.0
4298,WH,122.85690307092949,leptonic_bookkeeping,1,2,2,1,0.0,0.0,0.0,1.0,1.0
4299,ttH,124.07663442157907,leptonic_bookkeeping,1,4,4,2,0.0,0.0,0.0,1.0,1.0
4301,VBF,143.38491485662152,leptonic_bookkeeping,1,1,1,1,0.0,0.0,0.0,1.0,0.0
4302,ttH,120.2234179243853,hadronic,0,2,2,1,0.0,0.0,0.0,1.0,1.0
4304,data_GamGam,104.991096082547,hadronic,0,3,3,1,0.0,0.0,0.0,1.0,0.0
4307,ggZH,123.73726676465887,leptonic_bookkeeping,1,3,3,3,0.0,0.0,0.0,1.0,1.0
4309,ttH,125.36128906199264,hadronic,0,3,3,3,0.0,0.0,0.0,1.0,1.0
4310,ttH,122.80393464767984,leptonic_bookkeeping,1,3,3,2,0.0,0.0,0.0,1.0,1.0
4313,data_GamGam,152.48558427180095,hadronic,0,1,1,1,0.0,0.0,0.0,1.0,0.0
4314,ZH,122.05006650808521,leptonic_bookkeeping,1,0,0,0,0.0,0.0,0.0,1.0,1.0
4316,ggH,125.00333697072149,hadronic,0,2,2,2,0.0,0.0,0.0,1.0,1.0
4318,VBF,121.95672412376899,hadronic,0,3,3,2,0.0,0.0,0.0,1.0,0.0
4319,WH,123.4402816379605,hadronic,0,2,2,1,0.0,0.0,0.0,1.0,1.0
4321,tH,121.98158792195018,hadronic,0,3,3,2,0.0,0.0,0.0,1.0,1.0
4325,WH,126.19699147145722,hadronic,0,1,1,1,0.0,0.0,0.0,1.0,1.0
4326,ZH,126.0805325165569,hadronic,0,4,4,2,0.0,0.0,0.0,1.0,1.0
4330,ttH,121.87188236108419,leptonic_bookkeeping,1,0,0,0,0.0,0.0,0.0,1.0,1.0
4331,ttH,124.82242636487888,leptonic_bookkeeping,1,1,1,0,0.0,0.0,0.0,1.0,1.0
4332,ttH,126.0248529872419,leptonic_bookkeeping,1,2,2,2,0.0,0.0,0.0,1.0,1.0
4333,tH,126.61638405784537,hadronic,0,3,3,3,0.0,0.0,0.0,1.0,1.0
4339,tH,124.05323519721982,hadronic,0,4,4,3,0.0,0.0,0.0,1.0,1.0
4344,ggZH,123.94192037265037,leptonic_bookkeeping,1,1,1,0,0.0,0.0,0.0,1.0,1.0
4349,WH,118.97111778909226,leptonic_bookkeeping,1,0,0,0,0.0,0.0,0.0,1.0,1.0
4350,ZH,126.61638169078178,hadronic,0,2,2,2,0.0,0.0,0.0,1.0,1.0
4351,ggH,128.4503319439765,leptonic_bookkeeping,1,2,2,1,0.0,0.0,0.0,1.0,1.0
4352,VBF,110.92996505394628,leptonic_bookkeeping,1,1,1,1,0.0,0.0,0.0,1.0,0.0
4355,ggH,125.17635814398304,hadronic,0,2,2,0,0.0,0.0,0.0,1.0,1.0
4356,WH,124.25839501306804,hadronic,0,1,1,0,0.0,0.0,0.0,1.0,1.0
4357,ggZH,124.85389662352972,leptonic_bookkeeping,1,2,2,0,0.0,0.0,0.0,1.0,1.0
4359,ggZH,124.80184382798066,hadronic,0,2,2,2,0.0,0.0,0.0,1.0,1.0
4361,VBF,105.18682246175628,leptonic_bookkeeping,1,0,0,0,0.0,0.0,0.0,1.0,0.0
4362,data_GamGam,123.85182497763944,leptonic_bookkeeping,1,4,4,3,0.0,0.0,0.0,1.0,0.0
4363,ggH,127.14822261138603,hadronic,0,2,2,2,0.0,0.0,0.0,1.0,1.0
4364,ggH,127.63101189492924,leptonic_bookkeeping,1,0,0,0,0.0,0.0,0.0,1.0,1.0
4367,ggH,123.76457104599066,hadronic,0,1,1,1,0.0,0.0,0.0,1.0,1.0
4369,ggH,126.20457406778536,leptonic_bookkeeping,1,0,0,0,0.0,0.0,0.0,1.0,1.0
4370,ZH,126.1893298530875,hadronic,0,2,2,2,0.0,0.0,0.0,1.0,1.0
4371,data_GamGam,151.88201122184336,leptonic_bookkeeping,1,1,1,1,0.0,0.0,0.0,1.0,0.0
4372,WH,126.79214797876266,leptonic_bookkeeping,1,1,1,1,0.0,0.0,0.0,1.0,1.0
4374,ttH,129.11443531039637,hadronic,0,2,2,1,0.0,0.0,0.0,1.0,1.0
4375,tH,123.5132545396177,hadronic,0,2,2,0,0.0,0.0,0.0,1.0,1.0
4377,ggH,129.56765121487447,hadronic,0,0,0,0,0.0,0.0,0.0,1.0,1.0
4378,VBF,128.06550659734444,hadronic,0,4,4,3,0.0,0.0,0.0,1.0,0.0
4379,ttH,127.8063471342197,hadronic,0,4,4,1,0.0,0.0,0.0,1.0,1.0
4380,ggZH,124.96049068636836,leptonic_bookkeeping,1,1,1,0,0.0,0.0,0.0,1.0,1.0
4381,tH,123.2100139463835,hadronic,0,2,2,2,0.0,0.0,0.0,1.0,1.0
4382,WH,123.73335989064371,leptonic_bookkeeping,1,2,2,1,0.0,0.0,0.0,1.0,1.0
4386,data_GamGam,100.23299585427868,leptonic_bookkeeping,1,2,2,1,0.0,0.0,0.0,1.0,0.0
4388,ZH,126.51648673836091,hadronic,0,2,2,2,0.0,0.0,0.0,1.0,1.0
4391,WH,122.51584162772015,leptonic_bookkeeping,1,1,1,1,0.0,0.0,0.0,1.0,1.0
4392,ggZH,127.50287975468952,hadronic,0,3,3,2,0.0,0.0,0.0,1.0,1.0
4393,data_GamGam,124.17286625324262,hadronic,0,4,4,3,0.0,0.0,0.0,1.0,0.0
4394,WH,124.14702767132961,hadronic,0,4,4,4,0.0,0.0,0.0,1.0,1.0
4397,VBF,155.98231316478157,hadronic,0,4,4,3,0.0,0.0,0.0,1.0,0.0
4400,ZH,126.69711960044356,hadronic,0,1,1,1,0.0,0.0,0.0,1.0,1.0
4401,VBF,150.05238168695746,leptonic_bookkeeping,1,2,2,0,0.0,0.0,0.0,1.0,0.0
4403,ggH,122.3929478034468,leptonic_bookkeeping,1,3,3,3,0.0,0.0,0.0,1.0,1.0
4404,tH,122.16019231216944,hadronic,0,1,1,1,0.0,0.0,0.0,1.0,1.0
4410,data_GamGam,150.64664466458987,leptonic_bookkeeping,1,1,1,1,0.0,0.0,0.0,1.0,0.0
4411,WH,125.84615888773935,hadronic,0,0,0,0,0.0,0.0,0.0,1.0,1.0
4412,ggH,123.18252216045207,hadronic,0,4,4,2,0.0,0.0,0.0,1.0,1.0
4413,ttH,126.9357970872789,leptonic_bookkeeping,1,4,4,2,0.0,0.0,0.0,1.0,1.0
4414,tH,126.98378670685257,hadronic,0,1,1,1,0.0,0.0,0.0,1.0,1.0
4415,data_GamGam,151.08730006465092,leptonic_bookkeeping,1,3,3,2,0.0,0.0,0.0,1.0,0.0
4416,WH,125.1334079034266,hadronic,0,2,2,1,0.0,0.0,0.0,1.0,1.0
4418,WH,127.49479313443642,hadronic,0,3,3,2,0.0,0.0,0.0,1.0,1.0
4420,data_GamGam,153.98236740924094,leptonic_bookkeeping,1,2,2,2,0.0,0.0,0.0,1.0,0.0
4422,VBF,159.32527374061698,hadronic,0,1,1,0,0.0,0.0,0.0,1.0,0.0
4423,ggH,125.89215425750352,leptonic_bookkeeping,1,3,3,1,0.0,0.0,0.0,1.0,1.0
4424,ZH,124.94774757300017,hadronic,0,3,3,3,0.0,0.0,0.0,1.0,1.0
4425,VBF,145.44282615816817,hadronic,0,4,4,2,0.0,0.0,0.0,1.0,0.0
4426,ttH,126.3633108033232,hadronic,0,2,2,0,0.0,0.0,0.0,1.0,1.0
4427,ZH,128.58663304961647,hadronic,0,4,4,3,0.0,0.0,0.0,1.0,1.0
4428,ggZH,124.62216793606747,leptonic_bookkeeping,1,1,1,1,0.0,0.0,0.0,1.0,1.0
4431,VBF,124.86956883417626,leptonic_bookkeeping,1,0,0,0,0.0,0.0,0.0,1.0,0.0
4434,VBF,123.54419166905977,hadronic,0,4,4,2,0.0,0.0,0.0,1.0,0.0
4435,data_GamGam,100.65827245019624,hadronic,0,5,5,4,0.0,0.0,0.0,1.0,0.0
4436,ggH,122.96033019488665,hadronic,0,1,1,0,0.0,0.0,0.0,1.0,1.0
4437,tH,124.61502849651355,leptonic_bookkeeping,1,1,1,1,0.0,0.0,0.0,1.0,1.0
4439,WH,125.64378563983537,hadronic,0,0,0,0,0.0,0.0,0.0,1.0,1.0
4442,VBF,123.98000960585685,hadronic,0,2,2,1,0.0,0.0,0.0,1.0,0.0
4443,VBF,107.46621095427327,hadronic,0,2,2,0,0.0,0.0,0.0,1.0,0.0
4444,ggH,123.7883444814825,leptonic_bookkeeping,1,1,1,1,0.0,0.0,0.0,1.0,1.0
4445,tH,124.6853467967452,leptonic_bookkeeping,1,2,2,1,0.0,0.0,0.0,1.0,1.0
4447,ggZH,124.49904521092446,leptonic_bookkeeping,1,2,2,1,0.0,0.0,0.0,1.0,1.0
4448,VBF,157.13219901211247,leptonic_bookkeeping,1,2,2,1,0.0,0.0,0.0,1.0,0.0
4449,ttH,124.93407573155518,leptonic_bookkeeping,1,2,2,2,0.0,0.0,0.0,1.0,1.0
4451,ZH,124.06321558531829,leptonic_bookkeeping,1,1,1,1,0.0,0.0,0.0,1.0,1.0
4452,ggH,123.13120106040068,leptonic_bookkeeping,1,1,1,1,0.0,0.0,0.0,1.0,1.0
4453,data_GamGam,122.21381601160417,leptonic_bookkeeping,1,2,2,1,0.0,0.0,0.0,1.0,0.0
4459,ggZH,122.34980038094774,hadronic,0,1,1,1,0.0,0.0,0.0,1.0,1.0
4461,ggZH,122.43015396808168,leptonic_bookkeeping,1,2,2,1,0.0,0.0,0.0,1.0,1.0
4464,data_GamGam,144.27131559855755,leptonic_bookkeeping,1,0,0,0,0.0,0.0,0.0,1.0,0.0
4465,ZH,124.07906401859225,leptonic_bookkeeping,1,2,2,1,0.0,0.0,0.0,1.0,1.0
4466,ZH,125.88813305354884,leptonic_bookkeeping,1,2,2,1,0.0,0.0,0.0,1.0,1.0
4467,ttH,127.12777788358216,hadronic,0,3,3,2,0.0,0.0,0.0,1.0,1.0
4469,ZH,125.56906119590661,hadronic,0,2,2,1,0.0,0.0,0.0,1.0,1.0
4472,tH,127.4176877476955,hadronic,0,3,3,2,0.0,0.0,0.0,1.0,1.0
4477,ggH,124.7757485880858,leptonic_bookkeeping,1,1,1,1,0.0,0.0,0.0,1.0,1.0
4478,ZH,127.85221783852239,hadronic,0,2,2,1,0.0,0.0,0.0,1.0,1.0
4479,WH,123.14044684150436,leptonic_bookkeeping,1,4,4,4,0.0,0.0,0.0,1.0,1.0
4481,VBF,152.02059305667606,leptonic_bookkeeping,1,2,2,2,0.0,0.0,0.0,1.0,0.0
4483,ggH,123.87018835421375,leptonic_bookkeeping,1,0,0,0,0.0,0.0,0.0,1.0,1.0
4486,ttH,126.63661151854716,hadronic,0,1,1,1,0.0,0.0,0.0,1.0,1.0
4488,VBF,133.43216529563958,hadronic,0,1,1,0,0.0,0.0,0.0,1.0,0.0
4490,WH,126.69742190154989,hadronic,0,2,2,2,0.0,0.0,0.0,1.0,1.0
4491,ttH,128.01177590359555,hadronic,0,4,4,3,0.0,0.0,0.0,1.0,1.0
4492,ttH,121.75636446770848,hadronic,0,1,1,1,0.0,0.0,0.0,1.0,1.0
4493,data_GamGam,134.64977704775907,leptonic_bookkeeping,1,2,2,1,0.0,0.0,0.0,1.0,0.0
4494,WH,126.9296775516108,leptonic_bookkeeping,1,4,4,3,0.0,0.0,0.0,1.0,1.0
4495,ttH,126.98925966616255,hadronic,0,4,4,4,0.0,0.0,0.0,1.0,1.0
4499,tH,129.80604907682323,hadronic,0,3,3,3,0.0,0.0,0.0,1.0,1.0
4500,ggZH,126.4723727542191,hadronic,0,3,3,2,0.0,0.0,0.0,1.0,1.0
4501,tH,125.0636989218627,leptonic_bookkeeping,1,4,4,2,0.0,0.0,0.0,1.0,1.0
4502,WH,124.63852468025024,leptonic_bookkeeping,1,1,1,1,0.0,0.0,0.0,1.0,1.0
4504,WH,124.28802751499488,hadronic,0,1,1,1,0.0,0.0,0.0,1.0,1.0
4505,VBF,106.07693096976156,hadronic,0,2,2,1,0.0,0.0,0.0,1.0,0.0
4509,ttH,129.26047216799756,hadronic,0,2,2,1,0.0,0.0,0.0,1.0,1.0
4511,data_GamGam,130.01940481409966,hadronic,0,4,4,2,0.0,0.0,0.0,1.0,0.0
4512,VBF,145.30520949342534,leptonic_bookkeeping,1,1,1,1,0.0,0.0,0.0,1.0,0.0
4515,data_GamGam,151.62462162645764,hadronic,0,3,3,3,0.0,0.0,0.0,1.0,0.0
4518,ZH,124.17924175959169,hadronic,0,2,2,2,0.0,0.0,0.0,1.0,1.0
4520,ZH,124.39002287222426,leptonic_bookkeeping,1,2,2,1,0.0,0.0,0.0,1.0,1.0
4521,data_GamGam,114.47092662984636,leptonic_bookkeeping,1,0,0,0,0.0,0.0,0.0,1.0,0.0
4522,WH,125.97220991636264,leptonic_bookkeeping,1,2,2,2,0.0,0.0,0.0,1.0,1.0
4523,tH,126.36225978450945,hadronic,0,2,2,1,0.0,0.0,0.0,1.0,1.0
4524,VBF,126.41319671951561,hadronic,0,2,2,2,0.0,0.0,0.0,1.0,0.0
4527,ggH,126.16544246509143,leptonic_bookkeeping,1,3,3,3,0.0,0.0,0.0,1.0,1.0
4529,WH,123.68572374383153,hadronic,0,2,2,2,0.0,0.0,0.0,1.0,1.0
4530,ggH,122.40047658942636,hadronic,0,3,3,1,0.0,0.0,0.0,1.0,1.0
4531,ggZH,129.86866997008795,hadronic,0,2,2,1,0.0,0.0,0.0,1.0,1.0
4532,ggH,128.2398135424861,hadronic,0,5,5,2,0.0,0.0,0.0,1.0,1.0
4534,VBF,152.57822342901602,hadronic,0,2,2,1,0.0,0.0,0.0,1.0,0.0
4535,WH,122.21982399398381,leptonic_bookkeeping,1,0,0,0,0.0,0.0,0.0,1.0,1.0
4536,ZH,121.69413068389292,leptonic_bookkeeping,1,4,4,4,0.0,0.0,0.0,1.0,1.0
4538,ggH,123.79865271278851,hadronic,0,1,1,0,0.0,0.0,0.0,1.0,1.0
4542,data_GamGam,135.9758567895576,hadronic,0,2,2,1,0.0,0.0,0.0,1.0,0.0
4546,ggH,124.81613360309464,hadronic,0,3,3,2,0.0,0.0,0.0,1.0,1.0
4547,VBF,120.26003486996734,hadronic,0,0,0,0,0.0,0.0,0.0,1.0,0.0
4548,VBF,106.68965817855846,leptonic_bookkeeping,1,0,0,0,0.0,0.0,0.0,1.0,0.0
4552,ggZH,125.64978380664978,hadronic,0,3,3,1,0.0,0.0,0.0,1.0,1.0
4553,ZH,125.86602005479551,hadronic,0,3,3,2,0.0,0.0,0.0,1.0,1.0
4556,data_GamGam,127.50513616054113,leptonic_bookkeeping,1,0,0,0,0.0,0.0,0.0,1.0,0.0
4557,data_GamGam,150.1713390803063,leptonic_bookkeeping,1,2,2,1,0.0,0.0,0.0,1.0,0.0
4558,ggZH,122.99778586020201,leptonic_bookkeeping,1,1,1,1,0.0,0.0,0.0,1.0,1.0
4560,data_GamGam,147.36811488192598,hadronic,0,3,3,2,0.0,0.0,0.0,1.0,0.0
4561,ZH,124.2851979475182,leptonic_bookkeeping,1,3,3,2,0.0,0.0,0.0,1.0,1.0
4562,WH,124.89678534825389,hadronic,0,3,3,2,0.0,0.0,0.0,1.0,1.0
4563,ttH,126.89090737941021,hadronic,0,3,3,1,0.0,0.0,0.0,1.0,1.0
4567,tH,125.68625018499365,hadronic,0,4,4,4,0.0,0.0,0.0,1.0,1.0
4568,VBF,134.2643286807712,leptonic_bookkeeping,1,1,1,1,0.0,0.0,0.0,1.0,0.0
4569,data_GamGam,138.9008417587645,leptonic_bookkeeping,1,1,1,0,0.0,0.0,0.0,1.0,0.0
4570,VBF,112.76135147478078,hadronic,0,4,4,1,0.0,0.0,0.0,1.0,0.0
4572,VBF,111.71129532979822,hadronic,0,5,5,2,0.0,0.0,0.0,1.0,0.0
4574,WH,122.69788379784053,hadronic,0,2,2,1,0.0,0.0,0.0,1.0,1.0
4575,ZH,125.9536211344216,hadronic,0,2,2,1,0.0,0.0,0.0,1.0,1.0
4576,data_GamGam,151.04846085775102,hadronic,0,2,2,2,0.0,0.0,0.0,1.0,0.0
4577,WH,125.60644511407516,leptonic_bookkeeping,1,2,2,1,0.0,0.0,0.0,1.0,1.0
4579,ggH,125.85571621857646,leptonic_bookkeeping,1,2,2,1,0.0,0.0,0.0,1.0,1.0
4585,VBF,159.50711669285874,leptonic_bookkeeping,1,0,0,0,0.0,0.0,0.0,1.0,0.0
4586,ttH,127.27354700475409,hadronic,0,1,1,0,0.0,0.0,0.0,1.0,1.0
4588,ttH,125.42795551837358,hadronic,0,1,1,1,0.0,0.0,0.0,1.0,1.0
4589,WH,128.41123807556892,hadronic,0,2,2,1,0.0,0.0,0.0,1.0,1.0
4590,ggH,120.42599030128005,leptonic_bookkeeping,1,1,1,1,0.0,0.0,0.0,1.0,1.0
4592,ZH,124.59866440826754,hadronic,0,2,2,0,0.0,0.0,0.0,1.0,1.0
4593,ZH,122.44321631297669,leptonic_bookkeeping,1,2,2,0,0.0,0.0,0.0,1.0,1.0
4598,tH,126.91037207727446,hadronic,0,2,2,1,0.0,0.0,0.0,1.0,1.0
4602,VBF,108.6998809364554,leptonic_bookkeeping,1,3,3,3,0.0,0.0,0.0,1.0,0.0
4603,WH,122.58704956543973,hadronic,0,4,4,3,0.0,0.0,0.0,1.0,1.0
4605,ggZH,125.05115593970719,leptonic_bookkeeping,1,4,4,2,0.0,0.0,0.0,1.0,1.0
4606,VBF,130.58515042016614,hadronic,0,2,2,1,0.0,0.0,0.0,1.0,0.0
4608,tH,124.75596266691522,hadronic,0,2,2,1,0.0,0.0,0.0,1.0,1.0
4609,ggZH,128.40490519268445,hadronic,0,2,2,1,0.0,0.0,0.0,1.0,1.0
4612,ttH,123.52506766544214,hadronic,0,3,3,2,0.0,0.0,0.0,1.0,1.0
4613,WH,125.8587874540048,leptonic_bookkeeping,1,2,2,0,0.0,0.0,0.0,1.0,1.0
4615,ggH,122.09722099980038,hadronic,0,2,2,1,0.0,0.0,0.0,1.0,1.0
4616,WH,122.27757316142946,leptonic_bookkeeping,1,0,0,0,0.0,0.0,0.0,1.0,1.0
4617,tH,125.89052367492036,hadronic,0,1,1,1,0.0,0.0,0.0,1.0,1.0
4618,data_GamGam,140.37101685820144,hadronic,0,3,3,2,0.0,0.0,0.0,1.0,0.0
4621,ttH,124.03632438012738,leptonic_bookkeeping,1,2,2,1,0.0,0.0,0.0,1.0,1.0
4623,tH,122.76696187327732,hadronic,0,3,3,2,0.0,0.0,0.0,1.0,1.0
4624,ggZH,125.60999744622231,leptonic_bookkeeping,1,1,1,0,0.0,0.0,0.0,1.0,1.0
4628,ggH,122.78481853897553,hadronic,0,1,1,0,0.0,0.0,0.0,1.0,1.0
4629,tH,125.38488493715116,leptonic_bookkeeping,1,1,1,1,0.0,0.0,0.0,1.0,1.0
4631,VBF,152.689550327649,leptonic_bookkeeping,1,1,1,0,0.0,0.0,0.0,1.0,0.0
4632,ZH,127.37959353354263,hadronic,0,0,0,0,0.0,0.0,0.0,1.0,1.0
4633,ZH,122.90631809413067,hadronic,0,4,4,2,0.0,0.0,0.0,1.0,1.0
4635,ggH,127.64940619062138,hadronic,0,2,2,1,0.0,0.0,0.0,1.0,1.0
4636,tH,123.42711591713903,leptonic_bookkeeping,1,0,0,0,0.0,0.0,0.0,1.0,1.0
4638,WH,129.53265708303658,hadronic,0,3,3,3,0.0,0.0,0.0,1.0,1.0
4641,ZH,123.84319224347436,leptonic_bookkeeping,1,1,1,0,0.0,0.0,0.0,1.0,1.0
4644,ttH,125.9432392481489,hadronic,0,2,2,1,0.0,0.0,0.0,1.0,1.0
4645,VBF,119.93395593031443,hadronic,0,2,2,1,0.0,0.0,0.0,1.0,0.0
4648,WH,126.03729405310347,hadronic,0,3,3,0,0.0,0.0,0.0,1.0,1.0
4649,ggZH,123.32501442950193,hadronic,0,2,2,1,0.0,0.0,0.0,1.0,1.0
4651,tH,123.886642009495,leptonic_bookkeeping,1,2,2,2,0.0,0.0,0.0,1.0,1.0
4653,ZH,124.29695921191403,leptonic_bookkeeping,1,4,4,1,0.0,0.0,0.0,1.0,1.0
4654,data_GamGam,157.9224661831086,leptonic_bookkeeping,1,3,3,1,0.0,0.0,0.0,1.0,0.0
4655,ggH,126.33826467716327,hadronic,0,2,2,1,0.0,0.0,0.0,1.0,1.0
4656,VBF,137.81467421090886,hadronic,0,3,3,3,0.0,0.0,0.0,1.0,0.0
4657,VBF,141.86371989054794,hadronic,0,1,1,1,0.0,0.0,0.0,1.0,0.0
4659,VBF,121.2351840762684,hadronic,0,0,0,0,0.0,0.0,0.0,1.0,0.0
4660,WH,125.88052541407659,hadronic,0,2,2,2,0.0,0.0,0.0,1.0,1.0
4661,tH,125.18166152382398,hadronic,0,2,2,1,0.0,0.0,0.0,1.0,1.0
4663,WH,125.55182576206255,hadronic,0,3,3,2,0.0,0.0,0.0,1.0,1.0
4668,VBF,132.5055001819392,hadronic,0,2,2,1,0.0,0.0,0.0,1.0,0.0
4670,tH,125.94050378897778,leptonic_bookkeeping,1,2,2,2,0.0,0.0,0.0,1.0,1.0
4672,WH,128.68831153174796,leptonic_bookkeeping,1,4,4,3,0.0,0.0,0.0,1.0,1.0
4673,ggZH,125.90973181063228,hadronic,0,2,2,1,0.0,0.0,0.0,1.0,1.0
4674,ttH,126.3792762531839,leptonic_bookkeeping,1,2,2,1,0.0,0.0,0.0,1.0,1.0
4675,ttH,126.37558547576936,hadronic,0,3,3,3,0.0,0.0,0.0,1.0,1.0
4676,ZH,127.01497457295041,hadronic,0,1,1,1,0.0,0.0,0.0,1.0,1.0
4680,tH,123.18045691901028,hadronic,0,2,2,1,0.0,0.0,0.0,1.0,1.0
4681,ttH,121.49037591392609,hadronic,0,4,4,1,0.0,0.0,0.0,1.0,1.0
4682,ggZH,126.8369413578695,leptonic_bookkeeping,1,2,2,1,0.0,0.0,0.0,1.0,1.0
4683,WH,126.06873592305519,hadronic,0,2,2,2,0.0,0.0,0.0,1.0,1.0
4685,tH,125.07425533042512,leptonic_bookkeeping,1,0,0,0,0.0,0.0,0.0,1.0,1.0
4686,ZH,126.25650039684926,hadronic,0,3,3,2,0.0,0.0,0.0,1.0,1.0
4687,WH,125.76519653880898,hadronic,0,1,1,0,0.0,0.0,0.0,1.0,1.0
4690,data_GamGam,124.20404575883461,leptonic_bookkeeping,1,3,3,2,0.0,0.0,0.0,1.0,0.0
4692,tH,123.81029996076333,hadronic,0,4,4,2,0.0,0.0,0.0,1.0,1.0
4693,data_GamGam,156.53180812565222,hadronic,0,3,3,3,0.0,0.0,0.0,1.0,0.0
4695,ggH,123.80191824597075,leptonic_bookkeeping,1,3,3,3,0.0,0.0,0.0,1.0,1.0
4698,VBF,112.67740245957081,hadronic,0,1,1,0,0.0,0.0,0.0,1.0,0.0
4704,data_GamGam,149.14277736333216,leptonic_bookkeeping,1,2,2,2,0.0,0.0,0.0,1.0,0.0
4706,ggZH,127.13541145961581,leptonic_bookkeeping,1,1,1,1,0.0,0.0,0.0,1.0,1.0
4708,VBF,105.3191918676385,leptonic_bookkeeping,1,1,1,1,0.0,0.0,0.0,1.0,0.0
4710,WH,124.33758383937045,hadronic,0,0,0,0,0.0,0.0,0.0,1.0,1.0
4711,VBF,121.6017963122627,leptonic_bookkeeping,1,1,1,1,0.0,0.0,0.0,1.0,0.0
4714,WH,127.06577037033905,leptonic_bookkeeping,1,3,3,3,0.0,0.0,0.0,1.0,1.0
4715,ggZH,130.05537180468664,leptonic_bookkeeping,1,0,0,0,0.0,0.0,0.0,1.0,1.0
4716,WH,122.0499336676012,hadronic,0,1,1,1,0.0,0.0,0.0,1.0,1.0
4718,WH,124.77610774729843,hadronic,0,3,3,3,0.0,0.0,0.0,1.0,1.0
4719,VBF,104.87761536395294,hadronic,0,2,2,1,0.0,0.0,0.0,1.0,0.0
4726,ZH,125.77090824428565,hadronic,0,0,0,0,0.0,0.0,0.0,1.0,1.0
4727,VBF,130.27518457236076,hadronic,0,3,3,1,0.0,0.0,0.0,1.0,0.0
4729,ggH,124.50107470942675,leptonic_bookkeeping,1,1,1,1,0.0,0.0,0.0,1.0,1.0
4730,ttH,124.66595565017792,hadronic,0,3,3,2,0.0,0.0,0.0,1.0,1.0
4733,ttH,126.45731270018157,hadronic,0,4,4,2,0.0,0.0,0.0,1.0,1.0
4737,VBF,136.49347941133044,hadronic,0,1,1,1,0.0,0.0,0.0,1.0,0.0
4738,ggH,123.89991488355402,hadronic,0,2,2,2,0.0,0.0,0.0,1.0,1.0
4740,WH,124.21088079887524,hadronic,0,3,3,2,0.0,0.0,0.0,1.0,1.0
4741,tH,125.30848547127638,hadronic,0,1,1,1,0.0,0.0,0.0,1.0,1.0
4744,ggZH,122.02745026794393,hadronic,0,3,3,3,0.0,0.0,0.0,1.0,1.0
4746,ggZH,127.03980692828533,hadronic,0,2,2,1,0.0,0.0,0.0,1.0,1.0
4754,data_GamGam,144.0541614190048,hadronic,0,3,3,2,0.0,0.0,0.0,1.0,0.0
4755,data_GamGam,102.56592042033327,leptonic_bookkeeping,1,2,2,1,0.0,0.0,0.0,1.0,0.0
4760,tH,125.72168319160325,leptonic_bookkeeping,1,4,4,4,0.0,0.0,0.0,1.0,1.0
4763,ttH,122.49718182772622,hadronic,0,2,2,2,0.0,0.0,0.0,1.0,1.0
4765,data_GamGam,112.08673549401274,leptonic_bookkeeping,1,3,3,2,0.0,0.0,0.0,1.0,0.0
4766,VBF,139.1387264167067,hadronic,0,3,3,2,0.0,0.0,0.0,1.0,0.0
4767,WH,124.7602838634822,hadronic,0,3,3,3,0.0,0.0,0.0,1.0,1.0
4771,ZH,124.65816389202304,hadronic,0,0,0,0,0.0,0.0,0.0,1.0,1.0
4772,ggH,125.47054917984357,hadronic,0,4,4,1,0.0,0.0,0.0,1.0,1.0
4774,ggH,123.82304895254441,leptonic_bookkeeping,1,2,2,2,0.0,0.0,0.0,1.0,1.0
4775,ggH,124.52548674755279,leptonic_bookkeeping,1,1,1,1,0.0,0.0,0.0,1.0,1.0
4777,ZH,122.99620630506287,hadronic,0,3,3,1,0.0,0.0,0.0,1.0,1.0
4779,ttH,126.7831749359998,hadronic,0,0,0,0,0.0,0.0,0.0,1.0,1.0
4781,data_GamGam,134.21231039923344,leptonic_bookkeeping,1,2,2,2,0.0,0.0,0.0,1.0,0.0
4782,ttH,126.55413384959371,hadronic,0,4,4,2,0.0,0.0,0.0,1.0,1.0
4783,data_GamGam,155.36428583642348,leptonic_bookkeeping,1,3,3,3,0.0,0.0,0.0,1.0,0.0
4787,ggH,126.22810263013452,hadronic,0,1,1,1,0.0,0.0,0.0,1.0,1.0
4791,ZH,124.5889796507612,leptonic_bookkeeping,1,1,1,0,0.0,0.0,0.0,1.0,1.0
4792,tH,124.07761674117575,hadronic,0,2,2,1,0.0,0.0,0.0,1.0,1.0
4794,tH,128.94153461015802,hadronic,0,3,3,0,0.0,0.0,0.0,1.0,1.0
4795,ZH,125.7095554459832,hadronic,0,2,2,0,0.0,0.0,0.0,1.0,1.0
4796,ggH,125.75962295523831,hadronic,0,3,3,2,0.0,0.0,0.0,1.0,1.0
4797,data_GamGam,124.31915198486836,leptonic_bookkeeping,1,0,0,0,0.0,0.0,0.0,1.0,0.0
4802,ZH,123.09935103367329,hadronic,0,1,1,0,0.0,0.0,0.0,1.0,1.0
4805,ggH,124.568712656596,hadronic,0,4,4,3,0.0,0.0,0.0,1.0,1.0
4808,ttH,127.60357336788067,leptonic_bookkeeping,1,2,2,1,0.0,0.0,0.0,1.0,1.0
4809,data_GamGam,138.2453783381625,hadronic,0,4,4,1,0.0,0.0,0.0,1.0,0.0
4810,ZH,124.00135996768154,leptonic_bookkeeping,1,0,0,0,0.0,0.0,0.0,1.0,1.0
4814,data_GamGam,127.9801474391904,leptonic_bookkeeping,1,3,3,1,0.0,0.0,0.0,1.0,0.0
4815,ttH,126.96643600897443,leptonic_bookkeeping,1,2,2,0,0.0,0.0,0.0,1.0,1.0
4817,tH,125.9192420241187,leptonic_bookkeeping,1,5,5,4,0.0,0.0,0.0,1.0,1.0
4818,data_GamGam,130.86391838789484,hadronic,0,2,2,1,0.0,0.0,0.0,1.0,0.0
4820,ggH,124.55753607034484,leptonic_bookkeeping,1,1,1,0,0.0,0.0,0.0,1.0,1.0
4822,ZH,125.16970326974413,hadronic,0,1,1,1,0.0,0.0,0.0,1.0,1.0
4823,ZH,127.69476281962922,leptonic_bookkeeping,1,1,1,0,0.0,0.0,0.0,1.0,1.0
4825,ggH,126.58742720846409,hadronic,0,3,3,2,0.0,0.0,0.0,1.0,1.0
4826,ZH,126.66593994021589,hadronic,0,2,2,2,0.0,0.0,0.0,1.0,1.0
4828,ggZH,125.70737337835399,hadronic,0,2,2,1,0.0,0.0,0.0,1.0,1.0
4830,ZH,123.95444900026932,leptonic_bookkeeping,1,2,2,1,0.0,0.0,0.0,1.0,1.0
4832,VBF,143.4903784687823,hadronic,0,3,3,3,0.0,0.0,0.0,1.0,0.0
4838,ggZH,127.47984059411415,leptonic_bookkeeping,1,2,2,2,0.0,0.0,0.0,1.0,1.0
4839,tH,123.3499454322162,hadronic,0,4,4,3,0.0,0.0,0.0,1.0,1.0
4842,ggH,123.04448655981085,hadronic,0,2,2,2,0.0,0.0,0.0,1.0,1.0
4845,VBF,149.53538068958073,leptonic_bookkeeping,1,1,1,1,0.0,0.0,0.0,1.0,0.0
4851,ttH,125.17453314539672,leptonic_bookkeeping,1,1,1,0,0.0,0.0,0.0,1.0,1.0
4852,ggZH,123.69497032946506,leptonic_bookkeeping,1,1,1,1,0.0,0.0,0.0,1.0,1.0
4854,VBF,107.6511468041169,leptonic_bookkeeping,1,2,2,2,0.0,0.0,0.0,1.0,0.0
4855,ttH,125.2681852582453,leptonic_bookkeeping,1,1,1,0,0.0,0.0,0.0,1.0,1.0
4860,data_GamGam,122.13681278661369,hadronic,0,3,3,2,0.0,0.0,0.0,1.0,0.0
4862,ggH,124.36494999562557,leptonic_bookkeeping,1,3,3,3,0.0,0.0,0.0,1.0,1.0
4865,tH,125.95109054380167,hadronic,0,3,3,1,0.0,0.0,0.0,1.0,1.0
4868,ggH,122.12392005001823,leptonic_bookkeeping,1,2,2,1,0.0,0.0,0.0,1.0,1.0
4869,WH,125.36490296029645,leptonic_bookkeeping,1,1,1,1,0.0,0.0,0.0,1.0,1.0
4871,ggZH,123.34424320613192,leptonic_bookkeeping,1,1,1,1,0.0,0.0,0.0,1.0,1.0
4872,data_GamGam,130.77253610902807,hadronic,0,3,3,1,0.0,0.0,0.0,1.0,0.0
4875,ttH,125.27509304434541,hadronic,0,5,5,3,0.0,0.0,0.0,1.0,1.0
4876,ttH,126.24772195315937,leptonic_bookkeeping,1,2,2,1,0.0,0.0,0.0,1.0,1.0
4877,ggH,122.41709539797729,hadronic,0,3,3,2,0.0,0.0,0.0,1.0,1.0
4878,data_GamGam,119.95570234931111,hadronic,0,5,5,1,0.0,0.0,0.0,1.0,0.0
4880,ZH,123.90769723798867,leptonic_bookkeeping,1,1,1,1,0.0,0.0,0.0,1.0,1.0
4881,ggH,125.53666882826072,leptonic_bookkeeping,1,2,2,2,0.0,0.0,0.0,1.0,1.0
4883,tH,125.63669915039101,leptonic_bookkeeping,1,2,2,1,0.0,0.0,0.0,1.0,1.0
4884,WH,123.72229776298182,hadronic,0,3,3,1,0.0,0.0,0.0,1.0,1.0
4887,ttH,126.75713336492069,leptonic_bookkeeping,1,0,0,0,0.0,0.0,0.0,1.0,1.0
4888,ggZH,124.82037330612735,hadronic,0,4,4,2,0.0,0.0,0.0,1.0,1.0
4892,ZH,124.75213167977736,hadronic,0,3,3,2,0.0,0.0,0.0,1.0,1.0
4893,tH,127.5155845750864,leptonic_bookkeeping,1,1,1,1,0.0,0.0,0.0,1.0,1.0
4895,ZH,128.7177375687054,hadronic,0,3,3,1,0.0,0.0,0.0,1.0,1.0
4901,ggH,124.73344556008095,hadronic,0,1,1,1,0.0,0.0,0.0,1.0,1.0
4905,data_GamGam,137.88342113685863,leptonic_bookkeeping,1,1,1,1,0.0,0.0,0.0,1.0,0.0
4906,ggZH,130.0899659118787,leptonic_bookkeeping,1,1,1,1,0.0,0.0,0.0,1.0,1.0
4908,WH,125.70398537236176,hadronic,0,2,2,2,0.0,0.0,0.0,1.0,1.0
4910,ggZH,122.67415162190223,hadronic,0,3,3,3,0.0,0.0,0.0,1.0,1.0
4913,ggZH,127.2912602817412,leptonic_bookkeeping,1,2,2,0,0.0,0.0,0.0,1.0,1.0
4915,ttH,124.04954653914385,leptonic_bookkeeping,1,4,4,3,0.0,0.0,0.0,1.0,1.0
4921,WH,130.3214752106827,hadronic,0,0,0,0,0.0,0.0,0.0,1.0,1.0
4923,ttH,122.88563684100366,hadronic,0,4,4,1,0.0,0.0,0.0,1.0,1.0
4925,data_GamGam,124.38262940243978,hadronic,0,2,2,1,0.0,0.0,0.0,1.0,0.0
4926,ggH,124.91971046627931,leptonic_bookkeeping,1,2,2,1,0.0,0.0,0.0,1.0,1.0
4928,WH,128.0517325178091,leptonic_bookkeeping,1,1,1,1,0.0,0.0,0.0,1.0,1.0
4930,WH,120.96036447905513,hadronic,0,1,1,0,0.0,0.0,0.0,1.0,1.0
4931,VBF,138.23640160246143,hadronic,0,0,0,0,0.0,0.0,0.0,1.0,0.0
4933,ZH,123.05881142078532,leptonic_bookkeeping,1,3,3,1,0.0,0.0,0.0,1.0,1.0
4934,ttH,127.8263165035021,hadronic,0,2,2,1,0.0,0.0,0.0,1.0,1.0
4935,data_GamGam,133.6807286394297,hadronic,0,1,1,1,0.0,0.0,0.0,1.0,0.0
4939,ggZH,122.46739821287805,hadronic,0,1,1,1,0.0,0.0,0.0,1.0,1.0
4940,tH,125.6607552138353,hadronic,0,1,1,0,0.0,0.0,0.0,1.0,1.0
4942,WH,124.3419572938127,hadronic,0,0,0,0,0.0,0.0,0.0,1.0,1.0
4944,ttH,124.72183576669845,hadronic,0,3,3,2,0.0,0.0,0.0,1.0,1.0
4945,data_GamGam,149.11894932642878,hadronic,0,2,2,2,0.0,0.0,0.0,1.0,0.0
4947,WH,122.17618429826045,leptonic_bookkeeping,1,3,3,3,0.0,0.0,0.0,1.0,1.0
4948,ggZH,123.2811531554965,hadronic,0,3,3,2,0.0,0.0,0.0,1.0,1.0
4952,ttH,125.66426518481042,leptonic_bookkeeping,1,3,3,1,0.0,0.0,0.0,1.0,1.0
4953,data_GamGam,132.3818281630541,hadronic,0,4,4,3,0.0,0.0,0.0,1.0,0.0
4955,ZH,124.93403291335862,leptonic_bookkeeping,1,2,2,1,0.0,0.0,0.0,1.0,1.0
4959,WH,127.04936996498358,hadronic,0,1,1,0,0.0,0.0,0.0,1.0,1.0
4960,ggZH,125.94932746262573,hadronic,0,2,2,1,0.0,0.0,0.0,1.0,1.0
4961,ttH,123.230201609851,hadronic,0,2,2,1,0.0,0.0,0.0,1.0,1.0
4962,ggZH,122.59676483104127,leptonic_bookkeeping,1,1,1,1,0.0,0.0,0.0,1.0,1.0
4963,tH,123.0940449866334,hadronic,0,0,0,0,0.0,0.0,0.0,1.0,1.0
4964,tH,125.29554720613841,hadronic,0,4,4,3,0.0,0.0,0.0,1.0,1.0
4966,ggH,126.02187790259849,hadronic,0,2,2,0,0.0,0.0,0.0,1.0,1.0
4967,ggH,127.02153807402325,hadronic,0,2,2,0,0.0,0.0,0.0,1.0,1.0
4968,tH,125.69267190295065,hadronic,0,2,2,2,0.0,0.0,0.0,1.0,1.0
4969,VBF,111.3013241855101,leptonic_bookkeeping,1,3,3,3,0.0,0.0,0.0,1.0,0.0
4970,ggH,122.96068343232058,leptonic_bookkeeping,1,2,2,1,0.0,0.0,0.0,1.0,1.0
4972,ZH,121.84153982523327,hadronic,0,1,1,0,0.0,0.0,0.0,1.0,1.0
4975,ttH,124.54386554745682,leptonic_bookkeeping,1,3,3,2,0.0,0.0,0.0,1.0,1.0
4977,ttH,124.85687705298635,hadronic,0,2,2,1,0.0,0.0,0.0,1.0,1.0
4980,VBF,149.6820114810932,hadronic,0,3,3,1,0.0,0.0,0.0,1.0,0.0
4981,ggH,122.79724687862185,leptonic_bookkeeping,1,3,3,0,0.0,0.0,0.0,1.0,1.0
4982,tH,126.9743788517148,hadronic,0,0,0,0,0.0,0.0,0.0,1.0,1.0
4984,tH,126.70535995085854,hadronic,0,3,3,2,0.0,0.0,0.0,1.0,1.0
4986,ttH,125.26841295164765,leptonic_bookkeeping,1,1,1,1,0.0,0.0,0.0,1.0,1.0
4987,ggH,123.97942963179837,hadronic,0,3,3,0,0.0,0.0,0.0,1.0,1.0
4988,ggH,123.22390832292182,leptonic_bookkeeping,1,3,3,3,0.0,0.0,0.0,1.0,1.0
4989,data_GamGam,122.05695867897514,hadronic,0,3,3,1,0.0,0.0,0.0,1.0,0.0
4990,ZH,124.42765977575841,hadronic,0,2,2,0,0.0,0.0,0.0,1.0,1.0
4994,ggH,123.22788287487168,hadronic,0,1,1,0,0.0,0.0,0.0,1.0,1.0
4995,tH,123.93000396714038,hadronic,0,5,5,4,0.0,0.0,0.0,1.0,1.0
4996,ttH,124.92728986272661,leptonic_bookkeeping,1,1,1,1,0.0,0.0,0.0,1.0,1.0
5002,ZH,125.70603085767647,hadronic,0,2,2,1,0.0,0.0,0.0,1.0,1.0
5004,data_GamGam,103.85688949019939,leptonic_bookkeeping,1,2,2,0,0.0,0.0,0.0,1.0,0.0
5005,tH,125.35610345677487,hadronic,0,1,1,1,0.0,0.0,0.0,1.0,1.0
5011,WH,123.93385308976413,hadronic,0,3,3,2,0.0,0.0,0.0,1.0,1.0
5016,ggH,124.44051680894938,leptonic_bookkeeping,1,2,2,2,0.0,0.0,0.0,1.0,1.0
5017,ggZH,127.02713825482958,hadronic,0,2,2,2,0.0,0.0,0.0,1.0,1.0
5021,VBF,149.450710808965,hadronic,0,2,2,2,0.0,0.0,0.0,1.0,0.0
5022,ttH,127.41545003714373,leptonic_bookkeeping,1,1,1,1,0.0,0.0,0.0,1.0,1.0
5023,WH,125.88324279678517,leptonic_bookkeeping,1,1,1,1,0.0,0.0,0.0,1.0,1.0
5025,data_GamGam,121.76416856629487,hadronic,0,2,2,2,0.0,0.0,0.0,1.0,0.0
5027,VBF,106.64647624792113,hadronic,0,2,2,2,0.0,0.0,0.0,1.0,0.0
5028,ttH,124.90212368829258,hadronic,0,4,4,2,0.0,0.0,0.0,1.0,1.0
5031,data_GamGam,102.0781435569492,hadronic,0,2,2,2,0.0,0.0,0.0,1.0,0.0
5033,VBF,148.0761783644489,hadronic,0,2,2,0,0.0,0.0,0.0,1.0,0.0
5034,ggH,128.6660066146075,leptonic_bookkeeping,1,0,0,0,0.0,0.0,0.0,1.0,1.0
5037,VBF,148.3026427253908,hadronic,0,1,1,1,0.0,0.0,0.0,1.0,0.0
5038,WH,123.5933398350164,hadronic,0,1,1,1,0.0,0.0,0.0,1.0,1.0
5039,ttH,125.40605730968574,leptonic_bookkeeping,1,2,2,2,0.0,0.0,0.0,1.0,1.0
5040,ttH,124.02278888294806,hadronic,0,4,4,4,0.0,0.0,0.0,1.0,1.0
5041,ttH,124.88044328466965,hadronic,0,2,2,1,0.0,0.0,0.0,1.0,1.0
5042,data_GamGam,108.1546670038365,hadronic,0,1,1,1,0.0,0.0,0.0,1.0,0.0
5044,tH,124.66341216673747,leptonic_bookkeeping,1,0,0,0,0.0,0.0,0.0,1.0,1.0
5045,data_GamGam,129.83525080493143,hadronic,0,3,3,2,0.0,0.0,0.0,1.0,0.0
5046,ZH,121.75334225738847,hadronic,0,5,5,4,0.0,0.0,0.0,1.0,1.0
5047,data_GamGam,127.15437824074692,hadronic,0,2,2,1,0.0,0.0,0.0,1.0,0.0
5048,ggZH,124.24681582604705,hadronic,0,2,2,2,0.0,0.0,0.0,1.0,1.0
5050,VBF,158.72720441399247,hadronic,0,3,3,1,0.0,0.0,0.0,1.0,0.0
5052,ZH,125.13336637172947,hadronic,0,2,2,2,0.0,0.0,0.0,1.0,1.0
5056,VBF,124.24621050321137,hadronic,0,2,2,2,0.0,0.0,0.0,1.0,0.0
5057,WH,126.3361005391614,hadronic,0,3,3,1,0.0,0.0,0.0,1.0,1.0
5058,VBF,142.0240324557166,hadronic,0,1,1,0,0.0,0.0,0.0,1.0,0.0
5060,ttH,123.50627560804233,leptonic_bookkeeping,1,1,1,1,0.0,0.0,0.0,1.0,1.0
5062,tH,126.48433068241319,leptonic_bookkeeping,1,3,3,1,0.0,0.0,0.0,1.0,1.0
5066,ggH,121.79633462319141,hadronic,0,4,4,2,0.0,0.0,0.0,1.0,1.0
5068,ttH,128.96826290537305,hadronic,0,3,3,1,0.0,0.0,0.0,1.0,1.0
5071,data_GamGam,140.26573796832926,hadronic,0,2,2,0,0.0,0.0,0.0,1.0,0.0
5076,ZH,125.12954182176603,leptonic_bookkeeping,1,1,1,1,0.0,0.0,0.0,1.0,1.0
5077,data_GamGam,107.29477855904645,hadronic,0,1,1,0,0.0,0.0,0.0,1.0,0.0
5081,WH,125.78303151369259,hadronic,0,1,1,1,0.0,0.0,0.0,1.0,1.0
5082,VBF,104.08755576840561,hadronic,0,2,2,1,0.0,0.0,0.0,1.0,0.0
5083,tH,123.93240809712232,hadronic,0,4,4,2,0.0,0.0,0.0,1.0,1.0
5085,VBF,126.24965124834033,leptonic_bookkeeping,1,1,1,1,0.0,0.0,0.0,1.0,0.0
5086,data_GamGam,129.54371669682772,hadronic,0,3,3,1,0.0,0.0,0.0,1.0,0.0
5088,ZH,124.45823641143048,leptonic_bookkeeping,1,1,1,0,0.0,0.0,0.0,1.0,1.0
5089,data_GamGam,154.72928822555224,leptonic_bookkeeping,1,4,4,3,0.0,0.0,0.0,1.0,0.0
5090,ggH,121.71355616692468,hadronic,0,2,2,2,0.0,0.0,0.0,1.0,1.0
5091,ggZH,128.87551186260362,leptonic_bookkeeping,1,1,1,1,0.0,0.0,0.0,1.0,1.0
5093,WH,124.99329429479043,leptonic_bookkeeping,1,1,1,1,0.0,0.0,0.0,1.0,1.0
5094,WH,125.41480361547721,hadronic,0,1,1,1,0.0,0.0,0.0,1.0,1.0
5097,ggH,127.25356348481301,hadronic,0,3,3,2,0.0,0.0,0.0,1.0,1.0
5098,data_GamGam,127.70952924679747,leptonic_bookkeeping,1,0,0,0,0.0,0.0,0.0,1.0,0.0
5100,WH,124.71150052814426,leptonic_bookkeeping,1,0,0,0,0.0,0.0,0.0,1.0,1.0
5101,data_GamGam,105.18416626686503,hadronic,0,2,2,1,0.0,0.0,0.0,1.0,0.0
5102,ttH,124.30827624050522,leptonic_bookkeeping,1,0,0,0,0.0,0.0,0.0,1.0,1.0
5104,ggZH,123.9474885165799,hadronic,0,2,2,2,0.0,0.0,0.0,1.0,1.0
5108,VBF,153.55787172241,leptonic_bookkeeping,1,1,1,1,0.0,0.0,0.0,1.0,0.0
5109,VBF,122.7545412950449,leptonic_bookkeeping,1,1,1,0,0.0,0.0,0.0,1.0,0.0
5111,ZH,125.50012410655467,hadronic,0,1,1,1,0.0,0.0,0.0,1.0,1.0
5112,data_GamGam,115.28084028243774,hadronic,0,1,1,1,0.0,0.0,0.0,1.0,0.0
5114,VBF,110.58982988825763,leptonic_bookkeeping,1,3,3,2,0.0,0.0,0.0,1.0,0.0
5115,ggH,122.51828891610329,hadronic,0,3,3,3,0.0,0.0,0.0,1.0,1.0
5116,ttH,121.23273017666827,hadronic,0,1,1,0,0.0,0.0,0.0,1.0,1.0
5117,ZH,123.36232982578959,leptonic_bookkeeping,1,1,1,0,0.0,0.0,0.0,1.0,1.0
5119,tH,123.71231574820851,hadronic,0,2,2,2,0.0,0.0,0.0,1.0,1.0
5120,data_GamGam,147.26112419673132,hadronic,0,3,3,3,0.0,0.0,0.0,1.0,0.0
5121,ttH,126.92501041291855,leptonic_bookkeeping,1,1,1,1,0.0,0.0,0.0,1.0,1.0
5122,ggZH,123.89616930358184,leptonic_bookkeeping,1,1,1,1,0.0,0.0,0.0,1.0,1.0
5124,ggH,123.91429470580786,hadronic,0,3,3,1,0.0,0.0,0.0,1.0,1.0
5126,ggH,126.30532982427499,hadronic,0,1,1,1,0.0,0.0,0.0,1.0,1.0
5129,ZH,125.64986627745552,hadronic,0,3,3,2,0.0,0.0,0.0,1.0,1.0
5130,ttH,123.60672887275425,leptonic_bookkeeping,1,0,0,0,0.0,0.0,0.0,1.0,1.0
5131,ggZH,126.45281472101044,leptonic_bookkeeping,1,3,3,1,0.0,0.0,0.0,1.0,1.0
5133,ZH,124.60890287873951,hadronic,0,2,2,2,0.0,0.0,0.0,1.0,1.0
5134,ggZH,127.78936452795703,hadronic,0,0,0,0,0.0,0.0,0.0,1.0,1.0
5137,ggZH,127.85702321689189,leptonic_bookkeeping,1,1,1,0,0.0,0.0,0.0,1.0,1.0
5138,data_GamGam,129.97324763801691,hadronic,0,3,3,3,0.0,0.0,0.0,1.0,0.0
5139,ggZH,124.18089660771935,leptonic_bookkeeping,1,1,1,0,0.0,0.0,0.0,1.0,1.0
5142,VBF,139.96842054787416,hadronic,0,3,3,3,0.0,0.0,0.0,1.0,0.0
5143,tH,129.3837751649684,hadronic,0,2,2,2,0.0,0.0,0.0,1.0,1.0
5144,ggZH,124.89296606625636,hadronic,0,2,2,1,0.0,0.0,0.0,1.0,1.0
5147,ggH,122.69871156582798,leptonic_bookkeeping,1,1,1,1,0.0,0.0,0.0,1.0,1.0
5148,data_GamGam,157.6192518024942,leptonic_bookkeeping,1,1,1,1,0.0,0.0,0.0,1.0,0.0
5149,data_GamGam,148.77155906689032,leptonic_bookkeeping,1,4,4,2,0.0,0.0,0.0,1.0,0.0
5151,ttH,124.7945551878971,hadronic,0,3,3,3,0.0,0.0,0.0,1.0,1.0
5152,ggH,123.90839318595054,hadronic,0,1,1,0,0.0,0.0,0.0,1.0,1.0
5153,data_GamGam,149.77307034243168,leptonic_bookkeeping,1,3,3,2,0.0,0.0,0.0,1.0,0.0
5154,ggH,128.97200214797962,leptonic_bookkeeping,1,1,1,1,0.0,0.0,0.0,1.0,1.0
5158,VBF,125.76277453515718,leptonic_bookkeeping,1,1,1,1,0.0,0.0,0.0,1.0,0.0
5159,VBF,133.0534291119394,hadronic,0,1,1,0,0.0,0.0,0.0,1.0,0.0
5161,ggH,122.94187362407166,leptonic_bookkeeping,1,3,3,2,0.0,0.0,0.0,1.0,1.0
5163,WH,124.88814438364554,leptonic_bookkeeping,1,2,2,1,0.0,0.0,0.0,1.0,1.0
5164,tH,124.99008917905319,leptonic_bookkeeping,1,0,0,0,0.0,0.0,0.0,1.0,1.0
5165,ggH,125.92071805576681,hadronic,0,4,4,1,0.0,0.0,0.0,1.0,1.0
5168,data_GamGam,141.76808859128704,leptonic_bookkeeping,1,0,0,0,0.0,0.0,0.0,1.0,0.0
5171,ZH,123.76424905431276,leptonic_bookkeeping,1,2,2,2,0.0,0.0,0.0,1.0,1.0
5172,ggH,124.77023799761047,leptonic_bookkeeping,1,2,2,1,0.0,0.0,0.0,1.0,1.0
5174,ZH,125.04514155634388,hadronic,0,2,2,2,0.0,0.0,0.0,1.0,1.0
5176,ggZH,130.87573084343666,hadronic,0,2,2,1,0.0,0.0,0.0,1.0,1.0
5178,data_GamGam,140.79204508847562,hadronic,0,1,1,1,0.0,0.0,0.0,1.0,0.0
5179,ZH,124.23995925330479,leptonic_bookkeeping,1,1,1,1,0.0,0.0,0.0,1.0,1.0
5181,ttH,123.8521181165609,hadronic,0,1,1,1,0.0,0.0,0.0,1.0,1.0
5182,ggZH,127.74987960174373,hadronic,0,3,3,1,0.0,0.0,0.0,1.0,1.0
5183,ggZH,125.57367489607721,hadronic,0,2,2,2,0.0,0.0,0.0,1.0,1.0
5184,WH,123.21983592825153,hadronic,0,5,5,3,0.0,0.0,0.0,1.0,1.0
5190,ggZH,123.39658037147801,hadronic,0,0,0,0,0.0,0.0,0.0,1.0,1.0
5192,ZH,128.38262332476666,hadronic,0,1,1,1,0.0,0.0,0.0,1.0,1.0
5193,VBF,150.8788089164446,hadronic,0,4,4,2,0.0,0.0,0.0,1.0,0.0
5194,VBF,152.96171704405367,hadronic,0,1,1,0,0.0,0.0,0.0,1.0,0.0
5196,WH,123.87795975238616,leptonic_bookkeeping,1,2,2,1,0.0,0.0,0.0,1.0,1.0
5201,WH,128.4618247012306,leptonic_bookkeeping,1,1,1,0,0.0,0.0,0.0,1.0,1.0
5204,ZH,127.64979024431454,hadronic,0,3,3,2,0.0,0.0,0.0,1.0,1.0
5205,tH,126.883309082978,leptonic_bookkeeping,1,1,1,0,0.0,0.0,0.0,1.0,1.0
5206,ttH,123.61148079749978,leptonic_bookkeeping,1,0,0,0,0.0,0.0,0.0,1.0,1.0
5207,ggH,124.00012451158959,leptonic_bookkeeping,1,1,1,1,0.0,0.0,0.0,1.0,1.0
5208,WH,127.43014405051228,hadronic,0,0,0,0,0.0,0.0,0.0,1.0,1.0
5209,tH,124.52868490537574,leptonic_bookkeeping,1,1,1,1,0.0,0.0,0.0,1.0,1.0
5211,ZH,127.49421076934655,hadronic,0,3,3,2,0.0,0.0,0.0,1.0,1.0
5212,ZH,127.51685321663275,leptonic_bookkeeping,1,1,1,1,0.0,0.0,0.0,1.0,1.0
5214,ZH,127.63655501921195,hadronic,0,2,2,1,0.0,0.0,0.0,1.0,1.0
5218,ttH,123.59975372075326,leptonic_bookkeeping,1,1,1,0,0.0,0.0,0.0,1.0,1.0
5220,WH,124.07987946635379,hadronic,0,0,0,0,0.0,0.0,0.0,1.0,1.0
5221,WH,125.6290799438452,leptonic_bookkeeping,1,4,4,3,0.0,0.0,0.0,1.0,1.0
5222,ggH,125.72932856203127,leptonic_bookkeeping,1,2,2,2,0.0,0.0,0.0,1.0,1.0
5223,tH,126.69538963269294,hadronic,0,1,1,1,0.0,0.0,0.0,1.0,1.0
5224,VBF,146.16222389526402,hadronic,0,1,1,0,0.0,0.0,0.0,1.0,0.0
5225,ZH,123.88153286318267,leptonic_bookkeeping,1,2,2,1,0.0,0.0,0.0,1.0,1.0
5227,WH,126.34961491959149,leptonic_bookkeeping,1,4,4,2,0.0,0.0,0.0,1.0,1.0
5229,WH,126.41869977480027,hadronic,0,0,0,0,0.0,0.0,0.0,1.0,1.0
5230,VBF,114.61650142500925,leptonic_bookkeeping,1,3,3,2,0.0,0.0,0.0,1.0,0.0
5231,ZH,127.98323271997803,leptonic_bookkeeping,1,2,2,1,0.0,0.0,0.0,1.0,1.0
5232,ggZH,123.79621000911663,hadronic,0,3,3,1,0.0,0.0,0.0,1.0,1.0
5234,ggH,125.19364247987923,leptonic_bookkeeping,1,2,2,1,0.0,0.0,0.0,1.0,1.0
5235,tH,127.8203971827456,hadronic,0,3,3,2,0.0,0.0,0.0,1.0,1.0
5240,VBF,150.65607252430237,hadronic,0,3,3,1,0.0,0.0,0.0,1.0,0.0
5241,VBF,133.3221911422855,hadronic,0,1,1,1,0.0,0.0,0.0,1.0,0.0
5243,ZH,124.48231112504455,hadronic,0,1,1,1,0.0,0.0,0.0,1.0,1.0
5245,VBF,129.77756461015872,hadronic,0,3,3,2,0.0,0.0,0.0,1.0,0.0
5249,data_GamGam,149.21535621786035,hadronic,0,3,3,2,0.0,0.0,0.0,1.0,0.0
5250,tH,123.93708503458124,hadronic,0,1,1,0,0.0,0.0,0.0,1.0,1.0
5254,ZH,120.85605804774467,leptonic_bookkeeping,1,2,2,1,0.0,0.0,0.0,1.0,1.0
5256,ggH,123.78427254928485,leptonic_bookkeeping,1,0,0,0,0.0,0.0,0.0,1.0,1.0
5261,WH,124.67697273422776,leptonic_bookkeeping,1,4,4,0,0.0,0.0,0.0,1.0,1.0
5262,ZH,121.68820262619585,leptonic_bookkeeping,1,2,2,1,0.0,0.0,0.0,1.0,1.0
5266,WH,125.1814293767791,hadronic,0,3,3,2,0.0,0.0,0.0,1.0,1.0
5269,WH,125.56352667168727,leptonic_bookkeeping,1,1,1,0,0.0,0.0,0.0,1.0,1.0
5270,ggH,125.5710854209193,hadronic,0,3,3,1,0.0,0.0,0.0,1.0,1.0
5271,tH,125.21221267808187,leptonic_bookkeeping,1,0,0,0,0.0,0.0,0.0,1.0,1.0
5275,data_GamGam,159.75260759909514,hadronic,0,3,3,2,0.0,0.0,0.0,1.0,0.0
5276,VBF,126.50145962988016,hadronic,0,3,3,3,0.0,0.0,0.0,1.0,0.0
5278,ggZH,124.33730340784992,hadronic,0,4,4,3,0.0,0.0,0.0,1.0,1.0
5279,ggH,123.51613908477567,leptonic_bookkeeping,1,2,2,1,0.0,0.0,0.0,1.0,1.0
5280,VBF,152.8466754030668,hadronic,0,5,5,2,0.0,0.0,0.0,1.0,0.0
5281,tH,125.18670949670248,hadronic,0,2,2,2,0.0,0.0,0.0,1.0,1.0
5284,ZH,125.19645575863194,leptonic_bookkeeping,1,0,0,0,0.0,0.0,0.0,1.0,1.0
5287,data_GamGam,147.71280217689167,hadronic,0,4,4,4,0.0,0.0,0.0,1.0,0.0
5288,ZH,127.64952956467933,leptonic_bookkeeping,1,1,1,1,0.0,0.0,0.0,1.0,1.0
5289,VBF,119.76994263532302,leptonic_bookkeeping,1,0,0,0,0.0,0.0,0.0,1.0,0.0
5290,tH,124.68131661148688,hadronic,0,2,2,2,0.0,0.0,0.0,1.0,1.0
5292,ttH,125.0287989075087,leptonic_bookkeeping,1,0,0,0,0.0,0.0,0.0,1.0,1.0
5293,ggZH,121.54775806454322,hadronic,0,1,1,0,0.0,0.0,0.0,1.0,1.0
5294,WH,123.84620349723197,leptonic_bookkeeping,1,0,0,0,0.0,0.0,0.0,1.0,1.0
5296,ggZH,124.36908330374996,leptonic_bookkeeping,1,3,3,2,0.0,0.0,0.0,1.0,1.0
5297,data_GamGam,156.7098175935819,hadronic,0,3,3,2,0.0,0.0,0.0,1.0,0.0
5298,VBF,138.89430592283458,hadronic,0,3,3,1,0.0,0.0,0.0,1.0,0.0
5299,ZH,126.1343224003865,hadronic,0,2,2,0,0.0,0.0,0.0,1.0,1.0
5300,ZH,125.94138384230462,hadronic,0,2,2,1,0.0,0.0,0.0,1.0,1.0
5301,ZH,124.31503265737787,hadronic,0,0,0,0,0.0,0.0,0.0,1.0,1.0
5302,ggH,122.30713029543543,hadronic,0,3,3,1,0.0,0.0,0.0,1.0,1.0
5304,data_GamGam,112.66898157628285,hadronic,0,4,4,2,0.0,0.0,0.0,1.0,0.0
5307,WH,124.333132497503,hadronic,0,3,3,3,0.0,0.0,0.0,1.0,1.0
5309,tH,125.57796608081792,hadronic,0,4,4,3,0.0,0.0,0.0,1.0,1.0
5310,ggZH,125.15842730459376,hadronic,0,2,2,2,0.0,0.0,0.0,1.0,1.0
5311,data_GamGam,105.76460763574453,hadronic,0,2,2,2,0.0,0.0,0.0,1.0,0.0
5313,tH,126.47790766726908,hadronic,0,3,3,2,0.0,0.0,0.0,1.0,1.0
5316,WH,125.34153228950595,leptonic_bookkeeping,1,2,2,2,0.0,0.0,0.0,1.0,1.0
5319,ttH,125.28065337905566,hadronic,0,3,3,3,0.0,0.0,0.0,1.0,1.0
5320,ggZH,123.85604790703648,hadronic,0,1,1,1,0.0,0.0,0.0,1.0,1.0
5321,ZH,123.9312999901575,leptonic_bookkeeping,1,4,4,3,0.0,0.0,0.0,1.0,1.0
5324,ggZH,130.43667721550764,leptonic_bookkeeping,1,0,0,0,0.0,0.0,0.0,1.0,1.0
5325,ggH,121.35826747360147,leptonic_bookkeeping,1,2,2,1,0.0,0.0,0.0,1.0,1.0
5327,ggH,122.7648517227435,leptonic_bookkeeping,1,1,1,1,0.0,0.0,0.0,1.0,1.0
5328,ttH,123.48485696695981,hadronic,0,2,2,2,0.0,0.0,0.0,1.0,1.0
5332,data_GamGam,111.79102606392377,leptonic_bookkeeping,1,3,3,2,0.0,0.0,0.0,1.0,0.0
5334,ggH,126.47472814462004,leptonic_bookkeeping,1,3,3,2,0.0,0.0,0.0,1.0,1.0
5335,ZH,124.44407750721699,leptonic_bookkeeping,1,1,1,1,0.0,0.0,0.0,1.0,1.0
5336,tH,124.74288150340523,hadronic,0,1,1,0,0.0,0.0,0.0,1.0,1.0
5338,ZH,122.92119643886056,leptonic_bookkeeping,1,2,2,2,0.0,0.0,0.0,1.0,1.0
5339,ZH,124.57605533972686,hadronic,0,1,1,1,0.0,0.0,0.0,1.0,1.0
5341,tH,124.78561312011804,hadronic,0,2,2,1,0.0,0.0,0.0,1.0,1.0
5343,tH,123.88643208703077,hadronic,0,3,3,3,0.0,0.0,0.0,1.0,1.0
5344,VBF,104.64462370562308,hadronic,0,3,3,2,0.0,0.0,0.0,1.0,0.0
5346,data_GamGam,119.38907369544503,leptonic_bookkeeping,1,2,2,1,0.0,0.0,0.0,1.0,0.0
5351,ZH,124.03846875131777,leptonic_bookkeeping,1,3,3,3,0.0,0.0,0.0,1.0,1.0
5352,ggZH,122.51769282105447,leptonic_bookkeeping,1,3,3,2,0.0,0.0,0.0,1.0,1.0
5358,VBF,111.105931779081,hadronic,0,3,3,3,0.0,0.0,0.0,1.0,0.0
5360,ttH,125.11408525037476,hadronic,0,2,2,2,0.0,0.0,0.0,1.0,1.0
5361,data_GamGam,103.46080010595806,hadronic,0,2,2,1,0.0,0.0,0.0,1.0,0.0
5362,ggZH,124.62129511993705,hadronic,0,4,4,2,0.0,0.0,0.0,1.0,1.0
5363,VBF,118.83238543538049,leptonic_bookkeeping,1,3,3,2,0.0,0.0,0.0,1.0,0.0
5364,ggH,124.70190002359782,hadronic,0,2,2,2,0.0,0.0,0.0,1.0,1.0
5366,VBF,103.45622979957874,leptonic_bookkeeping,1,2,2,1,0.0,0.0,0.0,1.0,0.0
5367,tH,124.2707786740655,leptonic_bookkeeping,1,1,1,1,0.0,0.0,0.0,1.0,1.0
5369,ttH,123.94371625216924,leptonic_bookkeeping,1,1,1,1,0.0,0.0,0.0,1.0,1.0
5370,data_GamGam,159.51565016920702,leptonic_bookkeeping,1,2,2,2,0.0,0.0,0.0,1.0,0.0
5372,ggH,128.2911015057941,hadronic,0,3,3,3,0.0,0.0,0.0,1.0,1.0
5373,ttH,126.66370843881502,hadronic,0,4,4,2,0.0,0.0,0.0,1.0,1.0
5374,WH,123.99887040691821,leptonic_bookkeeping,1,1,1,1,0.0,0.0,0.0,1.0,1.0
5375,ttH,122.62316818421223,hadronic,0,2,2,1,0.0,0.0,0.0,1.0,1.0
5376,ZH,125.16651641992537,leptonic_bookkeeping,1,1,1,1,0.0,0.0,0.0,1.0,1.0
5377,data_GamGam,134.352252364696,hadronic,0,3,3,2,0.0,0.0,0.0,1.0,0.0
5379,ggH,124.2185049169094,hadronic,0,3,3,3,0.0,0.0,0.0,1.0,1.0
5381,tH,122.4624928343573,hadronic,0,2,2,1,0.0,0.0,0.0,1.0,1.0
5383,WH,126.50643890839993,hadronic,0,2,2,1,0.0,0.0,0.0,1.0,1.0
5384,ggH,126.21747852764389,hadronic,0,1,1,1,0.0,0.0,0.0,1.0,1.0
5385,ggZH,127.39986187743136,hadronic,0,1,1,1,0.0,0.0,0.0,1.0,1.0
5386,ZH,126.62863152737796,hadronic,0,1,1,1,0.0,0.0,0.0,1.0,1.0
5387,ggH,123.4767594917419,hadronic,0,4,4,3,0.0,0.0,0.0,1.0,1.0
5389,data_GamGam,150.25774485286328,hadronic,0,3,3,1,0.0,0.0,0.0,1.0,0.0
5390,ZH,124.57535792851593,hadronic,0,4,4,3,0.0,0.0,0.0,1.0,1.0
5391,VBF,131.21362306220527,hadronic,0,2,2,1,0.0,0.0,0.0,1.0,0.0
5392,tH,126.22919293513327,leptonic_bookkeeping,1,1,1,0,0.0,0.0,0.0,1.0,1.0
5394,ZH,124.71910853547357,hadronic,0,3,3,2,0.0,0.0,0.0,1.0,1.0
5395,ggH,124.33532853487473,leptonic_bookkeeping,1,1,1,0,0.0,0.0,0.0,1.0,1.0
5396,tH,125.87343114355143,leptonic_bookkeeping,1,3,3,2,0.0,0.0,0.0,1.0,1.0
5399,VBF,102.95311687960513,leptonic_bookkeeping,1,0,0,0,0.0,0.0,0.0,1.0,0.0
5400,tH,123.54069782622645,leptonic_bookkeeping,1,1,1,1,0.0,0.0,0.0,1.0,1.0
5403,ggZH,121.99661402537001,hadronic,0,2,2,2,0.0,0.0,0.0,1.0,1.0
5404,ggZH,124.26294369606023,hadronic,0,2,2,1,0.0,0.0,0.0,1.0,1.0
5405,WH,126.19403530753526,leptonic_bookkeeping,1,4,4,3,0.0,0.0,0.0,1.0,1.0
5406,ggH,126.91487769578976,hadronic,0,2,2,2,0.0,0.0,0.0,1.0,1.0
5409,data_GamGam,124.87665288168171,leptonic_bookkeeping,1,1,1,0,0.0,0.0,0.0,1.0,0.0
5410,ggH,123.23554669063661,hadronic,0,3,3,2,0.0,0.0,0.0,1.0,1.0
5412,ttH,122.3920227423314,leptonic_bookkeeping,1,1,1,1,0.0,0.0,0.0,1.0,1.0
5413,tH,124.15394697305418,leptonic_bookkeeping,1,2,2,0,0.0,0.0,0.0,1.0,1.0
5415,ttH,125.36951478157344,leptonic_bookkeeping,1,0,0,0,0.0,0.0,0.0,1.0,1.0
5418,tH,124.80195925379022,leptonic_bookkeeping,1,2,2,1,0.0,0.0,0.0,1.0,1.0
5420,ggH,129.2718927138465,hadronic,0,3,3,3,0.0,0.0,0.0,1.0,1.0
5421,ggH,121.12501488649403,leptonic_bookkeeping,1,2,2,1,0.0,0.0,0.0,1.0,1.0
5426,data_GamGam,134.65423726574915,leptonic_bookkeeping,1,0,0,0,0.0,0.0,0.0,1.0,0.0
5431,VBF,144.14499506238835,leptonic_bookkeeping,1,1,1,0,0.0,0.0,0.0,1.0,0.0
5432,data_GamGam,117.93244191667614,hadronic,0,2,2,1,0.0,0.0,0.0,1.0,0.0
5434,VBF,116.17103897437487,hadronic,0,2,2,2,0.0,0.0,0.0,1.0,0.0
5439,tH,126.52936678622955,hadronic,0,1,1,1,0.0,0.0,0.0,1.0,1.0
5443,data_GamGam,116.87211117377531,hadronic,0,1,1,1,0.0,0.0,0.0,1.0,0.0
5444,WH,120.95005450494513,leptonic_bookkeeping,1,1,1,1,0.0,0.0,0.0,1.0,1.0
5449,ttH,128.35931920716283,leptonic_bookkeeping,1,1,1,0,0.0,0.0,0.0,1.0,1.0
5450,tH,124.48985050628866,leptonic_bookkeeping,1,0,0,0,0.0,0.0,0.0,1.0,1.0
5451,tH,123.80401898279953,hadronic,0,3,3,1,0.0,0.0,0.0,1.0,1.0
5452,WH,124.16179966020623,hadronic,0,3,3,1,0.0,0.0,0.0,1.0,1.0
5453,tH,126.68859155369904,hadronic,0,2,2,1,0.0,0.0,0.0,1.0,1.0
5455,data_GamGam,116.37589134400096,hadronic,0,3,3,1,0.0,0.0,0.0,1.0,0.0
5457,ggZH,125.00214859717671,hadronic,0,4,4,3,0.0,0.0,0.0,1.0,1.0
5459,ggH,123.69609624868649,leptonic_bookkeeping,1,1,1,0,0.0,0.0,0.0,1.0,1.0
5461,ggH,126.75613805203822,hadronic,0,1,1,1,0.0,0.0,0.0,1.0,1.0
5462,tH,122.7889435618026,hadronic,0,3,3,2,0.0,0.0,0.0,1.0,1.0
5464,ttH,126.88917261108428,hadronic,0,2,2,2,0.0,0.0,0.0,1.0,1.0
5469,ZH,130.83484997152127,leptonic_bookkeeping,1,1,1,0,0.0,0.0,0.0,1.0,1.0
5470,data_GamGam,107.24288012405617,hadronic,0,3,3,2,0.0,0.0,0.0,1.0,0.0
5473,VBF,107.47666959194507,leptonic_bookkeeping,1,2,2,2,0.0,0.0,0.0,1.0,0.0
5474,ggZH,130.6028979038847,leptonic_bookkeeping,1,2,2,0,0.0,0.0,0.0,1.0,1.0
5479,ggH,128.20928947609,leptonic_bookkeeping,1,4,4,2,0.0,0.0,0.0,1.0,1.0
5480,WH,126.16232933562256,hadronic,0,3,3,1,0.0,0.0,0.0,1.0,1.0
5481,data_GamGam,106.48183069192666,leptonic_bookkeeping,1,0,0,0,0.0,0.0,0.0,1.0,0.0
5484,VBF,137.68230647440834,leptonic_bookkeeping,1,2,2,1,0.0,0.0,0.0,1.0,0.0
5489,WH,125.84438695238292,hadronic,0,2,2,2,0.0,0.0,0.0,1.0,1.0
5492,WH,121.0310006851647,hadronic,0,1,1,1,0.0,0.0,0.0,1.0,1.0
5497,ggH,122.97131430873168,hadronic,0,0,0,0,0.0,0.0,0.0,1.0,1.0
5498,tH,125.30199822029394,leptonic_bookkeeping,1,1,1,0,0.0,0.0,0.0,1.0,1.0
5500,data_GamGam,130.21110623934123,leptonic_bookkeeping,1,1,1,1,0.0,0.0,0.0,1.0,0.0
5504,data_GamGam,118.0570376296103,leptonic_bookkeeping,1,2,2,1,0.0,0.0,0.0,1.0,0.0
5505,ggZH,128.6954519084167,hadronic,0,1,1,1,0.0,0.0,0.0,1.0,1.0
5506,ZH,127.36740661163564,hadronic,0,2,2,0,0.0,0.0,0.0,1.0,1.0
5507,tH,126.36232654205918,hadronic,0,2,2,2,0.0,0.0,0.0,1.0,1.0
5508,WH,124.3686590587777,leptonic_bookkeeping,1,2,2,2,0.0,0.0,0.0,1.0,1.0
5509,ggH,126.8488318539009,hadronic,0,3,3,2,0.0,0.0,0.0,1.0,1.0
5510,ZH,124.75532660888342,leptonic_bookkeeping,1,3,3,2,0.0,0.0,0.0,1.0,1.0
5514,data_GamGam,152.46612814163166,hadronic,0,4,4,4,0.0,0.0,0.0,1.0,0.0
5515,ttH,120.28701903776113,leptonic_bookkeeping,1,2,2,0,0.0,0.0,0.0,1.0,1.0
5517,VBF,152.79724572659876,hadronic,0,2,2,1,0.0,0.0,0.0,1.0,0.0
5520,VBF,153.88123418540718,hadronic,0,2,2,1,0.0,0.0,0.0,1.0,0.0
5521,ggZH,121.67356067001145,hadronic,0,1,1,1,0.0,0.0,0.0,1.0,1.0
5522,ttH,123.11770155028094,leptonic_bookkeeping,1,1,1,1,0.0,0.0,0.0,1.0,1.0
5523,ZH,123.52360922367684,hadronic,0,3,3,3,0.0,0.0,0.0,1.0,1.0
5524,ggZH,122.64650561425934,leptonic_bookkeeping,1,3,3,2,0.0,0.0,0.0,1.0,1.0
5526,tH,125.36813044046278,leptonic_bookkeeping,1,3,3,3,0.0,0.0,0.0,1.0,1.0
5527,ttH,126.54606918263877,hadronic,0,2,2,2,0.0,0.0,0.0,1.0,1.0
5528,VBF,141.16365950847597,hadronic,0,4,4,2,0.0,0.0,0.0,1.0,0.0
5530,data_GamGam,131.46837909560372,leptonic_bookkeeping,1,2,2,1,0.0,0.0,0.0,1.0,0.0
5531,data_GamGam,114.78228663520879,hadronic,0,3,3,3,0.0,0.0,0.0,1.0,0.0
5532,ggZH,122.8620201767003,hadronic,0,3,3,2,0.0,0.0,0.0,1.0,1.0
5533,VBF,141.49326523627738,leptonic_bookkeeping,1,2,2,1,0.0,0.0,0.0,1.0,0.0
5536,VBF,124.66649862138036,hadronic,0,3,3,3,0.0,0.0,0.0,1.0,0.0
5538,ttH,127.12424634470132,hadronic,0,2,2,1,0.0,0.0,0.0,1.0,1.0
5539,ggH,127.78918087095016,hadronic,0,2,2,1,0.0,0.0,0.0,1.0,1.0
5540,ttH,124.55970302309679,leptonic_bookkeeping,1,5,5,4,0.0,0.0,0.0,1.0,1.0
5541,WH,123.08515510428536,leptonic_bookkeeping,1,1,1,1,0.0,0.0,0.0,1.0,1.0
5542,tH,124.38574058261285,leptonic_bookkeeping,1,3,3,2,0.0,0.0,0.0,1.0,1.0
5545,WH,124.12313523702906,hadronic,0,4,4,2,0.0,0.0,0.0,1.0,1.0
5547,VBF,149.6999109783227,hadronic,0,3,3,1,0.0,0.0,0.0,1.0,0.0
5548,ttH,125.29389398927657,hadronic,0,2,2,1,0.0,0.0,0.0,1.0,1.0
5552,tH,125.49071802236773,leptonic_bookkeeping,1,0,0,0,0.0,0.0,0.0,1.0,1.0
5553,WH,124.46533324511016,leptonic_bookkeeping,1,1,1,1,0.0,0.0,0.0,1.0,1.0
5554,tH,124.03575942346207,hadronic,0,1,1,1,0.0,0.0,0.0,1.0,1.0
5555,ZH,122.55731589044095,hadronic,0,2,2,1,0.0,0.0,0.0,1.0,1.0
5556,ggZH,127.86512648820748,leptonic_bookkeeping,1,2,2,1,0.0,0.0,0.0,1.0,1.0
5557,ggZH,126.09786338005796,leptonic_bookkeeping,1,2,2,1,0.0,0.0,0.0,1.0,1.0
5558,ggH,126.46407377752969,hadronic,0,2,2,1,0.0,0.0,0.0,1.0,1.0
5560,VBF,105.83799597554186,leptonic_bookkeeping,1,2,2,2,0.0,0.0,0.0,1.0,0.0
5562,ttH,120.29141746459669,hadronic,0,3,3,2,0.0,0.0,0.0,1.0,1.0
5566,ggZH,129.16087059162808,hadronic,0,2,2,1,0.0,0.0,0.0,1.0,1.0
5567,data_GamGam,131.12762074040577,hadronic,0,3,3,2,0.0,0.0,0.0,1.0,0.0
5568,ZH,126.08804803439178,hadronic,0,2,2,1,0.0,0.0,0.0,1.0,1.0
5570,WH,122.56633899853051,leptonic_bookkeeping,1,4,4,3,0.0,0.0,0.0,1.0,1.0
5571,WH,124.15334690380098,leptonic_bookkeeping,1,0,0,0,0.0,0.0,0.0,1.0,1.0
5572,tH,125.83491619222482,hadronic,0,2,2,1,0.0,0.0,0.0,1.0,1.0
5578,tH,124.62612609287712,hadronic,0,2,2,1,0.0,0.0,0.0,1.0,1.0
5579,ttH,125.0682187677254,leptonic_bookkeeping,1,2,2,2,0.0,0.0,0.0,1.0,1.0
5580,ttH,119.98079698626533,leptonic_bookkeeping,1,2,2,1,0.0,0.0,0.0,1.0,1.0
5582,ggH,125.03374532321726,leptonic_bookkeeping,1,2,2,2,0.0,0.0,0.0,1.0,1.0
5584,VBF,147.09168551821017,hadronic,0,2,2,2,0.0,0.0,0.0,1.0,0.0
5587,data_GamGam,115.79635317011446,hadronic,0,2,2,0,0.0,0.0,0.0,1.0,0.0
5588,VBF,102.3874916811906,leptonic_bookkeeping,1,2,2,2,0.0,0.0,0.0,1.0,0.0
5589,ggZH,122.26530377965928,hadronic,0,2,2,1,0.0,0.0,0.0,1.0,1.0
5593,WH,123.71717723316212,hadronic,0,1,1,1,0.0,0.0,0.0,1.0,1.0
5594,ttH,122.48084188724012,leptonic_bookkeeping,1,2,2,2,0.0,0.0,0.0,1.0,1.0
5597,ggH,125.34895142705244,leptonic_bookkeeping,1,1,1,1,0.0,0.0,0.0,1.0,1.0
5598,VBF,122.99029849586059,hadronic,0,1,1,0,0.0,0.0,0.0,1.0,0.0
5599,VBF,144.79690267576385,leptonic_bookkeeping,1,1,1,1,0.0,0.0,0.0,1.0,0.0
5602,WH,122.21473206511051,hadronic,0,0,0,0,0.0,0.0,0.0,1.0,1.0
5604,ZH,122.90937319054635,leptonic_bookkeeping,1,0,0,0,0.0,0.0,0.0,1.0,1.0
5605,VBF,122.9933705501287,hadronic,0,2,2,2,0.0,0.0,0.0,1.0,0.0
5606,tH,124.24069013376612,leptonic_bookkeeping,1,1,1,0,0.0,0.0,0.0,1.0,1.0
5607,ggH,125.93023989791286,leptonic_bookkeeping,1,2,2,1,0.0,0.0,0.0,1.0,1.0
5608,ggH,127.55596312571417,hadronic,0,2,2,2,0.0,0.0,0.0,1.0,1.0
5609,WH,124.63511093034347,hadronic,0,2,2,2,0.0,0.0,0.0,1.0,1.0
5610,VBF,107.25740535625042,hadronic,0,2,2,1,0.0,0.0,0.0,1.0,0.0
5612,VBF,108.87526094146232,hadronic,0,2,2,2,0.0,0.0,0.0,1.0,0.0
5613,ggH,124.22041801918184,hadronic,0,3,3,1,0.0,0.0,0.0,1.0,1.0
5616,WH,128.193076374609,hadronic,0,3,3,2,0.0,0.0,0.0,1.0,1.0
5617,ggH,124.89350299835789,hadronic,0,2,2,1,0.0,0.0,0.0,1.0,1.0
5619,ggZH,124.52318265303722,leptonic_bookkeeping,1,0,0,0,0.0,0.0,0.0,1.0,1.0
5621,VBF,154.42284602354053,hadronic,0,3,3,2,0.0,0.0,0.0,1.0,0.0
5623,tH,127.71306988542102,leptonic_bookkeeping,1,1,1,1,0.0,0.0,0.0,1.0,1.0
5626,data_GamGam,123.500589657266,leptonic_bookkeeping,1,2,2,1,0.0,0.0,0.0,1.0,0.0
5631,VBF,103.31749461351956,leptonic_bookkeeping,1,1,1,1,0.0,0.0,0.0,1.0,0.0
5632,data_GamGam,115.65363902273477,hadronic,0,3,3,1,0.0,0.0,0.0,1.0,0.0
5633,VBF,120.04789254640326,hadronic,0,4,4,1,0.0,0.0,0.0,1.0,0.0
5634,tH,121.22024800878638,hadronic,0,2,2,2,0.0,0.0,0.0,1.0,1.0
5637,data_GamGam,116.59644898587297,leptonic_bookkeeping,1,3,3,1,0.0,0.0,0.0,1.0,0.0
5638,ZH,123.17860260995022,leptonic_bookkeeping,1,2,2,1,0.0,0.0,0.0,1.0,1.0
5641,ttH,124.69207206137317,hadronic,0,2,2,2,0.0,0.0,0.0,1.0,1.0
5642,data_GamGam,154.62588781167221,hadronic,0,2,2,2,0.0,0.0,0.0,1.0,0.0
5643,ZH,124.64350461191341,hadronic,0,3,3,2,0.0,0.0,0.0,1.0,1.0
5646,ZH,124.09786707448347,hadronic,0,2,2,1,0.0,0.0,0.0,1.0,1.0
5647,ggH,127.3973706653533,leptonic_bookkeeping,1,1,1,1,0.0,0.0,0.0,1.0,1.0
5650,data_GamGam,115.78441169908288,leptonic_bookkeeping,1,1,1,1,0.0,0.0,0.0,1.0,0.0
5652,data_GamGam,115.39077091084292,hadronic,0,3,3,1,0.0,0.0,0.0,1.0,0.0
5653,ZH,128.1793410738751,hadronic,0,3,3,2,0.0,0.0,0.0,1.0,1.0
5655,tH,124.57109841929217,hadronic,0,3,3,2,0.0,0.0,0.0,1.0,1.0
5657,ggH,128.6933791647116,hadronic,0,3,3,2,0.0,0.0,0.0,1.0,1.0
5658,ZH,125.91451538922537,leptonic_bookkeeping,1,1,1,1,0.0,0.0,0.0,1.0,1.0
5659,WH,124.99262216956618,leptonic_bookkeeping,1,1,1,0,0.0,0.0,0.0,1.0,1.0
5661,data_GamGam,106.81063965025245,leptonic_bookkeeping,1,1,1,1,0.0,0.0,0.0,1.0,0.0
5662,data_GamGam,158.6329152895311,hadronic,0,2,2,0,0.0,0.0,0.0,1.0,0.0
5663,VBF,117.40396369064689,hadronic,0,4,4,2,0.0,0.0,0.0,1.0,0.0
5666,ttH,125.43288964991781,hadronic,0,3,3,2,0.0,0.0,0.0,1.0,1.0
5667,WH,120.96662571135273,leptonic_bookkeeping,1,1,1,1,0.0,0.0,0.0,1.0,1.0
5668,ggH,122.91325103067925,leptonic_bookkeeping,1,1,1,1,0.0,0.0,0.0,1.0,1.0
5670,tH,127.41108563917301,hadronic,0,3,3,1,0.0,0.0,0.0,1.0,1.0
5671,ggH,123.79007361986434,leptonic_bookkeeping,1,1,1,1,0.0,0.0,0.0,1.0,1.0
5673,ZH,126.10239350882958,leptonic_bookkeeping,1,2,2,1,0.0,0.0,0.0,1.0,1.0
5674,tH,123.21738035692626,hadronic,0,1,1,1,0.0,0.0,0.0,1.0,1.0
5675,data_GamGam,128.3483950204226,hadronic,0,5,5,4,0.0,0.0,0.0,1.0,0.0
5676,data_GamGam,110.53014615834647,leptonic_bookkeeping,1,2,2,0,0.0,0.0,0.0,1.0,0.0
5679,ggZH,126.4233580499402,hadronic,0,3,3,3,0.0,0.0,0.0,1.0,1.0
5680,ZH,123.5463728011215,leptonic_bookkeeping,1,2,2,1,0.0,0.0,0.0,1.0,1.0
5682,data_GamGam,121.71780387991299,leptonic_bookkeeping,1,1,1,1,0.0,0.0,0.0,1.0,0.0
5683,ttH,123.78746887326032,leptonic_bookkeeping,1,1,1,0,0.0,0.0,0.0,1.0,1.0
5685,ZH,128.78418791540406,leptonic_bookkeeping,1,2,2,2,0.0,0.0,0.0,1.0,1.0
5687,ggZH,126.34606823902962,hadronic,0,3,3,1,0.0,0.0,0.0,1.0,1.0
5688,VBF,110.99599648437628,hadronic,0,0,0,0,0.0,0.0,0.0,1.0,0.0
5689,ggZH,122.22992902484714,hadronic,0,1,1,1,0.0,0.0,0.0,1.0,1.0
5690,ggZH,125.03977184352694,hadronic,0,2,2,1,0.0,0.0,0.0,1.0,1.0
5691,WH,123.18524599788826,hadronic,0,3,3,1,0.0,0.0,0.0,1.0,1.0
5700,tH,126.81373574659032,hadronic,0,3,3,2,0.0,0.0,0.0,1.0,1.0
5702,data_GamGam,109.72673239228317,leptonic_bookkeeping,1,1,1,1,0.0,0.0,0.0,1.0,0.0
5703,tH,122.70448414999274,leptonic_bookkeeping,1,1,1,1,0.0,0.0,0.0,1.0,1.0
5705,tH,119.60526305270228,hadronic,0,2,2,2,0.0,0.0,0.0,1.0,1.0
5708,WH,123.20931424994724,leptonic_bookkeeping,1,2,2,0,0.0,0.0,0.0,1.0,1.0
5710,ZH,120.21162846432584,leptonic_bookkeeping,1,2,2,1,0.0,0.0,0.0,1.0,1.0
5716,ttH,124.25539645934217,hadronic,0,2,2,1,0.0,0.0,0.0,1.0,1.0
5722,WH,127.47250545495378,hadronic,0,2,2,1,0.0,0.0,0.0,1.0,1.0
5723,data_GamGam,102.70779716990505,hadronic,0,0,0,0,0.0,0.0,0.0,1.0,0.0
5725,tH,127.36717223727764,leptonic_bookkeeping,1,1,1,1,0.0,0.0,0.0,1.0,1.0
5726,ZH,123.4068328561039,leptonic_bookkeeping,1,2,2,2,0.0,0.0,0.0,1.0,1.0
5727,VBF,114.31400055287162,leptonic_bookkeeping,1,1,1,1,0.0,0.0,0.0,1.0,0.0
5731,tH,126.81077481283624,leptonic_bookkeeping,1,1,1,1,0.0,0.0,0.0,1.0,1.0
5732,ZH,124.46958529719346,leptonic_bookkeeping,1,1,1,0,0.0,0.0,0.0,1.0,1.0
5735,tH,124.74054240802775,hadronic,0,2,2,1,0.0,0.0,0.0,1.0,1.0
5736,ggH,127.51758556244665,leptonic_bookkeeping,1,1,1,1,0.0,0.0,0.0,1.0,1.0
5739,ggH,124.61039490799327,leptonic_bookkeeping,1,0,0,0,0.0,0.0,0.0,1.0,1.0
5740,ttH,126.52641812688047,hadronic,0,1,1,1,0.0,0.0,0.0,1.0,1.0
5743,ggZH,126.50412213884438,hadronic,0,1,1,0,0.0,0.0,0.0,1.0,1.0
5751,ggZH,122.72017495450282,hadronic,0,3,3,3,0.0,0.0,0.0,1.0,1.0
5752,ZH,127.79703301183064,leptonic_bookkeeping,1,2,2,2,0.0,0.0,0.0,1.0,1.0
5753,WH,122.43760381107455,hadronic,0,2,2,1,0.0,0.0,0.0,1.0,1.0
5755,tH,124.42485910289436,leptonic_bookkeeping,1,1,1,1,0.0,0.0,0.0,1.0,1.0
5756,VBF,154.2688075111251,hadronic,0,1,1,0,0.0,0.0,0.0,1.0,0.0
5759,data_GamGam,131.6666322288116,leptonic_bookkeeping,1,3,3,1,0.0,0.0,0.0,1.0,0.0
5760,ggH,127.37880509532674,leptonic_bookkeeping,1,0,0,0,0.0,0.0,0.0,1.0,1.0
5761,VBF,105.87150555077739,leptonic_bookkeeping,1,0,0,0,0.0,0.0,0.0,1.0,0.0
5767,WH,125.5483037687205,hadronic,0,4,4,1,0.0,0.0,0.0,1.0,1.0
5768,ZH,125.10243089534345,hadronic,0,2,2,1,0.0,0.0,0.0,1.0,1.0
5769,tH,126.39635251343658,hadronic,0,3,3,2,0.0,0.0,0.0,1.0,1.0
5770,data_GamGam,158.75428817291782,hadronic,0,4,4,2,0.0,0.0,0.0,1.0,0.0
5772,tH,130.09755899911875,hadronic,0,2,2,1,0.0,0.0,0.0,1.0,1.0
5776,WH,123.43627112854013,hadronic,0,2,2,2,0.0,0.0,0.0,1.0,1.0
5779,ttH,122.49907661994153,hadronic,0,2,2,1,0.0,0.0,0.0,1.0,1.0
5780,data_GamGam,111.37246690937734,leptonic_bookkeeping,1,2,2,2,0.0,0.0,0.0,1.0,0.0
5783,ggZH,124.35868175801409,hadronic,0,2,2,1,0.0,0.0,0.0,1.0,1.0
5784,WH,121.90475688856414,hadronic,0,1,1,0,0.0,0.0,0.0,1.0,1.0
5785,ZH,123.52243004039596,leptonic_bookkeeping,1,0,0,0,0.0,0.0,0.0,1.0,1.0
5786,VBF,130.7256656264959,hadronic,0,3,3,2,0.0,0.0,0.0,1.0,0.0
5788,VBF,133.58923865140875,leptonic_bookkeeping,1,2,2,1,0.0,0.0,0.0,1.0,0.0
5791,tH,123.90699727337856,hadronic,0,3,3,2,0.0,0.0,0.0,1.0,1.0
5793,VBF,123.80392999001074,leptonic_bookkeeping,1,2,2,1,0.0,0.0,0.0,1.0,0.0
5798,tH,128.4818153037084,leptonic_bookkeeping,1,1,1,1,0.0,0.0,0.0,1.0,1.0
5799,VBF,159.6168923185362,hadronic,0,2,2,1,0.0,0.0,0.0,1.0,0.0
5802,ZH,124.97586264138651,hadronic,0,2,2,1,0.0,0.0,0.0,1.0,1.0
5805,data_GamGam,146.55961898190532,hadronic,0,2,2,1,0.0,0.0,0.0,1.0,0.0
5807,ttH,130.41981842440296,hadronic,0,0,0,0,0.0,0.0,0.0,1.0,1.0
5809,WH,126.03077389237846,leptonic_bookkeeping,1,3,3,2,0.0,0.0,0.0,1.0,1.0
5810,ggH,123.36224204264697,leptonic_bookkeeping,1,2,2,2,0.0,0.0,0.0,1.0,1.0
5811,ZH,123.37981927288966,leptonic_bookkeeping,1,1,1,0,0.0,0.0,0.0,1.0,1.0
5812,tH,126.86070108040923,leptonic_bookkeeping,1,4,4,4,0.0,0.0,0.0,1.0,1.0
5813,data_GamGam,158.5592490725702,leptonic_bookkeeping,1,0,0,0,0.0,0.0,0.0,1.0,0.0
5814,ggZH,126.61625175971376,hadronic,0,2,2,2,0.0,0.0,0.0,1.0,1.0
5816,tH,123.70892689258208,leptonic_bookkeeping,1,4,4,4,0.0,0.0,0.0,1.0,1.0
5817,ZH,122.63672876172947,hadronic,0,3,3,2,0.0,0.0,0.0,1.0,1.0
5818,data_GamGam,128.0760023548075,hadronic,0,2,2,1,0.0,0.0,0.0,1.0,0.0
5820,ggZH,125.14157489911106,leptonic_bookkeeping,1,3,3,1,0.0,0.0,0.0,1.0,1.0
5825,ZH,124.50265959592203,leptonic_bookkeeping,1,2,2,0,0.0,0.0,0.0,1.0,1.0
5826,VBF,152.99734196124277,leptonic_bookkeeping,1,3,3,3,0.0,0.0,0.0,1.0,0.0
5827,VBF,136.10954360970618,leptonic_bookkeeping,1,3,3,3,0.0,0.0,0.0,1.0,0.0
5828,ggZH,124.5187256412626,leptonic_bookkeeping,1,2,2,0,0.0,0.0,0.0,1.0,1.0
5829,ggZH,127.27141183609952,hadronic,0,2,2,0,0.0,0.0,0.0,1.0,1.0
5835,ZH,122.15787351704184,hadronic,0,2,2,1,0.0,0.0,0.0,1.0,1.0
5837,ZH,126.5694141863476,hadronic,0,0,0,0,0.0,0.0,0.0,1.0,1.0
5839,ZH,123.54239453632411,hadronic,0,3,3,2,0.0,0.0,0.0,1.0,1.0
5841,ZH,123.71053844860072,hadronic,0,3,3,1,0.0,0.0,0.0,1.0,1.0
5842,WH,123.39284390510011,hadronic,0,3,3,2,0.0,0.0,0.0,1.0,1.0
5844,tH,124.27517294135504,hadronic,0,0,0,0,0.0,0.0,0.0,1.0,1.0
5845,ZH,125.02882376886336,hadronic,0,4,4,3,0.0,0.0,0.0,1.0,1.0
5846,WH,124.66522263333529,leptonic_bookkeeping,1,2,2,1,0.0,0.0,0.0,1.0,1.0
5847,VBF,113.63134873821002,hadronic,0,0,0,0,0.0,0.0,0.0,1.0,0.0
5848,ZH,124.38408957884272,leptonic_bookkeeping,1,4,4,1,0.0,0.0,0.0,1.0,1.0
5849,WH,126.71008484305194,hadronic,0,2,2,1,0.0,0.0,0.0,1.0,1.0
5850,ggZH,124.17610204451272,leptonic_bookkeeping,1,4,4,3,0.0,0.0,0.0,1.0,1.0
5851,VBF,125.67335787584864,hadronic,0,2,2,1,0.0,0.0,0.0,1.0,0.0
5854,ggZH,123.06612812810887,hadronic,0,0,0,0,0.0,0.0,0.0,1.0,1.0
5855,VBF,122.70711167752665,hadronic,0,2,2,2,0.0,0.0,0.0,1.0,0.0
5856,WH,125.9066551039429,hadronic,0,3,3,2,0.0,0.0,0.0,1.0,1.0
5857,ZH,126.69499942414376,hadronic,0,2,2,2,0.0,0.0,0.0,1.0,1.0
5858,WH,128.1623392226699,hadronic,0,2,2,1,0.0,0.0,0.0,1.0,1.0
5859,VBF,151.84032741218502,hadronic,0,4,4,3,0.0,0.0,0.0,1.0,0.0
5861,tH,125.12916910806472,leptonic_bookkeeping,1,2,2,1,0.0,0.0,0.0,1.0,1.0
5862,ggZH,127.71740199960907,hadronic,0,1,1,0,0.0,0.0,0.0,1.0,1.0
5863,ggH,123.84750092337258,leptonic_bookkeeping,1,2,2,1,0.0,0.0,0.0,1.0,1.0
5865,ggZH,123.52536116274591,hadronic,0,4,4,2,0.0,0.0,0.0,1.0,1.0
5869,ggZH,123.6703579338371,leptonic_bookkeeping,1,1,1,1,0.0,0.0,0.0,1.0,1.0
5871,tH,128.35698964040049,leptonic_bookkeeping,1,0,0,0,0.0,0.0,0.0,1.0,1.0
5872,tH,128.35012468755386,hadronic,0,3,3,2,0.0,0.0,0.0,1.0,1.0
5874,ggH,126.03142319218557,leptonic_bookkeeping,1,2,2,1,0.0,0.0,0.0,1.0,1.0
5879,data_GamGam,153.89217922199865,leptonic_bookkeeping,1,2,2,1,0.0,0.0,0.0,1.0,0.0
5885,ggZH,126.45810173113445,hadronic,0,2,2,2,0.0,0.0,0.0,1.0,1.0
5892,ggH,123.2575508480172,hadronic,0,2,2,2,0.0,0.0,0.0,1.0,1.0
5895,ttH,124.09436678740119,leptonic_bookkeeping,1,4,4,3,0.0,0.0,0.0,1.0,1.0
5896,data_GamGam,100.97928948163407,hadronic,0,2,2,1,0.0,0.0,0.0,1.0,0.0
5897,ggZH,126.40965237475099,hadronic,0,2,2,1,0.0,0.0,0.0,1.0,1.0
5898,VBF,136.0824557717146,leptonic_bookkeeping,1,1,1,1,0.0,0.0,0.0,1.0,0.0
5902,tH,124.50581982300471,hadronic,0,5,5,2,0.0,0.0,0.0,1.0,1.0
5906,ZH,124.17663371066818,hadronic,0,3,3,2,0.0,0.0,0.0,1.0,1.0
5908,ggH,127.31084701478368,leptonic_bookkeeping,1,1,1,1,0.0,0.0,0.0,1.0,1.0
5914,tH,125.02700932294165,leptonic_bookkeeping,1,4,4,2,0.0,0.0,0.0,1.0,1.0
5915,tH,124.47266500557687,hadronic,0,4,4,2,0.0,0.0,0.0,1.0,1.0
5919,ggZH,124.62500599089243,hadronic,0,0,0,0,0.0,0.0,0.0,1.0,1.0
5920,tH,123.63382090603953,hadronic,0,2,2,1,0.0,0.0,0.0,1.0,1.0
5922,ttH,125.07136454597824,hadronic,0,2,2,1,0.0,0.0,0.0,1.0,1.0
5925,WH,123.41689188494631,hadronic,0,1,1,1,0.0,0.0,0.0,1.0,1.0
5929,ggH,124.02196455132699,hadronic,0,0,0,0,0.0,0.0,0.0,1.0,1.0
5933,tH,122.59674652920548,leptonic_bookkeeping,1,3,3,3,0.0,0.0,0.0,1.0,1.0
5935,WH,123.41973999697247,hadronic,0,1,1,1,0.0,0.0,0.0,1.0,1.0
5936,ggZH,123.9162893230754,leptonic_bookkeeping,1,1,1,0,0.0,0.0,0.0,1.0,1.0
5937,data_GamGam,111.07799458448879,hadronic,0,3,3,2,0.0,0.0,0.0,1.0,0.0
5939,ZH,127.42351167961039,leptonic_bookkeeping,1,1,1,1,0.0,0.0,0.0,1.0,1.0
5942,tH,124.02574838740323,hadronic,0,1,1,1,0.0,0.0,0.0,1.0,1.0
5943,ttH,121.02887776532296,hadronic,0,3,3,3,0.0,0.0,0.0,1.0,1.0
5945,WH,125.70704851785717,hadronic,0,1,1,1,0.0,0.0,0.0,1.0,1.0
5949,WH,124.83183657778338,hadronic,0,1,1,1,0.0,0.0,0.0,1.0,1.0
5952,tH,124.36994343743932,leptonic_bookkeeping,1,2,2,0,0.0,0.0,0.0,1.0,1.0
5953,ggH,129.43989671817886,leptonic_bookkeeping,1,3,3,2,0.0,0.0,0.0,1.0,1.0
5956,ggZH,126.46357494260471,leptonic_bookkeeping,1,3,3,1,0.0,0.0,0.0,1.0,1.0
5957,ggH,124.87068063000802,hadronic,0,2,2,2,0.0,0.0,0.0,1.0,1.0
5959,ggZH,126.6348538910037,leptonic_bookkeeping,1,1,1,0,0.0,0.0,0.0,1.0,1.0
5960,VBF,137.9310703394683,hadronic,0,1,1,0,0.0,0.0,0.0,1.0,0.0
5962,data_GamGam,127.27895264122293,leptonic_bookkeeping,1,3,3,1,0.0,0.0,0.0,1.0,0.0
5963,ZH,122.44234671169629,hadronic,0,3,3,2,0.0,0.0,0.0,1.0,1.0
5964,VBF,103.20234306597143,hadronic,0,0,0,0,0.0,0.0,0.0,1.0,0.0
5967,ggH,122.62353976943321,leptonic_bookkeeping,1,3,3,2,0.0,0.0,0.0,1.0,1.0
5971,data_GamGam,120.77386518412227,leptonic_bookkeeping,1,0,0,0,0.0,0.0,0.0,1.0,0.0
5972,ggH,127.57419539402645,leptonic_bookkeeping,1,1,1,1,0.0,0.0,0.0,1.0,1.0
5973,tH,125.62298175592669,leptonic_bookkeeping,1,2,2,1,0.0,0.0,0.0,1.0,1.0
5974,data_GamGam,128.86223538501216,leptonic_bookkeeping,1,2,2,2,0.0,0.0,0.0,1.0,0.0
5977,ttH,125.10423596052682,leptonic_bookkeeping,1,1,1,1,0.0,0.0,0.0,1.0,1.0
5978,ttH,124.84866469149269,leptonic_bookkeeping,1,1,1,1,0.0,0.0,0.0,1.0,1.0
5981,tH,124.64120528397325,hadronic,0,2,2,1,0.0,0.0,0.0,1.0,1.0
5984,ggZH,123.46075649485974,leptonic_bookkeeping,1,1,1,1,0.0,0.0,0.0,1.0,1.0
5985,WH,122.24690226896669,leptonic_bookkeeping,1,0,0,0,0.0,0.0,0.0,1.0,1.0
5986,data_GamGam,156.71348290190215,hadronic,0,4,4,2,0.0,0.0,0.0,1.0,0.0
5991,tH,123.22809404508222,leptonic_bookkeeping,1,2,2,1,0.0,0.0,0.0,1.0,1.0
5992,ggZH,125.41918793512977,hadronic,0,1,1,1,0.0,0.0,0.0,1.0,1.0
5994,ggZH,125.48417138528245,hadronic,0,2,2,1,0.0,0.0,0.0,1.0,1.0
5997,ggZH,124.00822105730698,hadronic,0,0,0,0,0.0,0.0,0.0,1.0,1.0
5998,ggZH,120.58702718083345,leptonic_bookkeeping,1,3,3,3,0.0,0.0,0.0,1.0,1.0
6000,ZH,129.04393085081537,hadronic,0,1,1,1,0.0,0.0,0.0,1.0,1.0
6001,VBF,110.88146283429336,hadronic,0,1,1,0,0.0,0.0,0.0,1.0,0.0
6003,ttH,122.56198819015755,leptonic_bookkeeping,1,0,0,0,0.0,0.0,0.0,1.0,1.0
6004,ggZH,125.53670568844616,leptonic_bookkeeping,1,0,0,0,0.0,0.0,0.0,1.0,1.0
6006,ggZH,128.94609618549137,hadronic,0,1,1,1,0.0,0.0,0.0,1.0,1.0
6008,ggZH,121.98540595709385,hadronic,0,2,2,1,0.0,0.0,0.0,1.0,1.0
6009,ZH,123.88399285809999,hadronic,0,4,4,2,0.0,0.0,0.0,1.0,1.0
6010,ggZH,124.85474718779977,hadronic,0,2,2,1,0.0,0.0,0.0,1.0,1.0
6011,tH,124.29869152883428,hadronic,0,1,1,1,0.0,0.0,0.0,1.0,1.0
6013,ttH,125.76494326990068,hadronic,0,0,0,0,0.0,0.0,0.0,1.0,1.0
6014,WH,123.19279690119147,hadronic,0,3,3,2,0.0,0.0,0.0,1.0,1.0
6016,data_GamGam,107.84179645033893,hadronic,0,3,3,1,0.0,0.0,0.0,1.0,0.0
6018,ttH,125.24967343224287,hadronic,0,4,4,2,0.0,0.0,0.0,1.0,1.0
6019,tH,121.89590937908834,leptonic_bookkeeping,1,0,0,0,0.0,0.0,0.0,1.0,1.0
6020,VBF,113.60094041346059,hadronic,0,1,1,1,0.0,0.0,0.0,1.0,0.0
6023,ttH,124.4178226124187,hadronic,0,2,2,1,0.0,0.0,0.0,1.0,1.0
6024,data_GamGam,135.04057667273383,hadronic,0,2,2,2,0.0,0.0,0.0,1.0,0.0
6025,ttH,122.46059928421634,leptonic_bookkeeping,1,1,1,1,0.0,0.0,0.0,1.0,1.0
6027,tH,124.27721838699175,hadronic,0,4,4,4,0.0,0.0,0.0,1.0,1.0
6030,WH,125.37174434620286,leptonic_bookkeeping,1,0,0,0,0.0,0.0,0.0,1.0,1.0
6031,WH,126.7155426356716,hadronic,0,2,2,1,0.0,0.0,0.0,1.0,1.0
6032,ZH,128.32341327701678,hadronic,0,1,1,1,0.0,0.0,0.0,1.0,1.0
6033,ggZH,127.71216030202116,hadronic,0,3,3,2,0.0,0.0,0.0,1.0,1.0
6034,data_GamGam,117.07202136557423,hadronic,0,1,1,1,0.0,0.0,0.0,1.0,0.0
6035,ZH,120.39471498840868,hadronic,0,2,2,2,0.0,0.0,0.0,1.0,1.0
6036,data_GamGam,119.83268202665732,hadronic,0,1,1,1,0.0,0.0,0.0,1.0,0.0
6037,ggZH,124.43207211281977,hadronic,0,0,0,0,0.0,0.0,0.0,1.0,1.0
6038,ggZH,122.47936453291348,hadronic,0,2,2,2,0.0,0.0,0.0,1.0,1.0
6042,tH,126.31908286375061,hadronic,0,0,0,0,0.0,0.0,0.0,1.0,1.0
6043,data_GamGam,111.89085589704447,leptonic_bookkeeping,1,3,3,1,0.0,0.0,0.0,1.0,0.0
6044,WH,124.45040792143736,hadronic,0,4,4,3,0.0,0.0,0.0,1.0,1.0
6045,tH,127.75144618648132,hadronic,0,3,3,0,0.0,0.0,0.0,1.0,1.0
6046,WH,124.81881127847156,leptonic_bookkeeping,1,3,3,2,0.0,0.0,0.0,1.0,1.0
6047,ggH,125.91076797998903,leptonic_bookkeeping,1,0,0,0,0.0,0.0,0.0,1.0,1.0
6048,ZH,125.17140553094684,leptonic_bookkeeping,1,1,1,0,0.0,0.0,0.0,1.0,1.0
6051,data_GamGam,117.53009480067107,hadronic,0,2,2,1,0.0,0.0,0.0,1.0,0.0
6052,VBF,137.31986989396816,hadronic,0,2,2,1,0.0,0.0,0.0,1.0,0.0
6053,VBF,152.63139540052808,leptonic_bookkeeping,1,2,2,1,0.0,0.0,0.0,1.0,0.0
6054,VBF,125.77270763767288,hadronic,0,2,2,2,0.0,0.0,0.0,1.0,0.0
6057,data_GamGam,100.08980890901047,hadronic,0,0,0,0,0.0,0.0,0.0,1.0,0.0
6058,VBF,116.4358930981922,hadronic,0,2,2,1,0.0,0.0,0.0,1.0,0.0
6062,ttH,126.00154166121959,hadronic,0,3,3,1,0.0,0.0,0.0,1.0,1.0
6065,ZH,128.3235856953318,hadronic,0,3,3,3,0.0,0.0,0.0,1.0,1.0
6067,ttH,125.62244803205338,hadronic,0,3,3,2,0.0,0.0,0.0,1.0,1.0
6069,ggZH,121.37956879272926,hadronic,0,1,1,1,0.0,0.0,0.0,1.0,1.0
6073,ttH,124.97499936501723,hadronic,0,3,3,1,0.0,0.0,0.0,1.0,1.0
6078,ggZH,127.57124181315139,hadronic,0,2,2,0,0.0,0.0,0.0,1.0,1.0
6082,tH,126.61490629743044,hadronic,0,3,3,3,0.0,0.0,0.0,1.0,1.0
6084,tH,122.58041206123738,leptonic_bookkeeping,1,3,3,2,0.0,0.0,0.0,1.0,1.0
6087,ZH,124.50550180296456,leptonic_bookkeeping,1,2,2,2,0.0,0.0,0.0,1.0,1.0
6090,ggH,127.77011577038999,leptonic_bookkeeping,1,2,2,1,0.0,0.0,0.0,1.0,1.0
6091,ZH,124.6313860706384,hadronic,0,2,2,2,0.0,0.0,0.0,1.0,1.0
6092,VBF,135.41241384502223,leptonic_bookkeeping,1,2,2,2,0.0,0.0,0.0,1.0,0.0
6095,WH,124.99083882683547,leptonic_bookkeeping,1,1,1,1,0.0,0.0,0.0,1.0,1.0
6097,ZH,127.19444328767575,leptonic_bookkeeping,1,1,1,1,0.0,0.0,0.0,1.0,1.0
6099,ggZH,123.75540739332924,hadronic,0,3,3,1,0.0,0.0,0.0,1.0,1.0
6101,ttH,122.76578657327653,hadronic,0,1,1,1,0.0,0.0,0.0,1.0,1.0
6103,ggH,128.02796988200092,hadronic,0,2,2,0,0.0,0.0,0.0,1.0,1.0
6104,data_GamGam,127.49700579788076,hadronic,0,1,1,1,0.0,0.0,0.0,1.0,0.0
6106,tH,125.4413989775787,leptonic_bookkeeping,1,1,1,0,0.0,0.0,0.0,1.0,1.0
6110,ggZH,128.68817620664166,leptonic_bookkeeping,1,4,4,3,0.0,0.0,0.0,1.0,1.0
6111,WH,124.60058258543565,leptonic_bookkeeping,1,4,4,1,0.0,0.0,0.0,1.0,1.0
6112,VBF,132.65842049236693,hadronic,0,2,2,2,0.0,0.0,0.0,1.0,0.0
6114,ZH,126.76866660290247,hadronic,0,1,1,0,0.0,0.0,0.0,1.0,1.0
6115,ttH,121.15512710067873,hadronic,0,2,2,1,0.0,0.0,0.0,1.0,1.0
6118,ttH,123.90037207949062,leptonic_bookkeeping,1,2,2,1,0.0,0.0,0.0,1.0,1.0
6119,WH,124.59028484552844,hadronic,0,5,5,3,0.0,0.0,0.0,1.0,1.0
6121,WH,127.11816579892395,hadronic,0,2,2,0,0.0,0.0,0.0,1.0,1.0
6122,ggZH,123.64912362347162,hadronic,0,1,1,1,0.0,0.0,0.0,1.0,1.0
6123,ggH,124.88844336627507,hadronic,0,1,1,1,0.0,0.0,0.0,1.0,1.0
6126,ttH,126.28552586179107,hadronic,0,1,1,0,0.0,0.0,0.0,1.0,1.0
6129,ggZH,125.45602287131067,hadronic,0,1,1,1,0.0,0.0,0.0,1.0,1.0
6130,ggZH,126.71445278513764,hadronic,0,3,3,3,0.0,0.0,0.0,1.0,1.0
6131,VBF,121.88984886338315,hadronic,0,2,2,1,0.0,0.0,0.0,1.0,0.0
6134,WH,125.99750358999371,leptonic_bookkeeping,1,2,2,1,0.0,0.0,0.0,1.0,1.0
6135,tH,125.44664724389405,hadronic,0,3,3,2,0.0,0.0,0.0,1.0,1.0
6140,ggZH,121.98655553392564,hadronic,0,2,2,1,0.0,0.0,0.0,1.0,1.0
6144,ttH,125.226869913863,leptonic_bookkeeping,1,2,2,1,0.0,0.0,0.0,1.0,1.0
6145,tH,127.64544275660478,leptonic_bookkeeping,1,2,2,1,0.0,0.0,0.0,1.0,1.0
6147,VBF,110.22728905972585,leptonic_bookkeeping,1,0,0,0,0.0,0.0,0.0,1.0,0.0
6149,ttH,127.08926471103541,hadronic,0,1,1,1,0.0,0.0,0.0,1.0,1.0
6151,ZH,127.2888134598557,hadronic,0,4,4,2,0.0,0.0,0.0,1.0,1.0
6152,data_GamGam,141.11935822604067,hadronic,0,1,1,0,0.0,0.0,0.0,1.0,0.0
6153,ggH,123.86500483121449,leptonic_bookkeeping,1,0,0,0,0.0,0.0,0.0,1.0,1.0
6154,VBF,139.1750089927518,hadronic,0,2,2,1,0.0,0.0,0.0,1.0,0.0
6155,ttH,122.48882616280146,hadronic,0,0,0,0,0.0,0.0,0.0,1.0,1.0
6157,ttH,120.15846718736643,hadronic,0,3,3,2,0.0,0.0,0.0,1.0,1.0
6160,ZH,124.87390046730538,leptonic_bookkeeping,1,0,0,0,0.0,0.0,0.0,1.0,1.0
6168,ggH,122.79433395391803,leptonic_bookkeeping,1,4,4,3,0.0,0.0,0.0,1.0,1.0
6169,ttH,127.12013992034339,hadronic,0,1,1,1,0.0,0.0,0.0,1.0,1.0
6172,ttH,123.62469965871888,leptonic_bookkeeping,1,1,1,1,0.0,0.0,0.0,1.0,1.0
6173,ZH,121.55947564117616,hadronic,0,4,4,3,0.0,0.0,0.0,1.0,1.0
6174,data_GamGam,159.3515538626864,hadronic,0,3,3,1,0.0,0.0,0.0,1.0,0.0
6175,WH,127.69444045964912,leptonic_bookkeeping,1,2,2,2,0.0,0.0,0.0,1.0,1.0
6179,ggH,125.48050285667287,leptonic_bookkeeping,1,2,2,1,0.0,0.0,0.0,1.0,1.0
6180,ggZH,123.86405562938724,hadronic,0,2,2,0,0.0,0.0,0.0,1.0,1.0
6182,ggH,127.14985732222205,hadronic,0,1,1,1,0.0,0.0,0.0,1.0,1.0
6183,ZH,124.07886548655095,hadronic,0,3,3,3,0.0,0.0,0.0,1.0,1.0
6185,tH,125.48721470871729,hadronic,0,3,3,2,0.0,0.0,0.0,1.0,1.0
6188,VBF,119.18829497861624,leptonic_bookkeeping,1,4,4,2,0.0,0.0,0.0,1.0,0.0
6189,tH,123.19113295239006,leptonic_bookkeeping,1,1,1,1,0.0,0.0,0.0,1.0,1.0
6191,ZH,123.834905048625,leptonic_bookkeeping,1,1,1,1,0.0,0.0,0.0,1.0,1.0
6192,WH,124.92226888054829,leptonic_bookkeeping,1,0,0,0,0.0,0.0,0.0,1.0,1.0
6193,ggH,127.4632172254042,hadronic,0,1,1,1,0.0,0.0,0.0,1.0,1.0
6196,tH,127.48572541100926,hadronic,0,1,1,0,0.0,0.0,0.0,1.0,1.0
6197,ggZH,127.26814751194358,leptonic_bookkeeping,1,1,1,0,0.0,0.0,0.0,1.0,1.0
6199,ZH,127.16358566355932,leptonic_bookkeeping,1,1,1,0,0.0,0.0,0.0,1.0,1.0
6201,VBF,100.32990458613713,leptonic_bookkeeping,1,1,1,1,0.0,0.0,0.0,1.0,0.0
6202,ttH,125.88630796400228,hadronic,0,2,2,2,0.0,0.0,0.0,1.0,1.0
6206,tH,130.0149068678516,hadronic,0,3,3,1,0.0,0.0,0.0,1.0,1.0
6210,data_GamGam,156.92363329111248,hadronic,0,3,3,2,0.0,0.0,0.0,1.0,0.0
6211,data_GamGam,136.40885569386836,hadronic,0,4,4,1,0.0,0.0,0.0,1.0,0.0
6213,tH,126.83282872632459,leptonic_bookkeeping,1,1,1,1,0.0,0.0,0.0,1.0,1.0
6215,ggH,124.46297773695045,leptonic_bookkeeping,1,1,1,0,0.0,0.0,0.0,1.0,1.0
6216,ggH,123.4242454448414,hadronic,0,1,1,1,0.0,0.0,0.0,1.0,1.0
6220,ttH,125.0115625015719,leptonic_bookkeeping,1,2,2,2,0.0,0.0,0.0,1.0,1.0
6221,VBF,148.68537516003067,leptonic_bookkeeping,1,1,1,1,0.0,0.0,0.0,1.0,0.0
6223,ggH,124.43351353834085,leptonic_bookkeeping,1,4,4,2,0.0,0.0,0.0,1.0,1.0
6226,data_GamGam,114.71399792579003,hadronic,0,4,4,1,0.0,0.0,0.0,1.0,0.0
6227,VBF,118.16083605023468,leptonic_bookkeeping,1,2,2,1,0.0,0.0,0.0,1.0,0.0
6229,ttH,128.61275500162634,leptonic_bookkeeping,1,1,1,1,0.0,0.0,0.0,1.0,1.0
6230,WH,127.06945613339622,hadronic,0,3,3,1,0.0,0.0,0.0,1.0,1.0
6233,ZH,127.3379966444165,leptonic_bookkeeping,1,1,1,1,0.0,0.0,0.0,1.0,1.0
6234,ggH,125.1467290405051,leptonic_bookkeeping,1,3,3,1,0.0,0.0,0.0,1.0,1.0
6235,VBF,129.59406595553043,hadronic,0,3,3,2,0.0,0.0,0.0,1.0,0.0
6236,ZH,120.82275260871248,hadronic,0,5,5,2,0.0,0.0,0.0,1.0,1.0
6238,ttH,127.02456002693187,leptonic_bookkeeping,1,1,1,1,0.0,0.0,0.0,1.0,1.0
6239,ttH,124.11065022966407,hadronic,0,3,3,3,0.0,0.0,0.0,1.0,1.0
6245,ggZH,127.65774462155345,hadronic,0,2,2,2,0.0,0.0,0.0,1.0,1.0
6246,ggH,128.03194418772648,hadronic,0,1,1,1,0.0,0.0,0.0,1.0,1.0
6247,data_GamGam,130.29029230225234,hadronic,0,5,5,2,0.0,0.0,0.0,1.0,0.0
6248,ggH,125.86052954544411,leptonic_bookkeeping,1,1,1,1,0.0,0.0,0.0,1.0,1.0
6249,VBF,106.61656697610263,hadronic,0,1,1,0,0.0,0.0,0.0,1.0,0.0
6250,ggH,118.54982912605541,hadronic,0,3,3,1,0.0,0.0,0.0,1.0,1.0
6251,VBF,144.98416349502136,hadronic,0,2,2,2,0.0,0.0,0.0,1.0,0.0
6252,ggH,125.21134688811728,hadronic,0,4,4,3,0.0,0.0,0.0,1.0,1.0
6253,ggZH,121.92164825869324,leptonic_bookkeeping,1,1,1,1,0.0,0.0,0.0,1.0,1.0
6255,ttH,125.563699207045,hadronic,0,1,1,1,0.0,0.0,0.0,1.0,1.0
6256,VBF,158.05284694002827,hadronic,0,1,1,1,0.0,0.0,0.0,1.0,0.0
6260,WH,123.74129130936275,hadronic,0,2,2,2,0.0,0.0,0.0,1.0,1.0
6264,VBF,139.95547794561034,hadronic,0,3,3,2,0.0,0.0,0.0,1.0,0.0
6265,data_GamGam,149.88868382337276,hadronic,0,2,2,2,0.0,0.0,0.0,1.0,0.0
6268,data_GamGam,107.35956346383222,hadronic,0,3,3,1,0.0,0.0,0.0,1.0,0.0
6269,VBF,153.30869160885544,hadronic,0,3,3,1,0.0,0.0,0.0,1.0,0.0
6271,ggH,123.90225229975957,leptonic_bookkeeping,1,1,1,1,0.0,0.0,0.0,1.0,1.0
6272,data_GamGam,137.23256477022449,hadronic,0,2,2,1,0.0,0.0,0.0,1.0,0.0
6274,ZH,123.30416715801414,hadronic,0,3,3,2,0.0,0.0,0.0,1.0,1.0
6275,data_GamGam,122.8012524606038,hadronic,0,2,2,2,0.0,0.0,0.0,1.0,0.0
6276,data_GamGam,133.41063683087037,hadronic,0,3,3,2,0.0,0.0,0.0,1.0,0.0
6277,ZH,126.93674711297106,leptonic_bookkeeping,1,3,3,2,0.0,0.0,0.0,1.0,1.0
6278,VBF,132.61217315578745,hadronic,0,1,1,1,0.0,0.0,0.0,1.0,0.0
6280,VBF,146.70385095248844,leptonic_bookkeeping,1,4,4,2,0.0,0.0,0.0,1.0,0.0
6282,ZH,127.3591890772732,hadronic,0,2,2,1,0.0,0.0,0.0,1.0,1.0
6289,ggH,124.75264661600674,leptonic_bookkeeping,1,1,1,1,0.0,0.0,0.0,1.0,1.0
6290,VBF,146.75682508842624,leptonic_bookkeeping,1,2,2,2,0.0,0.0,0.0,1.0,0.0
6292,ZH,126.60486722325717,hadronic,0,3,3,1,0.0,0.0,0.0,1.0,1.0
6294,VBF,119.88919116769131,leptonic_bookkeeping,1,4,4,3,0.0,0.0,0.0,1.0,0.0
6297,ttH,126.8413701482,hadronic,0,0,0,0,0.0,0.0,0.0,1.0,1.0
6299,tH,123.34710012938592,leptonic_bookkeeping,1,2,2,2,0.0,0.0,0.0,1.0,1.0
6300,ggZH,122.23670844354248,leptonic_bookkeeping,1,1,1,1,0.0,0.0,0.0,1.0,1.0
6301,ttH,128.80499591271027,hadronic,0,4,4,3,0.0,0.0,0.0,1.0,1.0
6303,data_GamGam,122.18870908131011,hadronic,0,2,2,2,0.0,0.0,0.0,1.0,0.0
6305,ttH,122.01051984687726,leptonic_bookkeeping,1,2,2,2,0.0,0.0,0.0,1.0,1.0
6306,WH,122.14359136370543,leptonic_bookkeeping,1,3,3,2,0.0,0.0,0.0,1.0,1.0
6308,VBF,101.7573412375572,leptonic_bookkeeping,1,2,2,2,0.0,0.0,0.0,1.0,0.0
6311,WH,125.3788189200794,hadronic,0,1,1,1,0.0,0.0,0.0,1.0,1.0
6312,ggZH,123.28684217398151,hadronic,0,2,2,1,0.0,0.0,0.0,1.0,1.0
6314,ggH,126.56831927017825,hadronic,0,0,0,0,0.0,0.0,0.0,1.0,1.0
6318,ZH,124.51526744011882,hadronic,0,1,1,0,0.0,0.0,0.0,1.0,1.0
6319,ttH,124.63151029848093,leptonic_bookkeeping,1,2,2,2,0.0,0.0,0.0,1.0,1.0
6320,ggH,126.10198977570417,hadronic,0,1,1,1,0.0,0.0,0.0,1.0,1.0
6321,tH,124.55842920527257,hadronic,0,0,0,0,0.0,0.0,0.0,1.0,1.0
6322,data_GamGam,126.53077941353119,hadronic,0,4,4,3,0.0,0.0,0.0,1.0,0.0
6325,tH,122.44661669588085,hadronic,0,2,2,1,0.0,0.0,0.0,1.0,1.0
6326,ggH,123.1418004722582,leptonic_bookkeeping,1,1,1,1,0.0,0.0,0.0,1.0,1.0
6329,ZH,123.25102580347622,hadronic,0,2,2,1,0.0,0.0,0.0,1.0,1.0
6330,ttH,123.24942286834718,leptonic_bookkeeping,1,3,3,0,0.0,0.0,0.0,1.0,1.0
6331,WH,119.5576968691507,hadronic,0,2,2,1,0.0,0.0,0.0,1.0,1.0
6333,ggH,122.17419746702015,leptonic_bookkeeping,1,4,4,2,0.0,0.0,0.0,1.0,1.0
6335,WH,125.25128341580618,leptonic_bookkeeping,1,2,2,2,0.0,0.0,0.0,1.0,1.0
6336,data_GamGam,117.96730954418152,hadronic,0,1,1,1,0.0,0.0,0.0,1.0,0.0
6337,ZH,127.21799029425941,hadronic,0,3,3,2,0.0,0.0,0.0,1.0,1.0
6340,ZH,122.52947370846695,leptonic_bookkeeping,1,4,4,3,0.0,0.0,0.0,1.0,1.0
6344,ZH,129.85248084448364,hadronic,0,3,3,3,0.0,0.0,0.0,1.0,1.0
6345,ggH,123.59504344822373,leptonic_bookkeeping,1,1,1,1,0.0,0.0,0.0,1.0,1.0
6346,ggZH,122.07904251750375,hadronic,0,4,4,1,0.0,0.0,0.0,1.0,1.0
6352,ggZH,119.22624217964909,leptonic_bookkeeping,1,1,1,1,0.0,0.0,0.0,1.0,1.0
6353,tH,125.49896589523406,hadronic,0,2,2,1,0.0,0.0,0.0,1.0,1.0
6356,tH,125.83713412166443,leptonic_bookkeeping,1,3,3,1,0.0,0.0,0.0,1.0,1.0
6357,ggH,125.79466274670871,hadronic,0,1,1,1,0.0,0.0,0.0,1.0,1.0
6360,tH,123.02229980685769,leptonic_bookkeeping,1,2,2,2,0.0,0.0,0.0,1.0,1.0
6361,ttH,124.53439614670266,hadronic,0,3,3,1,0.0,0.0,0.0,1.0,1.0
6362,tH,125.6138749052554,hadronic,0,1,1,1,0.0,0.0,0.0,1.0,1.0
6365,VBF,133.8352715037395,leptonic_bookkeeping,1,2,2,1,0.0,0.0,0.0,1.0,0.0
6366,tH,125.64210720628716,hadronic,0,3,3,0,0.0,0.0,0.0,1.0,1.0
6368,WH,122.9516131693312,leptonic_bookkeeping,1,1,1,0,0.0,0.0,0.0,1.0,1.0
6369,VBF,118.05031160740285,leptonic_bookkeeping,1,3,3,1,0.0,0.0,0.0,1.0,0.0
6371,WH,125.72965334184507,hadronic,0,3,3,2,0.0,0.0,0.0,1.0,1.0
6373,ZH,125.09108213529699,hadronic,0,4,4,3,0.0,0.0,0.0,1.0,1.0
6375,VBF,139.8141184115546,leptonic_bookkeeping,1,3,3,1,0.0,0.0,0.0,1.0,0.0
6376,data_GamGam,102.02016501992861,hadronic,0,4,4,2,0.0,0.0,0.0,1.0,0.0
6378,ggH,124.90902028424466,hadronic,0,5,5,3,0.0,0.0,0.0,1.0,1.0
6381,tH,129.9437047615956,hadronic,0,1,1,0,0.0,0.0,0.0,1.0,1.0
6382,ggH,123.08632566405645,leptonic_bookkeeping,1,3,3,3,0.0,0.0,0.0,1.0,1.0
6387,VBF,126.15240105684153,leptonic_bookkeeping,1,4,4,3,0.0,0.0,0.0,1.0,0.0
6388,ZH,122.41730249674862,hadronic,0,2,2,1,0.0,0.0,0.0,1.0,1.0
6395,ggH,119.90132218980305,hadronic,0,3,3,2,0.0,0.0,0.0,1.0,1.0
6396,ttH,128.93341877259374,leptonic_bookkeeping,1,3,3,1,0.0,0.0,0.0,1.0,1.0
6397,ggH,124.42626635929548,leptonic_bookkeeping,1,0,0,0,0.0,0.0,0.0,1.0,1.0
6398,tH,126.57890259356114,leptonic_bookkeeping,1,2,2,1,0.0,0.0,0.0,1.0,1.0
6399,ZH,125.20545967868223,leptonic_bookkeeping,1,1,1,1,0.0,0.0,0.0,1.0,1.0
6409,data_GamGam,140.9950919242668,leptonic_bookkeeping,1,2,2,2,0.0,0.0,0.0,1.0,0.0
6410,VBF,117.38798325818121,hadronic,0,2,2,1,0.0,0.0,0.0,1.0,0.0
6414,ggH,125.28006896642428,hadronic,0,1,1,1,0.0,0.0,0.0,1.0,1.0
6417,tH,126.93239090892091,hadronic,0,4,4,2,0.0,0.0,0.0,1.0,1.0
6418,ttH,126.29133476739412,leptonic_bookkeeping,1,2,2,0,0.0,0.0,0.0,1.0,1.0
6419,data_GamGam,139.344504100867,hadronic,0,3,3,3,0.0,0.0,0.0,1.0,0.0
6420,ZH,125.35617253236602,hadronic,0,2,2,2,0.0,0.0,0.0,1.0,1.0
6425,ggZH,121.18145225954754,hadronic,0,3,3,1,0.0,0.0,0.0,1.0,1.0
6431,tH,125.35587529633553,leptonic_bookkeeping,1,0,0,0,0.0,0.0,0.0,1.0,1.0
6434,ggZH,127.22841091460448,leptonic_bookkeeping,1,2,2,1,0.0,0.0,0.0,1.0,1.0
6435,ttH,124.48605881656353,leptonic_bookkeeping,1,0,0,0,0.0,0.0,0.0,1.0,1.0
6436,data_GamGam,101.61301081919058,hadronic,0,3,3,1,0.0,0.0,0.0,1.0,0.0
6440,ggH,125.97792378787378,leptonic_bookkeeping,1,2,2,1,0.0,0.0,0.0,1.0,1.0
6445,ZH,126.6486105281376,leptonic_bookkeeping,1,2,2,1,0.0,0.0,0.0,1.0,1.0
6447,data_GamGam,100.67124577262435,hadronic,0,1,1,1,0.0,0.0,0.0,1.0,0.0
6450,ttH,128.99874030084388,leptonic_bookkeeping,1,2,2,1,0.0,0.0,0.0,1.0,1.0
6451,ttH,119.42748383660327,hadronic,0,2,2,1,0.0,0.0,0.0,1.0,1.0
6452,ttH,126.1339475192386,hadronic,0,1,1,0,0.0,0.0,0.0,1.0,1.0
6453,ttH,125.25513587569395,hadronic,0,2,2,1,0.0,0.0,0.0,1.0,1.0
6454,VBF,106.88917023952096,leptonic_bookkeeping,1,1,1,1,0.0,0.0,0.0,1.0,0.0
6455,ZH,124.53166451269394,hadronic,0,1,1,1,0.0,0.0,0.0,1.0,1.0
6456,ttH,126.623516418501,hadronic,0,2,2,1,0.0,0.0,0.0,1.0,1.0
6457,ggZH,126.59322299874428,leptonic_bookkeeping,1,1,1,1,0.0,0.0,0.0,1.0,1.0
6458,ggH,123.64569783780863,hadronic,0,2,2,1,0.0,0.0,0.0,1.0,1.0
6459,VBF,144.33001137515726,hadronic,0,0,0,0,0.0,0.0,0.0,1.0,0.0
6460,ggH,123.56094052913605,hadronic,0,3,3,1,0.0,0.0,0.0,1.0,1.0
6461,ttH,125.83334288658875,leptonic_bookkeeping,1,2,2,1,0.0,0.0,0.0,1.0,1.0
6463,ggH,123.60878953568434,hadronic,0,3,3,2,0.0,0.0,0.0,1.0,1.0
6465,ttH,124.12183759697811,hadronic,0,3,3,1,0.0,0.0,0.0,1.0,1.0
6467,VBF,100.43621504157093,hadronic,0,3,3,3,0.0,0.0,0.0,1.0,0.0
6468,tH,128.22227283294723,leptonic_bookkeeping,1,2,2,1,0.0,0.0,0.0,1.0,1.0
6469,ttH,127.15814795940071,hadronic,0,0,0,0,0.0,0.0,0.0,1.0,1.0
6477,WH,123.30004921231848,leptonic_bookkeeping,1,1,1,1,0.0,0.0,0.0,1.0,1.0
6479,WH,126.80232103013147,hadronic,0,3,3,2,0.0,0.0,0.0,1.0,1.0
6480,ggZH,121.89500452425688,leptonic_bookkeeping,1,1,1,1,0.0,0.0,0.0,1.0,1.0
6481,ZH,124.38845834680768,hadronic,0,3,3,1,0.0,0.0,0.0,1.0,1.0
6484,WH,124.7953670175502,leptonic_bookkeeping,1,2,2,1,0.0,0.0,0.0,1.0,1.0
6486,ggZH,123.80741125724553,hadronic,0,1,1,1,0.0,0.0,0.0,1.0,1.0
6487,data_GamGam,154.0306585754846,leptonic_bookkeeping,1,3,3,1,0.0,0.0,0.0,1.0,0.0
6491,ggZH,127.97326324108535,leptonic_bookkeeping,1,1,1,1,0.0,0.0,0.0,1.0,1.0
6492,data_GamGam,121.78424555494291,hadronic,0,3,3,2,0.0,0.0,0.0,1.0,0.0
6493,ggZH,128.01334919344325,leptonic_bookkeeping,1,2,2,0,0.0,0.0,0.0,1.0,1.0
6503,ggH,126.40299712582592,leptonic_bookkeeping,1,0,0,0,0.0,0.0,0.0,1.0,1.0
6504,VBF,143.1338946208412,leptonic_bookkeeping,1,4,4,2,0.0,0.0,0.0,1.0,0.0
6505,WH,125.49011799259783,hadronic,0,3,3,2,0.0,0.0,0.0,1.0,1.0
6506,ggZH,124.12432556525302,leptonic_bookkeeping,1,1,1,1,0.0,0.0,0.0,1.0,1.0
6507,WH,125.97988493997015,hadronic,0,2,2,0,0.0,0.0,0.0,1.0,1.0
6508,ggH,125.39155561090895,leptonic_bookkeeping,1,2,2,1,0.0,0.0,0.0,1.0,1.0
6509,data_GamGam,147.49452995741592,hadronic,0,2,2,2,0.0,0.0,0.0,1.0,0.0
6510,ttH,124.92037068033964,leptonic_bookkeeping,1,1,1,0,0.0,0.0,0.0,1.0,1.0
6512,VBF,121.77773826689204,leptonic_bookkeeping,1,0,0,0,0.0,0.0,0.0,1.0,0.0
6514,data_GamGam,105.35842018578332,hadronic,0,0,0,0,0.0,0.0,0.0,1.0,0.0
6515,ggH,125.8181459499963,hadronic,0,3,3,1,0.0,0.0,0.0,1.0,1.0
6516,ggZH,119.41846481752857,hadronic,0,1,1,1,0.0,0.0,0.0,1.0,1.0
6517,VBF,147.25141930227832,leptonic_bookkeeping,1,1,1,1,0.0,0.0,0.0,1.0,0.0
6518,ZH,123.94314068944557,hadronic,0,4,4,2,0.0,0.0,0.0,1.0,1.0
6519,ggH,126.83852766787103,leptonic_bookkeeping,1,2,2,2,0.0,0.0,0.0,1.0,1.0
6520,WH,125.4849846692864,hadronic,0,2,2,1,0.0,0.0,0.0,1.0,1.0
6521,VBF,141.98735790141274,hadronic,0,2,2,2,0.0,0.0,0.0,1.0,0.0
6522,data_GamGam,103.36754798620935,hadronic,0,3,3,1,0.0,0.0,0.0,1.0,0.0
6523,ggH,121.56809196132453,leptonic_bookkeeping,1,4,4,4,0.0,0.0,0.0,1.0,1.0
6524,ZH,125.0533998430196,hadronic,0,3,3,3,0.0,0.0,0.0,1.0,1.0
6525,ggH,124.73451909191257,leptonic_bookkeeping,1,3,3,2,0.0,0.0,0.0,1.0,1.0
6527,tH,125.10956549945672,hadronic,0,3,3,2,0.0,0.0,0.0,1.0,1.0
6530,ggZH,127.08886805542384,hadronic,0,4,4,2,0.0,0.0,0.0,1.0,1.0
6531,ZH,127.87866709945615,hadronic,0,1,1,1,0.0,0.0,0.0,1.0,1.0
6534,ZH,125.95869545827959,hadronic,0,4,4,3,0.0,0.0,0.0,1.0,1.0
6543,ZH,127.06888197685952,hadronic,0,1,1,0,0.0,0.0,0.0,1.0,1.0
6544,ggH,127.59947375237647,hadronic,0,3,3,3,0.0,0.0,0.0,1.0,1.0
6546,ttH,125.28316328542698,hadronic,0,1,1,0,0.0,0.0,0.0,1.0,1.0
6547,ttH,123.95073460669144,hadronic,0,4,4,2,0.0,0.0,0.0,1.0,1.0
6549,ZH,124.68394475796691,hadronic,0,1,1,0,0.0,0.0,0.0,1.0,1.0
6551,WH,124.09322665758815,hadronic,0,4,4,2,0.0,0.0,0.0,1.0,1.0
6553,WH,123.32283259292052,hadronic,0,3,3,1,0.0,0.0,0.0,1.0,1.0
6556,VBF,139.26664312376283,leptonic_bookkeeping,1,0,0,0,0.0,0.0,0.0,1.0,0.0
6557,ggZH,124.51246651481428,hadronic,0,1,1,0,0.0,0.0,0.0,1.0,1.0
6559,ggZH,125.84174921837536,hadronic,0,3,3,2,0.0,0.0,0.0,1.0,1.0
6560,ggZH,123.54549998912972,hadronic,0,2,2,2,0.0,0.0,0.0,1.0,1.0
6561,ttH,121.29552647144197,leptonic_bookkeeping,1,1,1,0,0.0,0.0,0.0,1.0,1.0
6562,tH,124.78987691112852,leptonic_bookkeeping,1,1,1,1,0.0,0.0,0.0,1.0,1.0
6563,WH,129.57532770164977,hadronic,0,1,1,1,0.0,0.0,0.0,1.0,1.0
6568,tH,119.83893731408209,leptonic_bookkeeping,1,4,4,1,0.0,0.0,0.0,1.0,1.0
6570,ZH,124.5595663764001,hadronic,0,1,1,1,0.0,0.0,0.0,1.0,1.0
6574,ggZH,127.58274923791957,hadronic,0,2,2,2,0.0,0.0,0.0,1.0,1.0
6575,ZH,126.38675095792708,hadronic,0,4,4,3,0.0,0.0,0.0,1.0,1.0
6583,ttH,127.46333463085097,hadronic,0,1,1,0,0.0,0.0,0.0,1.0,1.0
6585,tH,125.97869366968851,hadronic,0,2,2,2,0.0,0.0,0.0,1.0,1.0
6586,VBF,154.3202012997747,hadronic,0,1,1,0,0.0,0.0,0.0,1.0,0.0
6588,ttH,127.07610016980598,hadronic,0,2,2,1,0.0,0.0,0.0,1.0,1.0
6589,ZH,126.98376632489882,leptonic_bookkeeping,1,2,2,2,0.0,0.0,0.0,1.0,1.0
6592,WH,127.76305453168199,hadronic,0,2,2,1,0.0,0.0,0.0,1.0,1.0
6595,ggH,124.72358076306696,hadronic,0,3,3,2,0.0,0.0,0.0,1.0,1.0
6596,ZH,126.80733360016198,leptonic_bookkeeping,1,2,2,1,0.0,0.0,0.0,1.0,1.0
6599,WH,124.19820063487181,leptonic_bookkeeping,1,0,0,0,0.0,0.0,0.0,1.0,1.0
6600,ggZH,124.44629976081274,leptonic_bookkeeping,1,0,0,0,0.0,0.0,0.0,1.0,1.0
6601,ggZH,126.55194336009787,hadronic,0,1,1,0,0.0,0.0,0.0,1.0,1.0
6604,data_GamGam,129.5489821107294,leptonic_bookkeeping,1,0,0,0,0.0,0.0,0.0,1.0,0.0
6606,tH,123.19345836405247,hadronic,0,2,2,0,0.0,0.0,0.0,1.0,1.0
6607,ttH,121.50704283436924,hadronic,0,2,2,1,0.0,0.0,0.0,1.0,1.0
6608,tH,122.99596005011084,leptonic_bookkeeping,1,3,3,2,0.0,0.0,0.0,1.0,1.0
6610,ttH,128.48587238479536,leptonic_bookkeeping,1,0,0,0,0.0,0.0,0.0,1.0,1.0
6611,WH,123.43931031784795,leptonic_bookkeeping,1,1,1,1,0.0,0.0,0.0,1.0,1.0
6612,tH,121.79564047173476,hadronic,0,4,4,2,0.0,0.0,0.0,1.0,1.0
6614,ggH,122.90296024228324,hadronic,0,3,3,1,0.0,0.0,0.0,1.0,1.0
6615,ttH,123.4111823371517,leptonic_bookkeeping,1,1,1,1,0.0,0.0,0.0,1.0,1.0
6616,WH,125.21617498893961,hadronic,0,3,3,1,0.0,0.0,0.0,1.0,1.0
6619,ggZH,123.26770412580723,hadronic,0,2,2,1,0.0,0.0,0.0,1.0,1.0
6620,ttH,124.52152600160404,hadronic,0,3,3,2,0.0,0.0,0.0,1.0,1.0
6621,WH,127.37313635125848,hadronic,0,3,3,2,0.0,0.0,0.0,1.0,1.0
6623,ggZH,124.79668712444185,hadronic,0,2,2,1,0.0,0.0,0.0,1.0,1.0
6628,WH,122.29696260824468,hadronic,0,1,1,0,0.0,0.0,0.0,1.0,1.0
6629,ggH,124.68044720855875,leptonic_bookkeeping,1,3,3,2,0.0,0.0,0.0,1.0,1.0
6630,data_GamGam,150.77057691686528,leptonic_bookkeeping,1,4,4,3,0.0,0.0,0.0,1.0,0.0
6632,ggZH,129.0001619349439,hadronic,0,2,2,2,0.0,0.0,0.0,1.0,1.0
6633,WH,119.80806221864385,leptonic_bookkeeping,1,1,1,1,0.0,0.0,0.0,1.0,1.0
6636,data_GamGam,120.28223771578554,leptonic_bookkeeping,1,0,0,0,0.0,0.0,0.0,1.0,0.0
6639,VBF,130.61548931215273,hadronic,0,4,4,2,0.0,0.0,0.0,1.0,0.0
6641,ggH,123.25524169647099,leptonic_bookkeeping,1,3,3,1,0.0,0.0,0.0,1.0,1.0
6642,data_GamGam,123.01772465334734,hadronic,0,2,2,1,0.0,0.0,0.0,1.0,0.0
6643,ttH,124.1138388616835,leptonic_bookkeeping,1,1,1,1,0.0,0.0,0.0,1.0,1.0
6644,data_GamGam,117.05531369141187,leptonic_bookkeeping,1,4,4,3,0.0,0.0,0.0,1.0,0.0
6647,WH,120.6517706021999,hadronic,0,4,4,3,0.0,0.0,0.0,1.0,1.0
6648,data_GamGam,135.6129863541537,leptonic_bookkeeping,1,4,4,3,0.0,0.0,0.0,1.0,0.0
6650,data_GamGam,138.1163088253319,hadronic,0,2,2,0,0.0,0.0,0.0,1.0,0.0
6651,ggH,125.79427931240998,leptonic_bookkeeping,1,0,0,0,0.0,0.0,0.0,1.0,1.0
6653,WH,125.84315069290794,hadronic,0,3,3,2,0.0,0.0,0.0,1.0,1.0
6655,tH,123.83369625281983,hadronic,0,1,1,1,0.0,0.0,0.0,1.0,1.0
6656,tH,128.81073304453702,hadronic,0,3,3,2,0.0,0.0,0.0,1.0,1.0
6658,WH,126.0872681194958,hadronic,0,3,3,1,0.0,0.0,0.0,1.0,1.0
6660,data_GamGam,143.36332905343167,leptonic_bookkeeping,1,1,1,0,0.0,0.0,0.0,1.0,0.0
6662,WH,126.64427586051788,hadronic,0,2,2,1,0.0,0.0,0.0,1.0,1.0
6663,ggH,123.14062722274032,leptonic_bookkeeping,1,2,2,0,0.0,0.0,0.0,1.0,1.0
6665,WH,124.74472156479035,hadronic,0,3,3,1,0.0,0.0,0.0,1.0,1.0
6667,ggZH,129.0999540447167,hadronic,0,2,2,1,0.0,0.0,0.0,1.0,1.0
6669,ggZH,127.23797622423442,hadronic,0,4,4,3,0.0,0.0,0.0,1.0,1.0
6670,VBF,107.67501505302961,hadronic,0,3,3,3,0.0,0.0,0.0,1.0,0.0
6672,tH,125.04654901370428,hadronic,0,1,1,0,0.0,0.0,0.0,1.0,1.0
6674,ZH,128.88493103122033,hadronic,0,2,2,1,0.0,0.0,0.0,1.0,1.0
6676,WH,125.45321731907269,hadronic,0,2,2,1,0.0,0.0,0.0,1.0,1.0
6677,tH,124.20452574133613,leptonic_bookkeeping,1,2,2,2,0.0,0.0,0.0,1.0,1.0
6680,WH,124.65418030984397,hadronic,0,3,3,1,0.0,0.0,0.0,1.0,1.0
6681,VBF,140.7899954259831,hadronic,0,1,1,0,0.0,0.0,0.0,1.0,0.0
6684,ttH,124.11125244787478,leptonic_bookkeeping,1,2,2,1,0.0,0.0,0.0,1.0,1.0
6686,ggH,126.3032185230808,leptonic_bookkeeping,1,3,3,2,0.0,0.0,0.0,1.0,1.0
6689,data_GamGam,100.66690448720782,leptonic_bookkeeping,1,2,2,1,0.0,0.0,0.0,1.0,0.0
6690,ttH,125.34965235123192,leptonic_bookkeeping,1,2,2,2,0.0,0.0,0.0,1.0,1.0
6691,ttH,124.76374651438825,leptonic_bookkeeping,1,5,5,3,0.0,0.0,0.0,1.0,1.0
6692,ttH,127.81497845520923,hadronic,0,3,3,3,0.0,0.0,0.0,1.0,1.0
6693,ttH,125.77530207183901,leptonic_bookkeeping,1,3,3,2,0.0,0.0,0.0,1.0,1.0
6695,WH,128.28801714244636,leptonic_bookkeeping,1,1,1,1,0.0,0.0,0.0,1.0,1.0
6698,WH,123.18043357877791,leptonic_bookkeeping,1,0,0,0,0.0,0.0,0.0,1.0,1.0
6699,tH,124.16989254654275,hadronic,0,3,3,1,0.0,0.0,0.0,1.0,1.0
6700,ttH,122.39138472350845,leptonic_bookkeeping,1,4,4,3,0.0,0.0,0.0,1.0,1.0
6702,ZH,124.02394472359924,hadronic,0,4,4,2,0.0,0.0,0.0,1.0,1.0
6704,ttH,127.96639880220427,leptonic_bookkeeping,1,2,2,2,0.0,0.0,0.0,1.0,1.0
6707,ttH,122.12709050984857,leptonic_bookkeeping,1,1,1,1,0.0,0.0,0.0,1.0,1.0
6708,ggZH,122.21654960236759,leptonic_bookkeeping,1,0,0,0,0.0,0.0,0.0,1.0,1.0
6710,ggZH,124.42659634657882,hadronic,0,2,2,0,0.0,0.0,0.0,1.0,1.0
6712,tH,124.10393177007695,leptonic_bookkeeping,1,4,4,1,0.0,0.0,0.0,1.0,1.0
6713,VBF,111.50788857899319,hadronic,0,3,3,3,0.0,0.0,0.0,1.0,0.0
6714,ggH,124.33159982514103,hadronic,0,2,2,1,0.0,0.0,0.0,1.0,1.0
6716,tH,128.30663894830207,hadronic,0,2,2,1,0.0,0.0,0.0,1.0,1.0
6717,VBF,111.11350686462129,hadronic,0,1,1,1,0.0,0.0,0.0,1.0,0.0
6719,VBF,139.8434773562539,leptonic_bookkeeping,1,2,2,1,0.0,0.0,0.0,1.0,0.0
6723,ttH,125.8444076496502,hadronic,0,2,2,1,0.0,0.0,0.0,1.0,1.0
6724,ggH,124.41944934954817,leptonic_bookkeeping,1,1,1,0,0.0,0.0,0.0,1.0,1.0
6728,ttH,125.5622470210086,leptonic_bookkeeping,1,2,2,1,0.0,0.0,0.0,1.0,1.0
6730,ggZH,122.93621500899341,hadronic,0,3,3,2,0.0,0.0,0.0,1.0,1.0
6731,WH,125.30752861462996,leptonic_bookkeeping,1,2,2,0,0.0,0.0,0.0,1.0,1.0
6737,data_GamGam,104.14516799076647,leptonic_bookkeeping,1,1,1,0,0.0,0.0,0.0,1.0,0.0
6738,VBF,121.2003078036328,leptonic_bookkeeping,1,1,1,1,0.0,0.0,0.0,1.0,0.0
6743,WH,121.18283812143449,hadronic,0,2,2,1,0.0,0.0,0.0,1.0,1.0
6746,VBF,155.7697656390754,hadronic,0,0,0,0,0.0,0.0,0.0,1.0,0.0
6749,ttH,123.76177887333222,hadronic,0,2,2,1,0.0,0.0,0.0,1.0,1.0
6753,ggH,124.68513934492391,hadronic,0,4,4,2,0.0,0.0,0.0,1.0,1.0
6754,ggH,124.94003134181176,leptonic_bookkeeping,1,1,1,1,0.0,0.0,0.0,1.0,1.0
6758,ZH,126.36976605242845,hadronic,0,3,3,1,0.0,0.0,0.0,1.0,1.0
6761,data_GamGam,122.12189715633349,leptonic_bookkeeping,1,0,0,0,0.0,0.0,0.0,1.0,0.0
6763,data_GamGam,158.73556422498973,hadronic,0,3,3,2,0.0,0.0,0.0,1.0,0.0
6764,ggZH,127.16021008188905,leptonic_bookkeeping,1,0,0,0,0.0,0.0,0.0,1.0,1.0
6765,ttH,123.63153589145335,leptonic_bookkeeping,1,2,2,1,0.0,0.0,0.0,1.0,1.0
6766,tH,125.93479950005373,leptonic_bookkeeping,1,0,0,0,0.0,0.0,0.0,1.0,1.0
6767,ggH,123.54469973703229,leptonic_bookkeeping,1,2,2,1,0.0,0.0,0.0,1.0,1.0
6768,VBF,150.29283335805707,hadronic,0,3,3,2,0.0,0.0,0.0,1.0,0.0
6770,VBF,110.08805949796786,leptonic_bookkeeping,1,2,2,2,0.0,0.0,0.0,1.0,0.0
6771,ggZH,124.73210231072066,hadronic,0,4,4,2,0.0,0.0,0.0,1.0,1.0
6773,tH,126.58234054092078,leptonic_bookkeeping,1,1,1,0,0.0,0.0,0.0,1.0,1.0
6775,WH,126.76931687342865,hadronic,0,5,5,4,0.0,0.0,0.0,1.0,1.0
6777,VBF,108.16740779683676,hadronic,0,1,1,1,0.0,0.0,0.0,1.0,0.0
6778,tH,121.49591341942534,leptonic_bookkeeping,1,2,2,2,0.0,0.0,0.0,1.0,1.0
6779,tH,123.83901582538239,hadronic,0,1,1,1,0.0,0.0,0.0,1.0,1.0
6781,WH,123.7840985161131,hadronic,0,1,1,1,0.0,0.0,0.0,1.0,1.0
6782,data_GamGam,138.17013247380254,hadronic,0,4,4,1,0.0,0.0,0.0,1.0,0.0
6783,VBF,111.48469616831748,leptonic_bookkeeping,1,0,0,0,0.0,0.0,0.0,1.0,0.0
6784,ggZH,122.46433101746872,leptonic_bookkeeping,1,2,2,1,0.0,0.0,0.0,1.0,1.0
6785,ttH,125.32063357438022,hadronic,0,3,3,1,0.0,0.0,0.0,1.0,1.0
6788,ggZH,123.73529379321923,leptonic_bookkeeping,1,3,3,2,0.0,0.0,0.0,1.0,1.0
6789,WH,123.53399339202598,hadronic,0,3,3,1,0.0,0.0,0.0,1.0,1.0
6794,tH,122.32782134741714,leptonic_bookkeeping,1,0,0,0,0.0,0.0,0.0,1.0,1.0
6796,ggH,123.88133111333407,hadronic,0,3,3,3,0.0,0.0,0.0,1.0,1.0
6797,tH,125.2782995613619,leptonic_bookkeeping,1,3,3,1,0.0,0.0,0.0,1.0,1.0
6798,WH,125.73479964205288,hadronic,0,2,2,0,0.0,0.0,0.0,1.0,1.0
6799,ggZH,120.7790771293487,hadronic,0,1,1,0,0.0,0.0,0.0,1.0,1.0
6800,tH,123.45112849819053,leptonic_bookkeeping,1,0,0,0,0.0,0.0,0.0,1.0,1.0
6801,data_GamGam,117.35287608843534,hadronic,0,3,3,3,0.0,0.0,0.0,1.0,0.0
6802,ggH,122.6490894615249,hadronic,0,1,1,0,0.0,0.0,0.0,1.0,1.0
6803,ttH,123.82294215623013,leptonic_bookkeeping,1,3,3,3,0.0,0.0,0.0,1.0,1.0
6805,data_GamGam,144.72761902290017,leptonic_bookkeeping,1,3,3,2,0.0,0.0,0.0,1.0,0.0
6807,ggH,127.28238508835935,hadronic,0,2,2,0,0.0,0.0,0.0,1.0,1.0
6808,ttH,122.3189384261719,leptonic_bookkeeping,1,1,1,1,0.0,0.0,0.0,1.0,1.0
6809,ggZH,125.44955017292577,leptonic_bookkeeping,1,2,2,1,0.0,0.0,0.0,1.0,1.0
6812,tH,125.31323447342234,hadronic,0,2,2,1,0.0,0.0,0.0,1.0,1.0
6816,VBF,159.78901283913666,leptonic_bookkeeping,1,1,1,1,0.0,0.0,0.0,1.0,0.0
6822,ggH,126.7487223390254,hadronic,0,2,2,2,0.0,0.0,0.0,1.0,1.0
6825,ggH,125.28095679880512,leptonic_bookkeeping,1,1,1,1,0.0,0.0,0.0,1.0,1.0
6827,tH,125.5840370586389,leptonic_bookkeeping,1,2,2,1,0.0,0.0,0.0,1.0,1.0
6833,ggZH,124.78376444852765,hadronic,0,2,2,1,0.0,0.0,0.0,1.0,1.0
6834,data_GamGam,107.16420666231166,leptonic_bookkeeping,1,1,1,0,0.0,0.0,0.0,1.0,0.0
6835,VBF,110.51703671878757,leptonic_bookkeeping,1,1,1,0,0.0,0.0,0.0,1.0,0.0
6836,ggZH,120.49667830437446,hadronic,0,2,2,1,0.0,0.0,0.0,1.0,1.0
6840,ZH,125.28234379751038,hadronic,0,1,1,1,0.0,0.0,0.0,1.0,1.0
6843,tH,124.3583833967663,hadronic,0,2,2,1,0.0,0.0,0.0,1.0,1.0
6844,ggZH,125.36635063522104,hadronic,0,3,3,2,0.0,0.0,0.0,1.0,1.0
6846,ttH,126.3400626435085,hadronic,0,2,2,1,0.0,0.0,0.0,1.0,1.0
6848,tH,124.32068028229806,leptonic_bookkeeping,1,1,1,1,0.0,0.0,0.0,1.0,1.0
6853,WH,126.35168638568533,leptonic_bookkeeping,1,0,0,0,0.0,0.0,0.0,1.0,1.0
6854,ggZH,123.91112386214168,hadronic,0,3,3,3,0.0,0.0,0.0,1.0,1.0
6857,ttH,126.042955928483,hadronic,0,1,1,1,0.0,0.0,0.0,1.0,1.0
6861,VBF,149.3966438448084,hadronic,0,4,4,3,0.0,0.0,0.0,1.0,0.0
6862,WH,125.12714513768854,hadronic,0,3,3,2,0.0,0.0,0.0,1.0,1.0
6863,data_GamGam,139.49561425558375,leptonic_bookkeeping,1,3,3,2,0.0,0.0,0.0,1.0,0.0
6864,ggH,125.90796539064922,leptonic_bookkeeping,1,1,1,1,0.0,0.0,0.0,1.0,1.0
6867,ggZH,125.78535479478147,hadronic,0,2,2,1,0.0,0.0,0.0,1.0,1.0
6868,ttH,126.74314466640958,hadronic,0,1,1,1,0.0,0.0,0.0,1.0,1.0
6870,tH,127.55423638834246,hadronic,0,3,3,3,0.0,0.0,0.0,1.0,1.0
6871,VBF,139.45924806385764,hadronic,0,2,2,1,0.0,0.0,0.0,1.0,0.0
6874,tH,123.71268499209874,hadronic,0,2,2,1,0.0,0.0,0.0,1.0,1.0
6875,ttH,128.1615984029011,hadronic,0,1,1,1,0.0,0.0,0.0,1.0,1.0
6877,data_GamGam,131.03070207132632,hadronic,0,3,3,1,0.0,0.0,0.0,1.0,0.0
6878,VBF,110.2712482479105,leptonic_bookkeeping,1,0,0,0,0.0,0.0,0.0,1.0,0.0
6880,VBF,114.47449998071752,leptonic_bookkeeping,1,1,1,0,0.0,0.0,0.0,1.0,0.0
6881,ggZH,123.61169669443143,hadronic,0,3,3,0,0.0,0.0,0.0,1.0,1.0
6882,ZH,125.99762677753975,hadronic,0,3,3,2,0.0,0.0,0.0,1.0,1.0
6883,ttH,126.61715419803312,leptonic_bookkeeping,1,3,3,1,0.0,0.0,0.0,1.0,1.0
6886,data_GamGam,145.99568121897937,leptonic_bookkeeping,1,2,2,1,0.0,0.0,0.0,1.0,0.0
6887,WH,124.39407275189934,hadronic,0,2,2,2,0.0,0.0,0.0,1.0,1.0
6892,WH,122.90642175595885,leptonic_bookkeeping,1,3,3,1,0.0,0.0,0.0,1.0,1.0
6894,tH,123.63997822198371,hadronic,0,2,2,2,0.0,0.0,0.0,1.0,1.0
6895,ggH,128.54735420808686,hadronic,0,3,3,3,0.0,0.0,0.0,1.0,1.0
6898,ggZH,123.84690955134307,leptonic_bookkeeping,1,2,2,2,0.0,0.0,0.0,1.0,1.0
6900,ttH,126.9604628488906,hadronic,0,0,0,0,0.0,0.0,0.0,1.0,1.0
6901,ttH,124.46293118298496,hadronic,0,4,4,3,0.0,0.0,0.0,1.0,1.0
6902,ggH,124.2994190932586,leptonic_bookkeeping,1,3,3,3,0.0,0.0,0.0,1.0,1.0
6904,ZH,125.53610340548506,leptonic_bookkeeping,1,3,3,1,0.0,0.0,0.0,1.0,1.0
6905,VBF,124.5739230948881,hadronic,0,0,0,0,0.0,0.0,0.0,1.0,0.0
6908,ggZH,125.1950902355835,leptonic_bookkeeping,1,3,3,1,0.0,0.0,0.0,1.0,1.0
6910,ggH,123.06047984141716,leptonic_bookkeeping,1,2,2,1,0.0,0.0,0.0,1.0,1.0
6911,ttH,122.63866547356402,leptonic_bookkeeping,1,0,0,0,0.0,0.0,0.0,1.0,1.0
6914,VBF,125.46236612474007,hadronic,0,1,1,1,0.0,0.0,0.0,1.0,0.0
6915,ggH,126.74847227476592,leptonic_bookkeeping,1,1,1,1,0.0,0.0,0.0,1.0,1.0
6917,WH,124.88788439901957,hadronic,0,0,0,0,0.0,0.0,0.0,1.0,1.0
6918,tH,123.54271639706188,hadronic,0,3,3,2,0.0,0.0,0.0,1.0,1.0
6919,WH,129.13306822438776,leptonic_bookkeeping,1,1,1,1,0.0,0.0,0.0,1.0,1.0
6921,VBF,159.86375011450883,hadronic,0,3,3,1,0.0,0.0,0.0,1.0,0.0
6923,VBF,155.00913203985638,hadronic,0,2,2,1,0.0,0.0,0.0,1.0,0.0
6925,ggZH,124.53989751048324,leptonic_bookkeeping,1,2,2,0,0.0,0.0,0.0,1.0,1.0
6926,ggZH,126.91479406270913,leptonic_bookkeeping,1,3,3,3,0.0,0.0,0.0,1.0,1.0
6927,ggH,124.88892658160708,hadronic,0,3,3,2,0.0,0.0,0.0,1.0,1.0
6928,VBF,105.45677840974864,leptonic_bookkeeping,1,3,3,3,0.0,0.0,0.0,1.0,0.0
6930,ZH,125.97162039684139,hadronic,0,3,3,2,0.0,0.0,0.0,1.0,1.0
6935,ZH,125.36658291443244,hadronic,0,2,2,1,0.0,0.0,0.0,1.0,1.0
6937,ZH,122.65144413985942,leptonic_bookkeeping,1,4,4,3,0.0,0.0,0.0,1.0,1.0
6941,ggZH,124.39668838785126,hadronic,0,1,1,1,0.0,0.0,0.0,1.0,1.0
6942,ggZH,127.27556534406041,hadronic,0,1,1,1,0.0,0.0,0.0,1.0,1.0
6945,ggH,124.776371077551,hadronic,0,3,3,3,0.0,0.0,0.0,1.0,1.0
6946,ttH,124.07988484199112,leptonic_bookkeeping,1,0,0,0,0.0,0.0,0.0,1.0,1.0
6947,ttH,128.3565154600328,leptonic_bookkeeping,1,3,3,3,0.0,0.0,0.0,1.0,1.0
6950,ggH,126.97486773445179,hadronic,0,4,4,4,0.0,0.0,0.0,1.0,1.0
6951,ttH,126.38322186281519,leptonic_bookkeeping,1,4,4,1,0.0,0.0,0.0,1.0,1.0
6953,VBF,156.42879700470462,hadronic,0,2,2,2,0.0,0.0,0.0,1.0,0.0
6954,WH,128.20464229846354,leptonic_bookkeeping,1,2,2,2,0.0,0.0,0.0,1.0,1.0
6956,ggH,124.54042297004524,leptonic_bookkeeping,1,1,1,0,0.0,0.0,0.0,1.0,1.0
6958,ggZH,124.73052479392378,leptonic_bookkeeping,1,0,0,0,0.0,0.0,0.0,1.0,1.0
6960,ggH,124.08750642103688,hadronic,0,2,2,1,0.0,0.0,0.0,1.0,1.0
6961,VBF,148.79640142382289,leptonic_bookkeeping,1,3,3,3,0.0,0.0,0.0,1.0,0.0
6964,data_GamGam,138.25804092488326,hadronic,0,2,2,1,0.0,0.0,0.0,1.0,0.0
6965,WH,129.1234505960925,leptonic_bookkeeping,1,5,5,4,0.0,0.0,0.0,1.0,1.0
6966,data_GamGam,148.14796078594128,hadronic,0,0,0,0,0.0,0.0,0.0,1.0,0.0
6970,tH,128.96085211443028,leptonic_bookkeeping,1,2,2,1,0.0,0.0,0.0,1.0,1.0
6971,ttH,123.60155202087424,hadronic,0,2,2,0,0.0,0.0,0.0,1.0,1.0
6972,WH,124.93889095825722,hadronic,0,3,3,1,0.0,0.0,0.0,1.0,1.0
6973,data_GamGam,120.84746864968649,hadronic,0,1,1,1,0.0,0.0,0.0,1.0,0.0
6974,WH,128.51241268797332,hadronic,0,2,2,1,0.0,0.0,0.0,1.0,1.0
6978,ttH,123.45627369735928,leptonic_bookkeeping,1,1,1,1,0.0,0.0,0.0,1.0,1.0
6979,ggZH,122.10788962642916,hadronic,0,1,1,1,0.0,0.0,0.0,1.0,1.0
6980,ggZH,125.95218638941445,hadronic,0,4,4,3,0.0,0.0,0.0,1.0,1.0
6981,ggH,124.27010963718307,hadronic,0,1,1,1,0.0,0.0,0.0,1.0,1.0
6987,WH,125.20960103244938,hadronic,0,2,2,1,0.0,0.0,0.0,1.0,1.0
6991,ttH,125.684045646959,leptonic_bookkeeping,1,1,1,1,0.0,0.0,0.0,1.0,1.0
6993,ggZH,124.2991494187625,hadronic,0,3,3,1,0.0,0.0,0.0,1.0,1.0
6994,ggZH,124.6709111124737,hadronic,0,2,2,1,0.0,0.0,0.0,1.0,1.0
6995,ZH,126.96155066962858,hadronic,0,4,4,3,0.0,0.0,0.0,1.0,1.0
6996,ggZH,128.87270576096668,hadronic,0,1,1,1,0.0,0.0,0.0,1.0,1.0
6997,VBF,118.82454584255665,hadronic,0,3,3,3,0.0,0.0,0.0,1.0,0.0
6998,WH,123.40246713639043,leptonic_bookkeeping,1,2,2,2,0.0,0.0,0.0,1.0,1.0
6999,ggZH,126.0041024471924,hadronic,0,3,3,1,0.0,0.0,0.0,1.0,1.0
7000,data_GamGam,126.67502072848072,leptonic_bookkeeping,1,0,0,0,0.0,0.0,0.0,1.0,0.0
7001,tH,126.62854487735228,leptonic_bookkeeping,1,1,1,1,0.0,0.0,0.0,1.0,1.0
7002,ggH,122.6242127687867,hadronic,0,1,1,0,0.0,0.0,0.0,1.0,1.0
7003,ZH,123.06413228863534,hadronic,0,0,0,0,0.0,0.0,0.0,1.0,1.0
7004,ZH,127.41186461711621,hadronic,0,3,3,3,0.0,0.0,0.0,1.0,1.0
7005,ggZH,124.35552554940254,leptonic_bookkeeping,1,1,1,1,0.0,0.0,0.0,1.0,1.0
7006,VBF,151.10663587857496,hadronic,0,4,4,2,0.0,0.0,0.0,1.0,0.0
7009,ZH,122.93068140485276,leptonic_bookkeeping,1,3,3,2,0.0,0.0,0.0,1.0,1.0
7010,tH,124.9148989410363,hadronic,0,1,1,0,0.0,0.0,0.0,1.0,1.0
7012,data_GamGam,118.2955595274168,leptonic_bookkeeping,1,1,1,0,0.0,0.0,0.0,1.0,0.0
7014,tH,127.9660934566938,hadronic,0,3,3,1,0.0,0.0,0.0,1.0,1.0
7016,ggZH,126.835382965642,hadronic,0,3,3,2,0.0,0.0,0.0,1.0,1.0
7018,tH,126.30160818064896,hadronic,0,3,3,3,0.0,0.0,0.0,1.0,1.0
7019,VBF,107.43727458114154,hadronic,0,2,2,0,0.0,0.0,0.0,1.0,0.0
7022,data_GamGam,152.17176841905606,hadronic,0,2,2,2,0.0,0.0,0.0,1.0,0.0
7025,VBF,109.41447524151555,leptonic_bookkeeping,1,3,3,1,0.0,0.0,0.0,1.0,0.0
7026,WH,127.4389717385551,leptonic_bookkeeping,1,3,3,3,0.0,0.0,0.0,1.0,1.0
7028,data_GamGam,133.17287447569907,leptonic_bookkeeping,1,1,1,1,0.0,0.0,0.0,1.0,0.0
7030,tH,128.1213699455135,leptonic_bookkeeping,1,3,3,1,0.0,0.0,0.0,1.0,1.0
7033,tH,127.53605509337065,hadronic,0,3,3,3,0.0,0.0,0.0,1.0,1.0
7034,ggH,124.70074972719809,hadronic,0,3,3,2,0.0,0.0,0.0,1.0,1.0
7037,ttH,124.26213534223552,leptonic_bookkeeping,1,2,2,1,0.0,0.0,0.0,1.0,1.0
7040,ttH,124.53541201913278,leptonic_bookkeeping,1,1,1,1,0.0,0.0,0.0,1.0,1.0
7042,tH,123.31491212122263,hadronic,0,0,0,0,0.0,0.0,0.0,1.0,1.0
7043,ggZH,129.41411783734,hadronic,0,1,1,1,0.0,0.0,0.0,1.0,1.0
7044,ttH,126.72778779857744,leptonic_bookkeeping,1,3,3,2,0.0,0.0,0.0,1.0,1.0
7046,WH,123.24596552457415,hadronic,0,2,2,0,0.0,0.0,0.0,1.0,1.0
7048,data_GamGam,138.46666166160028,hadronic,0,2,2,2,0.0,0.0,0.0,1.0,0.0
7052,data_GamGam,125.43293942389799,leptonic_bookkeeping,1,2,2,1,0.0,0.0,0.0,1.0,0.0
7054,ZH,125.1204474595089,hadronic,0,2,2,2,0.0,0.0,0.0,1.0,1.0
7055,ggZH,121.23005013184085,hadronic,0,3,3,2,0.0,0.0,0.0,1.0,1.0
7056,ggZH,127.82638171632347,hadronic,0,1,1,0,0.0,0.0,0.0,1.0,1.0
7057,WH,127.47609473597451,leptonic_bookkeeping,1,2,2,1,0.0,0.0,0.0,1.0,1.0
7059,data_GamGam,110.50436697489626,hadronic,0,1,1,1,0.0,0.0,0.0,1.0,0.0
7060,ggZH,125.41572332532597,hadronic,0,2,2,2,0.0,0.0,0.0,1.0,1.0
7061,ttH,124.38959862147385,leptonic_bookkeeping,1,2,2,1,0.0,0.0,0.0,1.0,1.0
7062,WH,125.6208825417827,hadronic,0,0,0,0,0.0,0.0,0.0,1.0,1.0
7063,VBF,148.97621215305242,hadronic,0,3,3,3,0.0,0.0,0.0,1.0,0.0
7069,tH,125.06594989434421,leptonic_bookkeeping,1,3,3,1,0.0,0.0,0.0,1.0,1.0
7070,ggH,126.46342050218516,leptonic_bookkeeping,1,1,1,1,0.0,0.0,0.0,1.0,1.0
7071,ggZH,122.6659242081665,leptonic_bookkeeping,1,1,1,1,0.0,0.0,0.0,1.0,1.0
7072,data_GamGam,152.29237936207673,hadronic,0,4,4,3,0.0,0.0,0.0,1.0,0.0
7073,ZH,122.83053721364276,hadronic,0,2,2,2,0.0,0.0,0.0,1.0,1.0
7074,ggZH,126.7743043463142,hadronic,0,2,2,2,0.0,0.0,0.0,1.0,1.0
7076,tH,122.61463223087429,leptonic_bookkeeping,1,1,1,0,0.0,0.0,0.0,1.0,1.0
7077,VBF,117.13061962233094,hadronic,0,2,2,2,0.0,0.0,0.0,1.0,0.0
7078,ggZH,124.18818226556242,leptonic_bookkeeping,1,0,0,0,0.0,0.0,0.0,1.0,1.0
7083,VBF,152.72847205420703,hadronic,0,1,1,0,0.0,0.0,0.0,1.0,0.0
7087,VBF,132.79934419602864,hadronic,0,2,2,2,0.0,0.0,0.0,1.0,0.0
7092,VBF,106.43091847247231,hadronic,0,3,3,0,0.0,0.0,0.0,1.0,0.0
7094,VBF,141.04829197101532,leptonic_bookkeeping,1,2,2,1,0.0,0.0,0.0,1.0,0.0
7095,WH,125.75462510047511,hadronic,0,1,1,1,0.0,0.0,0.0,1.0,1.0
7096,WH,120.20148392467944,hadronic,0,4,4,1,0.0,0.0,0.0,1.0,1.0
7097,ZH,125.04739444374555,hadronic,0,1,1,0,0.0,0.0,0.0,1.0,1.0
7099,ggH,125.00231985526867,leptonic_bookkeeping,1,1,1,0,0.0,0.0,0.0,1.0,1.0
7104,WH,120.86241375850878,hadronic,0,1,1,0,0.0,0.0,0.0,1.0,1.0
7106,ggZH,124.79758247771649,hadronic,0,1,1,0,0.0,0.0,0.0,1.0,1.0
7107,data_GamGam,132.57510233839093,leptonic_bookkeeping,1,1,1,1,0.0,0.0,0.0,1.0,0.0
7108,ttH,126.47959743992432,leptonic_bookkeeping,1,4,4,1,0.0,0.0,0.0,1.0,1.0
7110,WH,127.94353911671676,leptonic_bookkeeping,1,3,3,1,0.0,0.0,0.0,1.0,1.0
7113,ZH,125.6618461536254,leptonic_bookkeeping,1,3,3,1,0.0,0.0,0.0,1.0,1.0
7116,ttH,127.52808454777515,leptonic_bookkeeping,1,3,3,2,0.0,0.0,0.0,1.0,1.0
7117,ZH,126.73417693992307,hadronic,0,3,3,3,0.0,0.0,0.0,1.0,1.0
7118,ggH,127.0252647235678,hadronic,0,2,2,1,0.0,0.0,0.0,1.0,1.0
7119,ggH,124.72285127469247,hadronic,0,3,3,2,0.0,0.0,0.0,1.0,1.0
7121,ggH,121.13946008192892,hadronic,0,1,1,1,0.0,0.0,0.0,1.0,1.0
7122,data_GamGam,120.27925983346822,leptonic_bookkeeping,1,2,2,1,0.0,0.0,0.0,1.0,0.0
7124,VBF,105.62087431619875,hadronic,0,2,2,1,0.0,0.0,0.0,1.0,0.0
7126,ZH,124.85159788961147,leptonic_bookkeeping,1,1,1,1,0.0,0.0,0.0,1.0,1.0
7127,WH,122.93740940009722,hadronic,0,1,1,1,0.0,0.0,0.0,1.0,1.0
7130,ggZH,123.42678249448836,leptonic_bookkeeping,1,2,2,1,0.0,0.0,0.0,1.0,1.0
7132,ZH,123.05938228123352,leptonic_bookkeeping,1,1,1,0,0.0,0.0,0.0,1.0,1.0
7135,data_GamGam,149.27832961521034,hadronic,0,3,3,3,0.0,0.0,0.0,1.0,0.0
7138,WH,124.75474225893619,hadronic,0,1,1,1,0.0,0.0,0.0,1.0,1.0
7139,ttH,126.19960108754364,hadronic,0,3,3,2,0.0,0.0,0.0,1.0,1.0
7142,ggH,123.75068879554603,hadronic,0,3,3,3,0.0,0.0,0.0,1.0,1.0
7144,VBF,130.9012535685096,hadronic,0,2,2,2,0.0,0.0,0.0,1.0,0.0
7145,ttH,126.89173949742884,hadronic,0,3,3,3,0.0,0.0,0.0,1.0,1.0
7149,data_GamGam,133.0030816759983,hadronic,0,3,3,1,0.0,0.0,0.0,1.0,0.0
7151,ttH,124.37340037792981,leptonic_bookkeeping,1,1,1,0,0.0,0.0,0.0,1.0,1.0
7153,tH,125.09447886608794,leptonic_bookkeeping,1,3,3,3,0.0,0.0,0.0,1.0,1.0
7155,ttH,123.00177228720142,leptonic_bookkeeping,1,4,4,2,0.0,0.0,0.0,1.0,1.0
7156,tH,129.93023656587846,hadronic,0,3,3,1,0.0,0.0,0.0,1.0,1.0
7157,ggZH,123.51403815465048,hadronic,0,1,1,1,0.0,0.0,0.0,1.0,1.0
7160,VBF,147.65157104655074,hadronic,0,0,0,0,0.0,0.0,0.0,1.0,0.0
7161,ttH,127.84874179723927,leptonic_bookkeeping,1,2,2,1,0.0,0.0,0.0,1.0,1.0
7162,tH,127.06903031267511,hadronic,0,2,2,1,0.0,0.0,0.0,1.0,1.0
7165,ZH,124.29007335308776,leptonic_bookkeeping,1,2,2,2,0.0,0.0,0.0,1.0,1.0
7166,data_GamGam,116.4021126666058,hadronic,0,3,3,1,0.0,0.0,0.0,1.0,0.0
7172,ttH,124.9565177628226,hadronic,0,1,1,1,0.0,0.0,0.0,1.0,1.0
7173,ttH,127.38201298387874,leptonic_bookkeeping,1,2,2,1,0.0,0.0,0.0,1.0,1.0
7174,data_GamGam,108.15033112559213,hadronic,0,1,1,1,0.0,0.0,0.0,1.0,0.0
7175,ggH,122.65140842015623,hadronic,0,3,3,1,0.0,0.0,0.0,1.0,1.0
7176,WH,127.30552355925596,hadronic,0,3,3,3,0.0,0.0,0.0,1.0,1.0
7178,tH,124.68587555197395,leptonic_bookkeeping,1,1,1,1,0.0,0.0,0.0,1.0,1.0
7180,data_GamGam,114.2656389253779,leptonic_bookkeeping,1,0,0,0,0.0,0.0,0.0,1.0,0.0
7182,ggZH,126.83027497659836,hadronic,0,3,3,1,0.0,0.0,0.0,1.0,1.0
7183,data_GamGam,104.10925002642887,hadronic,0,3,3,2,0.0,0.0,0.0,1.0,0.0
7184,ttH,123.64845450798796,hadronic,0,2,2,2,0.0,0.0,0.0,1.0,1.0
7185,ZH,128.60673539130468,hadronic,0,1,1,0,0.0,0.0,0.0,1.0,1.0
7187,VBF,121.88258252746903,hadronic,0,1,1,0,0.0,0.0,0.0,1.0,0.0
7189,ttH,125.47036029070259,hadronic,0,3,3,2,0.0,0.0,0.0,1.0,1.0
7190,VBF,148.98654436596547,hadronic,0,2,2,0,0.0,0.0,0.0,1.0,0.0
7195,WH,128.3424893183647,leptonic_bookkeeping,1,1,1,0,0.0,0.0,0.0,1.0,1.0
7196,ZH,126.81500328623878,leptonic_bookkeeping,1,1,1,1,0.0,0.0,0.0,1.0,1.0
7198,ttH,123.25189971555449,hadronic,0,2,2,0,0.0,0.0,0.0,1.0,1.0
7199,ggH,125.85289292453828,hadronic,0,3,3,2,0.0,0.0,0.0,1.0,1.0
7200,VBF,147.46145264810673,hadronic,0,2,2,0,0.0,0.0,0.0,1.0,0.0
7202,tH,124.83022143928129,hadronic,0,2,2,1,0.0,0.0,0.0,1.0,1.0
7203,WH,123.03374922788056,hadronic,0,3,3,1,0.0,0.0,0.0,1.0,1.0
7204,WH,121.75777969766698,hadronic,0,1,1,1,0.0,0.0,0.0,1.0,1.0
7205,data_GamGam,142.26619303238792,hadronic,0,3,3,3,0.0,0.0,0.0,1.0,0.0
7206,VBF,101.42711393314869,hadronic,0,0,0,0,0.0,0.0,0.0,1.0,0.0
7207,ggH,122.78826396851876,hadronic,0,3,3,2,0.0,0.0,0.0,1.0,1.0
7208,ZH,125.05630386712986,hadronic,0,2,2,1,0.0,0.0,0.0,1.0,1.0
7209,ggZH,128.46320242540205,hadronic,0,1,1,0,0.0,0.0,0.0,1.0,1.0
7210,tH,125.89590736244223,hadronic,0,2,2,1,0.0,0.0,0.0,1.0,1.0
7212,data_GamGam,115.04615643327635,leptonic_bookkeeping,1,1,1,1,0.0,0.0,0.0,1.0,0.0
7213,ZH,125.34831924793866,leptonic_bookkeeping,1,1,1,1,0.0,0.0,0.0,1.0,1.0
7216,data_GamGam,113.92062254037037,hadronic,0,2,2,1,0.0,0.0,0.0,1.0,0.0
7222,data_GamGam,134.75987984547154,hadronic,0,1,1,1,0.0,0.0,0.0,1.0,0.0
7223,ggZH,120.07970461427523,hadronic,0,3,3,2,0.0,0.0,0.0,1.0,1.0
7225,VBF,145.2571803090784,hadronic,0,1,1,0,0.0,0.0,0.0,1.0,0.0
7226,VBF,102.41618369902157,leptonic_bookkeeping,1,0,0,0,0.0,0.0,0.0,1.0,0.0
7227,tH,123.55473630607167,leptonic_bookkeeping,1,2,2,1,0.0,0.0,0.0,1.0,1.0
7228,WH,123.50993515902786,hadronic,0,3,3,1,0.0,0.0,0.0,1.0,1.0
7230,ggZH,124.75847987227205,hadronic,0,2,2,2,0.0,0.0,0.0,1.0,1.0
7231,ZH,124.80227723226628,leptonic_bookkeeping,1,2,2,2,0.0,0.0,0.0,1.0,1.0
7232,ttH,121.53359415110361,hadronic,0,1,1,0,0.0,0.0,0.0,1.0,1.0
7233,VBF,132.59760913853336,hadronic,0,2,2,1,0.0,0.0,0.0,1.0,0.0
7234,ZH,124.90491519439426,leptonic_bookkeeping,1,2,2,2,0.0,0.0,0.0,1.0,1.0
7235,ZH,122.73045156495463,leptonic_bookkeeping,1,3,3,2,0.0,0.0,0.0,1.0,1.0
7236,tH,125.9929692018818,hadronic,0,2,2,0,0.0,0.0,0.0,1.0,1.0
7239,ttH,125.05349194955916,hadronic,0,2,2,2,0.0,0.0,0.0,1.0,1.0
7241,tH,123.96387965317997,leptonic_bookkeeping,1,2,2,2,0.0,0.0,0.0,1.0,1.0
7242,WH,125.08282200206594,leptonic_bookkeeping,1,0,0,0,0.0,0.0,0.0,1.0,1.0
7245,data_GamGam,154.58854968326827,leptonic_bookkeeping,1,3,3,2,0.0,0.0,0.0,1.0,0.0
7246,ttH,124.93555263940387,leptonic_bookkeeping,1,4,4,2,0.0,0.0,0.0,1.0,1.0
7247,ggZH,126.44559148183663,hadronic,0,3,3,1,0.0,0.0,0.0,1.0,1.0
7249,ttH,125.12085356608388,hadronic,0,4,4,3,0.0,0.0,0.0,1.0,1.0
7250,data_GamGam,123.42027004062125,hadronic,0,1,1,1,0.0,0.0,0.0,1.0,0.0
7252,ggZH,125.33147734037364,leptonic_bookkeeping,1,2,2,2,0.0,0.0,0.0,1.0,1.0
7253,tH,122.57075538004192,leptonic_bookkeeping,1,1,1,1,0.0,0.0,0.0,1.0,1.0
7255,VBF,100.43354859475184,leptonic_bookkeeping,1,2,2,1,0.0,0.0,0.0,1.0,0.0
7257,tH,127.78219433191212,hadronic,0,0,0,0,0.0,0.0,0.0,1.0,1.0
7258,tH,126.38978970471292,leptonic_bookkeeping,1,3,3,2,0.0,0.0,0.0,1.0,1.0
7259,ttH,127.23711957658374,hadronic,0,2,2,1,0.0,0.0,0.0,1.0,1.0
7260,WH,124.36509828794942,leptonic_bookkeeping,1,3,3,3,0.0,0.0,0.0,1.0,1.0
7261,VBF,125.31763369516528,leptonic_bookkeeping,1,0,0,0,0.0,0.0,0.0,1.0,0.0
7262,VBF,103.30196396500341,hadronic,0,1,1,0,0.0,0.0,0.0,1.0,0.0
7263,tH,127.47427700380938,hadronic,0,2,2,2,0.0,0.0,0.0,1.0,1.0
7264,WH,125.27721009203711,leptonic_bookkeeping,1,1,1,1,0.0,0.0,0.0,1.0,1.0
7265,data_GamGam,128.02715479064582,hadronic,0,2,2,1,0.0,0.0,0.0,1.0,0.0
7267,VBF,152.40339852224486,leptonic_bookkeeping,1,1,1,0,0.0,0.0,0.0,1.0,0.0
7271,data_GamGam,103.17924585191513,hadronic,0,3,3,2,0.0,0.0,0.0,1.0,0.0
7273,ggZH,124.85393642963123,leptonic_bookkeeping,1,2,2,2,0.0,0.0,0.0,1.0,1.0
7274,WH,125.99686609054612,leptonic_bookkeeping,1,1,1,1,0.0,0.0,0.0,1.0,1.0
7275,ttH,125.11160177331907,leptonic_bookkeeping,1,0,0,0,0.0,0.0,0.0,1.0,1.0
7276,ttH,124.27924942532607,hadronic,0,3,3,3,0.0,0.0,0.0,1.0,1.0
7277,ggH,122.64349791458719,hadronic,0,4,4,2,0.0,0.0,0.0,1.0,1.0
7278,ttH,122.46622861292069,hadronic,0,2,2,2,0.0,0.0,0.0,1.0,1.0
7280,tH,124.5469797951965,hadronic,0,3,3,1,0.0,0.0,0.0,1.0,1.0
7281,ZH,124.80163879244594,hadronic,0,0,0,0,0.0,0.0,0.0,1.0,1.0
7283,ZH,124.76528877328906,leptonic_bookkeeping,1,1,1,1,0.0,0.0,0.0,1.0,1.0
7285,WH,126.03923247398407,leptonic_bookkeeping,1,1,1,0,0.0,0.0,0.0,1.0,1.0
7286,WH,124.50116517736001,leptonic_bookkeeping,1,1,1,1,0.0,0.0,0.0,1.0,1.0
7288,tH,127.73301679558367,hadronic,0,2,2,2,0.0,0.0,0.0,1.0,1.0
7289,ZH,124.01715166634592,hadronic,0,3,3,1,0.0,0.0,0.0,1.0,1.0
7290,ttH,128.83252672469146,leptonic_bookkeeping,1,2,2,2,0.0,0.0,0.0,1.0,1.0
7292,data_GamGam,113.78328880203784,hadronic,0,3,3,1,0.0,0.0,0.0,1.0,0.0
7293,tH,122.96474829282239,hadronic,0,1,1,1,0.0,0.0,0.0,1.0,1.0
7295,WH,126.54968674700753,hadronic,0,1,1,0,0.0,0.0,0.0,1.0,1.0
7296,ggZH,125.4500085992857,leptonic_bookkeeping,1,2,2,2,0.0,0.0,0.0,1.0,1.0
7297,data_GamGam,158.00119520890524,hadronic,0,2,2,2,0.0,0.0,0.0,1.0,0.0
7298,ggH,124.10968994265612,leptonic_bookkeeping,1,2,2,1,0.0,0.0,0.0,1.0,1.0
7301,tH,122.81085488803282,hadronic,0,2,2,2,0.0,0.0,0.0,1.0,1.0
7302,ggH,124.55067014239624,hadronic,0,3,3,3,0.0,0.0,0.0,1.0,1.0
7308,ZH,128.68856591752478,hadronic,0,2,2,2,0.0,0.0,0.0,1.0,1.0
7309,ggZH,125.3991797404899,hadronic,0,4,4,2,0.0,0.0,0.0,1.0,1.0
7311,ggH,121.2067697421406,leptonic_bookkeeping,1,1,1,0,0.0,0.0,0.0,1.0,1.0
7312,ZH,122.84747234305459,hadronic,0,2,2,2,0.0,0.0,0.0,1.0,1.0
7313,VBF,130.3045168350379,hadronic,0,3,3,1,0.0,0.0,0.0,1.0,0.0
7314,ggZH,126.12646588773508,leptonic_bookkeeping,1,0,0,0,0.0,0.0,0.0,1.0,1.0
7315,WH,123.17633652885382,hadronic,0,3,3,2,0.0,0.0,0.0,1.0,1.0
7317,WH,124.63007551636824,hadronic,0,3,3,2,0.0,0.0,0.0,1.0,1.0
7320,ZH,124.83604722144176,hadronic,0,2,2,1,0.0,0.0,0.0,1.0,1.0
7321,VBF,116.51801447414789,hadronic,0,0,0,0,0.0,0.0,0.0,1.0,0.0
7322,ggH,128.96447711520983,leptonic_bookkeeping,1,1,1,0,0.0,0.0,0.0,1.0,1.0
7323,ggH,123.58680319990852,hadronic,0,1,1,1,0.0,0.0,0.0,1.0,1.0
7326,data_GamGam,131.42290801001838,hadronic,0,3,3,3,0.0,0.0,0.0,1.0,0.0
7327,data_GamGam,139.54432026935547,hadronic,0,2,2,0,0.0,0.0,0.0,1.0,0.0
7329,ggZH,125.5419973361353,leptonic_bookkeeping,1,1,1,0,0.0,0.0,0.0,1.0,1.0
7330,VBF,143.41258419538082,hadronic,0,1,1,1,0.0,0.0,0.0,1.0,0.0
7331,ZH,126.15949722401845,hadronic,0,3,3,3,0.0,0.0,0.0,1.0,1.0
7332,data_GamGam,131.10352698031295,hadronic,0,3,3,0,0.0,0.0,0.0,1.0,0.0
7333,ttH,123.69177327015966,leptonic_bookkeeping,1,3,3,3,0.0,0.0,0.0,1.0,1.0
7334,ZH,125.65897192662722,leptonic_bookkeeping,1,2,2,2,0.0,0.0,0.0,1.0,1.0
7335,WH,123.7131437969214,hadronic,0,2,2,1,0.0,0.0,0.0,1.0,1.0
7336,ttH,126.56178356845835,leptonic_bookkeeping,1,1,1,1,0.0,0.0,0.0,1.0,1.0
7337,data_GamGam,104.23312733234864,hadronic,0,1,1,0,0.0,0.0,0.0,1.0,0.0
7339,VBF,129.29060452658587,leptonic_bookkeeping,1,0,0,0,0.0,0.0,0.0,1.0,0.0
7342,ttH,120.77629921438243,hadronic,0,1,1,0,0.0,0.0,0.0,1.0,1.0
7343,data_GamGam,109.25870384581752,leptonic_bookkeeping,1,1,1,1,0.0,0.0,0.0,1.0,0.0
7345,ttH,121.91922295810785,leptonic_bookkeeping,1,1,1,1,0.0,0.0,0.0,1.0,1.0
7346,ggH,124.38161478257733,leptonic_bookkeeping,1,3,3,2,0.0,0.0,0.0,1.0,1.0
7347,ggH,125.75715385097969,leptonic_bookkeeping,1,1,1,1,0.0,0.0,0.0,1.0,1.0
7348,ggH,122.87435625192259,hadronic,0,3,3,3,0.0,0.0,0.0,1.0,1.0
7349,VBF,150.11432119417532,hadronic,0,2,2,0,0.0,0.0,0.0,1.0,0.0
7350,tH,125.59428395994613,leptonic_bookkeeping,1,1,1,1,0.0,0.0,0.0,1.0,1.0
7352,ggZH,123.48987832018103,hadronic,0,4,4,3,0.0,0.0,0.0,1.0,1.0
7353,tH,125.44493217930108,leptonic_bookkeeping,1,1,1,1,0.0,0.0,0.0,1.0,1.0
7356,VBF,137.73114986922212,hadronic,0,3,3,2,0.0,0.0,0.0,1.0,0.0
7359,VBF,102.9144557286635,leptonic_bookkeeping,1,0,0,0,0.0,0.0,0.0,1.0,0.0
7363,data_GamGam,155.52123932336326,leptonic_bookkeeping,1,3,3,2,0.0,0.0,0.0,1.0,0.0
7364,ZH,124.34811142048909,leptonic_bookkeeping,1,3,3,2,0.0,0.0,0.0,1.0,1.0
7366,tH,124.34656991106361,leptonic_bookkeeping,1,2,2,1,0.0,0.0,0.0,1.0,1.0
7375,ttH,125.86368131569311,hadronic,0,3,3,2,0.0,0.0,0.0,1.0,1.0
7376,data_GamGam,150.00322361260987,hadronic,0,3,3,3,0.0,0.0,0.0,1.0,0.0
7377,ttH,126.98797673918507,hadronic,0,3,3,1,0.0,0.0,0.0,1.0,1.0
7381,ttH,124.63410606440932,leptonic_bookkeeping,1,2,2,2,0.0,0.0,0.0,1.0,1.0
7382,tH,123.43729440689933,leptonic_bookkeeping,1,4,4,0,0.0,0.0,0.0,1.0,1.0
7383,VBF,137.87896506434464,hadronic,0,3,3,1,0.0,0.0,0.0,1.0,0.0
7387,tH,123.53279769127924,hadronic,0,1,1,0,0.0,0.0,0.0,1.0,1.0
7388,tH,127.9262690288152,hadronic,0,1,1,1,0.0,0.0,0.0,1.0,1.0
7389,WH,122.73711948538788,hadronic,0,2,2,1,0.0,0.0,0.0,1.0,1.0
7390,ggZH,124.22235800940685,leptonic_bookkeeping,1,4,4,3,0.0,0.0,0.0,1.0,1.0
7392,ZH,125.99604344183798,leptonic_bookkeeping,1,3,3,0,0.0,0.0,0.0,1.0,1.0
7393,ggZH,124.21037499792939,hadronic,0,1,1,1,0.0,0.0,0.0,1.0,1.0
7394,data_GamGam,125.82895355304248,hadronic,0,2,2,1,0.0,0.0,0.0,1.0,0.0
7397,tH,128.11535375435759,hadronic,0,4,4,3,0.0,0.0,0.0,1.0,1.0
7398,VBF,141.06989732941878,leptonic_bookkeeping,1,2,2,1,0.0,0.0,0.0,1.0,0.0
7401,tH,129.54647605049925,hadronic,0,3,3,2,0.0,0.0,0.0,1.0,1.0
7403,data_GamGam,120.4465834646308,leptonic_bookkeeping,1,1,1,1,0.0,0.0,0.0,1.0,0.0
7404,ggZH,122.39558122563096,hadronic,0,3,3,3,0.0,0.0,0.0,1.0,1.0
7407,VBF,103.90463771411504,hadronic,0,3,3,2,0.0,0.0,0.0,1.0,0.0
7408,ggH,123.28271307793021,leptonic_bookkeeping,1,2,2,1,0.0,0.0,0.0,1.0,1.0
7409,WH,123.4023107804983,leptonic_bookkeeping,1,0,0,0,0.0,0.0,0.0,1.0,1.0
7410,ggH,126.57561432246669,leptonic_bookkeeping,1,0,0,0,0.0,0.0,0.0,1.0,1.0
7414,WH,124.28467229890877,hadronic,0,2,2,1,0.0,0.0,0.0,1.0,1.0
7415,WH,126.31514508472222,hadronic,0,1,1,0,0.0,0.0,0.0,1.0,1.0
7424,tH,126.37646298545002,leptonic_bookkeeping,1,1,1,1,0.0,0.0,0.0,1.0,1.0
7425,tH,124.01210881585575,leptonic_bookkeeping,1,0,0,0,0.0,0.0,0.0,1.0,1.0
7426,ggZH,123.6769970992146,hadronic,0,3,3,2,0.0,0.0,0.0,1.0,1.0
7427,ggZH,128.65119343890632,leptonic_bookkeeping,1,1,1,0,0.0,0.0,0.0,1.0,1.0
7429,ttH,124.75373159935994,hadronic,0,0,0,0,0.0,0.0,0.0,1.0,1.0
7432,ZH,126.41822536770556,leptonic_bookkeeping,1,1,1,1,0.0,0.0,0.0,1.0,1.0
7433,ZH,123.0348091264347,leptonic_bookkeeping,1,2,2,1,0.0,0.0,0.0,1.0,1.0
7436,ggZH,123.29234373971427,hadronic,0,1,1,1,0.0,0.0,0.0,1.0,1.0
7439,tH,122.10539805982653,hadronic,0,3,3,2,0.0,0.0,0.0,1.0,1.0
7442,data_GamGam,155.52851159434294,hadronic,0,0,0,0,0.0,0.0,0.0,1.0,0.0
7445,tH,125.0792650112305,leptonic_bookkeeping,1,1,1,1,0.0,0.0,0.0,1.0,1.0
7446,ttH,121.75191980854335,hadronic,0,1,1,0,0.0,0.0,0.0,1.0,1.0
7447,VBF,115.7718318651262,hadronic,0,1,1,1,0.0,0.0,0.0,1.0,0.0
7449,VBF,112.65781731889527,leptonic_bookkeeping,1,2,2,1,0.0,0.0,0.0,1.0,0.0
7450,tH,127.04157604536113,hadronic,0,4,4,3,0.0,0.0,0.0,1.0,1.0
7453,tH,125.50723498144232,leptonic_bookkeeping,1,0,0,0,0.0,0.0,0.0,1.0,1.0
7456,ttH,127.91814830557458,leptonic_bookkeeping,1,0,0,0,0.0,0.0,0.0,1.0,1.0
7460,ggZH,129.19863727573278,hadronic,0,1,1,1,0.0,0.0,0.0,1.0,1.0
7461,tH,124.51990742892251,leptonic_bookkeeping,1,1,1,1,0.0,0.0,0.0,1.0,1.0
7462,ZH,121.0238606188836,hadronic,0,1,1,1,0.0,0.0,0.0,1.0,1.0
7464,data_GamGam,129.66389307219504,hadronic,0,3,3,2,0.0,0.0,0.0,1.0,0.0
7465,ggZH,123.64962601889546,hadronic,0,1,1,1,0.0,0.0,0.0,1.0,1.0
7466,data_GamGam,154.52966892684702,hadronic,0,2,2,2,0.0,0.0,0.0,1.0,0.0
7469,data_GamGam,128.48488070844004,leptonic_bookkeeping,1,2,2,2,0.0,0.0,0.0,1.0,0.0
7470,ggZH,125.21283194655932,hadronic,0,2,2,1,0.0,0.0,0.0,1.0,1.0
7471,tH,125.26621881406824,hadronic,0,4,4,2,0.0,0.0,0.0,1.0,1.0
7472,tH,124.58466902911661,hadronic,0,0,0,0,0.0,0.0,0.0,1.0,1.0
7474,ttH,124.73991162547415,hadronic,0,1,1,1,0.0,0.0,0.0,1.0,1.0
7475,tH,125.33117541724543,hadronic,0,1,1,1,0.0,0.0,0.0,1.0,1.0
7478,ZH,123.24447864657658,hadronic,0,2,2,1,0.0,0.0,0.0,1.0,1.0
7481,ZH,127.24029441920612,hadronic,0,1,1,0,0.0,0.0,0.0,1.0,1.0
7482,VBF,144.17792380385274,leptonic_bookkeeping,1,2,2,0,0.0,0.0,0.0,1.0,0.0
7483,VBF,144.22784376142505,hadronic,0,3,3,2,0.0,0.0,0.0,1.0,0.0
7484,ttH,123.64826822664118,hadronic,0,2,2,2,0.0,0.0,0.0,1.0,1.0
7485,ggH,124.38414866556079,hadronic,0,2,2,1,0.0,0.0,0.0,1.0,1.0
7488,ZH,128.71132190882955,leptonic_bookkeeping,1,1,1,1,0.0,0.0,0.0,1.0,1.0
7489,data_GamGam,137.1550239486591,hadronic,0,2,2,1,0.0,0.0,0.0,1.0,0.0
7490,ttH,127.98983913552117,leptonic_bookkeeping,1,1,1,1,0.0,0.0,0.0,1.0,1.0
7491,ggZH,124.02508696459493,leptonic_bookkeeping,1,0,0,0,0.0,0.0,0.0,1.0,1.0
7492,ggZH,124.73542250040283,leptonic_bookkeeping,1,0,0,0,0.0,0.0,0.0,1.0,1.0
7495,ZH,123.77539761992699,hadronic,0,2,2,1,0.0,0.0,0.0,1.0,1.0
7497,data_GamGam,140.86837568088538,hadronic,0,3,3,1,0.0,0.0,0.0,1.0,0.0
7498,ZH,127.33286003291386,leptonic_bookkeeping,1,2,2,1,0.0,0.0,0.0,1.0,1.0
7501,ZH,128.65737606681802,leptonic_bookkeeping,1,0,0,0,0.0,0.0,0.0,1.0,1.0
7502,ttH,127.51469666487107,hadronic,0,1,1,0,0.0,0.0,0.0,1.0,1.0
7505,tH,122.04847883057688,leptonic_bookkeeping,1,0,0,0,0.0,0.0,0.0,1.0,1.0
7507,ggH,125.03859557079423,hadronic,0,1,1,0,0.0,0.0,0.0,1.0,1.0
7508,ggH,125.88249120552577,hadronic,0,2,2,2,0.0,0.0,0.0,1.0,1.0
7509,ZH,127.36200630287941,leptonic_bookkeeping,1,1,1,1,0.0,0.0,0.0,1.0,1.0
7512,VBF,105.5722952282058,hadronic,0,1,1,0,0.0,0.0,0.0,1.0,0.0
7513,ggZH,124.29589475227371,hadronic,0,3,3,3,0.0,0.0,0.0,1.0,1.0
7514,ggZH,123.66827767148823,leptonic_bookkeeping,1,2,2,2,0.0,0.0,0.0,1.0,1.0
7515,ZH,125.93274003285627,hadronic,0,1,1,1,0.0,0.0,0.0,1.0,1.0
7516,tH,124.83300315549742,hadronic,0,2,2,2,0.0,0.0,0.0,1.0,1.0
7517,data_GamGam,152.13451821824026,hadronic,0,2,2,1,0.0,0.0,0.0,1.0,0.0
7519,ttH,128.77910011819597,hadronic,0,1,1,0,0.0,0.0,0.0,1.0,1.0
7522,data_GamGam,115.72936230401159,leptonic_bookkeeping,1,2,2,2,0.0,0.0,0.0,1.0,0.0
7525,data_GamGam,150.88101227643455,leptonic_bookkeeping,1,1,1,0,0.0,0.0,0.0,1.0,0.0
7526,data_GamGam,100.97340781742159,leptonic_bookkeeping,1,2,2,2,0.0,0.0,0.0,1.0,0.0
7528,VBF,129.68644380254696,hadronic,0,2,2,1,0.0,0.0,0.0,1.0,0.0
7529,data_GamGam,100.681094708601,hadronic,0,0,0,0,0.0,0.0,0.0,1.0,0.0
7532,ggH,124.21792414502731,hadronic,0,3,3,2,0.0,0.0,0.0,1.0,1.0
7533,ttH,123.51781516016707,leptonic_bookkeeping,1,1,1,1,0.0,0.0,0.0,1.0,1.0
7537,ggZH,123.0469888640343,leptonic_bookkeeping,1,2,2,1,0.0,0.0,0.0,1.0,1.0
7538,tH,130.82764408414036,hadronic,0,3,3,2,0.0,0.0,0.0,1.0,1.0
7539,VBF,102.82910617365103,leptonic_bookkeeping,1,2,2,2,0.0,0.0,0.0,1.0,0.0
7540,ZH,122.19756792935036,leptonic_bookkeeping,1,2,2,1,0.0,0.0,0.0,1.0,1.0
7542,WH,123.92845087634684,leptonic_bookkeeping,1,3,3,2,0.0,0.0,0.0,1.0,1.0
7543,ttH,125.08916567077995,hadronic,0,2,2,2,0.0,0.0,0.0,1.0,1.0
7545,data_GamGam,124.23951792855874,hadronic,0,2,2,0,0.0,0.0,0.0,1.0,0.0
7547,ZH,124.2653586868762,leptonic_bookkeeping,1,1,1,1,0.0,0.0,0.0,1.0,1.0
7548,ggZH,122.56736745046484,leptonic_bookkeeping,1,0,0,0,0.0,0.0,0.0,1.0,1.0
7549,ggH,124.49720171379597,hadronic,0,2,2,1,0.0,0.0,0.0,1.0,1.0
7554,ttH,127.27206271925814,hadronic,0,3,3,0,0.0,0.0,0.0,1.0,1.0
7555,VBF,121.42583752986982,hadronic,0,2,2,1,0.0,0.0,0.0,1.0,0.0
7557,tH,122.47613991784428,hadronic,0,3,3,2,0.0,0.0,0.0,1.0,1.0
7561,ttH,127.27002808228727,leptonic_bookkeeping,1,2,2,0,0.0,0.0,0.0,1.0,1.0
7562,VBF,137.25541028107065,leptonic_bookkeeping,1,3,3,1,0.0,0.0,0.0,1.0,0.0
7563,data_GamGam,157.498897452186,leptonic_bookkeeping,1,1,1,1,0.0,0.0,0.0,1.0,0.0
7564,ggH,123.43761960009357,hadronic,0,1,1,1,0.0,0.0,0.0,1.0,1.0
7565,ZH,124.37940085317967,hadronic,0,3,3,2,0.0,0.0,0.0,1.0,1.0
7566,VBF,153.3098052414629,hadronic,0,4,4,1,0.0,0.0,0.0,1.0,0.0
7567,ggZH,123.95423848952855,hadronic,0,3,3,3,0.0,0.0,0.0,1.0,1.0
7568,VBF,110.17808161163343,leptonic_bookkeeping,1,1,1,1,0.0,0.0,0.0,1.0,0.0
7569,ZH,127.59597315489063,hadronic,0,3,3,2,0.0,0.0,0.0,1.0,1.0
7570,WH,122.55501904455365,leptonic_bookkeeping,1,4,4,4,0.0,0.0,0.0,1.0,1.0
7571,data_GamGam,147.18557477227273,hadronic,0,4,4,1,0.0,0.0,0.0,1.0,0.0
7582,ZH,126.183187867493,hadronic,0,4,4,3,0.0,0.0,0.0,1.0,1.0
7584,ggZH,128.34491283502055,hadronic,0,4,4,4,0.0,0.0,0.0,1.0,1.0
7586,ttH,125.34476681495774,hadronic,0,3,3,0,0.0,0.0,0.0,1.0,1.0
7589,tH,123.88402801764737,leptonic_bookkeeping,1,3,3,2,0.0,0.0,0.0,1.0,1.0
7591,ZH,125.75254150751086,hadronic,0,3,3,2,0.0,0.0,0.0,1.0,1.0
7592,VBF,132.9223153323731,hadronic,0,1,1,1,0.0,0.0,0.0,1.0,0.0
7593,WH,126.51497162201017,hadronic,0,2,2,2,0.0,0.0,0.0,1.0,1.0
7594,ggH,126.87253917735043,leptonic_bookkeeping,1,2,2,2,0.0,0.0,0.0,1.0,1.0
7596,ggH,121.49077000755777,hadronic,0,3,3,3,0.0,0.0,0.0,1.0,1.0
7597,ZH,123.2715600703138,hadronic,0,0,0,0,0.0,0.0,0.0,1.0,1.0
7602,tH,123.95851995479137,hadronic,0,2,2,1,0.0,0.0,0.0,1.0,1.0
7603,data_GamGam,149.38453430301226,hadronic,0,2,2,1,0.0,0.0,0.0,1.0,0.0
7604,tH,124.46092552483366,leptonic_bookkeeping,1,1,1,1,0.0,0.0,0.0,1.0,1.0
7605,ttH,125.65043122868133,leptonic_bookkeeping,1,1,1,1,0.0,0.0,0.0,1.0,1.0
7610,ttH,124.53993624914723,hadronic,0,3,3,2,0.0,0.0,0.0,1.0,1.0
7611,VBF,124.70329851418047,hadronic,0,1,1,0,0.0,0.0,0.0,1.0,0.0
7612,ggZH,122.76554750829543,hadronic,0,4,4,4,0.0,0.0,0.0,1.0,1.0
7614,ZH,122.42217600163016,leptonic_bookkeeping,1,1,1,1,0.0,0.0,0.0,1.0,1.0
7615,ggH,124.04314846818228,leptonic_bookkeeping,1,1,1,1,0.0,0.0,0.0,1.0,1.0
7616,data_GamGam,106.79947823809648,hadronic,0,1,1,1,0.0,0.0,0.0,1.0,0.0
7617,data_GamGam,100.89668689532292,leptonic_bookkeeping,1,2,2,0,0.0,0.0,0.0,1.0,0.0
7618,ttH,127.29086851516428,hadronic,0,2,2,2,0.0,0.0,0.0,1.0,1.0
7619,WH,125.40309486159124,leptonic_bookkeeping,1,3,3,2,0.0,0.0,0.0,1.0,1.0
7621,ttH,122.72754207450716,hadronic,0,1,1,1,0.0,0.0,0.0,1.0,1.0
7625,ggZH,122.72542597133551,hadronic,0,2,2,1,0.0,0.0,0.0,1.0,1.0
7628,VBF,100.32455531598067,hadronic,0,2,2,2,0.0,0.0,0.0,1.0,0.0
7633,ttH,128.1439311780173,leptonic_bookkeeping,1,1,1,1,0.0,0.0,0.0,1.0,1.0
7635,ggZH,125.28584008377662,hadronic,0,1,1,1,0.0,0.0,0.0,1.0,1.0
7638,data_GamGam,117.78545346373349,hadronic,0,2,2,2,0.0,0.0,0.0,1.0,0.0
7640,VBF,101.95817373028605,hadronic,0,3,3,2,0.0,0.0,0.0,1.0,0.0
7644,VBF,128.353123078151,hadronic,0,2,2,2,0.0,0.0,0.0,1.0,0.0
7645,ZH,129.52803912323552,leptonic_bookkeeping,1,2,2,1,0.0,0.0,0.0,1.0,1.0
7647,ggH,126.91273049384958,leptonic_bookkeeping,1,2,2,1,0.0,0.0,0.0,1.0,1.0
7649,ttH,124.37015075606136,hadronic,0,3,3,1,0.0,0.0,0.0,1.0,1.0
7650,VBF,143.59365597719295,hadronic,0,0,0,0,0.0,0.0,0.0,1.0,0.0
7652,VBF,145.8885513739272,hadronic,0,1,1,1,0.0,0.0,0.0,1.0,0.0
7654,tH,125.62343091960474,leptonic_bookkeeping,1,2,2,1,0.0,0.0,0.0,1.0,1.0
7655,tH,125.69449211512439,hadronic,0,3,3,1,0.0,0.0,0.0,1.0,1.0
7656,ggH,124.0752247812448,leptonic_bookkeeping,1,3,3,3,0.0,0.0,0.0,1.0,1.0
7660,tH,127.29711132814036,leptonic_bookkeeping,1,1,1,1,0.0,0.0,0.0,1.0,1.0
7661,data_GamGam,112.08222042098188,hadronic,0,4,4,3,0.0,0.0,0.0,1.0,0.0
7662,data_GamGam,136.81887584252277,leptonic_bookkeeping,1,3,3,2,0.0,0.0,0.0,1.0,0.0
7663,ttH,125.4700207282237,leptonic_bookkeeping,1,2,2,2,0.0,0.0,0.0,1.0,1.0
7664,ggZH,123.66326639103934,leptonic_bookkeeping,1,1,1,1,0.0,0.0,0.0,1.0,1.0
7670,tH,124.76194293958982,hadronic,0,4,4,1,0.0,0.0,0.0,1.0,1.0
7673,WH,124.90359749487412,hadronic,0,3,3,3,0.0,0.0,0.0,1.0,1.0
7677,WH,127.57570426632664,hadronic,0,2,2,0,0.0,0.0,0.0,1.0,1.0
7678,ZH,123.87133201315187,hadronic,0,4,4,3,0.0,0.0,0.0,1.0,1.0
7679,VBF,155.92671925413168,leptonic_bookkeeping,1,4,4,4,0.0,0.0,0.0,1.0,0.0
7680,ZH,127.24191374733164,leptonic_bookkeeping,1,2,2,0,0.0,0.0,0.0,1.0,1.0
7682,VBF,114.75119002753262,hadronic,0,1,1,0,0.0,0.0,0.0,1.0,0.0
7684,ggZH,123.93397834002779,leptonic_bookkeeping,1,0,0,0,0.0,0.0,0.0,1.0,1.0
7685,ZH,122.67718109741733,leptonic_bookkeeping,1,1,1,1,0.0,0.0,0.0,1.0,1.0
7686,WH,124.37769864910051,leptonic_bookkeeping,1,2,2,1,0.0,0.0,0.0,1.0,1.0
7687,ggZH,126.12708160703194,leptonic_bookkeeping,1,1,1,1,0.0,0.0,0.0,1.0,1.0
7688,ggH,125.7002156335287,leptonic_bookkeeping,1,1,1,1,0.0,0.0,0.0,1.0,1.0
7689,data_GamGam,133.8053043591353,hadronic,0,1,1,1,0.0,0.0,0.0,1.0,0.0
7690,data_GamGam,113.69005010161513,leptonic_bookkeeping,1,2,2,1,0.0,0.0,0.0,1.0,0.0
7693,WH,127.30833761159816,hadronic,0,1,1,0,0.0,0.0,0.0,1.0,1.0
7695,WH,125.27695439175287,hadronic,0,2,2,1,0.0,0.0,0.0,1.0,1.0
7696,tH,123.8406083393992,hadronic,0,1,1,0,0.0,0.0,0.0,1.0,1.0
7697,tH,122.73642783393389,hadronic,0,1,1,0,0.0,0.0,0.0,1.0,1.0
7700,ZH,125.04866801122593,leptonic_bookkeeping,1,2,2,2,0.0,0.0,0.0,1.0,1.0
7703,ggH,122.80996297455883,leptonic_bookkeeping,1,2,2,2,0.0,0.0,0.0,1.0,1.0
7704,VBF,136.83843823516003,leptonic_bookkeeping,1,2,2,2,0.0,0.0,0.0,1.0,0.0
7706,ttH,125.07380331632909,leptonic_bookkeeping,1,2,2,2,0.0,0.0,0.0,1.0,1.0
7710,ggZH,123.15651492629962,hadronic,0,2,2,1,0.0,0.0,0.0,1.0,1.0
7716,ggH,123.42509174354483,leptonic_bookkeeping,1,3,3,2,0.0,0.0,0.0,1.0,1.0
7718,ZH,123.6994409770606,leptonic_bookkeeping,1,1,1,1,0.0,0.0,0.0,1.0,1.0
7720,ggZH,125.03173539149365,leptonic_bookkeeping,1,0,0,0,0.0,0.0,0.0,1.0,1.0
7723,VBF,123.6432718567974,hadronic,0,3,3,1,0.0,0.0,0.0,1.0,0.0
7724,ttH,123.41695365500914,hadronic,0,1,1,0,0.0,0.0,0.0,1.0,1.0
7726,ggZH,125.77745483844274,hadronic,0,0,0,0,0.0,0.0,0.0,1.0,1.0
7730,WH,126.92139262640353,leptonic_bookkeeping,1,2,2,1,0.0,0.0,0.0,1.0,1.0
7735,ggH,125.41658109782034,hadronic,0,2,2,0,0.0,0.0,0.0,1.0,1.0
7737,ggZH,125.80291232372609,leptonic_bookkeeping,1,2,2,2,0.0,0.0,0.0,1.0,1.0
7739,ZH,126.62252070996664,leptonic_bookkeeping,1,1,1,1,0.0,0.0,0.0,1.0,1.0
7742,ggH,127.16930483341761,leptonic_bookkeeping,1,1,1,1,0.0,0.0,0.0,1.0,1.0
7744,WH,120.26785157908031,hadronic,0,3,3,2,0.0,0.0,0.0,1.0,1.0
7745,WH,125.7858843256293,hadronic,0,2,2,2,0.0,0.0,0.0,1.0,1.0
7746,ttH,127.55510448470551,hadronic,0,3,3,1,0.0,0.0,0.0,1.0,1.0
7750,data_GamGam,151.22401114743428,hadronic,0,3,3,2,0.0,0.0,0.0,1.0,0.0
7751,ZH,126.21417819342489,hadronic,0,2,2,1,0.0,0.0,0.0,1.0,1.0
7753,ggZH,125.63314309702488,hadronic,0,4,4,3,0.0,0.0,0.0,1.0,1.0
7757,ggH,124.15810886982284,leptonic_bookkeeping,1,3,3,1,0.0,0.0,0.0,1.0,1.0
7759,WH,125.71774640306907,hadronic,0,2,2,1,0.0,0.0,0.0,1.0,1.0
7760,tH,128.34550193409672,hadronic,0,3,3,2,0.0,0.0,0.0,1.0,1.0
7764,ttH,125.09745004406128,hadronic,0,3,3,2,0.0,0.0,0.0,1.0,1.0
7765,ggH,123.0487634798353,hadronic,0,1,1,1,0.0,0.0,0.0,1.0,1.0
7766,ggZH,124.93409125189241,hadronic,0,2,2,1,0.0,0.0,0.0,1.0,1.0
7768,ttH,126.08500009164521,hadronic,0,0,0,0,0.0,0.0,0.0,1.0,1.0
7770,ZH,122.45050516871423,leptonic_bookkeeping,1,2,2,1,0.0,0.0,0.0,1.0,1.0
7772,ZH,129.2776329999552,hadronic,0,2,2,1,0.0,0.0,0.0,1.0,1.0
7773,ggH,128.41065794435443,hadronic,0,2,2,1,0.0,0.0,0.0,1.0,1.0
7774,ZH,123.72711970008021,leptonic_bookkeeping,1,3,3,1,0.0,0.0,0.0,1.0,1.0
7777,tH,127.03882405983248,leptonic_bookkeeping,1,2,2,1,0.0,0.0,0.0,1.0,1.0
7778,ggZH,126.65074217527496,leptonic_bookkeeping,1,3,3,2,0.0,0.0,0.0,1.0,1.0
7779,data_GamGam,134.76855235269898,hadronic,0,2,2,2,0.0,0.0,0.0,1.0,0.0
7780,tH,125.30868865472624,leptonic_bookkeeping,1,1,1,1,0.0,0.0,0.0,1.0,1.0
7782,tH,124.69815735694006,leptonic_bookkeeping,1,2,2,2,0.0,0.0,0.0,1.0,1.0
7784,ZH,127.8285275562316,hadronic,0,3,3,1,0.0,0.0,0.0,1.0,1.0
7785,ZH,125.32426347195754,leptonic_bookkeeping,1,3,3,1,0.0,0.0,0.0,1.0,1.0
7786,VBF,132.2119567572987,hadronic,0,2,2,2,0.0,0.0,0.0,1.0,0.0
7788,ttH,124.965693685851,hadronic,0,2,2,1,0.0,0.0,0.0,1.0,1.0
7789,ggH,124.5950161784897,leptonic_bookkeeping,1,1,1,0,0.0,0.0,0.0,1.0,1.0
7790,ttH,124.86193235483088,leptonic_bookkeeping,1,1,1,1,0.0,0.0,0.0,1.0,1.0
7792,tH,126.55293105100186,hadronic,0,1,1,0,0.0,0.0,0.0,1.0,1.0
7794,WH,122.69937356822332,hadronic,0,2,2,1,0.0,0.0,0.0,1.0,1.0
7795,ZH,125.13467367644266,leptonic_bookkeeping,1,0,0,0,0.0,0.0,0.0,1.0,1.0
7796,data_GamGam,107.7028426925163,leptonic_bookkeeping,1,1,1,1,0.0,0.0,0.0,1.0,0.0
7799,VBF,107.34266212030445,hadronic,0,2,2,1,0.0,0.0,0.0,1.0,0.0
7800,data_GamGam,120.3584054396514,leptonic_bookkeeping,1,2,2,1,0.0,0.0,0.0,1.0,0.0
7802,ZH,125.78515585159539,leptonic_bookkeeping,1,2,2,2,0.0,0.0,0.0,1.0,1.0
7803,data_GamGam,132.10931805977432,hadronic,0,3,3,2,0.0,0.0,0.0,1.0,0.0
7804,ggZH,127.61018020716094,hadronic,0,3,3,2,0.0,0.0,0.0,1.0,1.0
7805,data_GamGam,105.59773564341309,hadronic,0,1,1,1,0.0,0.0,0.0,1.0,0.0
7807,WH,125.34112048565426,hadronic,0,3,3,2,0.0,0.0,0.0,1.0,1.0
7808,WH,125.37102239747254,hadronic,0,3,3,1,0.0,0.0,0.0,1.0,1.0
7810,ggZH,129.57815347715743,hadronic,0,3,3,1,0.0,0.0,0.0,1.0,1.0
7811,data_GamGam,153.2024694459881,hadronic,0,3,3,1,0.0,0.0,0.0,1.0,0.0
7812,WH,125.085747770864,leptonic_bookkeeping,1,3,3,2,0.0,0.0,0.0,1.0,1.0
7813,ggH,127.85475370004217,leptonic_bookkeeping,1,2,2,2,0.0,0.0,0.0,1.0,1.0
7814,tH,122.58462315531536,leptonic_bookkeeping,1,2,2,1,0.0,0.0,0.0,1.0,1.0
7815,ZH,126.79421248824747,hadronic,0,3,3,2,0.0,0.0,0.0,1.0,1.0
7816,ggZH,124.32284080349291,hadronic,0,2,2,2,0.0,0.0,0.0,1.0,1.0
7817,WH,125.22229204156088,hadronic,0,3,3,3,0.0,0.0,0.0,1.0,1.0
7820,ggH,125.16932988372186,hadronic,0,3,3,1,0.0,0.0,0.0,1.0,1.0
7822,ttH,128.1097124696044,hadronic,0,3,3,2,0.0,0.0,0.0,1.0,1.0
7823,data_GamGam,111.2458040785008,leptonic_bookkeeping,1,0,0,0,0.0,0.0,0.0,1.0,0.0
7824,tH,124.58155307814837,hadronic,0,4,4,2,0.0,0.0,0.0,1.0,1.0
7825,ggH,122.6312197041476,hadronic,0,1,1,1,0.0,0.0,0.0,1.0,1.0
7830,data_GamGam,106.58929450939222,hadronic,0,2,2,2,0.0,0.0,0.0,1.0,0.0
7832,ggZH,125.09625818508682,leptonic_bookkeeping,1,0,0,0,0.0,0.0,0.0,1.0,1.0
7833,ggH,127.59104991456269,hadronic,0,4,4,4,0.0,0.0,0.0,1.0,1.0
7838,tH,127.88403266232187,leptonic_bookkeeping,1,3,3,1,0.0,0.0,0.0,1.0,1.0
7841,ZH,123.92577301685279,hadronic,0,0,0,0,0.0,0.0,0.0,1.0,1.0
7842,ggZH,123.68163166318108,hadronic,0,3,3,2,0.0,0.0,0.0,1.0,1.0
7846,ggZH,124.32610724134828,hadronic,0,0,0,0,0.0,0.0,0.0,1.0,1.0
7847,data_GamGam,127.34326359201094,hadronic,0,3,3,3,0.0,0.0,0.0,1.0,0.0
7854,data_GamGam,100.79940735511698,leptonic_bookkeeping,1,1,1,1,0.0,0.0,0.0,1.0,0.0
7856,VBF,153.6046717344031,hadronic,0,1,1,1,0.0,0.0,0.0,1.0,0.0
7857,tH,126.87323285771664,hadronic,0,4,4,3,0.0,0.0,0.0,1.0,1.0
7859,ggZH,129.4183817719127,hadronic,0,3,3,2,0.0,0.0,0.0,1.0,1.0
7862,ZH,126.8971310675635,hadronic,0,4,4,1,0.0,0.0,0.0,1.0,1.0
7865,data_GamGam,124.79871973737295,hadronic,0,3,3,2,0.0,0.0,0.0,1.0,0.0
7866,ZH,126.27869153623686,hadronic,0,3,3,3,0.0,0.0,0.0,1.0,1.0
7867,VBF,139.5500719390427,leptonic_bookkeeping,1,2,2,1,0.0,0.0,0.0,1.0,0.0
7868,VBF,156.78232383633184,hadronic,0,2,2,1,0.0,0.0,0.0,1.0,0.0
7871,tH,123.4255032714876,leptonic_bookkeeping,1,2,2,1,0.0,0.0,0.0,1.0,1.0
7873,tH,125.66859998430797,leptonic_bookkeeping,1,0,0,0,0.0,0.0,0.0,1.0,1.0
7877,tH,123.97738827970515,hadronic,0,3,3,3,0.0,0.0,0.0,1.0,1.0
7879,ggH,121.91878505080743,hadronic,0,1,1,0,0.0,0.0,0.0,1.0,1.0
7881,ttH,122.56451696438202,hadronic,0,3,3,1,0.0,0.0,0.0,1.0,1.0
7882,ZH,123.51309733558023,hadronic,0,3,3,2,0.0,0.0,0.0,1.0,1.0
7885,tH,123.86699738125287,leptonic_bookkeeping,1,0,0,0,0.0,0.0,0.0,1.0,1.0
7886,data_GamGam,122.04671857864788,hadronic,0,3,3,1,0.0,0.0,0.0,1.0,0.0
7887,ZH,124.05325562560562,leptonic_bookkeeping,1,0,0,0,0.0,0.0,0.0,1.0,1.0
7889,data_GamGam,131.4679474269036,leptonic_bookkeeping,1,2,2,1,0.0,0.0,0.0,1.0,0.0
7890,tH,123.5206956128209,leptonic_bookkeeping,1,2,2,1,0.0,0.0,0.0,1.0,1.0
7891,ggH,128.56122166272334,leptonic_bookkeeping,1,2,2,2,0.0,0.0,0.0,1.0,1.0
7892,data_GamGam,123.8279950088685,hadronic,0,2,2,0,0.0,0.0,0.0,1.0,0.0
7893,tH,125.52061073416236,hadronic,0,4,4,1,0.0,0.0,0.0,1.0,1.0
7897,data_GamGam,115.46940113775494,hadronic,0,2,2,2,0.0,0.0,0.0,1.0,0.0
7898,ggH,122.75924179470243,leptonic_bookkeeping,1,0,0,0,0.0,0.0,0.0,1.0,1.0
7900,ggZH,121.77581804707987,hadronic,0,3,3,2,0.0,0.0,0.0,1.0,1.0
7902,ttH,125.77632063607997,leptonic_bookkeeping,1,1,1,1,0.0,0.0,0.0,1.0,1.0
7904,ggZH,131.15115191011822,hadronic,0,0,0,0,0.0,0.0,0.0,1.0,1.0
7906,WH,128.61386674626243,hadronic,0,2,2,0,0.0,0.0,0.0,1.0,1.0
7912,data_GamGam,153.95032534198555,leptonic_bookkeeping,1,3,3,1,0.0,0.0,0.0,1.0,0.0
7913,tH,126.52540137602618,hadronic,0,2,2,2,0.0,0.0,0.0,1.0,1.0
7917,data_GamGam,152.16922303177574,hadronic,0,2,2,1,0.0,0.0,0.0,1.0,0.0
7918,ggH,128.01851430563232,leptonic_bookkeeping,1,3,3,1,0.0,0.0,0.0,1.0,1.0
7919,tH,126.48203349977032,hadronic,0,1,1,0,0.0,0.0,0.0,1.0,1.0
7921,ggZH,127.04179483030835,hadronic,0,2,2,1,0.0,0.0,0.0,1.0,1.0
7922,ttH,122.9129572722432,hadronic,0,3,3,3,0.0,0.0,0.0,1.0,1.0
7924,data_GamGam,112.51444814821565,hadronic,0,1,1,1,0.0,0.0,0.0,1.0,0.0
7926,ggZH,123.88448158203651,leptonic_bookkeeping,1,4,4,3,0.0,0.0,0.0,1.0,1.0
7933,ZH,122.82026762254696,leptonic_bookkeeping,1,1,1,0,0.0,0.0,0.0,1.0,1.0
7938,WH,124.36175764641986,leptonic_bookkeeping,1,3,3,2,0.0,0.0,0.0,1.0,1.0
7940,ttH,126.8411178988186,hadronic,0,1,1,0,0.0,0.0,0.0,1.0,1.0
7942,data_GamGam,149.63230005289523,leptonic_bookkeeping,1,2,2,1,0.0,0.0,0.0,1.0,0.0
7944,data_GamGam,149.97706374293222,leptonic_bookkeeping,1,3,3,1,0.0,0.0,0.0,1.0,0.0
7949,ZH,123.9724496361597,hadronic,0,3,3,2,0.0,0.0,0.0,1.0,1.0
7950,ggZH,122.9858457333001,hadronic,0,3,3,2,0.0,0.0,0.0,1.0,1.0
7951,ggZH,125.35087108862425,leptonic_bookkeeping,1,0,0,0,0.0,0.0,0.0,1.0,1.0
7952,ttH,121.81765997934515,hadronic,0,2,2,2,0.0,0.0,0.0,1.0,1.0
7953,data_GamGam,130.43166831186917,leptonic_bookkeeping,1,3,3,2,0.0,0.0,0.0,1.0,0.0
7954,ggZH,126.55527890064664,leptonic_bookkeeping,1,1,1,1,0.0,0.0,0.0,1.0,1.0
7955,ZH,124.14611078595502,hadronic,0,0,0,0,0.0,0.0,0.0,1.0,1.0
7956,VBF,146.6734638434192,leptonic_bookkeeping,1,1,1,1,0.0,0.0,0.0,1.0,0.0
7958,data_GamGam,134.23704539012792,hadronic,0,3,3,2,0.0,0.0,0.0,1.0,0.0
7959,WH,125.72419794762787,hadronic,0,1,1,1,0.0,0.0,0.0,1.0,1.0
7961,tH,127.39302824382305,leptonic_bookkeeping,1,2,2,2,0.0,0.0,0.0,1.0,1.0
7962,ggZH,125.75254375627298,hadronic,0,2,2,2,0.0,0.0,0.0,1.0,1.0
7963,ttH,123.64648778808693,hadronic,0,2,2,2,0.0,0.0,0.0,1.0,1.0
7966,ggH,124.90360586858085,leptonic_bookkeeping,1,3,3,2,0.0,0.0,0.0,1.0,1.0
7967,WH,125.23572853019945,leptonic_bookkeeping,1,0,0,0,0.0,0.0,0.0,1.0,1.0
7968,ggZH,125.42561656764371,hadronic,0,2,2,2,0.0,0.0,0.0,1.0,1.0
7969,WH,125.51166978730186,hadronic,0,3,3,3,0.0,0.0,0.0,1.0,1.0
7970,ttH,125.98010835896484,hadronic,0,1,1,1,0.0,0.0,0.0,1.0,1.0
7972,ttH,124.11625106859447,leptonic_bookkeeping,1,4,4,3,0.0,0.0,0.0,1.0,1.0
7980,tH,122.60044247049609,leptonic_bookkeeping,1,1,1,1,0.0,0.0,0.0,1.0,1.0
7981,tH,124.56143080400014,hadronic,0,1,1,1,0.0,0.0,0.0,1.0,1.0
7983,tH,125.77141451963276,leptonic_bookkeeping,1,3,3,3,0.0,0.0,0.0,1.0,1.0
7990,data_GamGam,159.68970962200336,hadronic,0,2,2,2,0.0,0.0,0.0,1.0,0.0
7992,tH,124.7740765350285,leptonic_bookkeeping,1,2,2,2,0.0,0.0,0.0,1.0,1.0
7993,data_GamGam,149.84137904867598,leptonic_bookkeeping,1,2,2,1,0.0,0.0,0.0,1.0,0.0
7999,tH,124.38179678935933,hadronic,0,2,2,2,0.0,0.0,0.0,1.0,1.0
8007,VBF,129.2068466611222,hadronic,0,3,3,1,0.0,0.0,0.0,1.0,0.0
8008,data_GamGam,112.43628019776767,hadronic,0,3,3,1,0.0,0.0,0.0,1.0,0.0
8011,data_GamGam,155.0797960455683,hadronic,0,2,2,1,0.0,0.0,0.0,1.0,0.0
8013,VBF,115.52028793192888,hadronic,0,3,3,3,0.0,0.0,0.0,1.0,0.0
8016,ttH,121.87304348017808,hadronic,0,3,3,2,0.0,0.0,0.0,1.0,1.0
8019,tH,121.91270778454854,leptonic_bookkeeping,1,2,2,0,0.0,0.0,0.0,1.0,1.0
8021,VBF,155.1149044576925,hadronic,0,3,3,2,0.0,0.0,0.0,1.0,0.0
8022,VBF,130.19573253605034,hadronic,0,3,3,1,0.0,0.0,0.0,1.0,0.0
8023,ggH,126.80993662880569,hadronic,0,2,2,1,0.0,0.0,0.0,1.0,1.0
8025,WH,126.10483361023444,leptonic_bookkeeping,1,3,3,0,0.0,0.0,0.0,1.0,1.0
8026,WH,119.81391119053248,hadronic,0,2,2,2,0.0,0.0,0.0,1.0,1.0
8028,ggH,125.54383525783457,hadronic,0,1,1,1,0.0,0.0,0.0,1.0,1.0
8029,WH,123.17381196886969,hadronic,0,1,1,1,0.0,0.0,0.0,1.0,1.0
8031,ggH,129.44255588860233,leptonic_bookkeeping,1,2,2,1,0.0,0.0,0.0,1.0,1.0
8032,ggZH,124.90383695493334,hadronic,0,3,3,1,0.0,0.0,0.0,1.0,1.0
8034,VBF,130.2640271964044,hadronic,0,1,1,1,0.0,0.0,0.0,1.0,0.0
8036,WH,126.3538691933145,leptonic_bookkeeping,1,1,1,1,0.0,0.0,0.0,1.0,1.0
8038,ZH,130.04510398552273,hadronic,0,4,4,1,0.0,0.0,0.0,1.0,1.0
8039,ggZH,127.7213074528567,hadronic,0,2,2,1,0.0,0.0,0.0,1.0,1.0
8040,data_GamGam,144.64890995005118,leptonic_bookkeeping,1,1,1,1,0.0,0.0,0.0,1.0,0.0
8042,WH,126.22597143631741,hadronic,0,2,2,2,0.0,0.0,0.0,1.0,1.0
8043,ggZH,125.6433376126889,hadronic,0,2,2,1,0.0,0.0,0.0,1.0,1.0
8046,WH,126.75848158567959,hadronic,0,1,1,0,0.0,0.0,0.0,1.0,1.0
8048,ttH,125.54740029243679,leptonic_bookkeeping,1,2,2,1,0.0,0.0,0.0,1.0,1.0
8050,data_GamGam,136.84760141167112,hadronic,0,2,2,1,0.0,0.0,0.0,1.0,0.0
8053,data_GamGam,142.05144121307865,leptonic_bookkeeping,1,2,2,1,0.0,0.0,0.0,1.0,0.0
8055,ggH,124.44242801282158,leptonic_bookkeeping,1,3,3,2,0.0,0.0,0.0,1.0,1.0
8056,ggH,127.92433045326635,hadronic,0,2,2,1,0.0,0.0,0.0,1.0,1.0
8057,ZH,121.21944978715855,leptonic_bookkeeping,1,1,1,1,0.0,0.0,0.0,1.0,1.0
8058,ZH,124.2941219608074,hadronic,0,2,2,1,0.0,0.0,0.0,1.0,1.0
8060,ttH,125.18156920750383,hadronic,0,2,2,0,0.0,0.0,0.0,1.0,1.0
8065,ttH,128.39913713179394,leptonic_bookkeeping,1,2,2,1,0.0,0.0,0.0,1.0,1.0
8066,ttH,124.6756431287813,leptonic_bookkeeping,1,0,0,0,0.0,0.0,0.0,1.0,1.0
8067,ttH,124.02574955667338,leptonic_bookkeeping,1,2,2,1,0.0,0.0,0.0,1.0,1.0
8069,ggZH,123.56653782290064,hadronic,0,2,2,2,0.0,0.0,0.0,1.0,1.0
8071,ggH,123.78568205034479,leptonic_bookkeeping,1,3,3,1,0.0,0.0,0.0,1.0,1.0
8072,data_GamGam,134.11471405376807,hadronic,0,4,4,2,0.0,0.0,0.0,1.0,0.0
8073,ggH,126.78264737584888,hadronic,0,2,2,1,0.0,0.0,0.0,1.0,1.0
8074,VBF,115.95250058594725,hadronic,0,1,1,1,0.0,0.0,0.0,1.0,0.0
8075,WH,128.69871845329848,hadronic,0,3,3,2,0.0,0.0,0.0,1.0,1.0
8077,data_GamGam,112.75212030229427,leptonic_bookkeeping,1,0,0,0,0.0,0.0,0.0,1.0,0.0
8078,VBF,103.52267826725834,hadronic,0,3,3,3,0.0,0.0,0.0,1.0,0.0
8079,data_GamGam,142.18548338587243,hadronic,0,1,1,0,0.0,0.0,0.0,1.0,0.0
8081,ggZH,125.48933285601913,hadronic,0,3,3,1,0.0,0.0,0.0,1.0,1.0
8082,tH,122.44256410547489,hadronic,0,2,2,1,0.0,0.0,0.0,1.0,1.0
8084,ggZH,127.78648930144642,leptonic_bookkeeping,1,2,2,1,0.0,0.0,0.0,1.0,1.0
8088,ttH,122.577458469487,hadronic,0,2,2,1,0.0,0.0,0.0,1.0,1.0
8090,ggZH,124.86352360291677,hadronic,0,2,2,1,0.0,0.0,0.0,1.0,1.0
8091,tH,127.85827920720061,leptonic_bookkeeping,1,1,1,0,0.0,0.0,0.0,1.0,1.0
8092,ggH,122.76783623332976,hadronic,0,3,3,3,0.0,0.0,0.0,1.0,1.0
8094,VBF,149.98009149050898,hadronic,0,1,1,1,0.0,0.0,0.0,1.0,0.0
8096,ggH,124.43998061914867,hadronic,0,2,2,1,0.0,0.0,0.0,1.0,1.0
8100,ttH,125.55695044971662,hadronic,0,2,2,1,0.0,0.0,0.0,1.0,1.0
8101,ggZH,123.8429531359274,hadronic,0,4,4,2,0.0,0.0,0.0,1.0,1.0
8102,ggZH,127.14814246224216,hadronic,0,3,3,1,0.0,0.0,0.0,1.0,1.0
8106,ggH,126.2377952411405,hadronic,0,3,3,1,0.0,0.0,0.0,1.0,1.0
8108,ZH,123.62622076776591,leptonic_bookkeeping,1,4,4,3,0.0,0.0,0.0,1.0,1.0
8111,ggH,121.77684387793988,leptonic_bookkeeping,1,2,2,2,0.0,0.0,0.0,1.0,1.0
8114,ggZH,125.95915912275147,leptonic_bookkeeping,1,3,3,1,0.0,0.0,0.0,1.0,1.0
8116,ggH,124.81874038688053,leptonic_bookkeeping,1,1,1,1,0.0,0.0,0.0,1.0,1.0
8117,VBF,158.5142598924116,hadronic,0,3,3,2,0.0,0.0,0.0,1.0,0.0
8118,data_GamGam,153.6087848519164,hadronic,0,3,3,1,0.0,0.0,0.0,1.0,0.0
8119,data_GamGam,131.8006265157715,hadronic,0,2,2,2,0.0,0.0,0.0,1.0,0.0
8120,tH,123.21013941929697,leptonic_bookkeeping,1,3,3,3,0.0,0.0,0.0,1.0,1.0
8123,ggZH,125.6939704957288,hadronic,0,1,1,0,0.0,0.0,0.0,1.0,1.0
8124,ggH,126.22050835719425,hadronic,0,3,3,2,0.0,0.0,0.0,1.0,1.0
8127,ggZH,127.7297288014977,leptonic_bookkeeping,1,4,4,2,0.0,0.0,0.0,1.0,1.0
8128,tH,127.0032355384399,leptonic_bookkeeping,1,2,2,1,0.0,0.0,0.0,1.0,1.0
8129,data_GamGam,145.5425587940055,leptonic_bookkeeping,1,1,1,1,0.0,0.0,0.0,1.0,0.0
8133,data_GamGam,130.6793172026293,leptonic_bookkeeping,1,0,0,0,0.0,0.0,0.0,1.0,0.0
8134,VBF,116.52878358159171,hadronic,0,2,2,2,0.0,0.0,0.0,1.0,0.0
8136,ggH,125.3675990168522,leptonic_bookkeeping,1,1,1,0,0.0,0.0,0.0,1.0,1.0
8137,ZH,123.98355109146533,hadronic,0,2,2,2,0.0,0.0,0.0,1.0,1.0
8140,ggH,121.0738998836161,hadronic,0,3,3,0,0.0,0.0,0.0,1.0,1.0
8141,tH,122.62917783958176,leptonic_bookkeeping,1,1,1,1,0.0,0.0,0.0,1.0,1.0
8143,VBF,148.72177266034666,leptonic_bookkeeping,1,1,1,1,0.0,0.0,0.0,1.0,0.0
8146,tH,124.38900058300254,hadronic,0,1,1,0,0.0,0.0,0.0,1.0,1.0
8147,ZH,126.78486305011063,hadronic,0,5,5,3,0.0,0.0,0.0,1.0,1.0
8149,tH,125.37007155366125,hadronic,0,2,2,1,0.0,0.0,0.0,1.0,1.0
8150,ggH,127.43413174643538,hadronic,0,2,2,2,0.0,0.0,0.0,1.0,1.0
8151,data_GamGam,154.02880988903607,hadronic,0,3,3,2,0.0,0.0,0.0,1.0,0.0
8152,data_GamGam,107.39372155561395,leptonic_bookkeeping,1,4,4,2,0.0,0.0,0.0,1.0,0.0
8154,ZH,124.41077244088663,hadronic,0,2,2,1,0.0,0.0,0.0,1.0,1.0
8155,ZH,122.58467373893804,hadronic,0,2,2,1,0.0,0.0,0.0,1.0,1.0
8158,ggZH,125.40398751696534,hadronic,0,1,1,0,0.0,0.0,0.0,1.0,1.0
8159,VBF,135.3823836014699,hadronic,0,2,2,1,0.0,0.0,0.0,1.0,0.0
8160,WH,126.69649012768672,leptonic_bookkeeping,1,2,2,2,0.0,0.0,0.0,1.0,1.0
8162,tH,126.9590754236382,leptonic_bookkeeping,1,3,3,2,0.0,0.0,0.0,1.0,1.0
8163,ggH,126.69488076452478,hadronic,0,3,3,2,0.0,0.0,0.0,1.0,1.0
8164,ggH,127.90149003800093,hadronic,0,1,1,1,0.0,0.0,0.0,1.0,1.0
8166,ZH,126.05328634446172,hadronic,0,3,3,1,0.0,0.0,0.0,1.0,1.0
8167,ttH,125.24655278078913,hadronic,0,2,2,2,0.0,0.0,0.0,1.0,1.0
8168,VBF,121.2166162074711,hadronic,0,2,2,2,0.0,0.0,0.0,1.0,0.0
8169,tH,123.35556265669493,leptonic_bookkeeping,1,1,1,1,0.0,0.0,0.0,1.0,1.0
8171,ttH,123.4788200356109,hadronic,0,2,2,1,0.0,0.0,0.0,1.0,1.0
8172,data_GamGam,108.64083763550383,hadronic,0,2,2,2,0.0,0.0,0.0,1.0,0.0
8173,WH,126.2197201121677,hadronic,0,2,2,2,0.0,0.0,0.0,1.0,1.0
8174,ZH,130.5860671302089,leptonic_bookkeeping,1,2,2,1,0.0,0.0,0.0,1.0,1.0
8175,VBF,157.950223973071,leptonic_bookkeeping,1,2,2,2,0.0,0.0,0.0,1.0,0.0
8176,VBF,113.3237420958556,hadronic,0,2,2,1,0.0,0.0,0.0,1.0,0.0
8179,tH,124.89148463454771,hadronic,0,4,4,1,0.0,0.0,0.0,1.0,1.0
8181,VBF,151.60917110997846,hadronic,0,2,2,1,0.0,0.0,0.0,1.0,0.0
8182,VBF,106.31153208691214,leptonic_bookkeeping,1,1,1,1,0.0,0.0,0.0,1.0,0.0
8183,data_GamGam,105.56729661741088,hadronic,0,2,2,2,0.0,0.0,0.0,1.0,0.0
8185,VBF,126.54477827158166,leptonic_bookkeeping,1,1,1,1,0.0,0.0,0.0,1.0,0.0
8187,WH,123.95833355559772,leptonic_bookkeeping,1,1,1,1,0.0,0.0,0.0,1.0,1.0
8195,ZH,123.38420793190187,leptonic_bookkeeping,1,1,1,1,0.0,0.0,0.0,1.0,1.0
8196,VBF,106.18950617726517,hadronic,0,0,0,0,0.0,0.0,0.0,1.0,0.0
8197,ttH,123.89815307317073,leptonic_bookkeeping,1,4,4,3,0.0,0.0,0.0,1.0,1.0
8201,VBF,153.2151022112797,leptonic_bookkeeping,1,2,2,1,0.0,0.0,0.0,1.0,0.0
8203,ggZH,124.12436777540348,leptonic_bookkeeping,1,3,3,2,0.0,0.0,0.0,1.0,1.0
8204,tH,124.78285365894672,leptonic_bookkeeping,1,3,3,2,0.0,0.0,0.0,1.0,1.0
8206,WH,126.16408558072658,hadronic,0,0,0,0,0.0,0.0,0.0,1.0,1.0
8207,VBF,141.14490265181996,hadronic,0,4,4,2,0.0,0.0,0.0,1.0,0.0
8213,ttH,120.70116116753398,hadronic,0,2,2,2,0.0,0.0,0.0,1.0,1.0
8214,ggH,121.4499432864899,hadronic,0,1,1,1,0.0,0.0,0.0,1.0,1.0
8215,WH,127.73424517250885,hadronic,0,1,1,0,0.0,0.0,0.0,1.0,1.0
8216,ttH,124.0584181575033,leptonic_bookkeeping,1,2,2,2,0.0,0.0,0.0,1.0,1.0
8217,ttH,126.15978013040065,leptonic_bookkeeping,1,2,2,1,0.0,0.0,0.0,1.0,1.0
8220,WH,122.79333969162224,leptonic_bookkeeping,1,2,2,2,0.0,0.0,0.0,1.0,1.0
8221,ZH,119.61119967325388,leptonic_bookkeeping,1,2,2,2,0.0,0.0,0.0,1.0,1.0
8223,data_GamGam,115.25729769405083,hadronic,0,1,1,0,0.0,0.0,0.0,1.0,0.0
8226,data_GamGam,151.11161877964298,leptonic_bookkeeping,1,1,1,1,0.0,0.0,0.0,1.0,0.0
8227,data_GamGam,134.69713895149505,hadronic,0,3,3,0,0.0,0.0,0.0,1.0,0.0
8228,tH,123.56098536845029,hadronic,0,4,4,3,0.0,0.0,0.0,1.0,1.0
8230,ttH,126.62815962409395,hadronic,0,1,1,0,0.0,0.0,0.0,1.0,1.0
8234,VBF,108.4110112822633,hadronic,0,3,3,3,0.0,0.0,0.0,1.0,0.0
8235,data_GamGam,102.167275122637,hadronic,0,1,1,0,0.0,0.0,0.0,1.0,0.0
8236,ZH,124.70020430197606,hadronic,0,3,3,2,0.0,0.0,0.0,1.0,1.0
8237,ZH,120.34794701075008,hadronic,0,2,2,2,0.0,0.0,0.0,1.0,1.0
8240,data_GamGam,130.27743092707883,hadronic,0,1,1,1,0.0,0.0,0.0,1.0,0.0
8241,tH,124.27538304606898,leptonic_bookkeeping,1,2,2,0,0.0,0.0,0.0,1.0,1.0
8242,tH,127.5349269929845,hadronic,0,2,2,1,0.0,0.0,0.0,1.0,1.0
8246,ZH,123.72875364994002,hadronic,0,2,2,1,0.0,0.0,0.0,1.0,1.0
8247,VBF,118.9088975406347,hadronic,0,1,1,1,0.0,0.0,0.0,1.0,0.0
8250,ZH,126.02330262736271,leptonic_bookkeeping,1,1,1,1,0.0,0.0,0.0,1.0,1.0
8251,tH,124.76033978909516,leptonic_bookkeeping,1,2,2,2,0.0,0.0,0.0,1.0,1.0
8252,ZH,126.93650150817567,leptonic_bookkeeping,1,1,1,0,0.0,0.0,0.0,1.0,1.0
8253,tH,125.06283923970881,hadronic,0,1,1,1,0.0,0.0,0.0,1.0,1.0
8255,ZH,125.47728000726138,leptonic_bookkeeping,1,0,0,0,0.0,0.0,0.0,1.0,1.0
8257,ggZH,125.48795372583541,leptonic_bookkeeping,1,2,2,2,0.0,0.0,0.0,1.0,1.0
8259,VBF,101.53003386961699,leptonic_bookkeeping,1,1,1,0,0.0,0.0,0.0,1.0,0.0
8260,tH,125.41323803900134,hadronic,0,2,2,1,0.0,0.0,0.0,1.0,1.0
8268,VBF,152.48079110131658,hadronic,0,4,4,2,0.0,0.0,0.0,1.0,0.0
8269,ZH,126.57456724466228,leptonic_bookkeeping,1,2,2,0,0.0,0.0,0.0,1.0,1.0
8270,WH,124.55680527831893,hadronic,0,2,2,1,0.0,0.0,0.0,1.0,1.0
8272,ttH,126.33346643989054,hadronic,0,1,1,1,0.0,0.0,0.0,1.0,1.0
8273,WH,126.9512397068552,leptonic_bookkeeping,1,0,0,0,0.0,0.0,0.0,1.0,1.0
8275,VBF,107.111077253837,leptonic_bookkeeping,1,3,3,2,0.0,0.0,0.0,1.0,0.0
8277,WH,126.18922441049143,leptonic_bookkeeping,1,1,1,0,0.0,0.0,0.0,1.0,1.0
8279,VBF,146.0242412609038,leptonic_bookkeeping,1,0,0,0,0.0,0.0,0.0,1.0,0.0
8281,tH,125.6011874072316,hadronic,0,1,1,1,0.0,0.0,0.0,1.0,1.0
8284,WH,124.26535920962468,leptonic_bookkeeping,1,3,3,1,0.0,0.0,0.0,1.0,1.0
8286,ggH,127.20634551642894,hadronic,0,3,3,2,0.0,0.0,0.0,1.0,1.0
8288,ggH,124.43958900054233,hadronic,0,2,2,2,0.0,0.0,0.0,1.0,1.0
8289,ggZH,127.87500573211793,hadronic,0,3,3,1,0.0,0.0,0.0,1.0,1.0
8290,ttH,126.79249430571944,hadronic,0,3,3,3,0.0,0.0,0.0,1.0,1.0
8291,ggZH,122.43137103307375,hadronic,0,3,3,3,0.0,0.0,0.0,1.0,1.0
8296,VBF,139.50459303655845,leptonic_bookkeeping,1,1,1,0,0.0,0.0,0.0,1.0,0.0
8297,VBF,122.493260095054,leptonic_bookkeeping,1,1,1,0,0.0,0.0,0.0,1.0,0.0
8298,WH,124.03380298751733,hadronic,0,3,3,3,0.0,0.0,0.0,1.0,1.0
8299,VBF,158.66808489932646,hadronic,0,2,2,0,0.0,0.0,0.0,1.0,0.0
8303,tH,123.92595346056997,hadronic,0,4,4,3,0.0,0.0,0.0,1.0,1.0
8304,VBF,139.3464051158668,hadronic,0,3,3,2,0.0,0.0,0.0,1.0,0.0
8306,VBF,144.75971544247966,leptonic_bookkeeping,1,3,3,1,0.0,0.0,0.0,1.0,0.0
8307,ggZH,126.66889394086141,leptonic_bookkeeping,1,2,2,1,0.0,0.0,0.0,1.0,1.0
8308,data_GamGam,103.56141039154276,hadronic,0,3,3,3,0.0,0.0,0.0,1.0,0.0
8309,WH,124.30487657322874,hadronic,0,2,2,1,0.0,0.0,0.0,1.0,1.0
8310,tH,126.54996406184058,hadronic,0,3,3,2,0.0,0.0,0.0,1.0,1.0
8312,ggZH,123.11936928710604,hadronic,0,3,3,2,0.0,0.0,0.0,1.0,1.0
8313,ZH,125.4320065856438,hadronic,0,5,5,4,0.0,0.0,0.0,1.0,1.0
8315,data_GamGam,139.20387365538483,leptonic_bookkeeping,1,1,1,1,0.0,0.0,0.0,1.0,0.0
8316,tH,128.02813761353903,hadronic,0,1,1,1,0.0,0.0,0.0,1.0,1.0
8317,VBF,156.03237132203247,leptonic_bookkeeping,1,2,2,1,0.0,0.0,0.0,1.0,0.0
8319,WH,124.67346155323122,hadronic,0,2,2,1,0.0,0.0,0.0,1.0,1.0
8321,tH,125.16425410096646,hadronic,0,4,4,4,0.0,0.0,0.0,1.0,1.0
8324,ggH,124.62435730443947,hadronic,0,0,0,0,0.0,0.0,0.0,1.0,1.0
8325,WH,123.94137761726223,hadronic,0,1,1,0,0.0,0.0,0.0,1.0,1.0
8327,tH,123.76203582512798,leptonic_bookkeeping,1,0,0,0,0.0,0.0,0.0,1.0,1.0
8332,data_GamGam,121.1892365346879,hadronic,0,2,2,1,0.0,0.0,0.0,1.0,0.0
8333,ZH,128.33997202286432,leptonic_bookkeeping,1,0,0,0,0.0,0.0,0.0,1.0,1.0
8335,ttH,125.76424168481026,leptonic_bookkeeping,1,1,1,0,0.0,0.0,0.0,1.0,1.0
8338,VBF,115.40444184912643,hadronic,0,2,2,2,0.0,0.0,0.0,1.0,0.0
8339,VBF,117.62886307745494,leptonic_bookkeeping,1,1,1,1,0.0,0.0,0.0,1.0,0.0
8340,WH,124.4344277849768,hadronic,0,1,1,1,0.0,0.0,0.0,1.0,1.0
8346,ggZH,127.16812709286934,leptonic_bookkeeping,1,0,0,0,0.0,0.0,0.0,1.0,1.0
8347,VBF,141.12681841380737,leptonic_bookkeeping,1,2,2,2,0.0,0.0,0.0,1.0,0.0
8348,WH,124.64640701711784,hadronic,0,2,2,1,0.0,0.0,0.0,1.0,1.0
8349,WH,125.51800872213659,hadronic,0,2,2,1,0.0,0.0,0.0,1.0,1.0
8350,WH,128.49580829109578,hadronic,0,3,3,1,0.0,0.0,0.0,1.0,1.0
8351,ggH,124.38529977461558,leptonic_bookkeeping,1,1,1,1,0.0,0.0,0.0,1.0,1.0
8352,ttH,125.66711669550484,hadronic,0,1,1,1,0.0,0.0,0.0,1.0,1.0
8354,WH,124.52553584614964,hadronic,0,2,2,1,0.0,0.0,0.0,1.0,1.0
8364,ttH,128.5161271351393,hadronic,0,3,3,1,0.0,0.0,0.0,1.0,1.0
8365,ZH,122.95264711056836,hadronic,0,3,3,2,0.0,0.0,0.0,1.0,1.0
8366,ggH,127.43619058852951,hadronic,0,4,4,3,0.0,0.0,0.0,1.0,1.0
8368,data_GamGam,144.46633970315898,leptonic_bookkeeping,1,3,3,1,0.0,0.0,0.0,1.0,0.0
8370,ttH,124.32550808323975,hadronic,0,3,3,2,0.0,0.0,0.0,1.0,1.0
8371,data_GamGam,148.81463285327837,hadronic,0,3,3,2,0.0,0.0,0.0,1.0,0.0
8372,ZH,124.3840630668829,hadronic,0,3,3,1,0.0,0.0,0.0,1.0,1.0
8373,tH,121.80214127719843,leptonic_bookkeeping,1,3,3,2,0.0,0.0,0.0,1.0,1.0
8374,VBF,142.4142928895196,hadronic,0,3,3,1,0.0,0.0,0.0,1.0,0.0
8375,tH,124.8341288369282,hadronic,0,2,2,0,0.0,0.0,0.0,1.0,1.0
8377,WH,123.66330180589901,hadronic,0,2,2,0,0.0,0.0,0.0,1.0,1.0
8378,VBF,108.31743853170983,hadronic,0,2,2,2,0.0,0.0,0.0,1.0,0.0
8379,WH,126.95568981616545,hadronic,0,2,2,1,0.0,0.0,0.0,1.0,1.0
8380,ggZH,125.98304985652263,hadronic,0,2,2,2,0.0,0.0,0.0,1.0,1.0
8381,ttH,126.26148791825773,leptonic_bookkeeping,1,2,2,2,0.0,0.0,0.0,1.0,1.0
8383,ttH,124.98994196544716,hadronic,0,3,3,2,0.0,0.0,0.0,1.0,1.0
8385,WH,123.27810213749538,leptonic_bookkeeping,1,1,1,0,0.0,0.0,0.0,1.0,1.0
8387,ggZH,128.26612796865564,hadronic,0,0,0,0,0.0,0.0,0.0,1.0,1.0
8389,data_GamGam,111.0035499257093,leptonic_bookkeeping,1,2,2,0,0.0,0.0,0.0,1.0,0.0
8390,tH,125.16600914621901,hadronic,0,1,1,1,0.0,0.0,0.0,1.0,1.0
8399,ggH,125.72218774355241,leptonic_bookkeeping,1,1,1,0,0.0,0.0,0.0,1.0,1.0
8401,tH,123.39157450575856,hadronic,0,3,3,2,0.0,0.0,0.0,1.0,1.0
8407,data_GamGam,113.28408033336846,leptonic_bookkeeping,1,1,1,1,0.0,0.0,0.0,1.0,0.0
8409,ggZH,125.95236206134132,leptonic_bookkeeping,1,4,4,2,0.0,0.0,0.0,1.0,1.0
8412,ggZH,125.68097744514837,hadronic,0,2,2,2,0.0,0.0,0.0,1.0,1.0
8415,ggZH,125.11643657559863,hadronic,0,3,3,3,0.0,0.0,0.0,1.0,1.0
8420,VBF,110.96385904472514,leptonic_bookkeeping,1,1,1,1,0.0,0.0,0.0,1.0,0.0
8422,WH,125.308242115004,leptonic_bookkeeping,1,2,2,1,0.0,0.0,0.0,1.0,1.0
8424,ggZH,121.63555983025697,hadronic,0,2,2,1,0.0,0.0,0.0,1.0,1.0
8425,WH,126.43649307981605,leptonic_bookkeeping,1,3,3,2,0.0,0.0,0.0,1.0,1.0
8426,VBF,157.83367751272917,leptonic_bookkeeping,1,2,2,2,0.0,0.0,0.0,1.0,0.0
8427,WH,125.78095394674632,hadronic,0,3,3,2,0.0,0.0,0.0,1.0,1.0
8428,ttH,126.25967324111954,hadronic,0,3,3,2,0.0,0.0,0.0,1.0,1.0
8434,data_GamGam,158.04082907871134,hadronic,0,2,2,0,0.0,0.0,0.0,1.0,0.0
8438,ggH,122.52717847246646,leptonic_bookkeeping,1,2,2,1,0.0,0.0,0.0,1.0,1.0
8439,ggZH,124.0498546647798,hadronic,0,1,1,0,0.0,0.0,0.0,1.0,1.0
8446,VBF,113.45594488294923,leptonic_bookkeeping,1,2,2,2,0.0,0.0,0.0,1.0,0.0
8451,ggZH,125.91344539026707,hadronic,0,0,0,0,0.0,0.0,0.0,1.0,1.0
8455,ggH,123.42853316213667,hadronic,0,3,3,3,0.0,0.0,0.0,1.0,1.0
8456,ggH,128.80477055153537,leptonic_bookkeeping,1,1,1,1,0.0,0.0,0.0,1.0,1.0
8457,ggH,121.43136831860288,hadronic,0,2,2,1,0.0,0.0,0.0,1.0,1.0
8465,tH,124.10806375489808,hadronic,0,2,2,0,0.0,0.0,0.0,1.0,1.0
8466,ZH,125.50302240530732,leptonic_bookkeeping,1,2,2,1,0.0,0.0,0.0,1.0,1.0
8467,ZH,124.62366565287317,hadronic,0,3,3,3,0.0,0.0,0.0,1.0,1.0
8468,VBF,132.02339145695154,hadronic,0,2,2,1,0.0,0.0,0.0,1.0,0.0
8472,data_GamGam,157.4291641128829,leptonic_bookkeeping,1,0,0,0,0.0,0.0,0.0,1.0,0.0
8473,tH,121.36477486579288,hadronic,0,2,2,1,0.0,0.0,0.0,1.0,1.0
8474,ttH,124.31176723615057,hadronic,0,0,0,0,0.0,0.0,0.0,1.0,1.0
8475,ggZH,128.52655196600435,leptonic_bookkeeping,1,1,1,1,0.0,0.0,0.0,1.0,1.0
8476,WH,119.70960343665273,hadronic,0,3,3,2,0.0,0.0,0.0,1.0,1.0
8477,ZH,123.41788486460814,hadronic,0,3,3,3,0.0,0.0,0.0,1.0,1.0
8478,ggZH,126.4241497639111,hadronic,0,2,2,2,0.0,0.0,0.0,1.0,1.0
8479,ZH,123.8632928142844,leptonic_bookkeeping,1,0,0,0,0.0,0.0,0.0,1.0,1.0
8480,tH,123.24259508501119,hadronic,0,1,1,1,0.0,0.0,0.0,1.0,1.0
8481,data_GamGam,121.78405756218045,hadronic,0,2,2,1,0.0,0.0,0.0,1.0,0.0
8482,tH,127.08220102730841,leptonic_bookkeeping,1,4,4,2,0.0,0.0,0.0,1.0,1.0
8483,tH,124.22654223773002,hadronic,0,2,2,1,0.0,0.0,0.0,1.0,1.0
8488,data_GamGam,153.03464698598384,hadronic,0,2,2,1,0.0,0.0,0.0,1.0,0.0
8489,ttH,121.3579670623748,leptonic_bookkeeping,1,1,1,1,0.0,0.0,0.0,1.0,1.0
8492,ttH,125.67632472789214,hadronic,0,4,4,4,0.0,0.0,0.0,1.0,1.0
8494,ggZH,127.72096078801135,hadronic,0,4,4,3,0.0,0.0,0.0,1.0,1.0
8496,ZH,124.90180268318609,leptonic_bookkeeping,1,2,2,0,0.0,0.0,0.0,1.0,1.0
8501,WH,123.98178296199707,leptonic_bookkeeping,1,0,0,0,0.0,0.0,0.0,1.0,1.0
8504,ggH,125.3740308084987,hadronic,0,0,0,0,0.0,0.0,0.0,1.0,1.0
8506,data_GamGam,108.64721437200575,hadronic,0,2,2,1,0.0,0.0,0.0,1.0,0.0
8508,ggZH,120.18568920555839,leptonic_bookkeeping,1,4,4,3,0.0,0.0,0.0,1.0,1.0
8510,WH,121.15871248986902,leptonic_bookkeeping,1,1,1,1,0.0,0.0,0.0,1.0,1.0
8513,VBF,153.3034382596829,hadronic,0,4,4,2,0.0,0.0,0.0,1.0,0.0
8514,ttH,128.91810824112605,leptonic_bookkeeping,1,3,3,1,0.0,0.0,0.0,1.0,1.0
8515,ZH,125.80232999110439,leptonic_bookkeeping,1,3,3,1,0.0,0.0,0.0,1.0,1.0
8516,ggH,124.8871247656968,hadronic,0,1,1,0,0.0,0.0,0.0,1.0,1.0
8517,tH,121.54124651901238,hadronic,0,4,4,1,0.0,0.0,0.0,1.0,1.0
8519,ggZH,121.62557027107202,hadronic,0,3,3,1,0.0,0.0,0.0,1.0,1.0
8520,VBF,149.98425869109224,leptonic_bookkeeping,1,0,0,0,0.0,0.0,0.0,1.0,0.0
8521,data_GamGam,145.6499346045344,hadronic,0,2,2,2,0.0,0.0,0.0,1.0,0.0
8523,tH,124.95710535262194,hadronic,0,2,2,1,0.0,0.0,0.0,1.0,1.0
8524,WH,125.3681736783319,hadronic,0,1,1,0,0.0,0.0,0.0,1.0,1.0
8527,data_GamGam,140.83032869847537,hadronic,0,3,3,2,0.0,0.0,0.0,1.0,0.0
8533,ZH,126.34121417267612,leptonic_bookkeeping,1,1,1,1,0.0,0.0,0.0,1.0,1.0
8535,ZH,123.66400172183403,leptonic_bookkeeping,1,1,1,0,0.0,0.0,0.0,1.0,1.0
8537,data_GamGam,150.3171159982808,hadronic,0,1,1,0,0.0,0.0,0.0,1.0,0.0
8539,ggZH,125.97952591479151,hadronic,0,2,2,0,0.0,0.0,0.0,1.0,1.0
8541,ZH,124.28585759701971,leptonic_bookkeeping,1,1,1,1,0.0,0.0,0.0,1.0,1.0
8543,ggH,126.55451327855059,leptonic_bookkeeping,1,0,0,0,0.0,0.0,0.0,1.0,1.0
8544,VBF,152.712044369139,hadronic,0,1,1,0,0.0,0.0,0.0,1.0,0.0
8545,data_GamGam,157.0646409471339,leptonic_bookkeeping,1,1,1,0,0.0,0.0,0.0,1.0,0.0
8546,ttH,121.25511992014262,hadronic,0,1,1,0,0.0,0.0,0.0,1.0,1.0
8547,data_GamGam,109.30757404124402,leptonic_bookkeeping,1,4,4,2,0.0,0.0,0.0,1.0,0.0
8548,ttH,124.52925836001155,hadronic,0,3,3,2,0.0,0.0,0.0,1.0,1.0
8549,ttH,128.5288340689752,hadronic,0,3,3,2,0.0,0.0,0.0,1.0,1.0
8551,WH,125.1758572281062,hadronic,0,2,2,1,0.0,0.0,0.0,1.0,1.0
8552,data_GamGam,135.44000447981554,hadronic,0,2,2,2,0.0,0.0,0.0,1.0,0.0
8554,ggZH,125.03512313852923,leptonic_bookkeeping,1,2,2,1,0.0,0.0,0.0,1.0,1.0
8555,data_GamGam,112.40469986043956,leptonic_bookkeeping,1,1,1,1,0.0,0.0,0.0,1.0,0.0
8556,ggH,126.60191604845917,leptonic_bookkeeping,1,2,2,2,0.0,0.0,0.0,1.0,1.0
8557,tH,125.74754149527259,leptonic_bookkeeping,1,0,0,0,0.0,0.0,0.0,1.0,1.0
8560,ggZH,126.78803584011969,hadronic,0,0,0,0,0.0,0.0,0.0,1.0,1.0
8561,VBF,128.79366162877406,leptonic_bookkeeping,1,1,1,1,0.0,0.0,0.0,1.0,0.0
8562,data_GamGam,138.11637124955277,hadronic,0,2,2,1,0.0,0.0,0.0,1.0,0.0
8567,tH,124.91689327671358,hadronic,0,0,0,0,0.0,0.0,0.0,1.0,1.0
8572,ZH,125.8143440909449,hadronic,0,2,2,1,0.0,0.0,0.0,1.0,1.0
8573,ZH,128.8761829620686,hadronic,0,2,2,1,0.0,0.0,0.0,1.0,1.0
8576,tH,126.27289156332397,hadronic,0,3,3,1,0.0,0.0,0.0,1.0,1.0
8578,ggH,125.03773854638786,hadronic,0,3,3,1,0.0,0.0,0.0,1.0,1.0
8579,ttH,125.43849866138865,leptonic_bookkeeping,1,2,2,2,0.0,0.0,0.0,1.0,1.0
8581,ggZH,124.10250506582416,hadronic,0,2,2,2,0.0,0.0,0.0,1.0,1.0
8582,ggH,125.8946106602518,hadronic,0,2,2,0,0.0,0.0,0.0,1.0,1.0
8583,VBF,117.84889037738176,hadronic,0,5,5,3,0.0,0.0,0.0,1.0,0.0
8585,WH,127.7012017033325,leptonic_bookkeeping,1,1,1,1,0.0,0.0,0.0,1.0,1.0
8586,data_GamGam,124.21734065104363,hadronic,0,1,1,0,0.0,0.0,0.0,1.0,0.0
8587,ggH,126.74162453776025,leptonic_bookkeeping,1,3,3,1,0.0,0.0,0.0,1.0,1.0
8589,ZH,123.1406251296667,hadronic,0,2,2,1,0.0,0.0,0.0,1.0,1.0
8593,data_GamGam,110.66722030579061,hadronic,0,3,3,3,0.0,0.0,0.0,1.0,0.0
8594,WH,125.11269028694052,hadronic,0,4,4,4,0.0,0.0,0.0,1.0,1.0
8597,ggZH,127.86492298520568,hadronic,0,3,3,1,0.0,0.0,0.0,1.0,1.0
8600,tH,124.10864687895993,hadronic,0,3,3,1,0.0,0.0,0.0,1.0,1.0
8602,WH,126.18618576654096,hadronic,0,1,1,1,0.0,0.0,0.0,1.0,1.0
8604,tH,125.16144606901054,hadronic,0,2,2,1,0.0,0.0,0.0,1.0,1.0
8607,WH,124.67397624339128,leptonic_bookkeeping,1,3,3,2,0.0,0.0,0.0,1.0,1.0
8611,ggZH,126.22746422084256,hadronic,0,3,3,1,0.0,0.0,0.0,1.0,1.0
8612,VBF,126.379157160898,leptonic_bookkeeping,1,2,2,2,0.0,0.0,0.0,1.0,0.0
8613,tH,123.81686757852496,leptonic_bookkeeping,1,3,3,1,0.0,0.0,0.0,1.0,1.0
8614,ZH,125.32506224904608,leptonic_bookkeeping,1,2,2,1,0.0,0.0,0.0,1.0,1.0
8616,data_GamGam,114.737397866671,hadronic,0,2,2,2,0.0,0.0,0.0,1.0,0.0
8618,ZH,126.15813874470014,hadronic,0,4,4,2,0.0,0.0,0.0,1.0,1.0
8620,ggH,128.8112745824221,leptonic_bookkeeping,1,1,1,1,0.0,0.0,0.0,1.0,1.0
8621,tH,126.25501065073017,hadronic,0,3,3,2,0.0,0.0,0.0,1.0,1.0
8622,VBF,101.18630295178261,hadronic,0,4,4,2,0.0,0.0,0.0,1.0,0.0
8634,ggZH,124.78153926606358,leptonic_bookkeeping,1,2,2,1,0.0,0.0,0.0,1.0,1.0
8635,ggH,125.56028021489162,leptonic_bookkeeping,1,1,1,1,0.0,0.0,0.0,1.0,1.0
8636,WH,124.36143674560634,hadronic,0,2,2,1,0.0,0.0,0.0,1.0,1.0
8637,WH,120.13749270679337,hadronic,0,4,4,4,0.0,0.0,0.0,1.0,1.0
8638,tH,121.50252844832109,leptonic_bookkeeping,1,1,1,1,0.0,0.0,0.0,1.0,1.0
8641,tH,125.67421382309728,hadronic,0,2,2,2,0.0,0.0,0.0,1.0,1.0
8642,ttH,125.84152342104883,leptonic_bookkeeping,1,2,2,0,0.0,0.0,0.0,1.0,1.0
8645,ttH,123.76000883062453,leptonic_bookkeeping,1,1,1,1,0.0,0.0,0.0,1.0,1.0
8646,tH,123.0199582188082,leptonic_bookkeeping,1,2,2,1,0.0,0.0,0.0,1.0,1.0
8648,ttH,126.66966118923709,hadronic,0,3,3,2,0.0,0.0,0.0,1.0,1.0
8649,tH,127.51042142216127,leptonic_bookkeeping,1,1,1,1,0.0,0.0,0.0,1.0,1.0
8653,ZH,121.13672341482437,hadronic,0,0,0,0,0.0,0.0,0.0,1.0,1.0
8659,ggZH,125.76172539972866,hadronic,0,1,1,1,0.0,0.0,0.0,1.0,1.0
8661,VBF,142.7886741127177,hadronic,0,3,3,2,0.0,0.0,0.0,1.0,0.0
8662,ttH,124.51972700518432,hadronic,0,2,2,2,0.0,0.0,0.0,1.0,1.0
8664,ZH,126.24140186153906,hadronic,0,2,2,1,0.0,0.0,0.0,1.0,1.0
8665,WH,125.2648156139565,hadronic,0,2,2,1,0.0,0.0,0.0,1.0,1.0
8666,VBF,119.98060513883316,hadronic,0,1,1,1,0.0,0.0,0.0,1.0,0.0
8667,ggH,127.59212547917423,hadronic,0,3,3,2,0.0,0.0,0.0,1.0,1.0
8668,ggZH,125.01698495651998,leptonic_bookkeeping,1,2,2,2,0.0,0.0,0.0,1.0,1.0
8669,ZH,125.89190580013178,hadronic,0,2,2,1,0.0,0.0,0.0,1.0,1.0
8670,ggZH,126.23813262931216,hadronic,0,0,0,0,0.0,0.0,0.0,1.0,1.0
8671,ggZH,122.30638125197805,leptonic_bookkeeping,1,3,3,1,0.0,0.0,0.0,1.0,1.0
8673,ggZH,128.9435653337868,hadronic,0,1,1,1,0.0,0.0,0.0,1.0,1.0
8677,ZH,126.12258149629467,hadronic,0,2,2,1,0.0,0.0,0.0,1.0,1.0
8678,ttH,120.39831955573042,hadronic,0,1,1,1,0.0,0.0,0.0,1.0,1.0
8679,ggZH,124.28349809135568,hadronic,0,0,0,0,0.0,0.0,0.0,1.0,1.0
8681,WH,125.35963966754971,hadronic,0,1,1,1,0.0,0.0,0.0,1.0,1.0
8682,ZH,124.48387049649921,leptonic_bookkeeping,1,3,3,3,0.0,0.0,0.0,1.0,1.0
8685,tH,125.71497338264676,leptonic_bookkeeping,1,1,1,0,0.0,0.0,0.0,1.0,1.0
8687,VBF,141.4573484634443,hadronic,0,2,2,0,0.0,0.0,0.0,1.0,0.0
8689,ttH,125.8013124785311,leptonic_bookkeeping,1,5,5,4,0.0,0.0,0.0,1.0,1.0
8692,VBF,156.85760544061958,hadronic,0,3,3,1,0.0,0.0,0.0,1.0,0.0
8694,VBF,142.15645673383366,leptonic_bookkeeping,1,4,4,2,0.0,0.0,0.0,1.0,0.0
8695,ggZH,123.1664951873168,leptonic_bookkeeping,1,1,1,1,0.0,0.0,0.0,1.0,1.0
8698,VBF,115.52892357647858,leptonic_bookkeeping,1,2,2,1,0.0,0.0,0.0,1.0,0.0
8699,ggH,124.84385594012222,hadronic,0,2,2,2,0.0,0.0,0.0,1.0,1.0
8702,VBF,123.73102112867049,hadronic,0,1,1,0,0.0,0.0,0.0,1.0,0.0
8703,tH,126.07722797763988,leptonic_bookkeeping,1,1,1,0,0.0,0.0,0.0,1.0,1.0
8704,ZH,125.10334846905866,leptonic_bookkeeping,1,4,4,4,0.0,0.0,0.0,1.0,1.0
8705,data_GamGam,107.19199578451895,hadronic,0,1,1,0,0.0,0.0,0.0,1.0,0.0
8709,VBF,128.6716145739404,hadronic,0,3,3,2,0.0,0.0,0.0,1.0,0.0
8710,WH,127.004009809616,hadronic,0,3,3,3,0.0,0.0,0.0,1.0,1.0
8715,tH,123.5303867460703,hadronic,0,1,1,1,0.0,0.0,0.0,1.0,1.0
8716,ggZH,125.04847522601128,leptonic_bookkeeping,1,4,4,3,0.0,0.0,0.0,1.0,1.0
8721,ttH,123.96841923620183,hadronic,0,2,2,1,0.0,0.0,0.0,1.0,1.0
8722,ggZH,126.52256927222363,leptonic_bookkeeping,1,2,2,2,0.0,0.0,0.0,1.0,1.0
8723,ZH,129.15095857763498,hadronic,0,3,3,2,0.0,0.0,0.0,1.0,1.0
8724,tH,123.98158893271349,leptonic_bookkeeping,1,2,2,2,0.0,0.0,0.0,1.0,1.0
8725,tH,122.94358558767934,hadronic,0,2,2,1,0.0,0.0,0.0,1.0,1.0
8726,ttH,126.20730976497596,hadronic,0,4,4,1,0.0,0.0,0.0,1.0,1.0
8727,VBF,157.3263571908357,hadronic,0,4,4,3,0.0,0.0,0.0,1.0,0.0
8729,ggH,124.15767865779924,leptonic_bookkeeping,1,0,0,0,0.0,0.0,0.0,1.0,1.0
8730,ZH,123.71779715459303,hadronic,0,0,0,0,0.0,0.0,0.0,1.0,1.0
8733,ggH,127.80768866834921,hadronic,0,3,3,1,0.0,0.0,0.0,1.0,1.0
8734,ttH,123.22022041233966,hadronic,0,2,2,2,0.0,0.0,0.0,1.0,1.0
8739,ggZH,124.13861366359822,leptonic_bookkeeping,1,2,2,0,0.0,0.0,0.0,1.0,1.0
8740,ggZH,123.92164039009053,hadronic,0,3,3,2,0.0,0.0,0.0,1.0,1.0
8746,ZH,126.55112176589068,leptonic_bookkeeping,1,2,2,1,0.0,0.0,0.0,1.0,1.0
8747,data_GamGam,145.85419779544682,leptonic_bookkeeping,1,0,0,0,0.0,0.0,0.0,1.0,0.0
8748,VBF,138.21302733795983,leptonic_bookkeeping,1,1,1,0,0.0,0.0,0.0,1.0,0.0
8749,ttH,128.424173640814,leptonic_bookkeeping,1,1,1,1,0.0,0.0,0.0,1.0,1.0
8750,WH,123.08252352607671,hadronic,0,1,1,1,0.0,0.0,0.0,1.0,1.0
8751,ttH,125.14489646930882,hadronic,0,2,2,1,0.0,0.0,0.0,1.0,1.0
8752,data_GamGam,105.56988122582992,hadronic,0,2,2,2,0.0,0.0,0.0,1.0,0.0
8754,ZH,124.03097320979876,leptonic_bookkeeping,1,3,3,1,0.0,0.0,0.0,1.0,1.0
8755,ggZH,127.62892940750635,leptonic_bookkeeping,1,2,2,2,0.0,0.0,0.0,1.0,1.0
8756,ggH,124.21890070307028,hadronic,0,3,3,2,0.0,0.0,0.0,1.0,1.0
8757,ttH,124.3410717690074,hadronic,0,2,2,1,0.0,0.0,0.0,1.0,1.0
8759,ggZH,127.91123574185771,leptonic_bookkeeping,1,1,1,0,0.0,0.0,0.0,1.0,1.0
8760,VBF,146.5700635367791,hadronic,0,1,1,1,0.0,0.0,0.0,1.0,0.0
8761,data_GamGam,135.35288962744755,hadronic,0,0,0,0,0.0,0.0,0.0,1.0,0.0
8762,ZH,125.39341187207934,hadronic,0,2,2,2,0.0,0.0,0.0,1.0,1.0
8763,ttH,126.75099422866461,leptonic_bookkeeping,1,0,0,0,0.0,0.0,0.0,1.0,1.0
8765,data_GamGam,114.33255682023926,leptonic_bookkeeping,1,4,4,2,0.0,0.0,0.0,1.0,0.0
8766,ggH,124.61416260708565,leptonic_bookkeeping,1,3,3,2,0.0,0.0,0.0,1.0,1.0
8767,data_GamGam,118.50825546307192,leptonic_bookkeeping,1,2,2,0,0.0,0.0,0.0,1.0,0.0
8771,WH,127.22644355303788,hadronic,0,3,3,3,0.0,0.0,0.0,1.0,1.0
8774,VBF,124.16016034447358,leptonic_bookkeeping,1,2,2,2,0.0,0.0,0.0,1.0,0.0
8775,ggZH,124.73629248388774,hadronic,0,1,1,0,0.0,0.0,0.0,1.0,1.0
8776,ttH,123.58153562700595,leptonic_bookkeeping,1,1,1,0,0.0,0.0,0.0,1.0,1.0
8779,WH,124.48234822551909,hadronic,0,1,1,0,0.0,0.0,0.0,1.0,1.0
8780,data_GamGam,137.91124301960406,hadronic,0,2,2,1,0.0,0.0,0.0,1.0,0.0
8782,ggZH,126.01539607178326,hadronic,0,2,2,1,0.0,0.0,0.0,1.0,1.0
8783,ZH,127.64844958896137,leptonic_bookkeeping,1,0,0,0,0.0,0.0,0.0,1.0,1.0
8784,VBF,108.52304392773017,leptonic_bookkeeping,1,0,0,0,0.0,0.0,0.0,1.0,0.0
8786,ggZH,127.03620517896783,leptonic_bookkeeping,1,1,1,1,0.0,0.0,0.0,1.0,1.0
8788,ZH,125.13025401760905,hadronic,0,3,3,0,0.0,0.0,0.0,1.0,1.0
8790,ttH,122.3945691071579,leptonic_bookkeeping,1,0,0,0,0.0,0.0,0.0,1.0,1.0
8792,tH,126.50508489222752,leptonic_bookkeeping,1,1,1,1,0.0,0.0,0.0,1.0,1.0
8795,VBF,101.84423861977773,hadronic,0,2,2,1,0.0,0.0,0.0,1.0,0.0
8796,ggH,126.14967144587625,hadronic,0,2,2,1,0.0,0.0,0.0,1.0,1.0
8797,ZH,121.30749003599456,hadronic,0,1,1,0,0.0,0.0,0.0,1.0,1.0
8798,ggH,129.56221607293935,leptonic_bookkeeping,1,3,3,2,0.0,0.0,0.0,1.0,1.0
8800,ggZH,125.39462972288625,leptonic_bookkeeping,1,2,2,1,0.0,0.0,0.0,1.0,1.0
8802,tH,125.12994352817553,hadronic,0,3,3,2,0.0,0.0,0.0,1.0,1.0
8803,WH,124.50758553027998,hadronic,0,2,2,1,0.0,0.0,0.0,1.0,1.0
8805,ggZH,126.69808134760247,leptonic_bookkeeping,1,2,2,2,0.0,0.0,0.0,1.0,1.0
8808,data_GamGam,149.8618164672655,leptonic_bookkeeping,1,0,0,0,0.0,0.0,0.0,1.0,0.0
8811,ggZH,123.2104121894527,leptonic_bookkeeping,1,3,3,2,0.0,0.0,0.0,1.0,1.0
8815,WH,125.76456180384007,hadronic,0,1,1,0,0.0,0.0,0.0,1.0,1.0
8817,VBF,123.54808843917436,hadronic,0,3,3,3,0.0,0.0,0.0,1.0,0.0
8818,WH,122.91211286947774,leptonic_bookkeeping,1,1,1,1,0.0,0.0,0.0,1.0,1.0
8819,data_GamGam,114.29211620313244,hadronic,0,3,3,1,0.0,0.0,0.0,1.0,0.0
8820,data_GamGam,127.95262885081205,leptonic_bookkeeping,1,3,3,2,0.0,0.0,0.0,1.0,0.0
8824,data_GamGam,139.1069537191423,leptonic_bookkeeping,1,2,2,2,0.0,0.0,0.0,1.0,0.0
8826,ggZH,126.34158017480011,hadronic,0,4,4,2,0.0,0.0,0.0,1.0,1.0
8828,WH,126.67455421558014,hadronic,0,4,4,3,0.0,0.0,0.0,1.0,1.0
8829,VBF,134.38466427935967,hadronic,0,2,2,2,0.0,0.0,0.0,1.0,0.0
8835,data_GamGam,142.3747367283401,hadronic,0,2,2,2,0.0,0.0,0.0,1.0,0.0
8836,VBF,147.7592845995884,hadronic,0,2,2,2,0.0,0.0,0.0,1.0,0.0
8839,ZH,129.19561009989462,leptonic_bookkeeping,1,2,2,2,0.0,0.0,0.0,1.0,1.0
8840,ZH,123.31363641306774,hadronic,0,2,2,1,0.0,0.0,0.0,1.0,1.0
8843,tH,122.18690802742252,leptonic_bookkeeping,1,1,1,0,0.0,0.0,0.0,1.0,1.0
8844,ZH,121.86126391125339,hadronic,0,2,2,1,0.0,0.0,0.0,1.0,1.0
8846,VBF,128.11285189297237,leptonic_bookkeeping,1,0,0,0,0.0,0.0,0.0,1.0,0.0
8847,VBF,153.041262635517,leptonic_bookkeeping,1,2,2,1,0.0,0.0,0.0,1.0,0.0
8848,ZH,125.22864488132305,leptonic_bookkeeping,1,3,3,0,0.0,0.0,0.0,1.0,1.0
8849,ZH,128.5373635567528,hadronic,0,4,4,2,0.0,0.0,0.0,1.0,1.0
8851,ggH,122.54454582709691,hadronic,0,4,4,2,0.0,0.0,0.0,1.0,1.0
8853,ggH,129.1682462964023,hadronic,0,2,2,1,0.0,0.0,0.0,1.0,1.0
8855,ggH,129.9642270101656,hadronic,0,2,2,1,0.0,0.0,0.0,1.0,1.0
8859,ggH,128.17528498444807,hadronic,0,2,2,2,0.0,0.0,0.0,1.0,1.0
8860,tH,126.96905948570489,leptonic_bookkeeping,1,1,1,1,0.0,0.0,0.0,1.0,1.0
8861,data_GamGam,159.03971521204934,hadronic,0,3,3,3,0.0,0.0,0.0,1.0,0.0
8862,WH,125.2833991390654,leptonic_bookkeeping,1,2,2,2,0.0,0.0,0.0,1.0,1.0
8863,tH,121.22558079535654,hadronic,0,3,3,3,0.0,0.0,0.0,1.0,1.0
8865,ggH,123.36643045172279,hadronic,0,2,2,2,0.0,0.0,0.0,1.0,1.0
8866,data_GamGam,120.46261918681301,hadronic,0,2,2,1,0.0,0.0,0.0,1.0,0.0
8868,data_GamGam,112.57632639282926,leptonic_bookkeeping,1,4,4,1,0.0,0.0,0.0,1.0,0.0
8870,WH,124.46010496867355,hadronic,0,1,1,0,0.0,0.0,0.0,1.0,1.0
8873,ZH,124.31290652596321,hadronic,0,3,3,2,0.0,0.0,0.0,1.0,1.0
8874,ZH,123.91663925813545,leptonic_bookkeeping,1,3,3,2,0.0,0.0,0.0,1.0,1.0
8877,ttH,122.78730260144006,hadronic,0,3,3,3,0.0,0.0,0.0,1.0,1.0
8879,VBF,159.2806427669625,hadronic,0,1,1,1,0.0,0.0,0.0,1.0,0.0
8881,ggH,124.33193048073889,leptonic_bookkeeping,1,1,1,1,0.0,0.0,0.0,1.0,1.0
8885,ggZH,125.23528788874502,hadronic,0,1,1,1,0.0,0.0,0.0,1.0,1.0
8889,VBF,137.27706123311467,hadronic,0,1,1,1,0.0,0.0,0.0,1.0,0.0
8890,tH,125.08002338418038,hadronic,0,2,2,2,0.0,0.0,0.0,1.0,1.0
8891,data_GamGam,115.07420195877225,leptonic_bookkeeping,1,0,0,0,0.0,0.0,0.0,1.0,0.0
8892,data_GamGam,157.38446998742688,hadronic,0,3,3,2,0.0,0.0,0.0,1.0,0.0
8894,ZH,125.71865474640104,hadronic,0,1,1,0,0.0,0.0,0.0,1.0,1.0
8895,ZH,122.47528782539138,leptonic_bookkeeping,1,3,3,2,0.0,0.0,0.0,1.0,1.0
8896,ggH,123.65379247100161,hadronic,0,2,2,2,0.0,0.0,0.0,1.0,1.0
8898,ggZH,125.69575905104128,hadronic,0,2,2,0,0.0,0.0,0.0,1.0,1.0
8900,ggH,125.58163240792923,hadronic,0,1,1,1,0.0,0.0,0.0,1.0,1.0
8901,ttH,127.37946072641,hadronic,0,2,2,2,0.0,0.0,0.0,1.0,1.0
8905,ggH,125.89124565248028,hadronic,0,3,3,3,0.0,0.0,0.0,1.0,1.0
8907,VBF,102.3918615686566,leptonic_bookkeeping,1,2,2,2,0.0,0.0,0.0,1.0,0.0
8909,ttH,124.21892591899633,hadronic,0,0,0,0,0.0,0.0,0.0,1.0,1.0
8911,ttH,126.32181185692271,hadronic,0,1,1,1,0.0,0.0,0.0,1.0,1.0
8912,data_GamGam,108.5331385951786,hadronic,0,2,2,1,0.0,0.0,0.0,1.0,0.0
8914,ggZH,122.85764702705605,leptonic_bookkeeping,1,2,2,1,0.0,0.0,0.0,1.0,1.0
8915,ggH,127.20074930427627,leptonic_bookkeeping,1,1,1,0,0.0,0.0,0.0,1.0,1.0
8916,ggH,124.4003850578838,leptonic_bookkeeping,1,1,1,0,0.0,0.0,0.0,1.0,1.0
8917,ttH,125.7667905098885,hadronic,0,3,3,1,0.0,0.0,0.0,1.0,1.0
8923,ggH,123.82208832722722,hadronic,0,3,3,2,0.0,0.0,0.0,1.0,1.0
8926,data_GamGam,117.52312724925437,leptonic_bookkeeping,1,5,5,1,0.0,0.0,0.0,1.0,0.0
8927,ggH,124.58142337377159,leptonic_bookkeeping,1,1,1,0,0.0,0.0,0.0,1.0,1.0
8929,ttH,125.40542175437487,leptonic_bookkeeping,1,1,1,1,0.0,0.0,0.0,1.0,1.0
8931,tH,125.30030766206185,hadronic,0,2,2,2,0.0,0.0,0.0,1.0,1.0
8932,ZH,122.61978199362768,leptonic_bookkeeping,1,1,1,1,0.0,0.0,0.0,1.0,1.0
8933,ZH,123.82106096649204,leptonic_bookkeeping,1,4,4,3,0.0,0.0,0.0,1.0,1.0
8938,ZH,122.9864602505705,leptonic_bookkeeping,1,1,1,0,0.0,0.0,0.0,1.0,1.0
8939,data_GamGam,145.14002861716978,leptonic_bookkeeping,1,0,0,0,0.0,0.0,0.0,1.0,0.0
8940,data_GamGam,146.02255009957526,hadronic,0,0,0,0,0.0,0.0,0.0,1.0,0.0
8948,ggZH,128.001003625087,leptonic_bookkeeping,1,0,0,0,0.0,0.0,0.0,1.0,1.0
8950,ttH,122.01448760333179,leptonic_bookkeeping,1,0,0,0,0.0,0.0,0.0,1.0,1.0
8951,ggH,126.01226443126214,hadronic,0,1,1,1,0.0,0.0,0.0,1.0,1.0
8952,tH,123.55711589187615,leptonic_bookkeeping,1,0,0,0,0.0,0.0,0.0,1.0,1.0
8953,VBF,116.58759240191034,leptonic_bookkeeping,1,0,0,0,0.0,0.0,0.0,1.0,0.0
8955,data_GamGam,128.65591896342846,hadronic,0,3,3,3,0.0,0.0,0.0,1.0,0.0
8956,ZH,124.96270306621051,hadronic,0,2,2,0,0.0,0.0,0.0,1.0,1.0
8957,ggH,128.61983833748744,hadronic,0,2,2,1,0.0,0.0,0.0,1.0,1.0
8958,VBF,126.37805396134937,leptonic_bookkeeping,1,2,2,2,0.0,0.0,0.0,1.0,0.0
8963,VBF,144.61465408148717,leptonic_bookkeeping,1,1,1,1,0.0,0.0,0.0,1.0,0.0
8966,ggZH,127.83137452654603,leptonic_bookkeeping,1,1,1,1,0.0,0.0,0.0,1.0,1.0
8968,VBF,151.43751709327245,leptonic_bookkeeping,1,0,0,0,0.0,0.0,0.0,1.0,0.0
8969,data_GamGam,131.76239461537946,leptonic_bookkeeping,1,1,1,1,0.0,0.0,0.0,1.0,0.0
8970,VBF,147.36112959018652,leptonic_bookkeeping,1,0,0,0,0.0,0.0,0.0,1.0,0.0
8974,WH,124.24572375769438,hadronic,0,4,4,0,0.0,0.0,0.0,1.0,1.0
8975,ttH,125.96551953488988,hadronic,0,0,0,0,0.0,0.0,0.0,1.0,1.0
8976,tH,125.3480335284741,leptonic_bookkeeping,1,2,2,1,0.0,0.0,0.0,1.0,1.0
8978,tH,123.17719563611938,leptonic_bookkeeping,1,1,1,0,0.0,0.0,0.0,1.0,1.0
8981,VBF,138.3503700340272,hadronic,0,2,2,0,0.0,0.0,0.0,1.0,0.0
8982,data_GamGam,146.5155312347856,hadronic,0,3,3,3,0.0,0.0,0.0,1.0,0.0
8987,ggH,122.04294850069503,hadronic,0,1,1,1,0.0,0.0,0.0,1.0,1.0
8988,data_GamGam,133.0389254060371,leptonic_bookkeeping,1,0,0,0,0.0,0.0,0.0,1.0,0.0
8989,data_GamGam,137.6280565399809,hadronic,0,2,2,2,0.0,0.0,0.0,1.0,0.0
8991,tH,126.50336012179555,hadronic,0,1,1,1,0.0,0.0,0.0,1.0,1.0
8992,WH,122.13387278905358,hadronic,0,2,2,2,0.0,0.0,0.0,1.0,1.0
8993,WH,126.88629222462612,hadronic,0,1,1,0,0.0,0.0,0.0,1.0,1.0
8995,ttH,121.26963909237342,hadronic,0,2,2,2,0.0,0.0,0.0,1.0,1.0
8997,ggZH,123.34043807126837,leptonic_bookkeeping,1,1,1,1,0.0,0.0,0.0,1.0,1.0
8998,ZH,124.54390479421639,leptonic_bookkeeping,1,1,1,0,0.0,0.0,0.0,1.0,1.0
8999,data_GamGam,118.12985889449568,hadronic,0,0,0,0,0.0,0.0,0.0,1.0,0.0
9000,ggZH,125.82346521062311,hadronic,0,4,4,3,0.0,0.0,0.0,1.0,1.0
9003,tH,125.31801002473854,leptonic_bookkeeping,1,3,3,2,0.0,0.0,0.0,1.0,1.0
9005,ggH,123.15607161861925,hadronic,0,2,2,1,0.0,0.0,0.0,1.0,1.0
9006,ttH,125.16689738045953,leptonic_bookkeeping,1,2,2,1,0.0,0.0,0.0,1.0,1.0
9007,VBF,113.25212006616186,leptonic_bookkeeping,1,2,2,1,0.0,0.0,0.0,1.0,0.0
9008,VBF,104.4365107371665,leptonic_bookkeeping,1,2,2,1,0.0,0.0,0.0,1.0,0.0
9009,ttH,126.37050145962233,hadronic,0,1,1,1,0.0,0.0,0.0,1.0,1.0
9012,WH,126.38821402358356,leptonic_bookkeeping,1,2,2,1,0.0,0.0,0.0,1.0,1.0
9013,VBF,100.36700495198725,leptonic_bookkeeping,1,1,1,1,0.0,0.0,0.0,1.0,0.0
9016,ggZH,127.1153839009615,leptonic_bookkeeping,1,3,3,2,0.0,0.0,0.0,1.0,1.0
9017,ZH,122.14787110059837,hadronic,0,3,3,2,0.0,0.0,0.0,1.0,1.0
9018,VBF,124.45859605961314,leptonic_bookkeeping,1,2,2,1,0.0,0.0,0.0,1.0,0.0
9021,data_GamGam,101.79368199929534,hadronic,0,2,2,1,0.0,0.0,0.0,1.0,0.0
9025,WH,123.0639169157696,leptonic_bookkeeping,1,1,1,0,0.0,0.0,0.0,1.0,1.0
9026,tH,124.33890953504991,leptonic_bookkeeping,1,0,0,0,0.0,0.0,0.0,1.0,1.0
9032,VBF,101.27546908339481,hadronic,0,3,3,3,0.0,0.0,0.0,1.0,0.0
9038,ggH,124.87191430066868,hadronic,0,3,3,2,0.0,0.0,0.0,1.0,1.0
9041,ZH,127.0855022930973,leptonic_bookkeeping,1,2,2,1,0.0,0.0,0.0,1.0,1.0
9042,ggH,124.74232193107802,hadronic,0,1,1,1,0.0,0.0,0.0,1.0,1.0
9044,ttH,124.43672316856963,leptonic_bookkeeping,1,2,2,2,0.0,0.0,0.0,1.0,1.0
9045,ZH,121.5268185766407,hadronic,0,2,2,1,0.0,0.0,0.0,1.0,1.0
9046,tH,125.19893740753294,leptonic_bookkeeping,1,1,1,0,0.0,0.0,0.0,1.0,1.0
9047,tH,124.62159050641267,leptonic_bookkeeping,1,2,2,1,0.0,0.0,0.0,1.0,1.0
9048,data_GamGam,157.34700127651416,leptonic_bookkeeping,1,0,0,0,0.0,0.0,0.0,1.0,0.0
9052,tH,123.00929160777372,leptonic_bookkeeping,1,2,2,2,0.0,0.0,0.0,1.0,1.0
9054,ZH,124.96982685963101,leptonic_bookkeeping,1,0,0,0,0.0,0.0,0.0,1.0,1.0
9055,data_GamGam,135.39954948192275,hadronic,0,1,1,0,0.0,0.0,0.0,1.0,0.0
9056,ttH,124.47863756734498,hadronic,0,0,0,0,0.0,0.0,0.0,1.0,1.0
9057,VBF,157.60327361318912,leptonic_bookkeeping,1,1,1,1,0.0,0.0,0.0,1.0,0.0
9058,WH,127.03744866782547,hadronic,0,1,1,1,0.0,0.0,0.0,1.0,1.0
9059,tH,124.09857847067656,leptonic_bookkeeping,1,0,0,0,0.0,0.0,0.0,1.0,1.0
9060,WH,129.95378988554617,leptonic_bookkeeping,1,3,3,1,0.0,0.0,0.0,1.0,1.0
9061,tH,123.38215752753811,leptonic_bookkeeping,1,0,0,0,0.0,0.0,0.0,1.0,1.0
9062,ZH,124.09169764297167,hadronic,0,3,3,1,0.0,0.0,0.0,1.0,1.0
9063,WH,129.32690667272033,hadronic,0,2,2,2,0.0,0.0,0.0,1.0,1.0
9068,ZH,123.08672179482389,hadronic,0,2,2,1,0.0,0.0,0.0,1.0,1.0
9071,ttH,123.84496460887962,leptonic_bookkeeping,1,2,2,1,0.0,0.0,0.0,1.0,1.0
9072,ggZH,124.39138205095138,leptonic_bookkeeping,1,2,2,1,0.0,0.0,0.0,1.0,1.0
9073,WH,125.88886668926061,leptonic_bookkeeping,1,2,2,0,0.0,0.0,0.0,1.0,1.0
9074,data_GamGam,145.64706697387987,hadronic,0,3,3,3,0.0,0.0,0.0,1.0,0.0
9075,WH,122.53034304096626,leptonic_bookkeeping,1,0,0,0,0.0,0.0,0.0,1.0,1.0
9077,data_GamGam,156.37138142112408,hadronic,0,1,1,1,0.0,0.0,0.0,1.0,0.0
9078,ggZH,124.75637401580342,leptonic_bookkeeping,1,2,2,1,0.0,0.0,0.0,1.0,1.0
9080,ttH,125.10693102679495,hadronic,0,0,0,0,0.0,0.0,0.0,1.0,1.0
9081,data_GamGam,110.92849621569349,hadronic,0,4,4,1,0.0,0.0,0.0,1.0,0.0
9087,VBF,106.7924951728371,hadronic,0,2,2,2,0.0,0.0,0.0,1.0,0.0
9089,ggZH,127.95051881277332,hadronic,0,3,3,3,0.0,0.0,0.0,1.0,1.0
9091,tH,124.39858032174583,leptonic_bookkeeping,1,0,0,0,0.0,0.0,0.0,1.0,1.0
9092,WH,124.17772056572664,hadronic,0,3,3,2,0.0,0.0,0.0,1.0,1.0
9100,data_GamGam,148.34454805869035,leptonic_bookkeeping,1,1,1,1,0.0,0.0,0.0,1.0,0.0
9101,VBF,103.6104359709506,leptonic_bookkeeping,1,2,2,2,0.0,0.0,0.0,1.0,0.0
9103,VBF,147.44295172485093,leptonic_bookkeeping,1,3,3,2,0.0,0.0,0.0,1.0,0.0
9110,WH,122.19826471045808,leptonic_bookkeeping,1,1,1,1,0.0,0.0,0.0,1.0,1.0
9113,ZH,126.91502204985031,hadronic,0,3,3,3,0.0,0.0,0.0,1.0,1.0
9116,WH,127.0513777643606,leptonic_bookkeeping,1,0,0,0,0.0,0.0,0.0,1.0,1.0
9117,ggH,125.88198898721208,hadronic,0,2,2,2,0.0,0.0,0.0,1.0,1.0
9119,ggZH,125.41135931714072,hadronic,0,3,3,1,0.0,0.0,0.0,1.0,1.0
9120,VBF,148.47564441001512,hadronic,0,2,2,2,0.0,0.0,0.0,1.0,0.0
9122,ggZH,124.07317850908865,leptonic_bookkeeping,1,2,2,1,0.0,0.0,0.0,1.0,1.0
9124,tH,122.83404664070008,leptonic_bookkeeping,1,0,0,0,0.0,0.0,0.0,1.0,1.0
9127,ttH,126.77341718724847,leptonic_bookkeeping,1,1,1,1,0.0,0.0,0.0,1.0,1.0
9128,ZH,125.85076752334014,leptonic_bookkeeping,1,0,0,0,0.0,0.0,0.0,1.0,1.0
9129,ttH,125.66138756058352,hadronic,0,3,3,1,0.0,0.0,0.0,1.0,1.0
9132,ZH,124.02866920158728,leptonic_bookkeeping,1,1,1,0,0.0,0.0,0.0,1.0,1.0
9133,ggH,124.17452245672881,hadronic,0,2,2,1,0.0,0.0,0.0,1.0,1.0
9136,VBF,133.474060771371,leptonic_bookkeeping,1,2,2,2,0.0,0.0,0.0,1.0,0.0
9137,tH,124.1630319507713,hadronic,0,3,3,3,0.0,0.0,0.0,1.0,1.0
9138,data_GamGam,121.89463157054774,hadronic,0,3,3,2,0.0,0.0,0.0,1.0,0.0
9140,tH,121.44000925267383,hadronic,0,3,3,1,0.0,0.0,0.0,1.0,1.0
9141,data_GamGam,140.48385772703836,leptonic_bookkeeping,1,4,4,1,0.0,0.0,0.0,1.0,0.0
9142,ggZH,125.24497145994162,leptonic_bookkeeping,1,3,3,1,0.0,0.0,0.0,1.0,1.0
9143,WH,121.73085242120302,leptonic_bookkeeping,1,2,2,1,0.0,0.0,0.0,1.0,1.0
9144,ttH,126.636085822019,hadronic,0,3,3,2,0.0,0.0,0.0,1.0,1.0
9148,ggH,124.48910314523012,hadronic,0,0,0,0,0.0,0.0,0.0,1.0,1.0
9149,ttH,127.15435067469662,hadronic,0,0,0,0,0.0,0.0,0.0,1.0,1.0
9153,ggZH,124.41919450454162,hadronic,0,2,2,2,0.0,0.0,0.0,1.0,1.0
9155,ttH,128.391098999967,hadronic,0,3,3,1,0.0,0.0,0.0,1.0,1.0
9157,ZH,120.72313483868764,hadronic,0,0,0,0,0.0,0.0,0.0,1.0,1.0
9163,WH,126.64485262445768,hadronic,0,1,1,1,0.0,0.0,0.0,1.0,1.0
9164,ggH,127.44437700947311,leptonic_bookkeeping,1,0,0,0,0.0,0.0,0.0,1.0,1.0
9166,ttH,125.61928936235151,leptonic_bookkeeping,1,2,2,1,0.0,0.0,0.0,1.0,1.0
9167,WH,126.77360101925736,hadronic,0,0,0,0,0.0,0.0,0.0,1.0,1.0
9170,ggZH,125.14010383859669,hadronic,0,2,2,2,0.0,0.0,0.0,1.0,1.0
9171,tH,122.1599172789773,leptonic_bookkeeping,1,1,1,1,0.0,0.0,0.0,1.0,1.0
9172,ttH,124.62404721436064,hadronic,0,2,2,1,0.0,0.0,0.0,1.0,1.0
9177,WH,126.39570664525681,hadronic,0,2,2,2,0.0,0.0,0.0,1.0,1.0
9178,data_GamGam,120.32243488215005,leptonic_bookkeeping,1,2,2,1,0.0,0.0,0.0,1.0,0.0
9179,VBF,111.57089649913112,hadronic,0,3,3,2,0.0,0.0,0.0,1.0,0.0
9180,ZH,127.59587456474422,leptonic_bookkeeping,1,3,3,2,0.0,0.0,0.0,1.0,1.0
9181,ttH,125.26499090134108,leptonic_bookkeeping,1,1,1,1,0.0,0.0,0.0,1.0,1.0
9182,ggZH,129.21278365462112,leptonic_bookkeeping,1,2,2,2,0.0,0.0,0.0,1.0,1.0
9183,ggH,126.47154500733465,hadronic,0,2,2,2,0.0,0.0,0.0,1.0,1.0
9186,tH,125.26740423935267,leptonic_bookkeeping,1,2,2,1,0.0,0.0,0.0,1.0,1.0
9189,ttH,123.96288691473111,hadronic,0,4,4,2,0.0,0.0,0.0,1.0,1.0
9190,tH,124.98979886313931,hadronic,0,2,2,1,0.0,0.0,0.0,1.0,1.0
9192,ggZH,124.88280251765758,hadronic,0,3,3,3,0.0,0.0,0.0,1.0,1.0
9193,WH,123.43433013463418,hadronic,0,2,2,0,0.0,0.0,0.0,1.0,1.0
9197,tH,124.01502594067395,leptonic_bookkeeping,1,1,1,1,0.0,0.0,0.0,1.0,1.0
9198,ggH,127.61092306816414,leptonic_bookkeeping,1,1,1,0,0.0,0.0,0.0,1.0,1.0
9202,ggZH,127.50124666070889,hadronic,0,3,3,2,0.0,0.0,0.0,1.0,1.0
9208,tH,123.41249891052428,hadronic,0,2,2,1,0.0,0.0,0.0,1.0,1.0
9210,ggZH,124.2622714806304,leptonic_bookkeeping,1,1,1,0,0.0,0.0,0.0,1.0,1.0
9211,ggZH,126.42172303372523,hadronic,0,3,3,3,0.0,0.0,0.0,1.0,1.0
9212,ggH,123.68934673041063,hadronic,0,4,4,3,0.0,0.0,0.0,1.0,1.0
9216,ZH,123.63288226485804,hadronic,0,0,0,0,0.0,0.0,0.0,1.0,1.0
9218,data_GamGam,143.80058393151486,hadronic,0,1,1,1,0.0,0.0,0.0,1.0,0.0
9219,VBF,135.25284313622754,hadronic,0,2,2,1,0.0,0.0,0.0,1.0,0.0
9221,WH,125.88917878186251,hadronic,0,3,3,2,0.0,0.0,0.0,1.0,1.0
9227,WH,123.88748117535087,hadronic,0,2,2,0,0.0,0.0,0.0,1.0,1.0
9229,VBF,130.16731863370134,leptonic_bookkeeping,1,2,2,1,0.0,0.0,0.0,1.0,0.0
9234,ggZH,124.96446344193943,hadronic,0,1,1,1,0.0,0.0,0.0,1.0,1.0
9235,ggZH,124.75307052963751,hadronic,0,3,3,2,0.0,0.0,0.0,1.0,1.0
9236,VBF,150.22164271108952,leptonic_bookkeeping,1,3,3,1,0.0,0.0,0.0,1.0,0.0
9238,ZH,123.54376629735239,hadronic,0,2,2,1,0.0,0.0,0.0,1.0,1.0
9239,ggH,124.81869539764442,hadronic,0,2,2,1,0.0,0.0,0.0,1.0,1.0
9241,ZH,125.09603339346386,leptonic_bookkeeping,1,1,1,1,0.0,0.0,0.0,1.0,1.0
9243,WH,125.0185774686508,hadronic,0,2,2,1,0.0,0.0,0.0,1.0,1.0
9246,VBF,108.10936166159469,leptonic_bookkeeping,1,1,1,0,0.0,0.0,0.0,1.0,0.0
9247,ttH,126.58400029317568,leptonic_bookkeeping,1,4,4,4,0.0,0.0,0.0,1.0,1.0
9248,ggH,121.63031340675818,leptonic_bookkeeping,1,1,1,1,0.0,0.0,0.0,1.0,1.0
9251,ggZH,123.51537630346445,leptonic_bookkeeping,1,2,2,0,0.0,0.0,0.0,1.0,1.0
9253,VBF,111.64452071979692,leptonic_bookkeeping,1,0,0,0,0.0,0.0,0.0,1.0,0.0
9254,ttH,124.54336811472344,hadronic,0,2,2,1,0.0,0.0,0.0,1.0,1.0
9256,tH,124.39729300390411,hadronic,0,2,2,2,0.0,0.0,0.0,1.0,1.0
9258,tH,123.92438467133678,leptonic_bookkeeping,1,1,1,1,0.0,0.0,0.0,1.0,1.0
9259,data_GamGam,155.87611988435486,hadronic,0,4,4,4,0.0,0.0,0.0,1.0,0.0
9262,ggH,122.80240725700247,hadronic,0,4,4,1,0.0,0.0,0.0,1.0,1.0
9263,WH,126.27584850627146,hadronic,0,2,2,1,0.0,0.0,0.0,1.0,1.0
9264,ZH,123.95815634161339,hadronic,0,2,2,0,0.0,0.0,0.0,1.0,1.0
9265,ttH,126.69524646379847,hadronic,0,3,3,0,0.0,0.0,0.0,1.0,1.0
9269,ttH,123.48691022407961,hadronic,0,2,2,1,0.0,0.0,0.0,1.0,1.0
9273,ggH,123.71146664476701,hadronic,0,2,2,0,0.0,0.0,0.0,1.0,1.0
9276,ggZH,127.27179369751316,hadronic,0,2,2,2,0.0,0.0,0.0,1.0,1.0
9279,VBF,118.33719923907283,hadronic,0,1,1,1,0.0,0.0,0.0,1.0,0.0
9280,data_GamGam,138.35674129083037,leptonic_bookkeeping,1,2,2,1,0.0,0.0,0.0,1.0,0.0
9281,ggH,123.0467550400354,leptonic_bookkeeping,1,3,3,1,0.0,0.0,0.0,1.0,1.0
9282,ttH,125.86358469044691,hadronic,0,3,3,3,0.0,0.0,0.0,1.0,1.0
9284,VBF,117.61751611103006,leptonic_bookkeeping,1,2,2,1,0.0,0.0,0.0,1.0,0.0
9285,ggZH,127.41030514827584,hadronic,0,1,1,1,0.0,0.0,0.0,1.0,1.0
9286,ggZH,126.40952029115472,leptonic_bookkeeping,1,1,1,1,0.0,0.0,0.0,1.0,1.0
9287,ZH,128.04887639643766,hadronic,0,1,1,1,0.0,0.0,0.0,1.0,1.0
9288,ttH,126.86213249240845,hadronic,0,2,2,1,0.0,0.0,0.0,1.0,1.0
9290,ZH,126.08673058101827,leptonic_bookkeeping,1,2,2,1,0.0,0.0,0.0,1.0,1.0
9291,ttH,122.71026997115787,hadronic,0,3,3,2,0.0,0.0,0.0,1.0,1.0
9292,ttH,124.55632084020522,leptonic_bookkeeping,1,1,1,1,0.0,0.0,0.0,1.0,1.0
9293,ggZH,122.44113349007017,leptonic_bookkeeping,1,4,4,2,0.0,0.0,0.0,1.0,1.0
9294,ttH,124.22414699748825,hadronic,0,1,1,1,0.0,0.0,0.0,1.0,1.0
9296,tH,124.7935119624516,hadronic,0,3,3,2,0.0,0.0,0.0,1.0,1.0
9297,ggZH,123.8117841778167,leptonic_bookkeeping,1,3,3,2,0.0,0.0,0.0,1.0,1.0
9300,ttH,120.70454866976351,hadronic,0,2,2,2,0.0,0.0,0.0,1.0,1.0
9303,ttH,124.90926273590068,hadronic,0,2,2,1,0.0,0.0,0.0,1.0,1.0
9309,ZH,125.08977665722182,leptonic_bookkeeping,1,2,2,1,0.0,0.0,0.0,1.0,1.0
9311,WH,126.92835893030075,hadronic,0,2,2,2,0.0,0.0,0.0,1.0,1.0
9312,ggZH,131.36216693411137,hadronic,0,1,1,0,0.0,0.0,0.0,1.0,1.0
9314,ttH,122.70808037956726,leptonic_bookkeeping,1,2,2,1,0.0,0.0,0.0,1.0,1.0
9318,tH,126.99882044775714,hadronic,0,4,4,2,0.0,0.0,0.0,1.0,1.0
9320,ggZH,126.94018517364076,leptonic_bookkeeping,1,2,2,1,0.0,0.0,0.0,1.0,1.0
9321,ZH,125.14676053557255,leptonic_bookkeeping,1,1,1,1,0.0,0.0,0.0,1.0,1.0
9322,ZH,125.10076747601954,hadronic,0,3,3,1,0.0,0.0,0.0,1.0,1.0
9323,WH,126.16747305090952,hadronic,0,2,2,1,0.0,0.0,0.0,1.0,1.0
9326,WH,122.49464865194271,hadronic,0,3,3,2,0.0,0.0,0.0,1.0,1.0
9329,tH,126.57593716336224,leptonic_bookkeeping,1,1,1,0,0.0,0.0,0.0,1.0,1.0
9330,ggH,125.7510044439727,hadronic,0,4,4,2,0.0,0.0,0.0,1.0,1.0
9331,ttH,126.33370563056349,leptonic_bookkeeping,1,1,1,1,0.0,0.0,0.0,1.0,1.0
9337,VBF,129.3072565260845,hadronic,0,2,2,2,0.0,0.0,0.0,1.0,0.0
9338,ggZH,123.22796041558951,leptonic_bookkeeping,1,3,3,1,0.0,0.0,0.0,1.0,1.0
9341,ggH,127.01550597294474,hadronic,0,4,4,3,0.0,0.0,0.0,1.0,1.0
9344,ggH,123.45065185270161,hadronic,0,3,3,1,0.0,0.0,0.0,1.0,1.0
9345,WH,126.34265680071134,hadronic,0,3,3,3,0.0,0.0,0.0,1.0,1.0
9346,ggH,124.23829096142846,hadronic,0,2,2,1,0.0,0.0,0.0,1.0,1.0
9347,ggZH,125.31185691058603,leptonic_bookkeeping,1,1,1,1,0.0,0.0,0.0,1.0,1.0
9348,WH,125.40005396974314,leptonic_bookkeeping,1,4,4,1,0.0,0.0,0.0,1.0,1.0
9351,ttH,125.88855086466957,leptonic_bookkeeping,1,2,2,1,0.0,0.0,0.0,1.0,1.0
9353,WH,124.6692545744501,leptonic_bookkeeping,1,1,1,0,0.0,0.0,0.0,1.0,1.0
9354,ggZH,127.81026286186143,leptonic_bookkeeping,1,0,0,0,0.0,0.0,0.0,1.0,1.0
9355,ggH,125.98304450793682,hadronic,0,4,4,3,0.0,0.0,0.0,1.0,1.0
9356,ZH,129.35726381828374,leptonic_bookkeeping,1,1,1,1,0.0,0.0,0.0,1.0,1.0
9357,ggZH,127.642592453869,hadronic,0,2,2,2,0.0,0.0,0.0,1.0,1.0
9359,ZH,123.72958643509014,leptonic_bookkeeping,1,4,4,0,0.0,0.0,0.0,1.0,1.0
9360,tH,127.26233218342296,leptonic_bookkeeping,1,4,4,3,0.0,0.0,0.0,1.0,1.0
9361,ggZH,125.54964040399055,leptonic_bookkeeping,1,1,1,1,0.0,0.0,0.0,1.0,1.0
9362,data_GamGam,107.34625680815164,leptonic_bookkeeping,1,3,3,3,0.0,0.0,0.0,1.0,0.0
9363,VBF,154.7382200559289,hadronic,0,2,2,0,0.0,0.0,0.0,1.0,0.0
9364,ggH,125.17984477411416,hadronic,0,1,1,1,0.0,0.0,0.0,1.0,1.0
9365,ggH,124.58022544922001,leptonic_bookkeeping,1,1,1,1,0.0,0.0,0.0,1.0,1.0
9366,ggH,128.9772135096444,hadronic,0,4,4,2,0.0,0.0,0.0,1.0,1.0
9370,VBF,150.61446061234028,leptonic_bookkeeping,1,2,2,1,0.0,0.0,0.0,1.0,0.0
9371,VBF,133.56334873190187,leptonic_bookkeeping,1,3,3,2,0.0,0.0,0.0,1.0,0.0
9373,WH,127.56342156397106,hadronic,0,2,2,1,0.0,0.0,0.0,1.0,1.0
9374,ttH,124.81675631048151,hadronic,0,3,3,3,0.0,0.0,0.0,1.0,1.0
9375,ZH,127.08942469069224,leptonic_bookkeeping,1,5,5,3,0.0,0.0,0.0,1.0,1.0
9376,data_GamGam,143.552713181275,hadronic,0,3,3,2,0.0,0.0,0.0,1.0,0.0
9379,data_GamGam,127.14681121258405,hadronic,0,3,3,3,0.0,0.0,0.0,1.0,0.0
9382,ZH,127.44779655370616,hadronic,0,3,3,2,0.0,0.0,0.0,1.0,1.0
9383,VBF,125.23779890000185,hadronic,0,3,3,3,0.0,0.0,0.0,1.0,0.0
9384,ggH,126.50452880339805,hadronic,0,2,2,2,0.0,0.0,0.0,1.0,1.0
9385,WH,124.44202034319724,hadronic,0,2,2,2,0.0,0.0,0.0,1.0,1.0
9386,WH,125.985134194077,hadronic,0,4,4,3,0.0,0.0,0.0,1.0,1.0
9387,ggZH,122.47243669529834,leptonic_bookkeeping,1,1,1,1,0.0,0.0,0.0,1.0,1.0
9388,ggZH,126.06743051164912,leptonic_bookkeeping,1,1,1,1,0.0,0.0,0.0,1.0,1.0
9389,data_GamGam,147.8347909828554,hadronic,0,4,4,2,0.0,0.0,0.0,1.0,0.0
9390,ttH,125.43201099774444,leptonic_bookkeeping,1,2,2,2,0.0,0.0,0.0,1.0,1.0
9392,WH,126.89210070177079,hadronic,0,2,2,2,0.0,0.0,0.0,1.0,1.0
9394,ZH,126.76714353569892,leptonic_bookkeeping,1,0,0,0,0.0,0.0,0.0,1.0,1.0
9397,ZH,125.18611803204081,leptonic_bookkeeping,1,0,0,0,0.0,0.0,0.0,1.0,1.0
9399,ZH,128.6259263541519,hadronic,0,0,0,0,0.0,0.0,0.0,1.0,1.0
9403,tH,125.81120735254405,hadronic,0,1,1,1,0.0,0.0,0.0,1.0,1.0
9404,VBF,125.15542240170237,hadronic,0,1,1,1,0.0,0.0,0.0,1.0,0.0
9405,ZH,124.81890363936168,leptonic_bookkeeping,1,1,1,0,0.0,0.0,0.0,1.0,1.0
9406,ggZH,125.61444217466655,hadronic,0,1,1,1,0.0,0.0,0.0,1.0,1.0
9407,ggZH,124.84150185348717,hadronic,0,2,2,2,0.0,0.0,0.0,1.0,1.0
9410,data_GamGam,130.12207678569052,leptonic_bookkeeping,1,2,2,1,0.0,0.0,0.0,1.0,0.0
9412,ggH,124.18466902462636,leptonic_bookkeeping,1,4,4,4,0.0,0.0,0.0,1.0,1.0
9413,WH,124.38480718145287,hadronic,0,2,2,2,0.0,0.0,0.0,1.0,1.0
9414,data_GamGam,108.21127724866093,leptonic_bookkeeping,1,3,3,1,0.0,0.0,0.0,1.0,0.0
9415,data_GamGam,154.4966101980836,hadronic,0,3,3,3,0.0,0.0,0.0,1.0,0.0
9416,WH,119.63074220841523,hadronic,0,3,3,3,0.0,0.0,0.0,1.0,1.0
9418,WH,124.83279807984204,leptonic_bookkeeping,1,2,2,1,0.0,0.0,0.0,1.0,1.0
9419,ggZH,124.3410238906408,hadronic,0,1,1,1,0.0,0.0,0.0,1.0,1.0
9421,tH,122.65829883046882,hadronic,0,3,3,1,0.0,0.0,0.0,1.0,1.0
9424,tH,125.24320200650105,hadronic,0,1,1,1,0.0,0.0,0.0,1.0,1.0
9426,ggH,124.55521178552571,leptonic_bookkeeping,1,2,2,2,0.0,0.0,0.0,1.0,1.0
9428,VBF,148.22215957717893,hadronic,0,2,2,2,0.0,0.0,0.0,1.0,0.0
9429,WH,119.53512902474104,leptonic_bookkeeping,1,1,1,1,0.0,0.0,0.0,1.0,1.0
9430,ggZH,123.61763780458512,leptonic_bookkeeping,1,0,0,0,0.0,0.0,0.0,1.0,1.0
9431,tH,119.11671847176746,hadronic,0,1,1,1,0.0,0.0,0.0,1.0,1.0
9433,ZH,123.10163635976379,hadronic,0,1,1,0,0.0,0.0,0.0,1.0,1.0
9434,ZH,122.8695975376177,leptonic_bookkeeping,1,1,1,0,0.0,0.0,0.0,1.0,1.0
9435,ggH,125.46950898111317,hadronic,0,4,4,3,0.0,0.0,0.0,1.0,1.0
9438,ZH,127.5718808629321,hadronic,0,0,0,0,0.0,0.0,0.0,1.0,1.0
9439,data_GamGam,156.84175082438156,hadronic,0,1,1,1,0.0,0.0,0.0,1.0,0.0
9440,WH,123.64880731157946,hadronic,0,3,3,1,0.0,0.0,0.0,1.0,1.0
9443,VBF,120.23386497006199,leptonic_bookkeeping,1,0,0,0,0.0,0.0,0.0,1.0,0.0
9444,ttH,127.65060761394011,hadronic,0,1,1,1,0.0,0.0,0.0,1.0,1.0
9446,ttH,124.87049218821271,leptonic_bookkeeping,1,2,2,1,0.0,0.0,0.0,1.0,1.0
9447,ttH,124.39087871632546,leptonic_bookkeeping,1,1,1,1,0.0,0.0,0.0,1.0,1.0
9448,ZH,123.68615454229344,leptonic_bookkeeping,1,1,1,1,0.0,0.0,0.0,1.0,1.0
9449,tH,123.20112077482048,hadronic,0,3,3,2,0.0,0.0,0.0,1.0,1.0
9450,data_GamGam,132.25083305565207,hadronic,0,3,3,1,0.0,0.0,0.0,1.0,0.0
9452,ttH,123.3254557534563,hadronic,0,2,2,1,0.0,0.0,0.0,1.0,1.0
9453,ZH,122.80515656189569,hadronic,0,4,4,4,0.0,0.0,0.0,1.0,1.0
9457,ZH,124.1944039439754,hadronic,0,1,1,1,0.0,0.0,0.0,1.0,1.0
9458,ZH,126.24272843206711,hadronic,0,1,1,1,0.0,0.0,0.0,1.0,1.0
9461,ggZH,127.7219943411255,hadronic,0,2,2,1,0.0,0.0,0.0,1.0,1.0
9464,ZH,128.10993658675346,leptonic_bookkeeping,1,3,3,3,0.0,0.0,0.0,1.0,1.0
9465,data_GamGam,157.06699331343415,leptonic_bookkeeping,1,1,1,1,0.0,0.0,0.0,1.0,0.0
9467,ggH,126.5914797834936,hadronic,0,1,1,1,0.0,0.0,0.0,1.0,1.0
9469,ggZH,127.57383824116431,leptonic_bookkeeping,1,4,4,3,0.0,0.0,0.0,1.0,1.0
9470,data_GamGam,117.16183935957193,hadronic,0,2,2,2,0.0,0.0,0.0,1.0,0.0
9472,ttH,122.66369300729978,hadronic,0,2,2,1,0.0,0.0,0.0,1.0,1.0
9475,VBF,140.39522326889366,leptonic_bookkeeping,1,0,0,0,0.0,0.0,0.0,1.0,0.0
9476,VBF,143.75009473570293,hadronic,0,2,2,2,0.0,0.0,0.0,1.0,0.0
9477,data_GamGam,113.21652058319472,leptonic_bookkeeping,1,1,1,1,0.0,0.0,0.0,1.0,0.0
9478,ttH,124.53567626178321,hadronic,0,0,0,0,0.0,0.0,0.0,1.0,1.0
9479,tH,125.23636225650331,hadronic,0,2,2,1,0.0,0.0,0.0,1.0,1.0
9481,WH,122.47387717633578,hadronic,0,2,2,1,0.0,0.0,0.0,1.0,1.0
9482,ggZH,124.99305877650683,hadronic,0,2,2,2,0.0,0.0,0.0,1.0,1.0
9483,tH,124.99901316956776,leptonic_bookkeeping,1,0,0,0,0.0,0.0,0.0,1.0,1.0
9484,ttH,127.75658580230444,leptonic_bookkeeping,1,0,0,0,0.0,0.0,0.0,1.0,1.0
9486,tH,123.9437656664679,hadronic,0,3,3,2,0.0,0.0,0.0,1.0,1.0
9488,ZH,122.14644493668631,hadronic,0,3,3,3,0.0,0.0,0.0,1.0,1.0
9489,ggZH,128.913873017575,leptonic_bookkeeping,1,1,1,1,0.0,0.0,0.0,1.0,1.0
9490,ggH,124.89141201632249,hadronic,0,1,1,1,0.0,0.0,0.0,1.0,1.0
9492,ggZH,122.49467404922713,leptonic_bookkeeping,1,4,4,4,0.0,0.0,0.0,1.0,1.0
9494,ggH,122.39824829863613,hadronic,0,3,3,2,0.0,0.0,0.0,1.0,1.0
9495,ttH,122.94406189901254,leptonic_bookkeeping,1,2,2,1,0.0,0.0,0.0,1.0,1.0
9498,tH,121.8496792430799,hadronic,0,1,1,1,0.0,0.0,0.0,1.0,1.0
9499,WH,128.46191380732338,leptonic_bookkeeping,1,0,0,0,0.0,0.0,0.0,1.0,1.0
9500,ZH,123.40424896286981,hadronic,0,1,1,0,0.0,0.0,0.0,1.0,1.0
9501,ttH,123.49013827543394,hadronic,0,3,3,2,0.0,0.0,0.0,1.0,1.0
9503,WH,122.4420701134074,hadronic,0,2,2,1,0.0,0.0,0.0,1.0,1.0
9505,WH,124.01225747917633,hadronic,0,4,4,3,0.0,0.0,0.0,1.0,1.0
9510,tH,122.61535870326314,hadronic,0,2,2,2,0.0,0.0,0.0,1.0,1.0
9511,data_GamGam,144.64948438458498,leptonic_bookkeeping,1,2,2,2,0.0,0.0,0.0,1.0,0.0
9512,ttH,124.08922574230137,leptonic_bookkeeping,1,3,3,1,0.0,0.0,0.0,1.0,1.0
9513,data_GamGam,145.89207718949496,leptonic_bookkeeping,1,2,2,2,0.0,0.0,0.0,1.0,0.0
9514,ttH,129.8409418074122,leptonic_bookkeeping,1,1,1,1,0.0,0.0,0.0,1.0,1.0
9515,ggH,126.10000382065215,hadronic,0,3,3,3,0.0,0.0,0.0,1.0,1.0
9522,ggZH,122.3417441275075,hadronic,0,3,3,3,0.0,0.0,0.0,1.0,1.0
9525,WH,124.12628541368139,hadronic,0,2,2,1,0.0,0.0,0.0,1.0,1.0
9527,ZH,126.04669893835577,hadronic,0,1,1,1,0.0,0.0,0.0,1.0,1.0
9528,tH,124.51882251246083,leptonic_bookkeeping,1,0,0,0,0.0,0.0,0.0,1.0,1.0
9530,tH,124.41206335931557,hadronic,0,1,1,0,0.0,0.0,0.0,1.0,1.0
9532,data_GamGam,148.0462485319713,leptonic_bookkeeping,1,2,2,1,0.0,0.0,0.0,1.0,0.0
9534,ttH,129.03569582682593,hadronic,0,2,2,1,0.0,0.0,0.0,1.0,1.0
9535,tH,124.48483920566804,leptonic_bookkeeping,1,2,2,1,0.0,0.0,0.0,1.0,1.0
9537,ZH,126.36110826012157,hadronic,0,2,2,1,0.0,0.0,0.0,1.0,1.0
9541,ggZH,126.50558864948377,hadronic,0,2,2,2,0.0,0.0,0.0,1.0,1.0
9542,data_GamGam,148.45710461909147,hadronic,0,1,1,1,0.0,0.0,0.0,1.0,0.0
9544,ZH,125.20312780361084,hadronic,0,2,2,2,0.0,0.0,0.0,1.0,1.0
9545,tH,126.35490015231902,hadronic,0,0,0,0,0.0,0.0,0.0,1.0,1.0
9549,data_GamGam,140.76308293264012,leptonic_bookkeeping,1,2,2,0,0.0,0.0,0.0,1.0,0.0
9550,VBF,111.78834591306533,leptonic_bookkeeping,1,0,0,0,0.0,0.0,0.0,1.0,0.0
9552,tH,119.36159445453161,hadronic,0,2,2,1,0.0,0.0,0.0,1.0,1.0
9554,ttH,128.6339356572206,leptonic_bookkeeping,1,2,2,1,0.0,0.0,0.0,1.0,1.0
9555,tH,127.58535135161681,hadronic,0,2,2,1,0.0,0.0,0.0,1.0,1.0
9556,ttH,123.16899126540541,hadronic,0,3,3,2,0.0,0.0,0.0,1.0,1.0
9557,tH,129.24226039002184,hadronic,0,4,4,3,0.0,0.0,0.0,1.0,1.0
9560,ggH,126.81894366552461,leptonic_bookkeeping,1,1,1,1,0.0,0.0,0.0,1.0,1.0
9561,tH,122.81816721389745,hadronic,0,1,1,1,0.0,0.0,0.0,1.0,1.0
9562,ggH,125.94133591274058,leptonic_bookkeeping,1,0,0,0,0.0,0.0,0.0,1.0,1.0
9563,WH,123.29862533940224,leptonic_bookkeeping,1,1,1,1,0.0,0.0,0.0,1.0,1.0
9567,data_GamGam,132.4913929331112,hadronic,0,3,3,0,0.0,0.0,0.0,1.0,0.0
9569,tH,126.18275651709541,hadronic,0,2,2,1,0.0,0.0,0.0,1.0,1.0
9571,ggZH,126.27853381352449,hadronic,0,2,2,2,0.0,0.0,0.0,1.0,1.0
9572,data_GamGam,127.3651036238218,leptonic_bookkeeping,1,1,1,1,0.0,0.0,0.0,1.0,0.0
9573,ZH,124.99667488645666,hadronic,0,2,2,2,0.0,0.0,0.0,1.0,1.0
9574,VBF,142.57659169092258,hadronic,0,2,2,1,0.0,0.0,0.0,1.0,0.0
9576,tH,121.92108017585014,leptonic_bookkeeping,1,2,2,2,0.0,0.0,0.0,1.0,1.0
9577,WH,124.93251095241354,hadronic,0,3,3,2,0.0,0.0,0.0,1.0,1.0
9578,ZH,128.13665053114076,hadronic,0,3,3,2,0.0,0.0,0.0,1.0,1.0
9580,data_GamGam,143.09002993818868,leptonic_bookkeeping,1,3,3,2,0.0,0.0,0.0,1.0,0.0
9582,data_GamGam,120.04101209983736,leptonic_bookkeeping,1,0,0,0,0.0,0.0,0.0,1.0,0.0
9584,ttH,124.15069132754259,hadronic,0,3,3,2,0.0,0.0,0.0,1.0,1.0
9585,tH,122.39500948051422,hadronic,0,4,4,2,0.0,0.0,0.0,1.0,1.0
9588,ggZH,128.63151355004533,hadronic,0,2,2,2,0.0,0.0,0.0,1.0,1.0
9589,VBF,142.1718443285793,leptonic_bookkeeping,1,1,1,0,0.0,0.0,0.0,1.0,0.0
9590,VBF,131.7766155024955,leptonic_bookkeeping,1,1,1,0,0.0,0.0,0.0,1.0,0.0
9595,tH,127.4215466243735,hadronic,0,2,2,2,0.0,0.0,0.0,1.0,1.0
9596,ZH,122.82497316471301,leptonic_bookkeeping,1,2,2,1,0.0,0.0,0.0,1.0,1.0
9598,ggH,123.32027151989753,leptonic_bookkeeping,1,2,2,2,0.0,0.0,0.0,1.0,1.0
9602,data_GamGam,147.9529680304708,leptonic_bookkeeping,1,2,2,2,0.0,0.0,0.0,1.0,0.0
9604,data_GamGam,105.31691289018067,hadronic,0,2,2,1,0.0,0.0,0.0,1.0,0.0
9606,ggH,126.88468333953003,leptonic_bookkeeping,1,2,2,2,0.0,0.0,0.0,1.0,1.0
9610,ZH,120.82136305590652,leptonic_bookkeeping,1,1,1,1,0.0,0.0,0.0,1.0,1.0
9611,VBF,143.29336250541013,leptonic_bookkeeping,1,1,1,1,0.0,0.0,0.0,1.0,0.0
9613,VBF,149.51298853305758,leptonic_bookkeeping,1,2,2,2,0.0,0.0,0.0,1.0,0.0
9614,data_GamGam,124.98703788385197,leptonic_bookkeeping,1,4,4,4,0.0,0.0,0.0,1.0,0.0
9615,tH,126.78231899753857,hadronic,0,1,1,0,0.0,0.0,0.0,1.0,1.0
9618,ggZH,126.46713975701876,hadronic,0,2,2,0,0.0,0.0,0.0,1.0,1.0
9621,ZH,124.23210823024554,hadronic,0,2,2,1,0.0,0.0,0.0,1.0,1.0
9622,VBF,159.71463708197481,hadronic,0,1,1,0,0.0,0.0,0.0,1.0,0.0
9623,tH,122.9669838132446,leptonic_bookkeeping,1,2,2,1,0.0,0.0,0.0,1.0,1.0
9625,ZH,123.5332590447193,hadronic,0,1,1,0,0.0,0.0,0.0,1.0,1.0
9627,ggZH,127.48964996312323,hadronic,0,1,1,1,0.0,0.0,0.0,1.0,1.0
9628,tH,125.13748045223944,leptonic_bookkeeping,1,0,0,0,0.0,0.0,0.0,1.0,1.0
9630,ggH,120.04556116297432,hadronic,0,1,1,1,0.0,0.0,0.0,1.0,1.0
9633,ttH,125.52663312803767,hadronic,0,4,4,3,0.0,0.0,0.0,1.0,1.0
9634,ttH,125.31420126006223,hadronic,0,3,3,1,0.0,0.0,0.0,1.0,1.0
9635,VBF,134.48759665045645,leptonic_bookkeeping,1,0,0,0,0.0,0.0,0.0,1.0,0.0
9636,ttH,123.38298470879114,hadronic,0,1,1,1,0.0,0.0,0.0,1.0,1.0
9638,WH,125.58034678855228,hadronic,0,0,0,0,0.0,0.0,0.0,1.0,1.0
9639,ZH,124.51261685674454,hadronic,0,2,2,2,0.0,0.0,0.0,1.0,1.0
9640,VBF,156.24580029563393,leptonic_bookkeeping,1,3,3,1,0.0,0.0,0.0,1.0,0.0
9643,VBF,153.1072249466663,hadronic,0,3,3,2,0.0,0.0,0.0,1.0,0.0
9647,VBF,141.1692128218083,leptonic_bookkeeping,1,2,2,2,0.0,0.0,0.0,1.0,0.0
9649,ggZH,124.12296488642968,leptonic_bookkeeping,1,1,1,1,0.0,0.0,0.0,1.0,1.0
9652,tH,124.18576722267684,hadronic,0,2,2,1,0.0,0.0,0.0,1.0,1.0
9653,WH,127.82387084259487,leptonic_bookkeeping,1,2,2,1,0.0,0.0,0.0,1.0,1.0
9654,ZH,122.45880439733236,hadronic,0,3,3,3,0.0,0.0,0.0,1.0,1.0
9655,ZH,123.66270493577993,leptonic_bookkeeping,1,1,1,1,0.0,0.0,0.0,1.0,1.0
9657,ggH,124.11118288627584,hadronic,0,2,2,1,0.0,0.0,0.0,1.0,1.0
9659,WH,128.12505283827946,hadronic,0,1,1,0,0.0,0.0,0.0,1.0,1.0
9660,WH,126.46604964113172,leptonic_bookkeeping,1,2,2,2,0.0,0.0,0.0,1.0,1.0
9663,VBF,118.9572749542921,leptonic_bookkeeping,1,0,0,0,0.0,0.0,0.0,1.0,0.0
9665,ZH,124.98323120272804,hadronic,0,1,1,1,0.0,0.0,0.0,1.0,1.0
9672,ZH,122.35479599309268,hadronic,0,2,2,1,0.0,0.0,0.0,1.0,1.0
9673,ZH,125.11681112985809,leptonic_bookkeeping,1,2,2,2,0.0,0.0,0.0,1.0,1.0
9674,ggH,128.45938563216578,leptonic_bookkeeping,1,1,1,1,0.0,0.0,0.0,1.0,1.0
9677,ggH,124.42861839601677,hadronic,0,1,1,1,0.0,0.0,0.0,1.0,1.0
9679,data_GamGam,149.86629462618774,leptonic_bookkeeping,1,0,0,0,0.0,0.0,0.0,1.0,0.0
9680,ZH,123.79234352355698,hadronic,0,2,2,1,0.0,0.0,0.0,1.0,1.0
9682,ttH,123.44459619532327,hadronic,0,2,2,1,0.0,0.0,0.0,1.0,1.0
9684,tH,125.75246360856923,hadronic,0,1,1,1,0.0,0.0,0.0,1.0,1.0
9686,data_GamGam,156.3931031908275,hadronic,0,2,2,1,0.0,0.0,0.0,1.0,0.0
9687,WH,123.6769510702988,hadronic,0,2,2,1,0.0,0.0,0.0,1.0,1.0
9694,ZH,125.23261661162451,hadronic,0,2,2,1,0.0,0.0,0.0,1.0,1.0
9696,ggZH,126.29522806369451,leptonic_bookkeeping,1,2,2,1,0.0,0.0,0.0,1.0,1.0
9697,tH,124.10920137645016,leptonic_bookkeeping,1,1,1,1,0.0,0.0,0.0,1.0,1.0
9699,ggZH,125.71964831456359,leptonic_bookkeeping,1,1,1,0,0.0,0.0,0.0,1.0,1.0
9701,ggZH,126.6037273137491,hadronic,0,2,2,1,0.0,0.0,0.0,1.0,1.0
9702,ggH,128.82231044133388,hadronic,0,2,2,2,0.0,0.0,0.0,1.0,1.0
9703,ttH,122.31358986113668,hadronic,0,2,2,1,0.0,0.0,0.0,1.0,1.0
9704,ZH,123.51109023346817,hadronic,0,2,2,0,0.0,0.0,0.0,1.0,1.0
9709,ggH,125.92498055381226,hadronic,0,0,0,0,0.0,0.0,0.0,1.0,1.0
9710,data_GamGam,100.2717534877141,hadronic,0,3,3,1,0.0,0.0,0.0,1.0,0.0
9712,ZH,123.53608564390424,hadronic,0,2,2,1,0.0,0.0,0.0,1.0,1.0
9714,WH,124.16610909109517,hadronic,0,3,3,3,0.0,0.0,0.0,1.0,1.0
9715,ggZH,125.755875019624,leptonic_bookkeeping,1,0,0,0,0.0,0.0,0.0,1.0,1.0
9716,ttH,124.66007012236855,hadronic,0,2,2,2,0.0,0.0,0.0,1.0,1.0
9718,ZH,124.07375083448342,leptonic_bookkeeping,1,4,4,3,0.0,0.0,0.0,1.0,1.0
9719,ggH,129.56865540770664,hadronic,0,4,4,3,0.0,0.0,0.0,1.0,1.0
9721,tH,127.21252294053323,leptonic_bookkeeping,1,1,1,0,0.0,0.0,0.0,1.0,1.0
9722,data_GamGam,141.24882640904815,leptonic_bookkeeping,1,3,3,1,0.0,0.0,0.0,1.0,0.0
9724,WH,124.97970157644332,hadronic,0,1,1,1,0.0,0.0,0.0,1.0,1.0
9726,ggZH,125.91692923328407,hadronic,0,3,3,1,0.0,0.0,0.0,1.0,1.0
9727,data_GamGam,130.7565157818524,hadronic,0,3,3,2,0.0,0.0,0.0,1.0,0.0
9728,ggZH,126.19200694802329,hadronic,0,2,2,1,0.0,0.0,0.0,1.0,1.0
9729,ttH,128.12971463729642,leptonic_bookkeeping,1,1,1,1,0.0,0.0,0.0,1.0,1.0
9732,VBF,152.40914864484336,hadronic,0,2,2,1,0.0,0.0,0.0,1.0,0.0
9733,VBF,125.67384227168216,hadronic,0,2,2,1,0.0,0.0,0.0,1.0,0.0
9734,ggZH,123.08674333341945,hadronic,0,0,0,0,0.0,0.0,0.0,1.0,1.0
9735,data_GamGam,124.10118110342115,hadronic,0,3,3,3,0.0,0.0,0.0,1.0,0.0
9736,data_GamGam,148.4177139079367,hadronic,0,2,2,1,0.0,0.0,0.0,1.0,0.0
9737,data_GamGam,117.46181452034082,hadronic,0,1,1,1,0.0,0.0,0.0,1.0,0.0
9738,data_GamGam,146.89515806798713,leptonic_bookkeeping,1,2,2,1,0.0,0.0,0.0,1.0,0.0
9740,VBF,158.506299079138,leptonic_bookkeeping,1,2,2,1,0.0,0.0,0.0,1.0,0.0
9741,VBF,110.82886598350437,hadronic,0,4,4,2,0.0,0.0,0.0,1.0,0.0
9742,WH,124.65635155235357,leptonic_bookkeeping,1,1,1,1,0.0,0.0,0.0,1.0,1.0
9746,ggH,123.93736344127998,hadronic,0,2,2,1,0.0,0.0,0.0,1.0,1.0
9749,tH,125.62393860930565,hadronic,0,1,1,1,0.0,0.0,0.0,1.0,1.0
9751,ttH,122.86802866319381,leptonic_bookkeeping,1,1,1,1,0.0,0.0,0.0,1.0,1.0
9752,WH,123.76771794989095,leptonic_bookkeeping,1,2,2,0,0.0,0.0,0.0,1.0,1.0
9753,VBF,103.08764243056815,hadronic,0,1,1,1,0.0,0.0,0.0,1.0,0.0
9754,ggH,121.47438567118068,hadronic,0,3,3,3,0.0,0.0,0.0,1.0,1.0
9755,ggZH,126.80770275630479,hadronic,0,1,1,0,0.0,0.0,0.0,1.0,1.0
9756,ggH,124.86245274255297,hadronic,0,3,3,2,0.0,0.0,0.0,1.0,1.0
9757,data_GamGam,106.86035615045633,leptonic_bookkeeping,1,5,5,1,0.0,0.0,0.0,1.0,0.0
9759,ttH,126.50218037518454,leptonic_bookkeeping,1,1,1,1,0.0,0.0,0.0,1.0,1.0
9761,tH,125.51577739671866,hadronic,0,3,3,1,0.0,0.0,0.0,1.0,1.0
9762,ggH,124.04600289679694,hadronic,0,2,2,2,0.0,0.0,0.0,1.0,1.0
9763,ZH,126.54417663354216,leptonic_bookkeeping,1,2,2,2,0.0,0.0,0.0,1.0,1.0
9764,ggZH,123.24810873871056,hadronic,0,3,3,2,0.0,0.0,0.0,1.0,1.0
9766,ttH,123.29291694181974,hadronic,0,1,1,1,0.0,0.0,0.0,1.0,1.0
9768,VBF,104.47107179511274,leptonic_bookkeeping,1,3,3,1,0.0,0.0,0.0,1.0,0.0
9770,ttH,124.67438518810236,hadronic,0,3,3,3,0.0,0.0,0.0,1.0,1.0
9772,data_GamGam,105.61254118750156,leptonic_bookkeeping,1,3,3,2,0.0,0.0,0.0,1.0,0.0
9774,data_GamGam,104.87491869810987,hadronic,0,3,3,2,0.0,0.0,0.0,1.0,0.0
9775,VBF,116.58051747768286,hadronic,0,5,5,4,0.0,0.0,0.0,1.0,0.0
9776,tH,124.03582442905912,hadronic,0,0,0,0,0.0,0.0,0.0,1.0,1.0
9777,ggZH,125.34242687383176,leptonic_bookkeeping,1,1,1,1,0.0,0.0,0.0,1.0,1.0
9781,data_GamGam,150.26350002912233,leptonic_bookkeeping,1,0,0,0,0.0,0.0,0.0,1.0,0.0
9784,ggZH,123.00849629817283,hadronic,0,1,1,1,0.0,0.0,0.0,1.0,1.0
9785,VBF,114.02612770936331,hadronic,0,4,4,3,0.0,0.0,0.0,1.0,0.0
9787,ggH,123.9057116894933,hadronic,0,2,2,0,0.0,0.0,0.0,1.0,1.0
9788,ZH,124.41695091361967,leptonic_bookkeeping,1,2,2,2,0.0,0.0,0.0,1.0,1.0
9790,ggZH,126.91832351027186,hadronic,0,3,3,2,0.0,0.0,0.0,1.0,1.0
9791,data_GamGam,103.8089740388456,leptonic_bookkeeping,1,1,1,0,0.0,0.0,0.0,1.0,0.0
9793,ggH,124.05481372314296,hadronic,0,2,2,1,0.0,0.0,0.0,1.0,1.0
9795,ggZH,124.33061555122607,leptonic_bookkeeping,1,3,3,2,0.0,0.0,0.0,1.0,1.0
9799,data_GamGam,140.9303574121929,leptonic_bookkeeping,1,1,1,1,0.0,0.0,0.0,1.0,0.0
9800,data_GamGam,109.73220300353915,leptonic_bookkeeping,1,1,1,1,0.0,0.0,0.0,1.0,0.0
9801,WH,124.26140816217942,hadronic,0,3,3,1,0.0,0.0,0.0,1.0,1.0
9802,tH,129.88852595970698,hadronic,0,1,1,0,0.0,0.0,0.0,1.0,1.0
9803,VBF,130.74873177934626,hadronic,0,3,3,1,0.0,0.0,0.0,1.0,0.0
9805,ttH,128.83808463083912,leptonic_bookkeeping,1,1,1,1,0.0,0.0,0.0,1.0,1.0
9807,tH,128.91716189132322,hadronic,0,2,2,0,0.0,0.0,0.0,1.0,1.0
9808,ggH,122.19963495187909,leptonic_bookkeeping,1,2,2,2,0.0,0.0,0.0,1.0,1.0
9809,ttH,127.25177042326293,hadronic,0,2,2,1,0.0,0.0,0.0,1.0,1.0
9810,ZH,123.99606725404152,hadronic,0,3,3,2,0.0,0.0,0.0,1.0,1.0
9814,WH,122.76553476453623,hadronic,0,2,2,1,0.0,0.0,0.0,1.0,1.0
9815,VBF,139.47309993895328,leptonic_bookkeeping,1,1,1,1,0.0,0.0,0.0,1.0,0.0
9817,ggH,127.47219555582376,hadronic,0,2,2,0,0.0,0.0,0.0,1.0,1.0
9819,ggZH,127.4713575691676,leptonic_bookkeeping,1,1,1,1,0.0,0.0,0.0,1.0,1.0
9821,ggZH,124.19986979032008,hadronic,0,1,1,0,0.0,0.0,0.0,1.0,1.0
9822,data_GamGam,120.23762470255718,leptonic_bookkeeping,1,4,4,1,0.0,0.0,0.0,1.0,0.0
9823,ttH,125.53106287761901,hadronic,0,3,3,3,0.0,0.0,0.0,1.0,1.0
9824,ggH,125.82551946581417,leptonic_bookkeeping,1,2,2,2,0.0,0.0,0.0,1.0,1.0
9825,WH,124.7179521377776,hadronic,0,2,2,1,0.0,0.0,0.0,1.0,1.0
9828,ttH,123.12967590207293,leptonic_bookkeeping,1,4,4,3,0.0,0.0,0.0,1.0,1.0
9829,ggH,121.49425087772426,leptonic_bookkeeping,1,1,1,1,0.0,0.0,0.0,1.0,1.0
9831,tH,121.58629042729574,leptonic_bookkeeping,1,2,2,0,0.0,0.0,0.0,1.0,1.0
9832,VBF,138.39884714662685,leptonic_bookkeeping,1,2,2,2,0.0,0.0,0.0,1.0,0.0
9833,ggH,126.21380319028928,hadronic,0,2,2,0,0.0,0.0,0.0,1.0,1.0
9834,ZH,126.81880460530928,hadronic,0,4,4,3,0.0,0.0,0.0,1.0,1.0
9835,ttH,127.2819083459089,leptonic_bookkeeping,1,2,2,1,0.0,0.0,0.0,1.0,1.0
9836,ggH,126.72522003735176,hadronic,0,2,2,0,0.0,0.0,0.0,1.0,1.0
9837,ZH,123.54496194727443,hadronic,0,3,3,1,0.0,0.0,0.0,1.0,1.0
9840,data_GamGam,131.21538540875014,hadronic,0,3,3,2,0.0,0.0,0.0,1.0,0.0
9842,ggH,122.38503114914602,hadronic,0,2,2,1,0.0,0.0,0.0,1.0,1.0
9843,ggH,125.00372901635494,leptonic_bookkeeping,1,1,1,1,0.0,0.0,0.0,1.0,1.0
9844,ggH,127.2743421077435,leptonic_bookkeeping,1,2,2,0,0.0,0.0,0.0,1.0,1.0
9847,WH,125.17624183762842,hadronic,0,3,3,1,0.0,0.0,0.0,1.0,1.0
9848,ggH,127.03135032252192,hadronic,0,0,0,0,0.0,0.0,0.0,1.0,1.0
9849,WH,126.80245807916427,hadronic,0,2,2,1,0.0,0.0,0.0,1.0,1.0
9851,ZH,122.92500551250932,leptonic_bookkeeping,1,2,2,1,0.0,0.0,0.0,1.0,1.0
9853,ggH,126.27956015999526,leptonic_bookkeeping,1,2,2,2,0.0,0.0,0.0,1.0,1.0
9854,ggZH,129.26556103534142,leptonic_bookkeeping,1,3,3,2,0.0,0.0,0.0,1.0,1.0
9856,ggH,123.75888184600255,hadronic,0,4,4,4,0.0,0.0,0.0,1.0,1.0
9857,VBF,102.82135221327904,leptonic_bookkeeping,1,2,2,2,0.0,0.0,0.0,1.0,0.0
9859,ttH,125.49547014870708,hadronic,0,5,5,3,0.0,0.0,0.0,1.0,1.0
9860,ggH,124.2639635413157,hadronic,0,1,1,1,0.0,0.0,0.0,1.0,1.0
9863,VBF,109.35217517342745,hadronic,0,4,4,3,0.0,0.0,0.0,1.0,0.0
9865,ttH,123.99943847735304,leptonic_bookkeeping,1,2,2,2,0.0,0.0,0.0,1.0,1.0
9867,ttH,127.21769203173348,hadronic,0,2,2,1,0.0,0.0,0.0,1.0,1.0
9868,VBF,151.22435248568954,leptonic_bookkeeping,1,1,1,1,0.0,0.0,0.0,1.0,0.0
9869,tH,126.1543250468761,hadronic,0,3,3,2,0.0,0.0,0.0,1.0,1.0
9871,WH,125.50354638399536,leptonic_bookkeeping,1,1,1,0,0.0,0.0,0.0,1.0,1.0
9873,ZH,125.1270849631571,hadronic,0,0,0,0,0.0,0.0,0.0,1.0,1.0
9874,data_GamGam,119.42967085733005,leptonic_bookkeeping,1,1,1,0,0.0,0.0,0.0,1.0,0.0
9876,ttH,124.9432035976282,hadronic,0,2,2,2,0.0,0.0,0.0,1.0,1.0
9879,ggH,126.23467466778895,hadronic,0,2,2,1,0.0,0.0,0.0,1.0,1.0
9880,tH,123.59106394805939,hadronic,0,2,2,0,0.0,0.0,0.0,1.0,1.0
9881,WH,125.41561591397662,hadronic,0,2,2,1,0.0,0.0,0.0,1.0,1.0
9883,ggZH,126.26820851382737,leptonic_bookkeeping,1,0,0,0,0.0,0.0,0.0,1.0,1.0
9884,WH,127.66181808597067,leptonic_bookkeeping,1,5,5,4,0.0,0.0,0.0,1.0,1.0
9887,ggZH,123.84629600191049,hadronic,0,2,2,1,0.0,0.0,0.0,1.0,1.0
9888,tH,122.27983851917381,hadronic,0,3,3,2,0.0,0.0,0.0,1.0,1.0
9889,ggZH,123.27342933101009,hadronic,0,1,1,0,0.0,0.0,0.0,1.0,1.0
9892,ttH,123.936514449382,hadronic,0,1,1,1,0.0,0.0,0.0,1.0,1.0
9893,ZH,122.99332385156109,hadronic,0,4,4,3,0.0,0.0,0.0,1.0,1.0
9895,ZH,126.2450069477341,hadronic,0,0,0,0,0.0,0.0,0.0,1.0,1.0
9896,WH,122.62219364807359,hadronic,0,3,3,1,0.0,0.0,0.0,1.0,1.0
9897,ggZH,127.42763430556208,hadronic,0,1,1,0,0.0,0.0,0.0,1.0,1.0
9902,WH,122.10528808256639,hadronic,0,2,2,1,0.0,0.0,0.0,1.0,1.0
9905,WH,120.8102422850324,leptonic_bookkeeping,1,3,3,2,0.0,0.0,0.0,1.0,1.0
9907,WH,124.3403538479671,leptonic_bookkeeping,1,4,4,3,0.0,0.0,0.0,1.0,1.0
9908,data_GamGam,105.80938645244156,leptonic_bookkeeping,1,3,3,1,0.0,0.0,0.0,1.0,0.0
9912,VBF,101.75134663631748,hadronic,0,0,0,0,0.0,0.0,0.0,1.0,0.0
9913,ttH,127.44278567573669,leptonic_bookkeeping,1,1,1,1,0.0,0.0,0.0,1.0,1.0
9916,data_GamGam,108.54357062164965,hadronic,0,1,1,0,0.0,0.0,0.0,1.0,0.0
9918,tH,124.4737490551019,hadronic,0,2,2,0,0.0,0.0,0.0,1.0,1.0
9920,tH,127.89025562401703,leptonic_bookkeeping,1,1,1,0,0.0,0.0,0.0,1.0,1.0
9923,ggH,127.6073248875332,hadronic,0,3,3,3,0.0,0.0,0.0,1.0,1.0
9927,WH,123.68531423566981,leptonic_bookkeeping,1,2,2,0,0.0,0.0,0.0,1.0,1.0
9929,ggZH,123.7982401153682,leptonic_bookkeeping,1,1,1,1,0.0,0.0,0.0,1.0,1.0
9932,ggZH,124.2830952112922,hadronic,0,1,1,0,0.0,0.0,0.0,1.0,1.0
9936,ggZH,128.4975678875566,leptonic_bookkeeping,1,1,1,0,0.0,0.0,0.0,1.0,1.0
9938,WH,124.6054900394073,hadronic,0,3,3,3,0.0,0.0,0.0,1.0,1.0
9943,VBF,136.5576020683061,leptonic_bookkeeping,1,1,1,1,0.0,0.0,0.0,1.0,0.0
9944,data_GamGam,135.5090851734935,leptonic_bookkeeping,1,1,1,1,0.0,0.0,0.0,1.0,0.0
9945,WH,124.99395170180436,leptonic_bookkeeping,1,3,3,2,0.0,0.0,0.0,1.0,1.0
9946,data_GamGam,129.28622338581022,hadronic,0,2,2,2,0.0,0.0,0.0,1.0,0.0
9952,ZH,125.26246736098219,hadronic,0,1,1,1,0.0,0.0,0.0,1.0,1.0
9953,tH,127.207549102666,leptonic_bookkeeping,1,0,0,0,0.0,0.0,0.0,1.0,1.0
9958,ZH,123.77782015176,hadronic,0,1,1,0,0.0,0.0,0.0,1.0,1.0
9959,ggH,128.84150568882012,leptonic_bookkeeping,1,2,2,2,0.0,0.0,0.0,1.0,1.0
9963,ZH,125.0664963332437,hadronic,0,5,5,3,0.0,0.0,0.0,1.0,1.0
9966,VBF,137.65553030655653,hadronic,0,0,0,0,0.0,0.0,0.0,1.0,0.0
9967,ttH,126.26102188122087,hadronic,0,3,3,1,0.0,0.0,0.0,1.0,1.0
9969,ZH,123.60715523251852,hadronic,0,3,3,3,0.0,0.0,0.0,1.0,1.0
9971,data_GamGam,129.0061172162113,leptonic_bookkeeping,1,2,2,1,0.0,0.0,0.0,1.0,0.0
9974,ttH,127.30580646341093,hadronic,0,1,1,1,0.0,0.0,0.0,1.0,1.0
9980,ZH,125.11604114684123,hadronic,0,2,2,1,0.0,0.0,0.0,1.0,1.0
9981,tH,124.85061562295294,hadronic,0,3,3,2,0.0,0.0,0.0,1.0,1.0
9984,ttH,128.72338715426693,hadronic,0,3,3,0,0.0,0.0,0.0,1.0,1.0
9986,VBF,153.9606827921634,hadronic,0,3,3,1,0.0,0.0,0.0,1.0,0.0
9987,VBF,141.37491004414193,leptonic_bookkeeping,1,3,3,1,0.0,0.0,0.0,1.0,0.0
9988,VBF,114.5528786041515,hadronic,0,2,2,2,0.0,0.0,0.0,1.0,0.0
9990,tH,128.0002365598956,leptonic_bookkeeping,1,4,4,2,0.0,0.0,0.0,1.0,1.0
9997,WH,126.36316423053819,hadronic,0,2,2,1,0.0,0.0,0.0,1.0,1.0
9998,WH,122.88116596284164,hadronic,0,3,3,2,0.0,0.0,0.0,1.0,1.0
